log started: Mon Jun  1 22:54:31 2026

Log file: ./leap.log
>> #
>> # ----- leaprc for loading the ff19SB force field
>> # ----- NOTE: this is designed for PDB format 3!
>> #
>> #	load atom type hybridizations
>> #
>> addAtomTypes {
>> 	{ "H"   "H" "sp3" }
>> 	{ "HO"  "H" "sp3" }
>> 	{ "HS"  "H" "sp3" }
>> 	{ "H1"  "H" "sp3" }
>> 	{ "H2"  "H" "sp3" }
>> 	{ "H3"  "H" "sp3" }
>> 	{ "H4"  "H" "sp3" }
>> 	{ "H5"  "H" "sp3" }
>> 	{ "HW"  "H" "sp3" }
>> 	{ "HC"  "H" "sp3" }
>> 	{ "HA"  "H" "sp3" }
>> 	{ "HP"  "H" "sp3" }
>> 	{ "HZ"  "H" "sp3" }
>> 	{ "OH"  "O" "sp3" }
>> 	{ "OS"  "O" "sp3" }
>> 	{ "O"   "O" "sp2" }
>> 	{ "O2"  "O" "sp2" }
>> 	{ "OP"  "O" "sp2" }
>> 	{ "OW"  "O" "sp3" }
>> 	{ "CT"  "C" "sp3" }
>> 	{ "CX"  "C" "sp3" }
>> 	{ "XC"  "C" "sp3" }
>> 	{ "C8"  "C" "sp3" }
>> 	{ "2C"  "C" "sp3" }
>> 	{ "3C"  "C" "sp3" }
>> 	{ "CH"  "C" "sp3" }
>> 	{ "CS"  "C" "sp2" }
>> 	{ "C"   "C" "sp2" }
>> 	{ "CO"   "C" "sp2" }
>> 	{ "C*"  "C" "sp2" }
>> 	{ "CA"  "C" "sp2" }
>> 	{ "CB"  "C" "sp2" }
>> 	{ "CC"  "C" "sp2" }
>> 	{ "CN"  "C" "sp2" }
>> 	{ "CM"  "C" "sp2" }
>> 	{ "CK"  "C" "sp2" }
>> 	{ "CQ"  "C" "sp2" }
>> 	{ "CD"  "C" "sp2" }
>> 	{ "C5"  "C" "sp2" }
>> 	{ "C4"  "C" "sp2" }
>> 	{ "CP"  "C" "sp2" }
>> 	{ "CI"  "C" "sp3" }
>> 	{ "CJ"  "C" "sp2" }
>> 	{ "CW"  "C" "sp2" }
>> 	{ "CV"  "C" "sp2" }
>> 	{ "CR"  "C" "sp2" }
>> 	{ "CA"  "C" "sp2" }
>> 	{ "CY"  "C" "sp2" }
>> 	{ "C0"  "Ca" "sp3" }
>> 	{ "MG"  "Mg" "sp3" }
>> 	{ "N"   "N" "sp2" }
>> 	{ "NA"  "N" "sp2" }
>> 	{ "N2"  "N" "sp2" }
>> 	{ "N*"  "N" "sp2" }
>> 	{ "NP"  "N" "sp2" }
>> 	{ "NQ"  "N" "sp2" }
>> 	{ "NB"  "N" "sp2" }
>> 	{ "NC"  "N" "sp2" }
>> 	{ "NT"  "N" "sp3" }
>> 	{ "NY"  "N" "sp2" }
>> 	{ "N3"  "N" "sp3" }
>> 	{ "S"   "S" "sp3" }
>> 	{ "SH"  "S" "sp3" }
>> 	{ "P"   "P" "sp3" }
>> 	{ "LP"  ""  "sp3" }
>> 	{ "EP"  ""  "sp3" }
>> 	{ "F"   "F" "sp3" }
>> 	{ "Cl"  "Cl" "sp3" }
>> 	{ "Br"  "Br" "sp3" }
>> 	{ "I"   "I"  "sp3" }
>> }
>> #
>> #	Load the main parameter set.
>> #
>> set default cmap on
>> parm19 = loadamberparams parm19.dat
Loading parameters: /usr/local/amber24/dat/leap/parm/parm19.dat
Reading title:
PARM99 + frcmod.ff99SB + frcmod.parmbsc0 + OL3 for RNA + ff19SB
(UNKNOWN ATOM TYPE: Zn)
(UNKNOWN ATOM TYPE: EP)
>> frcmod19SB = loadamberparams frcmod.ff19SB
Loading parameters: /usr/local/amber24/dat/leap/parm/frcmod.ff19SB
Reading force field modification type file (frcmod)
Reading title:
ff19SB AA-specific backbone CMAPs for protein 07/25/2019
>> #
>> #	Load main chain and terminating amino acid libraries
>> #
>> loadOff amino19.lib
Loading library: /usr/local/amber24/dat/leap/lib/amino19.lib
Loading: ALA
Loading: ARG
Loading: ASH
Loading: ASN
Loading: ASP
Loading: CYM
Loading: CYS
Loading: CYX
Loading: GLH
Loading: GLN
Loading: GLU
Loading: GLY
Loading: HID
Loading: HIE
Loading: HIP
Loading: HYP
Loading: ILE
Loading: LEU
Loading: LYN
Loading: LYS
Loading: MET
Loading: PHE
Loading: PRO
Loading: SER
Loading: THR
Loading: TRP
Loading: TYR
Loading: VAL
>> loadOff aminoct12.lib
Loading library: /usr/local/amber24/dat/leap/lib/aminoct12.lib
Loading: CALA
Loading: CARG
Loading: CASN
Loading: CASP
Loading: CCYS
Loading: CCYX
Loading: CGLN
Loading: CGLU
Loading: CGLY
Loading: CHID
Loading: CHIE
Loading: CHIP
Loading: CHYP
Loading: CILE
Loading: CLEU
Loading: CLYS
Loading: CMET
Loading: CPHE
Loading: CPRO
Loading: CSER
Loading: CTHR
Loading: CTRP
Loading: CTYR
Loading: CVAL
Loading: NHE
Loading: NME
>> loadOff aminont12.lib
Loading library: /usr/local/amber24/dat/leap/lib/aminont12.lib
Loading: ACE
Loading: NALA
Loading: NARG
Loading: NASN
Loading: NASP
Loading: NCYS
Loading: NCYX
Loading: NGLN
Loading: NGLU
Loading: NGLY
Loading: NHID
Loading: NHIE
Loading: NHIP
Loading: NILE
Loading: NLEU
Loading: NLYS
Loading: NMET
Loading: NPHE
Loading: NPRO
Loading: NSER
Loading: NTHR
Loading: NTRP
Loading: NTYR
Loading: NVAL
>> 
>> #
>> #	Define the PDB name map for the amino acids
>> #
>> addPdbResMap {
>>   { 0 "HYP" "NHYP" } { 1 "HYP" "CHYP" }
>>   { 0 "ALA" "NALA" } { 1 "ALA" "CALA" }
>>   { 0 "ARG" "NARG" } { 1 "ARG" "CARG" }
>>   { 0 "ASN" "NASN" } { 1 "ASN" "CASN" }
>>   { 0 "ASP" "NASP" } { 1 "ASP" "CASP" }
>>   { 0 "CYS" "NCYS" } { 1 "CYS" "CCYS" }
>>   { 0 "CYX" "NCYX" } { 1 "CYX" "CCYX" }
>>   { 0 "GLN" "NGLN" } { 1 "GLN" "CGLN" }
>>   { 0 "GLU" "NGLU" } { 1 "GLU" "CGLU" }
>>   { 0 "GLY" "NGLY" } { 1 "GLY" "CGLY" }
>>   { 0 "HID" "NHID" } { 1 "HID" "CHID" }
>>   { 0 "HIE" "NHIE" } { 1 "HIE" "CHIE" }
>>   { 0 "HIP" "NHIP" } { 1 "HIP" "CHIP" }
>>   { 0 "ILE" "NILE" } { 1 "ILE" "CILE" }
>>   { 0 "LEU" "NLEU" } { 1 "LEU" "CLEU" }
>>   { 0 "LYS" "NLYS" } { 1 "LYS" "CLYS" }
>>   { 0 "MET" "NMET" } { 1 "MET" "CMET" }
>>   { 0 "PHE" "NPHE" } { 1 "PHE" "CPHE" }
>>   { 0 "PRO" "NPRO" } { 1 "PRO" "CPRO" }
>>   { 0 "SER" "NSER" } { 1 "SER" "CSER" }
>>   { 0 "THR" "NTHR" } { 1 "THR" "CTHR" }
>>   { 0 "TRP" "NTRP" } { 1 "TRP" "CTRP" }
>>   { 0 "TYR" "NTYR" } { 1 "TYR" "CTYR" }
>>   { 0 "VAL" "NVAL" } { 1 "VAL" "CVAL" }
>>   { 0 "HIS" "NHIS" } { 1 "HIS" "CHIS" }
>> }
>> 
>> #
>> # assume that most often proteins use HIE
>> #
>> NHIS = NHIE
>> HIS = HIE
>> CHIS = CHIE
> 
> source leaprc.water.tip3p
----- Source: /usr/local/amber24/dat/leap/cmd/leaprc.water.tip3p
----- Source of /usr/local/amber24/dat/leap/cmd/leaprc.water.tip3p done
>> #
>> #       Load water and ions for TIP3P + Li/Merz monovalent ions 
>> #       + Joung-Chetham monovalent ions
>> #       + Li/Merz highly charged ions (+2 to +4, 12-6 normal usage set)
>> #
>> #       Note: the Li/Merz monovalent set is loaded only to get Tl+,
>> #          Cu+, Ag+ NH4+, H3O+.  Since we load Joung-Cheatham second,
>> #          the alkali halide parameters come from the Joung-Cheatham set
>> #
>> addAtomTypes {
>> 	{ "HW"  "H" "sp3" }
>> 	{ "OW"  "O" "sp3" }
>> 	{ "F-"   "F" "sp3" }
>> 	{ "Cl-"  "Cl" "sp3" }
>> 	{ "Br-"  "Br" "sp3" }
>> 	{ "I-"   "I"  "sp3" }
>> 	{ "Li+"  "Li"  "sp3" }
>> 	{ "Na+"  "Na"  "sp3" }
>> 	{ "K+"  "K"  "sp3" }
>> 	{ "Rb+"  "Rb"  "sp3" }
>> 	{ "Cs+"  "Cs"  "sp3" }
>> 	{ "Mg+"  "Mg"  "sp3" }
>>     { "Tl+"  "Tl"  "sp3" }
>>     { "Cu+"  "Cu"  "sp3" }
>>     { "Ag+"  "Ag"  "sp3" }
>>     { "NH4+"  "N"  "sp3" }
>>     { "H3O+"  "O"  "sp3" }
>>     { "Be2+" "Be"  "sp3" }
>>     { "Cu2+" "Cu"  "sp3" }
>>     { "Ni2+" "Ni"  "sp3" }
>>     { "Pt2+" "Pt"  "sp3" }
>>     { "Zn2+" "Zn"  "sp3" }
>>     { "Co2+" "Co"  "sp3" }
>>     { "Pd2+" "Pd"  "sp3" }
>>     { "Ag2+" "Ag"  "sp3" }
>>     { "Cr2+" "Cr"  "sp3" }
>>     { "Fe2+" "Fe"  "sp3" }
>>     { "Mg2+" "Mg"  "sp3" }
>>     { "V2+"  "V"   "sp3" }
>>     { "Mn2+" "Mn"  "sp3" }
>>     { "Hg2+" "Hg"  "sp3" }
>>     { "Cd2+" "Cd"  "sp3" }
>>     { "Yb2+" "Yb"  "sp3" }
>>     { "Ca2+" "Ca"  "sp3" }
>>     { "Sn2+" "Sn"  "sp3" }
>>     { "Pb2+" "Pb"  "sp3" }
>>     { "Eu2+" "Eu"  "sp3" }
>>     { "Sr2+" "Sr"  "sp3" }
>>     { "Sm2+" "Sm"  "sp3" }
>>     { "Ba2+" "Ba"  "sp3" }
>>     { "Ra2+" "Ra"  "sp3" }
>>     { "Al3+" "Al"  "sp3" }
>>     { "Fe3+" "Fe"  "sp3" }
>>     { "Cr3+" "Cr"  "sp3" }
>>     { "In3+" "In"  "sp3" }
>>     { "Tl3+" "Tl"  "sp3" }
>>     { "Y3+"  "Y"   "sp3" }
>>     { "La3+" "La"  "sp3" }
>>     { "Ce3+" "Ce"  "sp3" }
>>     { "Pr3+" "Pr"  "sp3" }
>>     { "Nd3+" "Nd"  "sp3" }
>>     { "Sm3+" "Sm"  "sp3" }
>>     { "Eu3+" "Eu"  "sp3" }
>>     { "Gd3+" "Gd"  "sp3" }
>>     { "Tb3+" "Tb"  "sp3" }
>>     { "Dy3+" "Dy"  "sp3" }
>>     { "Er3+" "Er"  "sp3" }
>>     { "Tm3+" "Tm"  "sp3" }
>>     { "Lu3+" "Lu"  "sp3" }
>>     { "Hf4+" "Hf"  "sp3" }
>>     { "Zr4+" "Zr"  "sp3" }
>>     { "Ce4+" "Ce"  "sp3" }
>>     { "U4+"  "U"   "sp3" }
>>     { "Pu4+" "Pu"  "sp3" }
>>     { "Th4+" "Th"  "sp3" }
>> }
>> loadOff atomic_ions.lib
Loading library: /usr/local/amber24/dat/leap/lib/atomic_ions.lib
Loading: AG
Loading: AL
Loading: Ag
Loading: BA
Loading: BR
Loading: Be
Loading: CA
Loading: CD
Loading: CE
Loading: CL
Loading: CO
Loading: CR
Loading: CS
Loading: CU
Loading: CU1
Loading: Ce
Loading: Cl-
Loading: Cr
Loading: Dy
Loading: EU
Loading: EU3
Loading: Er
Loading: F
Loading: FE
Loading: FE2
Loading: GD3
Loading: H3O+
Loading: HE+
Loading: HG
Loading: HZ+
Loading: Hf
Loading: IN
Loading: IOD
Loading: K
Loading: K+
Loading: LA
Loading: LI
Loading: LU
Loading: MG
Loading: MN
Loading: NA
Loading: NH4
Loading: NI
Loading: Na+
Loading: Nd
Loading: PB
Loading: PD
Loading: PR
Loading: PT
Loading: Pu
Loading: RB
Loading: Ra
Loading: SM
Loading: SR
Loading: Sm
Loading: Sn
Loading: TB
Loading: TL
Loading: Th
Loading: Tl
Loading: Tm
Loading: U4+
Loading: V2+
Loading: Y
Loading: YB2
Loading: ZN
Loading: Zr
>> loadOff solvents.lib
Loading library: /usr/local/amber24/dat/leap/lib/solvents.lib
Loading: CHCL3BOX
Loading: DC4
Loading: FB3
Loading: FB3BOX
Loading: FB4
Loading: FB4BOX
Loading: MEOHBOX
Loading: NMABOX
Loading: O3P
Loading: OP3
Loading: OPC
Loading: OPC3BOX
Loading: OPC3POLBOX
Loading: OPCBOX
Loading: PL3
Loading: POL3BOX
Loading: QSPCFWBOX
Loading: SPC
Loading: SPCBOX
Loading: SPCFWBOX
Loading: SPF
Loading: SPG
Loading: T4E
Loading: TIP3PBOX
Loading: TIP3PFBOX
Loading: TIP4PBOX
Loading: TIP4PEWBOX
Loading: TIP5PBOX
Loading: TP3
Loading: TP4
Loading: TP5
Loading: TPF
>> HOH = TP3
>> WAT = TP3
>> loadAmberParams frcmod.tip3p
Loading parameters: /usr/local/amber24/dat/leap/parm/frcmod.tip3p
Reading force field modification type file (frcmod)
Reading title:
This is the additional/replacement parameter set for TIP3P water
>> loadAmberParams frcmod.ions1lm_126_tip3p
Loading parameters: /usr/local/amber24/dat/leap/parm/frcmod.ions1lm_126_tip3p
Reading force field modification type file (frcmod)
Reading title:
Li/Merz ion parameters of monovalent ions for TIP3P water model (12-6 normal usage set)
>> loadAmberParams frcmod.ionsjc_tip3p
Loading parameters: /usr/local/amber24/dat/leap/parm/frcmod.ionsjc_tip3p
Reading force field modification type file (frcmod)
Reading title:
Monovalent ion parameters for Ewald and TIP3P water from Joung & Cheatham JPCB (2008)
>> loadAmberParams frcmod.ions234lm_126_tip3p
Loading parameters: /usr/local/amber24/dat/leap/parm/frcmod.ions234lm_126_tip3p
Reading force field modification type file (frcmod)
Reading title:
Li/Merz ion parameters of divalent to tetravalent ions for TIP3P water model (12-6 normal usage set)
>> 
> 
> source leaprc.gaff2
----- Source: /usr/local/amber24/dat/leap/cmd/leaprc.gaff2
----- Source of /usr/local/amber24/dat/leap/cmd/leaprc.gaff2 done
>> logFile leap.log
log started: Mon Jun  1 22:54:32 2026

Log file: ./leap.log
>> #
>> # ----- leaprc for loading the general Amber Force field.
>> #       This file is mostly for use with Antechamber
>> #
>> #	load atom type hybridizations
>> #
>> addAtomTypes {
>> 	{ "h1"  "H" "sp3" }
>> 	{ "h2"  "H" "sp3" }
>> 	{ "h3"  "H" "sp3" }
>> 	{ "h4"  "H" "sp3" }
>> 	{ "h5"  "H" "sp3" }
>> 	{ "ha"  "H" "sp3" }
>> 	{ "hc"  "H" "sp3" }
>> 	{ "hn"  "H" "sp3" }
>> 	{ "ho"  "H" "sp3" }
>> 	{ "hp"  "H" "sp3" }
>> 	{ "hs"  "H" "sp3" }
>> 	{ "hw"  "H" "sp3" }
>> 	{ "hx"  "H" "sp3" }
>> 	{ "o"  "O" "sp2" }
>> 	{ "o2"  "O" "sp2" }
>> 	{ "oh"  "O" "sp3" }
>> 	{ "op"  "O" "sp3" }
>> 	{ "oq"  "O" "sp3" }
>> 	{ "os"  "O" "sp3" }
>> 	{ "ow"  "O" "sp3" }
>> 	{ "c"  "C" "sp2" }
>> 	{ "c1"  "C" "sp2" }
>> 	{ "c2"  "C" "sp2" }
>> 	{ "c3"  "C" "sp3" }
>> 	{ "c5"  "C" "sp3" }
>> 	{ "c6"  "C" "sp3" }
>> 	{ "ca"  "C" "sp2" }
>> 	{ "cc"  "C" "sp2" }
>> 	{ "cd"  "C" "sp2" }
>> 	{ "ce"  "C" "sp2" }
>> 	{ "cf"  "C" "sp2" }
>> 	{ "cg"  "C" "sp2" }
>> 	{ "ch"  "C" "sp2" }
>> 	{ "cp"  "C" "sp2" }
>> 	{ "cs"  "C" "sp2" }
>> 	{ "cq"  "C" "sp2" }
>> 	{ "cu"  "C" "sp2" }
>> 	{ "cv"  "C" "sp2" }
>> 	{ "cx"  "C" "sp2" }
>> 	{ "cy"  "C" "sp2" }
>> 	{ "cz"  "C" "sp2" }
>> 	{ "n"   "N" "sp2" }
>> 	{ "n1"  "N" "sp2" }
>> 	{ "n2"  "N" "sp2" }
>> 	{ "n3"  "N" "sp3" }
>> 	{ "n4"  "N" "sp3" }
>> 	{ "n5"  "N" "sp3" }
>> 	{ "n6"  "N" "sp3" }
>> 	{ "n7"  "N" "sp3" }
>> 	{ "n8"  "N" "sp3" }
>> 	{ "n9"  "N" "sp3" }
>> 	{ "na"  "N" "sp2" }
>> 	{ "nb"  "N" "sp2" }
>> 	{ "nc"  "N" "sp2" }
>> 	{ "nd"  "N" "sp2" }
>> 	{ "ne"  "N" "sp2" }
>> 	{ "nf"  "N" "sp2" }
>> 	{ "nh"  "N" "sp2" }
>> 	{ "ni"  "N" "sp2" }
>> 	{ "nj"  "N" "sp2" }
>> 	{ "nk"  "N" "sp3" }
>> 	{ "nl"  "N" "sp3" }
>> 	{ "nm"  "N" "sp2" }
>> 	{ "nn"  "N" "sp2" }
>> 	{ "no"  "N" "sp2" }
>> 	{ "np"  "N" "sp3" }
>> 	{ "nq"  "N" "sp3" }
>> 	{ "ns"  "N" "sp2" }
>> 	{ "nt"  "N" "sp2" }
>> 	{ "nu"  "N" "sp2" }
>> 	{ "nv"  "N" "sp2" }
>> 	{ "nx"  "N" "sp3" }
>> 	{ "ny"  "N" "sp3" }
>> 	{ "nz"  "N" "sp3" }
>> 	{ "n+"  "N" "sp3" }
>> 	{ "s"   "S" "sp2" }
>> 	{ "s2"   "S" "sp2" }
>> 	{ "s3"   "S" "sp3" }
>> 	{ "s4"   "S" "sp3" }
>> 	{ "s6"   "S" "sp3" }
>> 	{ "sh"   "S" "sp3" }
>> 	{ "sp"   "S" "sp3" }
>> 	{ "sq"   "S" "sp3" }
>> 	{ "ss"   "S" "sp3" }
>> 	{ "sx"   "S" "sp3" }
>> 	{ "sy"   "S" "sp3" }
>> 	{ "p2"   "P" "sp2" }
>> 	{ "p3"   "P" "sp3" }
>> 	{ "p4"   "P" "sp3" }
>> 	{ "p5"   "P" "sp3" }
>> 	{ "pb"   "P" "sp3" }
>> 	{ "pc"   "P" "sp3" }
>> 	{ "pd"   "P" "sp3" }
>> 	{ "pe"   "P" "sp3" }
>> 	{ "pf"   "P" "sp3" }
>> 	{ "px"   "P" "sp3" }
>> 	{ "py"   "P" "sp3" }
>> 	{ "f"   "F" "sp3" }
>> 	{ "cl"  "Cl" "sp3" }
>> 	{ "br"  "Br" "sp3" }
>> 	{ "i"   "I"  "sp3" }
>> }
>> #
>> #	Load the general force field parameter set.
>> #
>> gaff = loadamberparams gaff2.dat
Loading parameters: /usr/local/amber24/dat/leap/parm/gaff2.dat
Reading title:
AMBER General Force Field for organic molecules (Version 2.2.20, March 2021)
> 
> REC = loadpdb /localscratch/kbui/NexusMol/examples/artifacts/6W63_mol4_solvated/6W63_renamed.pdb
Loading PDB file: /localscratch/kbui/NexusMol/examples/artifacts/6W63_mol4_solvated/6W63_renamed.pdb
Matching PDB residue names to LEaP variables.
Mapped residue SER, term: Terminal/beginning, seq. number: 0 to: NSER.
Mapped residue PHE, term: Terminal/last, seq. number: 304 to: CPHE.
Mapped residue SER, term: Terminal/beginning, seq. number: 305 to: NSER.
Mapped residue PHE, term: Terminal/last, seq. number: 609 to: CPHE.
  Added missing heavy atom: .R<CPHE 305>.A<OXT 21>
  Added missing heavy atom: .R<CPHE 610>.A<OXT 21>
  total atoms in file: 9328
  Leap added 2 missing atoms according to residue templates:
       2 Heavy
> loadamberparams /localscratch/kbui/NexusMol/examples/artifacts/6W63_mol4_solvated/6W63_mol4_prepared_scored_pose_1_with_H_charged.frcmod
Loading parameters: /localscratch/kbui/NexusMol/examples/artifacts/6W63_mol4_solvated/6W63_mol4_prepared_scored_pose_1_with_H_charged.frcmod
Reading force field modification type file (frcmod)
Reading title:
Remark line goes here
> LIG = loadmol2 /localscratch/kbui/NexusMol/examples/artifacts/6W63_mol4_solvated/6W63_mol4_prepared_scored_pose_1_with_H_charged.mol2
Loading Mol2 file: /localscratch/kbui/NexusMol/examples/artifacts/6W63_mol4_solvated/6W63_mol4_prepared_scored_pose_1_with_H_charged.mol2
Reading MOLECULE named /localscratch/kbui/NexusMol/examples/6W63_mol4_prepared_scored.pdbqt
> SYS = combine {REC LIG}
  Sequence: default_name
  Sequence: /localscratch/kbui/NexusMol/exa
> solvateOct SYS TIP3PBOX 12.0
Scaling up box by a factor of 1.219427 to meet diagonal cut criterion
  Solute vdw bounding box:              64.941 85.843 68.358
  Total bounding box for atom centers:  115.109 115.109 115.109
      (box expansion for 'iso' is  44.1%)
  Solvent unit box:                     18.774 18.774 18.774
The number of boxes:  x= 7  y= 7  z= 7
  Volume: 782648.856 A^3 (oct)
  Total mass 429376.068 amu,  Density 0.911 g/cc
  Added 20078 residues.
> addIonsRand SYS Na+ 0
8 Na+ ions required to neutralize.
Adding 8 counter ions to "SYS". 20070 solvent molecules will remain.
0: Placed Na+ in SYS at (30.48, -29.26, -35.59).
0: Placed Na+ in SYS at (29.19, -13.36, 20.29).
0: Placed Na+ in SYS at (10.93, -29.49, 45.90).
0: Placed Na+ in SYS at (-35.99, 11.63, -41.86).
0: Placed Na+ in SYS at (-9.95, 27.97, -13.95).
0: Placed Na+ in SYS at (-38.87, 18.56, -4.91).
0: Placed Na+ in SYS at (33.97, -7.62, -9.83).
0: Placed Na+ in SYS at (13.39, -32.93, 24.87).
> addIonsRand SYS Cl- 0
 0.002997 0 1 0
0 Cl- ion required to neutralize.
> addIonsRand SYS Na+ 0

/usr/local/amber24/bin/teLeap: Warning!
addIonsRand: 1st Ion & target unit have charges of the same sign:
     unit charge = 0.002997; ion1 charge = 1;
     can't neutralize.
> addIonsRand SYS Cl- 0
 0.002997 0 1 0
0 Cl- ion required to neutralize.
> saveamberparm SYS /localscratch/kbui/NexusMol/examples/results/6W63_mol4_solvated/6W63_mol4_solvated.prmtop /localscratch/kbui/NexusMol/examples/results/6W63_mol4_solvated/6W63_mol4_solvated.inpcrd
Checking Unit.
Building topology.
Building atom parameters.
Building bond parameters.
Building angle parameters.
Building proper torsion parameters.
Building improper torsion parameters.
 total 1957 improper torsions applied
Building H-Bond parameters.
Incorporating Non-Bonded adjustments.
Not Marking per-residue atom chain types.
Marking per-residue atom chain types.
  (Residues lacking connect0/connect1 - 
   these don't have chain types marked:

	res	total affected

	CPHE	2
	NSER	2
	UNL	1
	WAT	20070
  )
 (no restraints)
> savepdb SYS /localscratch/kbui/NexusMol/examples/results/6W63_mol4_solvated/6W63_mol4_solvated.pdb
Writing pdb file: /localscratch/kbui/NexusMol/examples/results/6W63_mol4_solvated/6W63_mol4_solvated.pdb
   printing CRYST1 record to PDB file with box info

/usr/local/amber24/bin/teLeap: Warning!
 Converting N-terminal residue name to PDB format: NSER -> SER

/usr/local/amber24/bin/teLeap: Warning!
 Converting C-terminal residue name to PDB format: CPHE -> PHE

/usr/local/amber24/bin/teLeap: Warning!
 Converting N-terminal residue name to PDB format: NSER -> SER

/usr/local/amber24/bin/teLeap: Warning!
 Converting C-terminal residue name to PDB format: CPHE -> PHE
 quit
	Quit

Exiting LEaP: Errors = 0; Warnings = 5; Notes = 0.
log started: Mon Jun  1 22:54:33 2026

Log file: ./leap.log
>> #
>> # ----- leaprc for loading the ff19SB force field
>> # ----- NOTE: this is designed for PDB format 3!
>> #
>> #	load atom type hybridizations
>> #
>> addAtomTypes {
>> 	{ "H"   "H" "sp3" }
>> 	{ "HO"  "H" "sp3" }
>> 	{ "HS"  "H" "sp3" }
>> 	{ "H1"  "H" "sp3" }
>> 	{ "H2"  "H" "sp3" }
>> 	{ "H3"  "H" "sp3" }
>> 	{ "H4"  "H" "sp3" }
>> 	{ "H5"  "H" "sp3" }
>> 	{ "HW"  "H" "sp3" }
>> 	{ "HC"  "H" "sp3" }
>> 	{ "HA"  "H" "sp3" }
>> 	{ "HP"  "H" "sp3" }
>> 	{ "HZ"  "H" "sp3" }
>> 	{ "OH"  "O" "sp3" }
>> 	{ "OS"  "O" "sp3" }
>> 	{ "O"   "O" "sp2" }
>> 	{ "O2"  "O" "sp2" }
>> 	{ "OP"  "O" "sp2" }
>> 	{ "OW"  "O" "sp3" }
>> 	{ "CT"  "C" "sp3" }
>> 	{ "CX"  "C" "sp3" }
>> 	{ "XC"  "C" "sp3" }
>> 	{ "C8"  "C" "sp3" }
>> 	{ "2C"  "C" "sp3" }
>> 	{ "3C"  "C" "sp3" }
>> 	{ "CH"  "C" "sp3" }
>> 	{ "CS"  "C" "sp2" }
>> 	{ "C"   "C" "sp2" }
>> 	{ "CO"   "C" "sp2" }
>> 	{ "C*"  "C" "sp2" }
>> 	{ "CA"  "C" "sp2" }
>> 	{ "CB"  "C" "sp2" }
>> 	{ "CC"  "C" "sp2" }
>> 	{ "CN"  "C" "sp2" }
>> 	{ "CM"  "C" "sp2" }
>> 	{ "CK"  "C" "sp2" }
>> 	{ "CQ"  "C" "sp2" }
>> 	{ "CD"  "C" "sp2" }
>> 	{ "C5"  "C" "sp2" }
>> 	{ "C4"  "C" "sp2" }
>> 	{ "CP"  "C" "sp2" }
>> 	{ "CI"  "C" "sp3" }
>> 	{ "CJ"  "C" "sp2" }
>> 	{ "CW"  "C" "sp2" }
>> 	{ "CV"  "C" "sp2" }
>> 	{ "CR"  "C" "sp2" }
>> 	{ "CA"  "C" "sp2" }
>> 	{ "CY"  "C" "sp2" }
>> 	{ "C0"  "Ca" "sp3" }
>> 	{ "MG"  "Mg" "sp3" }
>> 	{ "N"   "N" "sp2" }
>> 	{ "NA"  "N" "sp2" }
>> 	{ "N2"  "N" "sp2" }
>> 	{ "N*"  "N" "sp2" }
>> 	{ "NP"  "N" "sp2" }
>> 	{ "NQ"  "N" "sp2" }
>> 	{ "NB"  "N" "sp2" }
>> 	{ "NC"  "N" "sp2" }
>> 	{ "NT"  "N" "sp3" }
>> 	{ "NY"  "N" "sp2" }
>> 	{ "N3"  "N" "sp3" }
>> 	{ "S"   "S" "sp3" }
>> 	{ "SH"  "S" "sp3" }
>> 	{ "P"   "P" "sp3" }
>> 	{ "LP"  ""  "sp3" }
>> 	{ "EP"  ""  "sp3" }
>> 	{ "F"   "F" "sp3" }
>> 	{ "Cl"  "Cl" "sp3" }
>> 	{ "Br"  "Br" "sp3" }
>> 	{ "I"   "I"  "sp3" }
>> }
>> #
>> #	Load the main parameter set.
>> #
>> set default cmap on
>> parm19 = loadamberparams parm19.dat
Loading parameters: /usr/local/amber24/dat/leap/parm/parm19.dat
Reading title:
PARM99 + frcmod.ff99SB + frcmod.parmbsc0 + OL3 for RNA + ff19SB
(UNKNOWN ATOM TYPE: Zn)
(UNKNOWN ATOM TYPE: EP)
>> frcmod19SB = loadamberparams frcmod.ff19SB
Loading parameters: /usr/local/amber24/dat/leap/parm/frcmod.ff19SB
Reading force field modification type file (frcmod)
Reading title:
ff19SB AA-specific backbone CMAPs for protein 07/25/2019
>> #
>> #	Load main chain and terminating amino acid libraries
>> #
>> loadOff amino19.lib
Loading library: /usr/local/amber24/dat/leap/lib/amino19.lib
Loading: ALA
Loading: ARG
Loading: ASH
Loading: ASN
Loading: ASP
Loading: CYM
Loading: CYS
Loading: CYX
Loading: GLH
Loading: GLN
Loading: GLU
Loading: GLY
Loading: HID
Loading: HIE
Loading: HIP
Loading: HYP
Loading: ILE
Loading: LEU
Loading: LYN
Loading: LYS
Loading: MET
Loading: PHE
Loading: PRO
Loading: SER
Loading: THR
Loading: TRP
Loading: TYR
Loading: VAL
>> loadOff aminoct12.lib
Loading library: /usr/local/amber24/dat/leap/lib/aminoct12.lib
Loading: CALA
Loading: CARG
Loading: CASN
Loading: CASP
Loading: CCYS
Loading: CCYX
Loading: CGLN
Loading: CGLU
Loading: CGLY
Loading: CHID
Loading: CHIE
Loading: CHIP
Loading: CHYP
Loading: CILE
Loading: CLEU
Loading: CLYS
Loading: CMET
Loading: CPHE
Loading: CPRO
Loading: CSER
Loading: CTHR
Loading: CTRP
Loading: CTYR
Loading: CVAL
Loading: NHE
Loading: NME
>> loadOff aminont12.lib
Loading library: /usr/local/amber24/dat/leap/lib/aminont12.lib
Loading: ACE
Loading: NALA
Loading: NARG
Loading: NASN
Loading: NASP
Loading: NCYS
Loading: NCYX
Loading: NGLN
Loading: NGLU
Loading: NGLY
Loading: NHID
Loading: NHIE
Loading: NHIP
Loading: NILE
Loading: NLEU
Loading: NLYS
Loading: NMET
Loading: NPHE
Loading: NPRO
Loading: NSER
Loading: NTHR
Loading: NTRP
Loading: NTYR
Loading: NVAL
>> 
>> #
>> #	Define the PDB name map for the amino acids
>> #
>> addPdbResMap {
>>   { 0 "HYP" "NHYP" } { 1 "HYP" "CHYP" }
>>   { 0 "ALA" "NALA" } { 1 "ALA" "CALA" }
>>   { 0 "ARG" "NARG" } { 1 "ARG" "CARG" }
>>   { 0 "ASN" "NASN" } { 1 "ASN" "CASN" }
>>   { 0 "ASP" "NASP" } { 1 "ASP" "CASP" }
>>   { 0 "CYS" "NCYS" } { 1 "CYS" "CCYS" }
>>   { 0 "CYX" "NCYX" } { 1 "CYX" "CCYX" }
>>   { 0 "GLN" "NGLN" } { 1 "GLN" "CGLN" }
>>   { 0 "GLU" "NGLU" } { 1 "GLU" "CGLU" }
>>   { 0 "GLY" "NGLY" } { 1 "GLY" "CGLY" }
>>   { 0 "HID" "NHID" } { 1 "HID" "CHID" }
>>   { 0 "HIE" "NHIE" } { 1 "HIE" "CHIE" }
>>   { 0 "HIP" "NHIP" } { 1 "HIP" "CHIP" }
>>   { 0 "ILE" "NILE" } { 1 "ILE" "CILE" }
>>   { 0 "LEU" "NLEU" } { 1 "LEU" "CLEU" }
>>   { 0 "LYS" "NLYS" } { 1 "LYS" "CLYS" }
>>   { 0 "MET" "NMET" } { 1 "MET" "CMET" }
>>   { 0 "PHE" "NPHE" } { 1 "PHE" "CPHE" }
>>   { 0 "PRO" "NPRO" } { 1 "PRO" "CPRO" }
>>   { 0 "SER" "NSER" } { 1 "SER" "CSER" }
>>   { 0 "THR" "NTHR" } { 1 "THR" "CTHR" }
>>   { 0 "TRP" "NTRP" } { 1 "TRP" "CTRP" }
>>   { 0 "TYR" "NTYR" } { 1 "TYR" "CTYR" }
>>   { 0 "VAL" "NVAL" } { 1 "VAL" "CVAL" }
>>   { 0 "HIS" "NHIS" } { 1 "HIS" "CHIS" }
>> }
>> 
>> #
>> # assume that most often proteins use HIE
>> #
>> NHIS = NHIE
>> HIS = HIE
>> CHIS = CHIE
> 
> source leaprc.water.tip3p
----- Source: /usr/local/amber24/dat/leap/cmd/leaprc.water.tip3p
----- Source of /usr/local/amber24/dat/leap/cmd/leaprc.water.tip3p done
>> #
>> #       Load water and ions for TIP3P + Li/Merz monovalent ions 
>> #       + Joung-Chetham monovalent ions
>> #       + Li/Merz highly charged ions (+2 to +4, 12-6 normal usage set)
>> #
>> #       Note: the Li/Merz monovalent set is loaded only to get Tl+,
>> #          Cu+, Ag+ NH4+, H3O+.  Since we load Joung-Cheatham second,
>> #          the alkali halide parameters come from the Joung-Cheatham set
>> #
>> addAtomTypes {
>> 	{ "HW"  "H" "sp3" }
>> 	{ "OW"  "O" "sp3" }
>> 	{ "F-"   "F" "sp3" }
>> 	{ "Cl-"  "Cl" "sp3" }
>> 	{ "Br-"  "Br" "sp3" }
>> 	{ "I-"   "I"  "sp3" }
>> 	{ "Li+"  "Li"  "sp3" }
>> 	{ "Na+"  "Na"  "sp3" }
>> 	{ "K+"  "K"  "sp3" }
>> 	{ "Rb+"  "Rb"  "sp3" }
>> 	{ "Cs+"  "Cs"  "sp3" }
>> 	{ "Mg+"  "Mg"  "sp3" }
>>     { "Tl+"  "Tl"  "sp3" }
>>     { "Cu+"  "Cu"  "sp3" }
>>     { "Ag+"  "Ag"  "sp3" }
>>     { "NH4+"  "N"  "sp3" }
>>     { "H3O+"  "O"  "sp3" }
>>     { "Be2+" "Be"  "sp3" }
>>     { "Cu2+" "Cu"  "sp3" }
>>     { "Ni2+" "Ni"  "sp3" }
>>     { "Pt2+" "Pt"  "sp3" }
>>     { "Zn2+" "Zn"  "sp3" }
>>     { "Co2+" "Co"  "sp3" }
>>     { "Pd2+" "Pd"  "sp3" }
>>     { "Ag2+" "Ag"  "sp3" }
>>     { "Cr2+" "Cr"  "sp3" }
>>     { "Fe2+" "Fe"  "sp3" }
>>     { "Mg2+" "Mg"  "sp3" }
>>     { "V2+"  "V"   "sp3" }
>>     { "Mn2+" "Mn"  "sp3" }
>>     { "Hg2+" "Hg"  "sp3" }
>>     { "Cd2+" "Cd"  "sp3" }
>>     { "Yb2+" "Yb"  "sp3" }
>>     { "Ca2+" "Ca"  "sp3" }
>>     { "Sn2+" "Sn"  "sp3" }
>>     { "Pb2+" "Pb"  "sp3" }
>>     { "Eu2+" "Eu"  "sp3" }
>>     { "Sr2+" "Sr"  "sp3" }
>>     { "Sm2+" "Sm"  "sp3" }
>>     { "Ba2+" "Ba"  "sp3" }
>>     { "Ra2+" "Ra"  "sp3" }
>>     { "Al3+" "Al"  "sp3" }
>>     { "Fe3+" "Fe"  "sp3" }
>>     { "Cr3+" "Cr"  "sp3" }
>>     { "In3+" "In"  "sp3" }
>>     { "Tl3+" "Tl"  "sp3" }
>>     { "Y3+"  "Y"   "sp3" }
>>     { "La3+" "La"  "sp3" }
>>     { "Ce3+" "Ce"  "sp3" }
>>     { "Pr3+" "Pr"  "sp3" }
>>     { "Nd3+" "Nd"  "sp3" }
>>     { "Sm3+" "Sm"  "sp3" }
>>     { "Eu3+" "Eu"  "sp3" }
>>     { "Gd3+" "Gd"  "sp3" }
>>     { "Tb3+" "Tb"  "sp3" }
>>     { "Dy3+" "Dy"  "sp3" }
>>     { "Er3+" "Er"  "sp3" }
>>     { "Tm3+" "Tm"  "sp3" }
>>     { "Lu3+" "Lu"  "sp3" }
>>     { "Hf4+" "Hf"  "sp3" }
>>     { "Zr4+" "Zr"  "sp3" }
>>     { "Ce4+" "Ce"  "sp3" }
>>     { "U4+"  "U"   "sp3" }
>>     { "Pu4+" "Pu"  "sp3" }
>>     { "Th4+" "Th"  "sp3" }
>> }
>> loadOff atomic_ions.lib
Loading library: /usr/local/amber24/dat/leap/lib/atomic_ions.lib
Loading: AG
Loading: AL
Loading: Ag
Loading: BA
Loading: BR
Loading: Be
Loading: CA
Loading: CD
Loading: CE
Loading: CL
Loading: CO
Loading: CR
Loading: CS
Loading: CU
Loading: CU1
Loading: Ce
Loading: Cl-
Loading: Cr
Loading: Dy
Loading: EU
Loading: EU3
Loading: Er
Loading: F
Loading: FE
Loading: FE2
Loading: GD3
Loading: H3O+
Loading: HE+
Loading: HG
Loading: HZ+
Loading: Hf
Loading: IN
Loading: IOD
Loading: K
Loading: K+
Loading: LA
Loading: LI
Loading: LU
Loading: MG
Loading: MN
Loading: NA
Loading: NH4
Loading: NI
Loading: Na+
Loading: Nd
Loading: PB
Loading: PD
Loading: PR
Loading: PT
Loading: Pu
Loading: RB
Loading: Ra
Loading: SM
Loading: SR
Loading: Sm
Loading: Sn
Loading: TB
Loading: TL
Loading: Th
Loading: Tl
Loading: Tm
Loading: U4+
Loading: V2+
Loading: Y
Loading: YB2
Loading: ZN
Loading: Zr
>> loadOff solvents.lib
Loading library: /usr/local/amber24/dat/leap/lib/solvents.lib
Loading: CHCL3BOX
Loading: DC4
Loading: FB3
Loading: FB3BOX
Loading: FB4
Loading: FB4BOX
Loading: MEOHBOX
Loading: NMABOX
Loading: O3P
Loading: OP3
Loading: OPC
Loading: OPC3BOX
Loading: OPC3POLBOX
Loading: OPCBOX
Loading: PL3
Loading: POL3BOX
Loading: QSPCFWBOX
Loading: SPC
Loading: SPCBOX
Loading: SPCFWBOX
Loading: SPF
Loading: SPG
Loading: T4E
Loading: TIP3PBOX
Loading: TIP3PFBOX
Loading: TIP4PBOX
Loading: TIP4PEWBOX
Loading: TIP5PBOX
Loading: TP3
Loading: TP4
Loading: TP5
Loading: TPF
>> HOH = TP3
>> WAT = TP3
>> loadAmberParams frcmod.tip3p
Loading parameters: /usr/local/amber24/dat/leap/parm/frcmod.tip3p
Reading force field modification type file (frcmod)
Reading title:
This is the additional/replacement parameter set for TIP3P water
>> loadAmberParams frcmod.ions1lm_126_tip3p
Loading parameters: /usr/local/amber24/dat/leap/parm/frcmod.ions1lm_126_tip3p
Reading force field modification type file (frcmod)
Reading title:
Li/Merz ion parameters of monovalent ions for TIP3P water model (12-6 normal usage set)
>> loadAmberParams frcmod.ionsjc_tip3p
Loading parameters: /usr/local/amber24/dat/leap/parm/frcmod.ionsjc_tip3p
Reading force field modification type file (frcmod)
Reading title:
Monovalent ion parameters for Ewald and TIP3P water from Joung & Cheatham JPCB (2008)
>> loadAmberParams frcmod.ions234lm_126_tip3p
Loading parameters: /usr/local/amber24/dat/leap/parm/frcmod.ions234lm_126_tip3p
Reading force field modification type file (frcmod)
Reading title:
Li/Merz ion parameters of divalent to tetravalent ions for TIP3P water model (12-6 normal usage set)
>> 
> 
> source leaprc.gaff2
----- Source: /usr/local/amber24/dat/leap/cmd/leaprc.gaff2
----- Source of /usr/local/amber24/dat/leap/cmd/leaprc.gaff2 done
>> logFile leap.log
log started: Mon Jun  1 22:54:33 2026

Log file: ./leap.log
>> #
>> # ----- leaprc for loading the general Amber Force field.
>> #       This file is mostly for use with Antechamber
>> #
>> #	load atom type hybridizations
>> #
>> addAtomTypes {
>> 	{ "h1"  "H" "sp3" }
>> 	{ "h2"  "H" "sp3" }
>> 	{ "h3"  "H" "sp3" }
>> 	{ "h4"  "H" "sp3" }
>> 	{ "h5"  "H" "sp3" }
>> 	{ "ha"  "H" "sp3" }
>> 	{ "hc"  "H" "sp3" }
>> 	{ "hn"  "H" "sp3" }
>> 	{ "ho"  "H" "sp3" }
>> 	{ "hp"  "H" "sp3" }
>> 	{ "hs"  "H" "sp3" }
>> 	{ "hw"  "H" "sp3" }
>> 	{ "hx"  "H" "sp3" }
>> 	{ "o"  "O" "sp2" }
>> 	{ "o2"  "O" "sp2" }
>> 	{ "oh"  "O" "sp3" }
>> 	{ "op"  "O" "sp3" }
>> 	{ "oq"  "O" "sp3" }
>> 	{ "os"  "O" "sp3" }
>> 	{ "ow"  "O" "sp3" }
>> 	{ "c"  "C" "sp2" }
>> 	{ "c1"  "C" "sp2" }
>> 	{ "c2"  "C" "sp2" }
>> 	{ "c3"  "C" "sp3" }
>> 	{ "c5"  "C" "sp3" }
>> 	{ "c6"  "C" "sp3" }
>> 	{ "ca"  "C" "sp2" }
>> 	{ "cc"  "C" "sp2" }
>> 	{ "cd"  "C" "sp2" }
>> 	{ "ce"  "C" "sp2" }
>> 	{ "cf"  "C" "sp2" }
>> 	{ "cg"  "C" "sp2" }
>> 	{ "ch"  "C" "sp2" }
>> 	{ "cp"  "C" "sp2" }
>> 	{ "cs"  "C" "sp2" }
>> 	{ "cq"  "C" "sp2" }
>> 	{ "cu"  "C" "sp2" }
>> 	{ "cv"  "C" "sp2" }
>> 	{ "cx"  "C" "sp2" }
>> 	{ "cy"  "C" "sp2" }
>> 	{ "cz"  "C" "sp2" }
>> 	{ "n"   "N" "sp2" }
>> 	{ "n1"  "N" "sp2" }
>> 	{ "n2"  "N" "sp2" }
>> 	{ "n3"  "N" "sp3" }
>> 	{ "n4"  "N" "sp3" }
>> 	{ "n5"  "N" "sp3" }
>> 	{ "n6"  "N" "sp3" }
>> 	{ "n7"  "N" "sp3" }
>> 	{ "n8"  "N" "sp3" }
>> 	{ "n9"  "N" "sp3" }
>> 	{ "na"  "N" "sp2" }
>> 	{ "nb"  "N" "sp2" }
>> 	{ "nc"  "N" "sp2" }
>> 	{ "nd"  "N" "sp2" }
>> 	{ "ne"  "N" "sp2" }
>> 	{ "nf"  "N" "sp2" }
>> 	{ "nh"  "N" "sp2" }
>> 	{ "ni"  "N" "sp2" }
>> 	{ "nj"  "N" "sp2" }
>> 	{ "nk"  "N" "sp3" }
>> 	{ "nl"  "N" "sp3" }
>> 	{ "nm"  "N" "sp2" }
>> 	{ "nn"  "N" "sp2" }
>> 	{ "no"  "N" "sp2" }
>> 	{ "np"  "N" "sp3" }
>> 	{ "nq"  "N" "sp3" }
>> 	{ "ns"  "N" "sp2" }
>> 	{ "nt"  "N" "sp2" }
>> 	{ "nu"  "N" "sp2" }
>> 	{ "nv"  "N" "sp2" }
>> 	{ "nx"  "N" "sp3" }
>> 	{ "ny"  "N" "sp3" }
>> 	{ "nz"  "N" "sp3" }
>> 	{ "n+"  "N" "sp3" }
>> 	{ "s"   "S" "sp2" }
>> 	{ "s2"   "S" "sp2" }
>> 	{ "s3"   "S" "sp3" }
>> 	{ "s4"   "S" "sp3" }
>> 	{ "s6"   "S" "sp3" }
>> 	{ "sh"   "S" "sp3" }
>> 	{ "sp"   "S" "sp3" }
>> 	{ "sq"   "S" "sp3" }
>> 	{ "ss"   "S" "sp3" }
>> 	{ "sx"   "S" "sp3" }
>> 	{ "sy"   "S" "sp3" }
>> 	{ "p2"   "P" "sp2" }
>> 	{ "p3"   "P" "sp3" }
>> 	{ "p4"   "P" "sp3" }
>> 	{ "p5"   "P" "sp3" }
>> 	{ "pb"   "P" "sp3" }
>> 	{ "pc"   "P" "sp3" }
>> 	{ "pd"   "P" "sp3" }
>> 	{ "pe"   "P" "sp3" }
>> 	{ "pf"   "P" "sp3" }
>> 	{ "px"   "P" "sp3" }
>> 	{ "py"   "P" "sp3" }
>> 	{ "f"   "F" "sp3" }
>> 	{ "cl"  "Cl" "sp3" }
>> 	{ "br"  "Br" "sp3" }
>> 	{ "i"   "I"  "sp3" }
>> }
>> #
>> #	Load the general force field parameter set.
>> #
>> gaff = loadamberparams gaff2.dat
Loading parameters: /usr/local/amber24/dat/leap/parm/gaff2.dat
Reading title:
AMBER General Force Field for organic molecules (Version 2.2.20, March 2021)
> 
> REC = loadpdb /localscratch/kbui/NexusMol/examples/artifacts/6W63_mol4_solvated/6W63_renamed.pdb
Loading PDB file: /localscratch/kbui/NexusMol/examples/artifacts/6W63_mol4_solvated/6W63_renamed.pdb
Matching PDB residue names to LEaP variables.
Mapped residue SER, term: Terminal/beginning, seq. number: 0 to: NSER.
Mapped residue PHE, term: Terminal/last, seq. number: 304 to: CPHE.
Mapped residue SER, term: Terminal/beginning, seq. number: 305 to: NSER.
Mapped residue PHE, term: Terminal/last, seq. number: 609 to: CPHE.
  Added missing heavy atom: .R<CPHE 305>.A<OXT 21>
  Added missing heavy atom: .R<CPHE 610>.A<OXT 21>
  total atoms in file: 9328
  Leap added 2 missing atoms according to residue templates:
       2 Heavy
> loadamberparams /localscratch/kbui/NexusMol/examples/artifacts/6W63_mol4_solvated/6W63_mol4_prepared_scored_pose_1_with_H_charged.frcmod
Loading parameters: /localscratch/kbui/NexusMol/examples/artifacts/6W63_mol4_solvated/6W63_mol4_prepared_scored_pose_1_with_H_charged.frcmod
Reading force field modification type file (frcmod)
Reading title:
Remark line goes here
> LIG = loadmol2 /localscratch/kbui/NexusMol/examples/artifacts/6W63_mol4_solvated/6W63_mol4_prepared_scored_pose_1_with_H_charged.mol2
Loading Mol2 file: /localscratch/kbui/NexusMol/examples/artifacts/6W63_mol4_solvated/6W63_mol4_prepared_scored_pose_1_with_H_charged.mol2
Reading MOLECULE named /localscratch/kbui/NexusMol/examples/6W63_mol4_prepared_scored.pdbqt
> SYS = combine {REC LIG}
  Sequence: default_name
  Sequence: /localscratch/kbui/NexusMol/exa
> solvateOct SYS TIP3PBOX 12.0
Scaling up box by a factor of 1.219427 to meet diagonal cut criterion
  Solute vdw bounding box:              64.941 85.843 68.358
  Total bounding box for atom centers:  115.109 115.109 115.109
      (box expansion for 'iso' is  44.1%)
  Solvent unit box:                     18.774 18.774 18.774
The number of boxes:  x= 7  y= 7  z= 7
  Volume: 782648.856 A^3 (oct)
  Total mass 429376.068 amu,  Density 0.911 g/cc
  Added 20078 residues.
> addIonsRand SYS Na+ 0
8 Na+ ions required to neutralize.
Adding 8 counter ions to "SYS". 20070 solvent molecules will remain.
0: Placed Na+ in SYS at (41.42, -14.76, 25.50).
0: Placed Na+ in SYS at (40.36, 19.22, -20.47).
0: Placed Na+ in SYS at (-29.83, 22.39, 24.92).
0: Placed Na+ in SYS at (-22.63, -50.89, -15.40).
0: Placed Na+ in SYS at (-30.53, -32.65, -16.84).
0: Placed Na+ in SYS at (26.17, 18.56, -31.46).
0: Placed Na+ in SYS at (-6.10, -33.44, -19.42).
0: Placed Na+ in SYS at (-12.88, -4.57, 43.57).
> addIonsRand SYS Cl- 0
 0.002997 0 1 0
0 Cl- ion required to neutralize.
> addIonsRand SYS Na+ 71
Adding 71 counter ions to "SYS". 19999 solvent molecules will remain.
0: Placed Na+ in SYS at (-16.89, -32.39, -18.61).
0: Placed Na+ in SYS at (-3.24, -53.20, -20.00).
0: Placed Na+ in SYS at (9.94, 1.23, 42.42).
0: Placed Na+ in SYS at (-22.63, 18.09, 24.43).
0: Placed Na+ in SYS at (15.57, -25.77, -6.15).
0: Placed Na+ in SYS at (10.63, 18.03, 43.24).
0: Placed Na+ in SYS at (23.64, 11.24, 42.90).
0: Placed Na+ in SYS at (38.67, 25.42, 26.85).
0: Placed Na+ in SYS at (-20.20, 45.11, 2.42).
0: Placed Na+ in SYS at (7.94, -4.09, 22.59).
0: Placed Na+ in SYS at (23.33, -0.74, 14.53).
0: Placed Na+ in SYS at (27.42, -10.84, 2.74).
0: Placed Na+ in SYS at (32.32, -23.04, 14.45).
0: Placed Na+ in SYS at (10.36, -33.26, 30.78).
0: Placed Na+ in SYS at (-22.77, -29.60, -11.72).
0: Placed Na+ in SYS at (-15.14, 26.44, -37.69).
0: Placed Na+ in SYS at (0.06, 37.25, -31.74).
0: Placed Na+ in SYS at (1.41, 29.31, -28.00).
0: Placed Na+ in SYS at (21.03, -5.40, 12.66).
0: Placed Na+ in SYS at (-48.83, -15.21, 9.22).
0: Placed Na+ in SYS at (-2.99, 3.89, -47.02).
0: Placed Na+ in SYS at (-5.05, -7.98, -34.08).
0: Placed Na+ in SYS at (3.40, -37.34, -11.45).
0: Placed Na+ in SYS at (-23.71, 9.06, 30.79).
0: Placed Na+ in SYS at (19.78, -5.84, -52.93).
0: Placed Na+ in SYS at (19.78, 17.16, 40.00).
0: Placed Na+ in SYS at (4.80, 33.78, -12.99).
0: Placed Na+ in SYS at (4.13, -22.87, 35.04).
0: Placed Na+ in SYS at (23.88, -21.38, -27.80).
0: Placed Na+ in SYS at (-9.02, -16.66, -30.73).
0: Placed Na+ in SYS at (-38.12, -20.77, 18.91).
0: Placed Na+ in SYS at (40.03, 24.96, 7.01).
0: Placed Na+ in SYS at (18.44, 0.45, 19.83).
0: Placed Na+ in SYS at (-16.79, -9.62, 6.50).
0: Placed Na+ in SYS at (-15.34, -21.42, 24.19).
0: Placed Na+ in SYS at (37.35, 9.03, -16.12).
0: Placed Na+ in SYS at (29.18, 48.29, 11.99).
0: Placed Na+ in SYS at (-34.94, 22.33, -8.80).
0: Placed Na+ in SYS at (32.32, -23.04, -12.10).
0: Placed Na+ in SYS at (1.48, -6.12, 35.94).
0: Placed Na+ in SYS at (-2.20, 13.78, -43.46).
0: Placed Na+ in SYS at (-16.85, 1.36, -29.39).
0: Placed Na+ in SYS at (-0.65, 31.71, -33.69).
0: Placed Na+ in SYS at (-9.36, 47.53, 22.66).
0: Placed Na+ in SYS at (9.57, -46.26, 11.87).
0: Placed Na+ in SYS at (-15.67, -35.76, 6.15).
0: Placed Na+ in SYS at (0.26, -24.20, -24.55).
0: Placed Na+ in SYS at (19.08, -21.95, -4.18).
0: Placed Na+ in SYS at (-47.01, -4.59, -23.04).
0: Placed Na+ in SYS at (-32.03, -34.11, 6.34).
0: Placed Na+ in SYS at (1.37, -13.86, -42.33).
0: Placed Na+ in SYS at (-22.58, 18.34, -13.50).
0: Placed Na+ in SYS at (-44.15, -31.01, 0.39).
0: Placed Na+ in SYS at (-13.20, 44.64, -25.33).
0: Placed Na+ in SYS at (18.77, -27.61, -25.34).
0: Placed Na+ in SYS at (-40.82, 6.88, 31.63).
0: Placed Na+ in SYS at (4.51, -10.16, -42.88).
0: Placed Na+ in SYS at (16.23, -18.98, 30.78).
0: Placed Na+ in SYS at (23.67, 21.00, -30.12).
0: Placed Na+ in SYS at (-0.21, 2.71, -36.41).
0: Placed Na+ in SYS at (-32.23, -44.88, -19.42).
0: Placed Na+ in SYS at (9.57, -23.27, -27.95).
0: Placed Na+ in SYS at (23.50, -23.47, 4.30).
0: Placed Na+ in SYS at (-4.17, -39.78, -16.42).
0: Placed Na+ in SYS at (-20.44, -25.18, 19.03).
0: Placed Na+ in SYS at (5.47, 14.37, 43.50).
0: Placed Na+ in SYS at (-24.42, -36.82, -7.01).
0: Placed Na+ in SYS at (37.72, 4.81, 17.69).
0: Placed Na+ in SYS at (-7.98, -27.53, -9.90).
0: Placed Na+ in SYS at (-34.35, 13.81, -21.19).
0: Placed Na+ in SYS at (-28.39, 23.12, 8.49).
> addIonsRand SYS Cl- 71
Adding 71 counter ions to "SYS". 19928 solvent molecules will remain.
0: Placed Cl- in SYS at (32.33, 8.46, 36.82).
0: Placed Cl- in SYS at (36.01, 26.02, -12.66).
0: Placed Cl- in SYS at (34.86, -36.89, 27.65).
0: Placed Cl- in SYS at (-5.95, -40.28, 6.50).
0: Placed Cl- in SYS at (17.18, -44.42, 10.91).
0: Placed Cl- in SYS at (30.69, -32.18, -21.19).
0: Placed Cl- in SYS at (-35.45, -14.35, 22.75).
0: Placed Cl- in SYS at (32.33, -14.53, -29.56).
0: Placed Cl- in SYS at (47.76, -0.77, 16.01).
0: Placed Cl- in SYS at (23.91, 1.88, 14.75).
0: Placed Cl- in SYS at (-5.27, 11.90, 45.45).
0: Placed Cl- in SYS at (13.84, -43.26, 34.25).
0: Placed Cl- in SYS at (23.50, -23.47, 30.85).
0: Placed Cl- in SYS at (7.51, 24.96, 33.56).
0: Placed Cl- in SYS at (45.32, -4.09, -36.75).
0: Placed Cl- in SYS at (13.16, -33.57, -32.92).
0: Placed Cl- in SYS at (32.33, -37.52, 10.27).
0: Placed Cl- in SYS at (21.56, 38.12, -8.62).
0: Placed Cl- in SYS at (-6.79, -42.69, 0.00).
0: Placed Cl- in SYS at (36.57, -17.02, -3.30).
0: Placed Cl- in SYS at (12.83, -36.73, 12.23).
0: Placed Cl- in SYS at (-14.02, -31.91, 13.71).
0: Placed Cl- in SYS at (48.19, -21.63, -16.12).
0: Placed Cl- in SYS at (-43.85, -11.30, 4.90).
0: Placed Cl- in SYS at (20.13, 4.38, 28.48).
0: Placed Cl- in SYS at (-10.96, -53.86, -8.62).
0: Placed Cl- in SYS at (9.96, -12.02, 46.61).
0: Placed Cl- in SYS at (-24.58, -19.95, 14.49).
0: Placed Cl- in SYS at (1.40, 40.53, -6.08).
0: Placed Cl- in SYS at (-41.87, -8.54, 15.69).
0: Placed Cl- in SYS at (1.96, 49.56, -23.47).
0: Placed Cl- in SYS at (-14.18, 40.61, -6.65).
0: Placed Cl- in SYS at (14.24, 23.98, -11.45).
0: Placed Cl- in SYS at (18.89, -44.75, 2.08).
0: Placed Cl- in SYS at (-27.88, 36.90, 27.45).
0: Placed Cl- in SYS at (-36.18, 33.73, -9.76).
0: Placed Cl- in SYS at (38.67, 2.42, 13.57).
0: Placed Cl- in SYS at (-16.21, -39.28, 3.68).
0: Placed Cl- in SYS at (-32.23, -21.89, 20.41).
0: Placed Cl- in SYS at (-2.78, 16.57, -24.48).
0: Placed Cl- in SYS at (9.94, -44.75, 15.87).
0: Placed Cl- in SYS at (-40.82, 6.88, -21.47).
0: Placed Cl- in SYS at (33.92, -39.29, -27.62).
0: Placed Cl- in SYS at (-23.70, 14.21, 47.79).
0: Placed Cl- in SYS at (12.32, -13.78, 22.66).
0: Placed Cl- in SYS at (38.52, 17.89, -7.13).
0: Placed Cl- in SYS at (12.11, -17.95, 47.40).
0: Placed Cl- in SYS at (-43.93, -10.49, 2.07).
0: Placed Cl- in SYS at (29.73, 16.57, 28.63).
0: Placed Cl- in SYS at (13.51, -35.60, 5.89).
0: Placed Cl- in SYS at (23.08, 25.21, -32.63).
0: Placed Cl- in SYS at (-32.26, -1.21, 15.27).
0: Placed Cl- in SYS at (-10.35, -3.45, 32.89).
0: Placed Cl- in SYS at (-21.56, 32.38, 36.69).
0: Placed Cl- in SYS at (-40.36, 30.66, 27.79).
0: Placed Cl- in SYS at (0.12, -51.93, 23.41).
0: Placed Cl- in SYS at (-29.03, 26.02, -12.66).
0: Placed Cl- in SYS at (-40.49, -4.54, 3.38).
0: Placed Cl- in SYS at (-27.66, 24.31, 5.78).
0: Placed Cl- in SYS at (13.51, 33.39, -33.94).
0: Placed Cl- in SYS at (20.30, -22.13, -17.53).
0: Placed Cl- in SYS at (36.13, 15.00, 26.50).
0: Placed Cl- in SYS at (31.43, 1.06, 41.38).
0: Placed Cl- in SYS at (-15.01, -42.39, -21.62).
0: Placed Cl- in SYS at (3.99, 13.74, 47.57).
0: Placed Cl- in SYS at (-9.43, -55.00, 11.82).
0: Placed Cl- in SYS at (18.33, -5.38, 19.90).
0: Placed Cl- in SYS at (4.83, 9.03, -42.67).
0: Placed Cl- in SYS at (22.53, 36.98, -17.66).
0: Placed Cl- in SYS at (-38.35, -7.81, 26.57).
0: Placed Cl- in SYS at (31.43, 24.06, 1.56).
> saveamberparm SYS /localscratch/kbui/NexusMol/examples/results/6W63_mol4_solvated/6W63_mol4_solvated.prmtop /localscratch/kbui/NexusMol/examples/results/6W63_mol4_solvated/6W63_mol4_solvated.inpcrd
Checking Unit.
Building topology.
Building atom parameters.
Building bond parameters.
Building angle parameters.
Building proper torsion parameters.
Building improper torsion parameters.
 total 1957 improper torsions applied
Building H-Bond parameters.
Incorporating Non-Bonded adjustments.
Not Marking per-residue atom chain types.
Marking per-residue atom chain types.
  (Residues lacking connect0/connect1 - 
   these don't have chain types marked:

	res	total affected

	CPHE	2
	NSER	2
	UNL	1
	WAT	19928
  )
 (no restraints)
> savepdb SYS /localscratch/kbui/NexusMol/examples/results/6W63_mol4_solvated/6W63_mol4_solvated.pdb
Writing pdb file: /localscratch/kbui/NexusMol/examples/results/6W63_mol4_solvated/6W63_mol4_solvated.pdb
   printing CRYST1 record to PDB file with box info

/usr/local/amber24/bin/teLeap: Warning!
 Converting N-terminal residue name to PDB format: NSER -> SER

/usr/local/amber24/bin/teLeap: Warning!
 Converting C-terminal residue name to PDB format: CPHE -> PHE

/usr/local/amber24/bin/teLeap: Warning!
 Converting N-terminal residue name to PDB format: NSER -> SER

/usr/local/amber24/bin/teLeap: Warning!
 Converting C-terminal residue name to PDB format: CPHE -> PHE
 quit
	Quit

Exiting LEaP: Errors = 0; Warnings = 4; Notes = 0.
log started: Mon Jun  1 22:57:32 2026

Log file: ./leap.log
>> #
>> # ----- leaprc for loading the ff19SB force field
>> # ----- NOTE: this is designed for PDB format 3!
>> #
>> #	load atom type hybridizations
>> #
>> addAtomTypes {
>> 	{ "H"   "H" "sp3" }
>> 	{ "HO"  "H" "sp3" }
>> 	{ "HS"  "H" "sp3" }
>> 	{ "H1"  "H" "sp3" }
>> 	{ "H2"  "H" "sp3" }
>> 	{ "H3"  "H" "sp3" }
>> 	{ "H4"  "H" "sp3" }
>> 	{ "H5"  "H" "sp3" }
>> 	{ "HW"  "H" "sp3" }
>> 	{ "HC"  "H" "sp3" }
>> 	{ "HA"  "H" "sp3" }
>> 	{ "HP"  "H" "sp3" }
>> 	{ "HZ"  "H" "sp3" }
>> 	{ "OH"  "O" "sp3" }
>> 	{ "OS"  "O" "sp3" }
>> 	{ "O"   "O" "sp2" }
>> 	{ "O2"  "O" "sp2" }
>> 	{ "OP"  "O" "sp2" }
>> 	{ "OW"  "O" "sp3" }
>> 	{ "CT"  "C" "sp3" }
>> 	{ "CX"  "C" "sp3" }
>> 	{ "XC"  "C" "sp3" }
>> 	{ "C8"  "C" "sp3" }
>> 	{ "2C"  "C" "sp3" }
>> 	{ "3C"  "C" "sp3" }
>> 	{ "CH"  "C" "sp3" }
>> 	{ "CS"  "C" "sp2" }
>> 	{ "C"   "C" "sp2" }
>> 	{ "CO"   "C" "sp2" }
>> 	{ "C*"  "C" "sp2" }
>> 	{ "CA"  "C" "sp2" }
>> 	{ "CB"  "C" "sp2" }
>> 	{ "CC"  "C" "sp2" }
>> 	{ "CN"  "C" "sp2" }
>> 	{ "CM"  "C" "sp2" }
>> 	{ "CK"  "C" "sp2" }
>> 	{ "CQ"  "C" "sp2" }
>> 	{ "CD"  "C" "sp2" }
>> 	{ "C5"  "C" "sp2" }
>> 	{ "C4"  "C" "sp2" }
>> 	{ "CP"  "C" "sp2" }
>> 	{ "CI"  "C" "sp3" }
>> 	{ "CJ"  "C" "sp2" }
>> 	{ "CW"  "C" "sp2" }
>> 	{ "CV"  "C" "sp2" }
>> 	{ "CR"  "C" "sp2" }
>> 	{ "CA"  "C" "sp2" }
>> 	{ "CY"  "C" "sp2" }
>> 	{ "C0"  "Ca" "sp3" }
>> 	{ "MG"  "Mg" "sp3" }
>> 	{ "N"   "N" "sp2" }
>> 	{ "NA"  "N" "sp2" }
>> 	{ "N2"  "N" "sp2" }
>> 	{ "N*"  "N" "sp2" }
>> 	{ "NP"  "N" "sp2" }
>> 	{ "NQ"  "N" "sp2" }
>> 	{ "NB"  "N" "sp2" }
>> 	{ "NC"  "N" "sp2" }
>> 	{ "NT"  "N" "sp3" }
>> 	{ "NY"  "N" "sp2" }
>> 	{ "N3"  "N" "sp3" }
>> 	{ "S"   "S" "sp3" }
>> 	{ "SH"  "S" "sp3" }
>> 	{ "P"   "P" "sp3" }
>> 	{ "LP"  ""  "sp3" }
>> 	{ "EP"  ""  "sp3" }
>> 	{ "F"   "F" "sp3" }
>> 	{ "Cl"  "Cl" "sp3" }
>> 	{ "Br"  "Br" "sp3" }
>> 	{ "I"   "I"  "sp3" }
>> }
>> #
>> #	Load the main parameter set.
>> #
>> set default cmap on
>> parm19 = loadamberparams parm19.dat
Loading parameters: /usr/local/amber24/dat/leap/parm/parm19.dat
Reading title:
PARM99 + frcmod.ff99SB + frcmod.parmbsc0 + OL3 for RNA + ff19SB
(UNKNOWN ATOM TYPE: Zn)
(UNKNOWN ATOM TYPE: EP)
>> frcmod19SB = loadamberparams frcmod.ff19SB
Loading parameters: /usr/local/amber24/dat/leap/parm/frcmod.ff19SB
Reading force field modification type file (frcmod)
Reading title:
ff19SB AA-specific backbone CMAPs for protein 07/25/2019
>> #
>> #	Load main chain and terminating amino acid libraries
>> #
>> loadOff amino19.lib
Loading library: /usr/local/amber24/dat/leap/lib/amino19.lib
Loading: ALA
Loading: ARG
Loading: ASH
Loading: ASN
Loading: ASP
Loading: CYM
Loading: CYS
Loading: CYX
Loading: GLH
Loading: GLN
Loading: GLU
Loading: GLY
Loading: HID
Loading: HIE
Loading: HIP
Loading: HYP
Loading: ILE
Loading: LEU
Loading: LYN
Loading: LYS
Loading: MET
Loading: PHE
Loading: PRO
Loading: SER
Loading: THR
Loading: TRP
Loading: TYR
Loading: VAL
>> loadOff aminoct12.lib
Loading library: /usr/local/amber24/dat/leap/lib/aminoct12.lib
Loading: CALA
Loading: CARG
Loading: CASN
Loading: CASP
Loading: CCYS
Loading: CCYX
Loading: CGLN
Loading: CGLU
Loading: CGLY
Loading: CHID
Loading: CHIE
Loading: CHIP
Loading: CHYP
Loading: CILE
Loading: CLEU
Loading: CLYS
Loading: CMET
Loading: CPHE
Loading: CPRO
Loading: CSER
Loading: CTHR
Loading: CTRP
Loading: CTYR
Loading: CVAL
Loading: NHE
Loading: NME
>> loadOff aminont12.lib
Loading library: /usr/local/amber24/dat/leap/lib/aminont12.lib
Loading: ACE
Loading: NALA
Loading: NARG
Loading: NASN
Loading: NASP
Loading: NCYS
Loading: NCYX
Loading: NGLN
Loading: NGLU
Loading: NGLY
Loading: NHID
Loading: NHIE
Loading: NHIP
Loading: NILE
Loading: NLEU
Loading: NLYS
Loading: NMET
Loading: NPHE
Loading: NPRO
Loading: NSER
Loading: NTHR
Loading: NTRP
Loading: NTYR
Loading: NVAL
>> 
>> #
>> #	Define the PDB name map for the amino acids
>> #
>> addPdbResMap {
>>   { 0 "HYP" "NHYP" } { 1 "HYP" "CHYP" }
>>   { 0 "ALA" "NALA" } { 1 "ALA" "CALA" }
>>   { 0 "ARG" "NARG" } { 1 "ARG" "CARG" }
>>   { 0 "ASN" "NASN" } { 1 "ASN" "CASN" }
>>   { 0 "ASP" "NASP" } { 1 "ASP" "CASP" }
>>   { 0 "CYS" "NCYS" } { 1 "CYS" "CCYS" }
>>   { 0 "CYX" "NCYX" } { 1 "CYX" "CCYX" }
>>   { 0 "GLN" "NGLN" } { 1 "GLN" "CGLN" }
>>   { 0 "GLU" "NGLU" } { 1 "GLU" "CGLU" }
>>   { 0 "GLY" "NGLY" } { 1 "GLY" "CGLY" }
>>   { 0 "HID" "NHID" } { 1 "HID" "CHID" }
>>   { 0 "HIE" "NHIE" } { 1 "HIE" "CHIE" }
>>   { 0 "HIP" "NHIP" } { 1 "HIP" "CHIP" }
>>   { 0 "ILE" "NILE" } { 1 "ILE" "CILE" }
>>   { 0 "LEU" "NLEU" } { 1 "LEU" "CLEU" }
>>   { 0 "LYS" "NLYS" } { 1 "LYS" "CLYS" }
>>   { 0 "MET" "NMET" } { 1 "MET" "CMET" }
>>   { 0 "PHE" "NPHE" } { 1 "PHE" "CPHE" }
>>   { 0 "PRO" "NPRO" } { 1 "PRO" "CPRO" }
>>   { 0 "SER" "NSER" } { 1 "SER" "CSER" }
>>   { 0 "THR" "NTHR" } { 1 "THR" "CTHR" }
>>   { 0 "TRP" "NTRP" } { 1 "TRP" "CTRP" }
>>   { 0 "TYR" "NTYR" } { 1 "TYR" "CTYR" }
>>   { 0 "VAL" "NVAL" } { 1 "VAL" "CVAL" }
>>   { 0 "HIS" "NHIS" } { 1 "HIS" "CHIS" }
>> }
>> 
>> #
>> # assume that most often proteins use HIE
>> #
>> NHIS = NHIE
>> HIS = HIE
>> CHIS = CHIE
> 
> source leaprc.water.tip3p
----- Source: /usr/local/amber24/dat/leap/cmd/leaprc.water.tip3p
----- Source of /usr/local/amber24/dat/leap/cmd/leaprc.water.tip3p done
>> #
>> #       Load water and ions for TIP3P + Li/Merz monovalent ions 
>> #       + Joung-Chetham monovalent ions
>> #       + Li/Merz highly charged ions (+2 to +4, 12-6 normal usage set)
>> #
>> #       Note: the Li/Merz monovalent set is loaded only to get Tl+,
>> #          Cu+, Ag+ NH4+, H3O+.  Since we load Joung-Cheatham second,
>> #          the alkali halide parameters come from the Joung-Cheatham set
>> #
>> addAtomTypes {
>> 	{ "HW"  "H" "sp3" }
>> 	{ "OW"  "O" "sp3" }
>> 	{ "F-"   "F" "sp3" }
>> 	{ "Cl-"  "Cl" "sp3" }
>> 	{ "Br-"  "Br" "sp3" }
>> 	{ "I-"   "I"  "sp3" }
>> 	{ "Li+"  "Li"  "sp3" }
>> 	{ "Na+"  "Na"  "sp3" }
>> 	{ "K+"  "K"  "sp3" }
>> 	{ "Rb+"  "Rb"  "sp3" }
>> 	{ "Cs+"  "Cs"  "sp3" }
>> 	{ "Mg+"  "Mg"  "sp3" }
>>     { "Tl+"  "Tl"  "sp3" }
>>     { "Cu+"  "Cu"  "sp3" }
>>     { "Ag+"  "Ag"  "sp3" }
>>     { "NH4+"  "N"  "sp3" }
>>     { "H3O+"  "O"  "sp3" }
>>     { "Be2+" "Be"  "sp3" }
>>     { "Cu2+" "Cu"  "sp3" }
>>     { "Ni2+" "Ni"  "sp3" }
>>     { "Pt2+" "Pt"  "sp3" }
>>     { "Zn2+" "Zn"  "sp3" }
>>     { "Co2+" "Co"  "sp3" }
>>     { "Pd2+" "Pd"  "sp3" }
>>     { "Ag2+" "Ag"  "sp3" }
>>     { "Cr2+" "Cr"  "sp3" }
>>     { "Fe2+" "Fe"  "sp3" }
>>     { "Mg2+" "Mg"  "sp3" }
>>     { "V2+"  "V"   "sp3" }
>>     { "Mn2+" "Mn"  "sp3" }
>>     { "Hg2+" "Hg"  "sp3" }
>>     { "Cd2+" "Cd"  "sp3" }
>>     { "Yb2+" "Yb"  "sp3" }
>>     { "Ca2+" "Ca"  "sp3" }
>>     { "Sn2+" "Sn"  "sp3" }
>>     { "Pb2+" "Pb"  "sp3" }
>>     { "Eu2+" "Eu"  "sp3" }
>>     { "Sr2+" "Sr"  "sp3" }
>>     { "Sm2+" "Sm"  "sp3" }
>>     { "Ba2+" "Ba"  "sp3" }
>>     { "Ra2+" "Ra"  "sp3" }
>>     { "Al3+" "Al"  "sp3" }
>>     { "Fe3+" "Fe"  "sp3" }
>>     { "Cr3+" "Cr"  "sp3" }
>>     { "In3+" "In"  "sp3" }
>>     { "Tl3+" "Tl"  "sp3" }
>>     { "Y3+"  "Y"   "sp3" }
>>     { "La3+" "La"  "sp3" }
>>     { "Ce3+" "Ce"  "sp3" }
>>     { "Pr3+" "Pr"  "sp3" }
>>     { "Nd3+" "Nd"  "sp3" }
>>     { "Sm3+" "Sm"  "sp3" }
>>     { "Eu3+" "Eu"  "sp3" }
>>     { "Gd3+" "Gd"  "sp3" }
>>     { "Tb3+" "Tb"  "sp3" }
>>     { "Dy3+" "Dy"  "sp3" }
>>     { "Er3+" "Er"  "sp3" }
>>     { "Tm3+" "Tm"  "sp3" }
>>     { "Lu3+" "Lu"  "sp3" }
>>     { "Hf4+" "Hf"  "sp3" }
>>     { "Zr4+" "Zr"  "sp3" }
>>     { "Ce4+" "Ce"  "sp3" }
>>     { "U4+"  "U"   "sp3" }
>>     { "Pu4+" "Pu"  "sp3" }
>>     { "Th4+" "Th"  "sp3" }
>> }
>> loadOff atomic_ions.lib
Loading library: /usr/local/amber24/dat/leap/lib/atomic_ions.lib
Loading: AG
Loading: AL
Loading: Ag
Loading: BA
Loading: BR
Loading: Be
Loading: CA
Loading: CD
Loading: CE
Loading: CL
Loading: CO
Loading: CR
Loading: CS
Loading: CU
Loading: CU1
Loading: Ce
Loading: Cl-
Loading: Cr
Loading: Dy
Loading: EU
Loading: EU3
Loading: Er
Loading: F
Loading: FE
Loading: FE2
Loading: GD3
Loading: H3O+
Loading: HE+
Loading: HG
Loading: HZ+
Loading: Hf
Loading: IN
Loading: IOD
Loading: K
Loading: K+
Loading: LA
Loading: LI
Loading: LU
Loading: MG
Loading: MN
Loading: NA
Loading: NH4
Loading: NI
Loading: Na+
Loading: Nd
Loading: PB
Loading: PD
Loading: PR
Loading: PT
Loading: Pu
Loading: RB
Loading: Ra
Loading: SM
Loading: SR
Loading: Sm
Loading: Sn
Loading: TB
Loading: TL
Loading: Th
Loading: Tl
Loading: Tm
Loading: U4+
Loading: V2+
Loading: Y
Loading: YB2
Loading: ZN
Loading: Zr
>> loadOff solvents.lib
Loading library: /usr/local/amber24/dat/leap/lib/solvents.lib
Loading: CHCL3BOX
Loading: DC4
Loading: FB3
Loading: FB3BOX
Loading: FB4
Loading: FB4BOX
Loading: MEOHBOX
Loading: NMABOX
Loading: O3P
Loading: OP3
Loading: OPC
Loading: OPC3BOX
Loading: OPC3POLBOX
Loading: OPCBOX
Loading: PL3
Loading: POL3BOX
Loading: QSPCFWBOX
Loading: SPC
Loading: SPCBOX
Loading: SPCFWBOX
Loading: SPF
Loading: SPG
Loading: T4E
Loading: TIP3PBOX
Loading: TIP3PFBOX
Loading: TIP4PBOX
Loading: TIP4PEWBOX
Loading: TIP5PBOX
Loading: TP3
Loading: TP4
Loading: TP5
Loading: TPF
>> HOH = TP3
>> WAT = TP3
>> loadAmberParams frcmod.tip3p
Loading parameters: /usr/local/amber24/dat/leap/parm/frcmod.tip3p
Reading force field modification type file (frcmod)
Reading title:
This is the additional/replacement parameter set for TIP3P water
>> loadAmberParams frcmod.ions1lm_126_tip3p
Loading parameters: /usr/local/amber24/dat/leap/parm/frcmod.ions1lm_126_tip3p
Reading force field modification type file (frcmod)
Reading title:
Li/Merz ion parameters of monovalent ions for TIP3P water model (12-6 normal usage set)
>> loadAmberParams frcmod.ionsjc_tip3p
Loading parameters: /usr/local/amber24/dat/leap/parm/frcmod.ionsjc_tip3p
Reading force field modification type file (frcmod)
Reading title:
Monovalent ion parameters for Ewald and TIP3P water from Joung & Cheatham JPCB (2008)
>> loadAmberParams frcmod.ions234lm_126_tip3p
Loading parameters: /usr/local/amber24/dat/leap/parm/frcmod.ions234lm_126_tip3p
Reading force field modification type file (frcmod)
Reading title:
Li/Merz ion parameters of divalent to tetravalent ions for TIP3P water model (12-6 normal usage set)
>> 
> 
> source leaprc.gaff2
----- Source: /usr/local/amber24/dat/leap/cmd/leaprc.gaff2
----- Source of /usr/local/amber24/dat/leap/cmd/leaprc.gaff2 done
>> logFile leap.log
log started: Mon Jun  1 22:57:32 2026

Log file: ./leap.log
>> #
>> # ----- leaprc for loading the general Amber Force field.
>> #       This file is mostly for use with Antechamber
>> #
>> #	load atom type hybridizations
>> #
>> addAtomTypes {
>> 	{ "h1"  "H" "sp3" }
>> 	{ "h2"  "H" "sp3" }
>> 	{ "h3"  "H" "sp3" }
>> 	{ "h4"  "H" "sp3" }
>> 	{ "h5"  "H" "sp3" }
>> 	{ "ha"  "H" "sp3" }
>> 	{ "hc"  "H" "sp3" }
>> 	{ "hn"  "H" "sp3" }
>> 	{ "ho"  "H" "sp3" }
>> 	{ "hp"  "H" "sp3" }
>> 	{ "hs"  "H" "sp3" }
>> 	{ "hw"  "H" "sp3" }
>> 	{ "hx"  "H" "sp3" }
>> 	{ "o"  "O" "sp2" }
>> 	{ "o2"  "O" "sp2" }
>> 	{ "oh"  "O" "sp3" }
>> 	{ "op"  "O" "sp3" }
>> 	{ "oq"  "O" "sp3" }
>> 	{ "os"  "O" "sp3" }
>> 	{ "ow"  "O" "sp3" }
>> 	{ "c"  "C" "sp2" }
>> 	{ "c1"  "C" "sp2" }
>> 	{ "c2"  "C" "sp2" }
>> 	{ "c3"  "C" "sp3" }
>> 	{ "c5"  "C" "sp3" }
>> 	{ "c6"  "C" "sp3" }
>> 	{ "ca"  "C" "sp2" }
>> 	{ "cc"  "C" "sp2" }
>> 	{ "cd"  "C" "sp2" }
>> 	{ "ce"  "C" "sp2" }
>> 	{ "cf"  "C" "sp2" }
>> 	{ "cg"  "C" "sp2" }
>> 	{ "ch"  "C" "sp2" }
>> 	{ "cp"  "C" "sp2" }
>> 	{ "cs"  "C" "sp2" }
>> 	{ "cq"  "C" "sp2" }
>> 	{ "cu"  "C" "sp2" }
>> 	{ "cv"  "C" "sp2" }
>> 	{ "cx"  "C" "sp2" }
>> 	{ "cy"  "C" "sp2" }
>> 	{ "cz"  "C" "sp2" }
>> 	{ "n"   "N" "sp2" }
>> 	{ "n1"  "N" "sp2" }
>> 	{ "n2"  "N" "sp2" }
>> 	{ "n3"  "N" "sp3" }
>> 	{ "n4"  "N" "sp3" }
>> 	{ "n5"  "N" "sp3" }
>> 	{ "n6"  "N" "sp3" }
>> 	{ "n7"  "N" "sp3" }
>> 	{ "n8"  "N" "sp3" }
>> 	{ "n9"  "N" "sp3" }
>> 	{ "na"  "N" "sp2" }
>> 	{ "nb"  "N" "sp2" }
>> 	{ "nc"  "N" "sp2" }
>> 	{ "nd"  "N" "sp2" }
>> 	{ "ne"  "N" "sp2" }
>> 	{ "nf"  "N" "sp2" }
>> 	{ "nh"  "N" "sp2" }
>> 	{ "ni"  "N" "sp2" }
>> 	{ "nj"  "N" "sp2" }
>> 	{ "nk"  "N" "sp3" }
>> 	{ "nl"  "N" "sp3" }
>> 	{ "nm"  "N" "sp2" }
>> 	{ "nn"  "N" "sp2" }
>> 	{ "no"  "N" "sp2" }
>> 	{ "np"  "N" "sp3" }
>> 	{ "nq"  "N" "sp3" }
>> 	{ "ns"  "N" "sp2" }
>> 	{ "nt"  "N" "sp2" }
>> 	{ "nu"  "N" "sp2" }
>> 	{ "nv"  "N" "sp2" }
>> 	{ "nx"  "N" "sp3" }
>> 	{ "ny"  "N" "sp3" }
>> 	{ "nz"  "N" "sp3" }
>> 	{ "n+"  "N" "sp3" }
>> 	{ "s"   "S" "sp2" }
>> 	{ "s2"   "S" "sp2" }
>> 	{ "s3"   "S" "sp3" }
>> 	{ "s4"   "S" "sp3" }
>> 	{ "s6"   "S" "sp3" }
>> 	{ "sh"   "S" "sp3" }
>> 	{ "sp"   "S" "sp3" }
>> 	{ "sq"   "S" "sp3" }
>> 	{ "ss"   "S" "sp3" }
>> 	{ "sx"   "S" "sp3" }
>> 	{ "sy"   "S" "sp3" }
>> 	{ "p2"   "P" "sp2" }
>> 	{ "p3"   "P" "sp3" }
>> 	{ "p4"   "P" "sp3" }
>> 	{ "p5"   "P" "sp3" }
>> 	{ "pb"   "P" "sp3" }
>> 	{ "pc"   "P" "sp3" }
>> 	{ "pd"   "P" "sp3" }
>> 	{ "pe"   "P" "sp3" }
>> 	{ "pf"   "P" "sp3" }
>> 	{ "px"   "P" "sp3" }
>> 	{ "py"   "P" "sp3" }
>> 	{ "f"   "F" "sp3" }
>> 	{ "cl"  "Cl" "sp3" }
>> 	{ "br"  "Br" "sp3" }
>> 	{ "i"   "I"  "sp3" }
>> }
>> #
>> #	Load the general force field parameter set.
>> #
>> gaff = loadamberparams gaff2.dat
Loading parameters: /usr/local/amber24/dat/leap/parm/gaff2.dat
Reading title:
AMBER General Force Field for organic molecules (Version 2.2.20, March 2021)
> 
> REC = loadpdb /localscratch/kbui/NexusMol/examples/artifacts/6W63_mol4_solvated/6W63_renamed.pdb
Loading PDB file: /localscratch/kbui/NexusMol/examples/artifacts/6W63_mol4_solvated/6W63_renamed.pdb
Matching PDB residue names to LEaP variables.
Mapped residue SER, term: Terminal/beginning, seq. number: 0 to: NSER.
Mapped residue PHE, term: Terminal/last, seq. number: 304 to: CPHE.
Mapped residue SER, term: Terminal/beginning, seq. number: 305 to: NSER.
Mapped residue PHE, term: Terminal/last, seq. number: 609 to: CPHE.
  Added missing heavy atom: .R<CPHE 305>.A<OXT 21>
  Added missing heavy atom: .R<CPHE 610>.A<OXT 21>
  total atoms in file: 9328
  Leap added 4 missing atoms according to residue templates:
       2 Heavy
       2 H / lone pairs
> loadamberparams /localscratch/kbui/NexusMol/examples/artifacts/6W63_mol4_solvated/6W63_mol4_prepared_scored_pose_1_with_H_charged.frcmod
Loading parameters: /localscratch/kbui/NexusMol/examples/artifacts/6W63_mol4_solvated/6W63_mol4_prepared_scored_pose_1_with_H_charged.frcmod
Reading force field modification type file (frcmod)
Reading title:
Remark line goes here
> LIG = loadmol2 /localscratch/kbui/NexusMol/examples/artifacts/6W63_mol4_solvated/6W63_mol4_prepared_scored_pose_1_with_H_charged.mol2
Loading Mol2 file: /localscratch/kbui/NexusMol/examples/artifacts/6W63_mol4_solvated/6W63_mol4_prepared_scored_pose_1_with_H_charged.mol2
Reading MOLECULE named /localscratch/kbui/NexusMol/examples/6W63_mol4_prepared_scored.pdbqt
> SYS = combine {REC LIG}
  Sequence: default_name
  Sequence: /localscratch/kbui/NexusMol/exa
> solvateOct SYS TIP3PBOX 12.0
Scaling up box by a factor of 1.219371 to meet diagonal cut criterion
  Solute vdw bounding box:              64.944 85.844 68.358
  Total bounding box for atom centers:  115.108 115.108 115.108
      (box expansion for 'iso' is  44.1%)
  Solvent unit box:                     18.774 18.774 18.774
The number of boxes:  x= 7  y= 7  z= 7
  Volume: 782639.895 A^3 (oct)
  Total mass 429360.068 amu,  Density 0.911 g/cc
  Added 20077 residues.
> addIonsRand SYS Na+ 0
6 Na+ ions required to neutralize.
Adding 6 counter ions to "SYS". 20071 solvent molecules will remain.
0: Placed Na+ in SYS at (3.00, -21.47, -26.46).
0: Placed Na+ in SYS at (-24.10, 14.67, 31.03).
0: Placed Na+ in SYS at (-17.28, 45.22, 16.01).
0: Placed Na+ in SYS at (47.34, -14.57, 29.38).
0: Placed Na+ in SYS at (8.42, -8.33, -35.35).
0: Placed Na+ in SYS at (-11.33, 34.69, -21.65).
> addIonsRand SYS Cl- 0
 0.002997 0 1 0
0 Cl- ion required to neutralize.
> addIonsRand SYS Na+ 0

/usr/local/amber24/bin/teLeap: Warning!
addIonsRand: 1st Ion & target unit have charges of the same sign:
     unit charge = 0.002997; ion1 charge = 1;
     can't neutralize.
> addIonsRand SYS Cl- 0
 0.002997 0 1 0
0 Cl- ion required to neutralize.
> saveamberparm SYS /localscratch/kbui/NexusMol/examples/results/6W63_mol4_solvated/6W63_mol4_solvated.prmtop /localscratch/kbui/NexusMol/examples/results/6W63_mol4_solvated/6W63_mol4_solvated.inpcrd
Checking Unit.
Building topology.
Building atom parameters.
Building bond parameters.
Building angle parameters.
Building proper torsion parameters.
Building improper torsion parameters.
 total 1957 improper torsions applied
Building H-Bond parameters.
Incorporating Non-Bonded adjustments.
Not Marking per-residue atom chain types.
Marking per-residue atom chain types.
  (Residues lacking connect0/connect1 - 
   these don't have chain types marked:

	res	total affected

	CPHE	2
	NSER	2
	UNL	1
	WAT	20071
  )
 (no restraints)
> savepdb SYS /localscratch/kbui/NexusMol/examples/results/6W63_mol4_solvated/6W63_mol4_solvated.pdb
Writing pdb file: /localscratch/kbui/NexusMol/examples/results/6W63_mol4_solvated/6W63_mol4_solvated.pdb
   printing CRYST1 record to PDB file with box info

/usr/local/amber24/bin/teLeap: Warning!
 Converting N-terminal residue name to PDB format: NSER -> SER

/usr/local/amber24/bin/teLeap: Warning!
 Converting C-terminal residue name to PDB format: CPHE -> PHE

/usr/local/amber24/bin/teLeap: Warning!
 Converting N-terminal residue name to PDB format: NSER -> SER

/usr/local/amber24/bin/teLeap: Warning!
 Converting C-terminal residue name to PDB format: CPHE -> PHE
 quit
	Quit

Exiting LEaP: Errors = 0; Warnings = 5; Notes = 0.
log started: Mon Jun  1 22:57:34 2026

Log file: ./leap.log
>> #
>> # ----- leaprc for loading the ff19SB force field
>> # ----- NOTE: this is designed for PDB format 3!
>> #
>> #	load atom type hybridizations
>> #
>> addAtomTypes {
>> 	{ "H"   "H" "sp3" }
>> 	{ "HO"  "H" "sp3" }
>> 	{ "HS"  "H" "sp3" }
>> 	{ "H1"  "H" "sp3" }
>> 	{ "H2"  "H" "sp3" }
>> 	{ "H3"  "H" "sp3" }
>> 	{ "H4"  "H" "sp3" }
>> 	{ "H5"  "H" "sp3" }
>> 	{ "HW"  "H" "sp3" }
>> 	{ "HC"  "H" "sp3" }
>> 	{ "HA"  "H" "sp3" }
>> 	{ "HP"  "H" "sp3" }
>> 	{ "HZ"  "H" "sp3" }
>> 	{ "OH"  "O" "sp3" }
>> 	{ "OS"  "O" "sp3" }
>> 	{ "O"   "O" "sp2" }
>> 	{ "O2"  "O" "sp2" }
>> 	{ "OP"  "O" "sp2" }
>> 	{ "OW"  "O" "sp3" }
>> 	{ "CT"  "C" "sp3" }
>> 	{ "CX"  "C" "sp3" }
>> 	{ "XC"  "C" "sp3" }
>> 	{ "C8"  "C" "sp3" }
>> 	{ "2C"  "C" "sp3" }
>> 	{ "3C"  "C" "sp3" }
>> 	{ "CH"  "C" "sp3" }
>> 	{ "CS"  "C" "sp2" }
>> 	{ "C"   "C" "sp2" }
>> 	{ "CO"   "C" "sp2" }
>> 	{ "C*"  "C" "sp2" }
>> 	{ "CA"  "C" "sp2" }
>> 	{ "CB"  "C" "sp2" }
>> 	{ "CC"  "C" "sp2" }
>> 	{ "CN"  "C" "sp2" }
>> 	{ "CM"  "C" "sp2" }
>> 	{ "CK"  "C" "sp2" }
>> 	{ "CQ"  "C" "sp2" }
>> 	{ "CD"  "C" "sp2" }
>> 	{ "C5"  "C" "sp2" }
>> 	{ "C4"  "C" "sp2" }
>> 	{ "CP"  "C" "sp2" }
>> 	{ "CI"  "C" "sp3" }
>> 	{ "CJ"  "C" "sp2" }
>> 	{ "CW"  "C" "sp2" }
>> 	{ "CV"  "C" "sp2" }
>> 	{ "CR"  "C" "sp2" }
>> 	{ "CA"  "C" "sp2" }
>> 	{ "CY"  "C" "sp2" }
>> 	{ "C0"  "Ca" "sp3" }
>> 	{ "MG"  "Mg" "sp3" }
>> 	{ "N"   "N" "sp2" }
>> 	{ "NA"  "N" "sp2" }
>> 	{ "N2"  "N" "sp2" }
>> 	{ "N*"  "N" "sp2" }
>> 	{ "NP"  "N" "sp2" }
>> 	{ "NQ"  "N" "sp2" }
>> 	{ "NB"  "N" "sp2" }
>> 	{ "NC"  "N" "sp2" }
>> 	{ "NT"  "N" "sp3" }
>> 	{ "NY"  "N" "sp2" }
>> 	{ "N3"  "N" "sp3" }
>> 	{ "S"   "S" "sp3" }
>> 	{ "SH"  "S" "sp3" }
>> 	{ "P"   "P" "sp3" }
>> 	{ "LP"  ""  "sp3" }
>> 	{ "EP"  ""  "sp3" }
>> 	{ "F"   "F" "sp3" }
>> 	{ "Cl"  "Cl" "sp3" }
>> 	{ "Br"  "Br" "sp3" }
>> 	{ "I"   "I"  "sp3" }
>> }
>> #
>> #	Load the main parameter set.
>> #
>> set default cmap on
>> parm19 = loadamberparams parm19.dat
Loading parameters: /usr/local/amber24/dat/leap/parm/parm19.dat
Reading title:
PARM99 + frcmod.ff99SB + frcmod.parmbsc0 + OL3 for RNA + ff19SB
(UNKNOWN ATOM TYPE: Zn)
(UNKNOWN ATOM TYPE: EP)
>> frcmod19SB = loadamberparams frcmod.ff19SB
Loading parameters: /usr/local/amber24/dat/leap/parm/frcmod.ff19SB
Reading force field modification type file (frcmod)
Reading title:
ff19SB AA-specific backbone CMAPs for protein 07/25/2019
>> #
>> #	Load main chain and terminating amino acid libraries
>> #
>> loadOff amino19.lib
Loading library: /usr/local/amber24/dat/leap/lib/amino19.lib
Loading: ALA
Loading: ARG
Loading: ASH
Loading: ASN
Loading: ASP
Loading: CYM
Loading: CYS
Loading: CYX
Loading: GLH
Loading: GLN
Loading: GLU
Loading: GLY
Loading: HID
Loading: HIE
Loading: HIP
Loading: HYP
Loading: ILE
Loading: LEU
Loading: LYN
Loading: LYS
Loading: MET
Loading: PHE
Loading: PRO
Loading: SER
Loading: THR
Loading: TRP
Loading: TYR
Loading: VAL
>> loadOff aminoct12.lib
Loading library: /usr/local/amber24/dat/leap/lib/aminoct12.lib
Loading: CALA
Loading: CARG
Loading: CASN
Loading: CASP
Loading: CCYS
Loading: CCYX
Loading: CGLN
Loading: CGLU
Loading: CGLY
Loading: CHID
Loading: CHIE
Loading: CHIP
Loading: CHYP
Loading: CILE
Loading: CLEU
Loading: CLYS
Loading: CMET
Loading: CPHE
Loading: CPRO
Loading: CSER
Loading: CTHR
Loading: CTRP
Loading: CTYR
Loading: CVAL
Loading: NHE
Loading: NME
>> loadOff aminont12.lib
Loading library: /usr/local/amber24/dat/leap/lib/aminont12.lib
Loading: ACE
Loading: NALA
Loading: NARG
Loading: NASN
Loading: NASP
Loading: NCYS
Loading: NCYX
Loading: NGLN
Loading: NGLU
Loading: NGLY
Loading: NHID
Loading: NHIE
Loading: NHIP
Loading: NILE
Loading: NLEU
Loading: NLYS
Loading: NMET
Loading: NPHE
Loading: NPRO
Loading: NSER
Loading: NTHR
Loading: NTRP
Loading: NTYR
Loading: NVAL
>> 
>> #
>> #	Define the PDB name map for the amino acids
>> #
>> addPdbResMap {
>>   { 0 "HYP" "NHYP" } { 1 "HYP" "CHYP" }
>>   { 0 "ALA" "NALA" } { 1 "ALA" "CALA" }
>>   { 0 "ARG" "NARG" } { 1 "ARG" "CARG" }
>>   { 0 "ASN" "NASN" } { 1 "ASN" "CASN" }
>>   { 0 "ASP" "NASP" } { 1 "ASP" "CASP" }
>>   { 0 "CYS" "NCYS" } { 1 "CYS" "CCYS" }
>>   { 0 "CYX" "NCYX" } { 1 "CYX" "CCYX" }
>>   { 0 "GLN" "NGLN" } { 1 "GLN" "CGLN" }
>>   { 0 "GLU" "NGLU" } { 1 "GLU" "CGLU" }
>>   { 0 "GLY" "NGLY" } { 1 "GLY" "CGLY" }
>>   { 0 "HID" "NHID" } { 1 "HID" "CHID" }
>>   { 0 "HIE" "NHIE" } { 1 "HIE" "CHIE" }
>>   { 0 "HIP" "NHIP" } { 1 "HIP" "CHIP" }
>>   { 0 "ILE" "NILE" } { 1 "ILE" "CILE" }
>>   { 0 "LEU" "NLEU" } { 1 "LEU" "CLEU" }
>>   { 0 "LYS" "NLYS" } { 1 "LYS" "CLYS" }
>>   { 0 "MET" "NMET" } { 1 "MET" "CMET" }
>>   { 0 "PHE" "NPHE" } { 1 "PHE" "CPHE" }
>>   { 0 "PRO" "NPRO" } { 1 "PRO" "CPRO" }
>>   { 0 "SER" "NSER" } { 1 "SER" "CSER" }
>>   { 0 "THR" "NTHR" } { 1 "THR" "CTHR" }
>>   { 0 "TRP" "NTRP" } { 1 "TRP" "CTRP" }
>>   { 0 "TYR" "NTYR" } { 1 "TYR" "CTYR" }
>>   { 0 "VAL" "NVAL" } { 1 "VAL" "CVAL" }
>>   { 0 "HIS" "NHIS" } { 1 "HIS" "CHIS" }
>> }
>> 
>> #
>> # assume that most often proteins use HIE
>> #
>> NHIS = NHIE
>> HIS = HIE
>> CHIS = CHIE
> 
> source leaprc.water.tip3p
----- Source: /usr/local/amber24/dat/leap/cmd/leaprc.water.tip3p
----- Source of /usr/local/amber24/dat/leap/cmd/leaprc.water.tip3p done
>> #
>> #       Load water and ions for TIP3P + Li/Merz monovalent ions 
>> #       + Joung-Chetham monovalent ions
>> #       + Li/Merz highly charged ions (+2 to +4, 12-6 normal usage set)
>> #
>> #       Note: the Li/Merz monovalent set is loaded only to get Tl+,
>> #          Cu+, Ag+ NH4+, H3O+.  Since we load Joung-Cheatham second,
>> #          the alkali halide parameters come from the Joung-Cheatham set
>> #
>> addAtomTypes {
>> 	{ "HW"  "H" "sp3" }
>> 	{ "OW"  "O" "sp3" }
>> 	{ "F-"   "F" "sp3" }
>> 	{ "Cl-"  "Cl" "sp3" }
>> 	{ "Br-"  "Br" "sp3" }
>> 	{ "I-"   "I"  "sp3" }
>> 	{ "Li+"  "Li"  "sp3" }
>> 	{ "Na+"  "Na"  "sp3" }
>> 	{ "K+"  "K"  "sp3" }
>> 	{ "Rb+"  "Rb"  "sp3" }
>> 	{ "Cs+"  "Cs"  "sp3" }
>> 	{ "Mg+"  "Mg"  "sp3" }
>>     { "Tl+"  "Tl"  "sp3" }
>>     { "Cu+"  "Cu"  "sp3" }
>>     { "Ag+"  "Ag"  "sp3" }
>>     { "NH4+"  "N"  "sp3" }
>>     { "H3O+"  "O"  "sp3" }
>>     { "Be2+" "Be"  "sp3" }
>>     { "Cu2+" "Cu"  "sp3" }
>>     { "Ni2+" "Ni"  "sp3" }
>>     { "Pt2+" "Pt"  "sp3" }
>>     { "Zn2+" "Zn"  "sp3" }
>>     { "Co2+" "Co"  "sp3" }
>>     { "Pd2+" "Pd"  "sp3" }
>>     { "Ag2+" "Ag"  "sp3" }
>>     { "Cr2+" "Cr"  "sp3" }
>>     { "Fe2+" "Fe"  "sp3" }
>>     { "Mg2+" "Mg"  "sp3" }
>>     { "V2+"  "V"   "sp3" }
>>     { "Mn2+" "Mn"  "sp3" }
>>     { "Hg2+" "Hg"  "sp3" }
>>     { "Cd2+" "Cd"  "sp3" }
>>     { "Yb2+" "Yb"  "sp3" }
>>     { "Ca2+" "Ca"  "sp3" }
>>     { "Sn2+" "Sn"  "sp3" }
>>     { "Pb2+" "Pb"  "sp3" }
>>     { "Eu2+" "Eu"  "sp3" }
>>     { "Sr2+" "Sr"  "sp3" }
>>     { "Sm2+" "Sm"  "sp3" }
>>     { "Ba2+" "Ba"  "sp3" }
>>     { "Ra2+" "Ra"  "sp3" }
>>     { "Al3+" "Al"  "sp3" }
>>     { "Fe3+" "Fe"  "sp3" }
>>     { "Cr3+" "Cr"  "sp3" }
>>     { "In3+" "In"  "sp3" }
>>     { "Tl3+" "Tl"  "sp3" }
>>     { "Y3+"  "Y"   "sp3" }
>>     { "La3+" "La"  "sp3" }
>>     { "Ce3+" "Ce"  "sp3" }
>>     { "Pr3+" "Pr"  "sp3" }
>>     { "Nd3+" "Nd"  "sp3" }
>>     { "Sm3+" "Sm"  "sp3" }
>>     { "Eu3+" "Eu"  "sp3" }
>>     { "Gd3+" "Gd"  "sp3" }
>>     { "Tb3+" "Tb"  "sp3" }
>>     { "Dy3+" "Dy"  "sp3" }
>>     { "Er3+" "Er"  "sp3" }
>>     { "Tm3+" "Tm"  "sp3" }
>>     { "Lu3+" "Lu"  "sp3" }
>>     { "Hf4+" "Hf"  "sp3" }
>>     { "Zr4+" "Zr"  "sp3" }
>>     { "Ce4+" "Ce"  "sp3" }
>>     { "U4+"  "U"   "sp3" }
>>     { "Pu4+" "Pu"  "sp3" }
>>     { "Th4+" "Th"  "sp3" }
>> }
>> loadOff atomic_ions.lib
Loading library: /usr/local/amber24/dat/leap/lib/atomic_ions.lib
Loading: AG
Loading: AL
Loading: Ag
Loading: BA
Loading: BR
Loading: Be
Loading: CA
Loading: CD
Loading: CE
Loading: CL
Loading: CO
Loading: CR
Loading: CS
Loading: CU
Loading: CU1
Loading: Ce
Loading: Cl-
Loading: Cr
Loading: Dy
Loading: EU
Loading: EU3
Loading: Er
Loading: F
Loading: FE
Loading: FE2
Loading: GD3
Loading: H3O+
Loading: HE+
Loading: HG
Loading: HZ+
Loading: Hf
Loading: IN
Loading: IOD
Loading: K
Loading: K+
Loading: LA
Loading: LI
Loading: LU
Loading: MG
Loading: MN
Loading: NA
Loading: NH4
Loading: NI
Loading: Na+
Loading: Nd
Loading: PB
Loading: PD
Loading: PR
Loading: PT
Loading: Pu
Loading: RB
Loading: Ra
Loading: SM
Loading: SR
Loading: Sm
Loading: Sn
Loading: TB
Loading: TL
Loading: Th
Loading: Tl
Loading: Tm
Loading: U4+
Loading: V2+
Loading: Y
Loading: YB2
Loading: ZN
Loading: Zr
>> loadOff solvents.lib
Loading library: /usr/local/amber24/dat/leap/lib/solvents.lib
Loading: CHCL3BOX
Loading: DC4
Loading: FB3
Loading: FB3BOX
Loading: FB4
Loading: FB4BOX
Loading: MEOHBOX
Loading: NMABOX
Loading: O3P
Loading: OP3
Loading: OPC
Loading: OPC3BOX
Loading: OPC3POLBOX
Loading: OPCBOX
Loading: PL3
Loading: POL3BOX
Loading: QSPCFWBOX
Loading: SPC
Loading: SPCBOX
Loading: SPCFWBOX
Loading: SPF
Loading: SPG
Loading: T4E
Loading: TIP3PBOX
Loading: TIP3PFBOX
Loading: TIP4PBOX
Loading: TIP4PEWBOX
Loading: TIP5PBOX
Loading: TP3
Loading: TP4
Loading: TP5
Loading: TPF
>> HOH = TP3
>> WAT = TP3
>> loadAmberParams frcmod.tip3p
Loading parameters: /usr/local/amber24/dat/leap/parm/frcmod.tip3p
Reading force field modification type file (frcmod)
Reading title:
This is the additional/replacement parameter set for TIP3P water
>> loadAmberParams frcmod.ions1lm_126_tip3p
Loading parameters: /usr/local/amber24/dat/leap/parm/frcmod.ions1lm_126_tip3p
Reading force field modification type file (frcmod)
Reading title:
Li/Merz ion parameters of monovalent ions for TIP3P water model (12-6 normal usage set)
>> loadAmberParams frcmod.ionsjc_tip3p
Loading parameters: /usr/local/amber24/dat/leap/parm/frcmod.ionsjc_tip3p
Reading force field modification type file (frcmod)
Reading title:
Monovalent ion parameters for Ewald and TIP3P water from Joung & Cheatham JPCB (2008)
>> loadAmberParams frcmod.ions234lm_126_tip3p
Loading parameters: /usr/local/amber24/dat/leap/parm/frcmod.ions234lm_126_tip3p
Reading force field modification type file (frcmod)
Reading title:
Li/Merz ion parameters of divalent to tetravalent ions for TIP3P water model (12-6 normal usage set)
>> 
> 
> source leaprc.gaff2
----- Source: /usr/local/amber24/dat/leap/cmd/leaprc.gaff2
----- Source of /usr/local/amber24/dat/leap/cmd/leaprc.gaff2 done
>> logFile leap.log
log started: Mon Jun  1 22:57:34 2026

Log file: ./leap.log
>> #
>> # ----- leaprc for loading the general Amber Force field.
>> #       This file is mostly for use with Antechamber
>> #
>> #	load atom type hybridizations
>> #
>> addAtomTypes {
>> 	{ "h1"  "H" "sp3" }
>> 	{ "h2"  "H" "sp3" }
>> 	{ "h3"  "H" "sp3" }
>> 	{ "h4"  "H" "sp3" }
>> 	{ "h5"  "H" "sp3" }
>> 	{ "ha"  "H" "sp3" }
>> 	{ "hc"  "H" "sp3" }
>> 	{ "hn"  "H" "sp3" }
>> 	{ "ho"  "H" "sp3" }
>> 	{ "hp"  "H" "sp3" }
>> 	{ "hs"  "H" "sp3" }
>> 	{ "hw"  "H" "sp3" }
>> 	{ "hx"  "H" "sp3" }
>> 	{ "o"  "O" "sp2" }
>> 	{ "o2"  "O" "sp2" }
>> 	{ "oh"  "O" "sp3" }
>> 	{ "op"  "O" "sp3" }
>> 	{ "oq"  "O" "sp3" }
>> 	{ "os"  "O" "sp3" }
>> 	{ "ow"  "O" "sp3" }
>> 	{ "c"  "C" "sp2" }
>> 	{ "c1"  "C" "sp2" }
>> 	{ "c2"  "C" "sp2" }
>> 	{ "c3"  "C" "sp3" }
>> 	{ "c5"  "C" "sp3" }
>> 	{ "c6"  "C" "sp3" }
>> 	{ "ca"  "C" "sp2" }
>> 	{ "cc"  "C" "sp2" }
>> 	{ "cd"  "C" "sp2" }
>> 	{ "ce"  "C" "sp2" }
>> 	{ "cf"  "C" "sp2" }
>> 	{ "cg"  "C" "sp2" }
>> 	{ "ch"  "C" "sp2" }
>> 	{ "cp"  "C" "sp2" }
>> 	{ "cs"  "C" "sp2" }
>> 	{ "cq"  "C" "sp2" }
>> 	{ "cu"  "C" "sp2" }
>> 	{ "cv"  "C" "sp2" }
>> 	{ "cx"  "C" "sp2" }
>> 	{ "cy"  "C" "sp2" }
>> 	{ "cz"  "C" "sp2" }
>> 	{ "n"   "N" "sp2" }
>> 	{ "n1"  "N" "sp2" }
>> 	{ "n2"  "N" "sp2" }
>> 	{ "n3"  "N" "sp3" }
>> 	{ "n4"  "N" "sp3" }
>> 	{ "n5"  "N" "sp3" }
>> 	{ "n6"  "N" "sp3" }
>> 	{ "n7"  "N" "sp3" }
>> 	{ "n8"  "N" "sp3" }
>> 	{ "n9"  "N" "sp3" }
>> 	{ "na"  "N" "sp2" }
>> 	{ "nb"  "N" "sp2" }
>> 	{ "nc"  "N" "sp2" }
>> 	{ "nd"  "N" "sp2" }
>> 	{ "ne"  "N" "sp2" }
>> 	{ "nf"  "N" "sp2" }
>> 	{ "nh"  "N" "sp2" }
>> 	{ "ni"  "N" "sp2" }
>> 	{ "nj"  "N" "sp2" }
>> 	{ "nk"  "N" "sp3" }
>> 	{ "nl"  "N" "sp3" }
>> 	{ "nm"  "N" "sp2" }
>> 	{ "nn"  "N" "sp2" }
>> 	{ "no"  "N" "sp2" }
>> 	{ "np"  "N" "sp3" }
>> 	{ "nq"  "N" "sp3" }
>> 	{ "ns"  "N" "sp2" }
>> 	{ "nt"  "N" "sp2" }
>> 	{ "nu"  "N" "sp2" }
>> 	{ "nv"  "N" "sp2" }
>> 	{ "nx"  "N" "sp3" }
>> 	{ "ny"  "N" "sp3" }
>> 	{ "nz"  "N" "sp3" }
>> 	{ "n+"  "N" "sp3" }
>> 	{ "s"   "S" "sp2" }
>> 	{ "s2"   "S" "sp2" }
>> 	{ "s3"   "S" "sp3" }
>> 	{ "s4"   "S" "sp3" }
>> 	{ "s6"   "S" "sp3" }
>> 	{ "sh"   "S" "sp3" }
>> 	{ "sp"   "S" "sp3" }
>> 	{ "sq"   "S" "sp3" }
>> 	{ "ss"   "S" "sp3" }
>> 	{ "sx"   "S" "sp3" }
>> 	{ "sy"   "S" "sp3" }
>> 	{ "p2"   "P" "sp2" }
>> 	{ "p3"   "P" "sp3" }
>> 	{ "p4"   "P" "sp3" }
>> 	{ "p5"   "P" "sp3" }
>> 	{ "pb"   "P" "sp3" }
>> 	{ "pc"   "P" "sp3" }
>> 	{ "pd"   "P" "sp3" }
>> 	{ "pe"   "P" "sp3" }
>> 	{ "pf"   "P" "sp3" }
>> 	{ "px"   "P" "sp3" }
>> 	{ "py"   "P" "sp3" }
>> 	{ "f"   "F" "sp3" }
>> 	{ "cl"  "Cl" "sp3" }
>> 	{ "br"  "Br" "sp3" }
>> 	{ "i"   "I"  "sp3" }
>> }
>> #
>> #	Load the general force field parameter set.
>> #
>> gaff = loadamberparams gaff2.dat
Loading parameters: /usr/local/amber24/dat/leap/parm/gaff2.dat
Reading title:
AMBER General Force Field for organic molecules (Version 2.2.20, March 2021)
> 
> REC = loadpdb /localscratch/kbui/NexusMol/examples/artifacts/6W63_mol4_solvated/6W63_renamed.pdb
Loading PDB file: /localscratch/kbui/NexusMol/examples/artifacts/6W63_mol4_solvated/6W63_renamed.pdb
Matching PDB residue names to LEaP variables.
Mapped residue SER, term: Terminal/beginning, seq. number: 0 to: NSER.
Mapped residue PHE, term: Terminal/last, seq. number: 304 to: CPHE.
Mapped residue SER, term: Terminal/beginning, seq. number: 305 to: NSER.
Mapped residue PHE, term: Terminal/last, seq. number: 609 to: CPHE.
  Added missing heavy atom: .R<CPHE 305>.A<OXT 21>
  Added missing heavy atom: .R<CPHE 610>.A<OXT 21>
  total atoms in file: 9328
  Leap added 4 missing atoms according to residue templates:
       2 Heavy
       2 H / lone pairs
> loadamberparams /localscratch/kbui/NexusMol/examples/artifacts/6W63_mol4_solvated/6W63_mol4_prepared_scored_pose_1_with_H_charged.frcmod
Loading parameters: /localscratch/kbui/NexusMol/examples/artifacts/6W63_mol4_solvated/6W63_mol4_prepared_scored_pose_1_with_H_charged.frcmod
Reading force field modification type file (frcmod)
Reading title:
Remark line goes here
> LIG = loadmol2 /localscratch/kbui/NexusMol/examples/artifacts/6W63_mol4_solvated/6W63_mol4_prepared_scored_pose_1_with_H_charged.mol2
Loading Mol2 file: /localscratch/kbui/NexusMol/examples/artifacts/6W63_mol4_solvated/6W63_mol4_prepared_scored_pose_1_with_H_charged.mol2
Reading MOLECULE named /localscratch/kbui/NexusMol/examples/6W63_mol4_prepared_scored.pdbqt
> SYS = combine {REC LIG}
  Sequence: default_name
  Sequence: /localscratch/kbui/NexusMol/exa
> solvateOct SYS TIP3PBOX 12.0
Scaling up box by a factor of 1.219371 to meet diagonal cut criterion
  Solute vdw bounding box:              64.944 85.844 68.358
  Total bounding box for atom centers:  115.108 115.108 115.108
      (box expansion for 'iso' is  44.1%)
  Solvent unit box:                     18.774 18.774 18.774
The number of boxes:  x= 7  y= 7  z= 7
  Volume: 782639.895 A^3 (oct)
  Total mass 429360.068 amu,  Density 0.911 g/cc
  Added 20077 residues.
> addIonsRand SYS Na+ 0
6 Na+ ions required to neutralize.
Adding 6 counter ions to "SYS". 20071 solvent molecules will remain.
0: Placed Na+ in SYS at (-28.12, 29.89, -10.54).
0: Placed Na+ in SYS at (-24.09, -46.06, 2.68).
0: Placed Na+ in SYS at (25.80, -38.20, 8.49).
0: Placed Na+ in SYS at (-19.97, 23.39, 21.31).
0: Placed Na+ in SYS at (-9.14, -7.27, 47.86).
0: Placed Na+ in SYS at (45.01, 29.92, 14.53).
> addIonsRand SYS Cl- 0
 0.002997 0 1 0
0 Cl- ion required to neutralize.
> addIonsRand SYS Na+ 71
Adding 71 counter ions to "SYS". 20000 solvent molecules will remain.
0: Placed Na+ in SYS at (-38.62, 35.55, 20.40).
0: Placed Na+ in SYS at (25.80, 30.78, -31.34).
0: Placed Na+ in SYS at (14.01, -28.19, -46.24).
0: Placed Na+ in SYS at (-32.43, 1.16, -33.75).
0: Placed Na+ in SYS at (19.74, 46.56, -1.05).
0: Placed Na+ in SYS at (-43.55, 30.61, 27.73).
0: Placed Na+ in SYS at (-27.09, -17.57, 26.74).
0: Placed Na+ in SYS at (27.25, -11.09, -47.48).
0: Placed Na+ in SYS at (13.16, -33.57, -6.37).
0: Placed Na+ in SYS at (-24.46, 31.90, 2.08).
0: Placed Na+ in SYS at (18.78, -34.74, -30.51).
0: Placed Na+ in SYS at (-33.32, -34.84, 4.12).
0: Placed Na+ in SYS at (8.10, -13.82, 32.82).
0: Placed Na+ in SYS at (-35.29, 23.62, 32.54).
0: Placed Na+ in SYS at (-33.88, -24.22, -14.37).
0: Placed Na+ in SYS at (-10.72, 24.72, -3.14).
0: Placed Na+ in SYS at (-19.86, -31.99, 22.37).
0: Placed Na+ in SYS at (29.46, -12.65, -43.78).
0: Placed Na+ in SYS at (-41.03, -41.24, 6.90).
0: Placed Na+ in SYS at (18.90, 31.28, -33.84).
0: Placed Na+ in SYS at (-25.25, 35.80, -4.21).
0: Placed Na+ in SYS at (22.17, -3.45, -46.77).
0: Placed Na+ in SYS at (-4.29, 37.77, -15.13).
0: Placed Na+ in SYS at (10.41, 38.41, 9.69).
0: Placed Na+ in SYS at (-48.83, 30.77, 9.22).
0: Placed Na+ in SYS at (4.64, 36.90, -25.66).
0: Placed Na+ in SYS at (-3.93, 17.96, -37.55).
0: Placed Na+ in SYS at (-19.44, 6.84, 46.16).
0: Placed Na+ in SYS at (12.83, 55.24, 12.23).
0: Placed Na+ in SYS at (-19.69, -20.25, -16.93).
0: Placed Na+ in SYS at (-33.12, 27.11, 21.04).
0: Placed Na+ in SYS at (42.56, -35.54, 17.96).
0: Placed Na+ in SYS at (-9.14, -7.27, -31.79).
0: Placed Na+ in SYS at (24.54, 18.45, -36.45).
0: Placed Na+ in SYS at (32.59, -29.00, 1.08).
0: Placed Na+ in SYS at (33.41, -2.69, -40.50).
0: Placed Na+ in SYS at (38.24, 30.05, -23.80).
0: Placed Na+ in SYS at (1.24, 5.47, 45.58).
0: Placed Na+ in SYS at (-46.95, 15.16, -21.22).
0: Placed Na+ in SYS at (46.36, -6.14, 0.09).
0: Placed Na+ in SYS at (26.09, -16.23, 29.95).
0: Placed Na+ in SYS at (2.56, 35.47, -13.29).
0: Placed Na+ in SYS at (-32.72, 22.95, -12.10).
0: Placed Na+ in SYS at (24.96, 33.36, 22.87).
0: Placed Na+ in SYS at (-2.04, 33.75, 3.74).
0: Placed Na+ in SYS at (3.62, -7.99, 39.77).
0: Placed Na+ in SYS at (-41.18, -40.46, -7.78).
0: Placed Na+ in SYS at (-11.48, -28.39, 25.94).
0: Placed Na+ in SYS at (-30.53, 13.33, 36.26).
0: Placed Na+ in SYS at (29.52, -42.10, 6.08).
0: Placed Na+ in SYS at (-16.25, 43.75, 26.74).
0: Placed Na+ in SYS at (40.62, 9.17, 19.54).
0: Placed Na+ in SYS at (43.85, 4.22, 19.61).
0: Placed Na+ in SYS at (31.43, 24.06, 1.56).
0: Placed Na+ in SYS at (5.74, 50.47, 2.74).
0: Placed Na+ in SYS at (-36.09, -2.52, 9.06).
0: Placed Na+ in SYS at (18.75, -6.68, -43.63).
0: Placed Na+ in SYS at (31.25, -38.60, 25.15).
0: Placed Na+ in SYS at (-42.12, -9.85, -34.07).
0: Placed Na+ in SYS at (-2.78, 39.57, -37.75).
0: Placed Na+ in SYS at (-24.46, 15.95, -33.84).
0: Placed Na+ in SYS at (25.73, -42.69, 26.55).
0: Placed Na+ in SYS at (23.13, 23.04, 16.72).
0: Placed Na+ in SYS at (-34.64, -0.24, 11.03).
0: Placed Na+ in SYS at (-44.00, -5.40, -13.89).
0: Placed Na+ in SYS at (23.33, 22.25, 1.26).
0: Placed Na+ in SYS at (-33.47, -20.23, -15.40).
0: Placed Na+ in SYS at (16.23, 4.02, 44.05).
0: Placed Na+ in SYS at (13.56, 41.49, 6.29).
0: Placed Na+ in SYS at (37.49, -29.67, -31.63).
0: Placed Na+ in SYS at (-43.10, 29.45, 15.27).
> addIonsRand SYS Cl- 71
Adding 71 counter ions to "SYS". 19929 solvent molecules will remain.
0: Placed Cl- in SYS at (-9.28, 39.45, 4.75).
0: Placed Cl- in SYS at (18.53, -11.06, 24.94).
0: Placed Cl- in SYS at (-16.31, 7.78, 49.05).
0: Placed Cl- in SYS at (-21.48, -17.29, -0.89).
0: Placed Cl- in SYS at (-19.50, -4.04, -27.99).
0: Placed Cl- in SYS at (-12.20, -39.55, -14.37).
0: Placed Cl- in SYS at (10.04, -42.50, -35.71).
0: Placed Cl- in SYS at (-24.58, 26.04, -38.62).
0: Placed Cl- in SYS at (-27.51, 30.51, 13.29).
0: Placed Cl- in SYS at (40.30, 2.68, -17.23).
0: Placed Cl- in SYS at (32.33, 8.46, 10.27).
0: Placed Cl- in SYS at (21.75, 24.65, -12.20).
0: Placed Cl- in SYS at (-40.79, 20.14, 13.27).
0: Placed Cl- in SYS at (18.75, -6.68, 9.47).
0: Placed Cl- in SYS at (-13.11, 35.04, 16.00).
0: Placed Cl- in SYS at (1.48, 39.87, 35.94).
0: Placed Cl- in SYS at (-13.34, -16.61, 43.61).
0: Placed Cl- in SYS at (22.95, -25.62, -18.98).
0: Placed Cl- in SYS at (0.02, 9.94, 46.52).
0: Placed Cl- in SYS at (42.80, -10.15, 21.98).
0: Placed Cl- in SYS at (28.22, -4.22, 15.41).
0: Placed Cl- in SYS at (14.61, -47.04, 10.78).
0: Placed Cl- in SYS at (28.90, 27.96, -19.37).
0: Placed Cl- in SYS at (-2.12, -23.24, -2.24).
0: Placed Cl- in SYS at (-28.37, -5.39, 21.55).
0: Placed Cl- in SYS at (-23.62, 8.23, 38.78).
0: Placed Cl- in SYS at (-11.32, 5.07, 44.06).
0: Placed Cl- in SYS at (-33.74, -26.91, -14.80).
0: Placed Cl- in SYS at (15.85, 22.85, 0.02).
0: Placed Cl- in SYS at (-20.83, 44.64, 22.17).
0: Placed Cl- in SYS at (5.75, 1.44, 53.50).
0: Placed Cl- in SYS at (7.68, 27.80, 33.83).
0: Placed Cl- in SYS at (-41.18, 28.52, -21.06).
0: Placed Cl- in SYS at (24.54, -4.54, -49.72).
0: Placed Cl- in SYS at (-4.50, -52.08, 24.19).
0: Placed Cl- in SYS at (43.81, 8.31, 6.24).
0: Placed Cl- in SYS at (12.11, 5.04, 34.12).
0: Placed Cl- in SYS at (-14.90, -13.02, 27.37).
0: Placed Cl- in SYS at (30.16, 36.97, 14.50).
0: Placed Cl- in SYS at (-20.41, 28.03, 47.40).
0: Placed Cl- in SYS at (41.16, 6.11, -30.19).
0: Placed Cl- in SYS at (-14.50, -27.58, 16.79).
0: Placed Cl- in SYS at (12.11, -17.95, 47.40).
0: Placed Cl- in SYS at (24.97, 12.04, 28.92).
0: Placed Cl- in SYS at (-48.77, -25.23, 13.46).
0: Placed Cl- in SYS at (21.77, -14.16, -33.75).
0: Placed Cl- in SYS at (5.57, 6.27, -45.71).
0: Placed Cl- in SYS at (18.34, -36.02, 25.27).
0: Placed Cl- in SYS at (28.81, 42.31, -20.26).
0: Placed Cl- in SYS at (38.09, -18.76, 18.90).
0: Placed Cl- in SYS at (-37.57, -23.37, 18.26).
0: Placed Cl- in SYS at (20.72, 33.42, -28.67).
0: Placed Cl- in SYS at (15.33, 26.23, 34.92).
0: Placed Cl- in SYS at (15.48, -11.68, -50.03).
0: Placed Cl- in SYS at (-11.95, 38.79, -3.90).
0: Placed Cl- in SYS at (25.66, -22.24, -37.00).
0: Placed Cl- in SYS at (-43.55, -15.38, -25.38).
0: Placed Cl- in SYS at (36.50, -29.90, 2.83).
0: Placed Cl- in SYS at (29.62, 3.58, 9.31).
0: Placed Cl- in SYS at (-34.07, -26.27, -24.62).
0: Placed Cl- in SYS at (-7.89, -54.71, 6.92).
0: Placed Cl- in SYS at (30.69, 13.81, 31.91).
0: Placed Cl- in SYS at (-10.75, 8.83, 59.18).
0: Placed Cl- in SYS at (-41.90, -22.95, 16.72).
0: Placed Cl- in SYS at (32.40, -15.54, -21.89).
0: Placed Cl- in SYS at (-17.28, 22.23, 2.73).
0: Placed Cl- in SYS at (15.45, 52.03, 20.57).
0: Placed Cl- in SYS at (-45.40, 18.42, 3.74).
0: Placed Cl- in SYS at (-14.70, -17.82, 0.50).
0: Placed Cl- in SYS at (-15.01, -32.11, -29.70).
0: Placed Cl- in SYS at (-28.15, 34.47, 24.95).
> saveamberparm SYS /localscratch/kbui/NexusMol/examples/results/6W63_mol4_solvated/6W63_mol4_solvated.prmtop /localscratch/kbui/NexusMol/examples/results/6W63_mol4_solvated/6W63_mol4_solvated.inpcrd
Checking Unit.
Building topology.
Building atom parameters.
Building bond parameters.
Building angle parameters.
Building proper torsion parameters.
Building improper torsion parameters.
 total 1957 improper torsions applied
Building H-Bond parameters.
Incorporating Non-Bonded adjustments.
Not Marking per-residue atom chain types.
Marking per-residue atom chain types.
  (Residues lacking connect0/connect1 - 
   these don't have chain types marked:

	res	total affected

	CPHE	2
	NSER	2
	UNL	1
	WAT	19929
  )
 (no restraints)
> savepdb SYS /localscratch/kbui/NexusMol/examples/results/6W63_mol4_solvated/6W63_mol4_solvated.pdb
Writing pdb file: /localscratch/kbui/NexusMol/examples/results/6W63_mol4_solvated/6W63_mol4_solvated.pdb
   printing CRYST1 record to PDB file with box info

/usr/local/amber24/bin/teLeap: Warning!
 Converting N-terminal residue name to PDB format: NSER -> SER

/usr/local/amber24/bin/teLeap: Warning!
 Converting C-terminal residue name to PDB format: CPHE -> PHE

/usr/local/amber24/bin/teLeap: Warning!
 Converting N-terminal residue name to PDB format: NSER -> SER

/usr/local/amber24/bin/teLeap: Warning!
 Converting C-terminal residue name to PDB format: CPHE -> PHE
 quit
	Quit

Exiting LEaP: Errors = 0; Warnings = 4; Notes = 0.
log started: Mon Jun  1 23:01:02 2026

Log file: ./leap.log
>> #
>> # ----- leaprc for loading the ff19SB force field
>> # ----- NOTE: this is designed for PDB format 3!
>> #
>> #	load atom type hybridizations
>> #
>> addAtomTypes {
>> 	{ "H"   "H" "sp3" }
>> 	{ "HO"  "H" "sp3" }
>> 	{ "HS"  "H" "sp3" }
>> 	{ "H1"  "H" "sp3" }
>> 	{ "H2"  "H" "sp3" }
>> 	{ "H3"  "H" "sp3" }
>> 	{ "H4"  "H" "sp3" }
>> 	{ "H5"  "H" "sp3" }
>> 	{ "HW"  "H" "sp3" }
>> 	{ "HC"  "H" "sp3" }
>> 	{ "HA"  "H" "sp3" }
>> 	{ "HP"  "H" "sp3" }
>> 	{ "HZ"  "H" "sp3" }
>> 	{ "OH"  "O" "sp3" }
>> 	{ "OS"  "O" "sp3" }
>> 	{ "O"   "O" "sp2" }
>> 	{ "O2"  "O" "sp2" }
>> 	{ "OP"  "O" "sp2" }
>> 	{ "OW"  "O" "sp3" }
>> 	{ "CT"  "C" "sp3" }
>> 	{ "CX"  "C" "sp3" }
>> 	{ "XC"  "C" "sp3" }
>> 	{ "C8"  "C" "sp3" }
>> 	{ "2C"  "C" "sp3" }
>> 	{ "3C"  "C" "sp3" }
>> 	{ "CH"  "C" "sp3" }
>> 	{ "CS"  "C" "sp2" }
>> 	{ "C"   "C" "sp2" }
>> 	{ "CO"   "C" "sp2" }
>> 	{ "C*"  "C" "sp2" }
>> 	{ "CA"  "C" "sp2" }
>> 	{ "CB"  "C" "sp2" }
>> 	{ "CC"  "C" "sp2" }
>> 	{ "CN"  "C" "sp2" }
>> 	{ "CM"  "C" "sp2" }
>> 	{ "CK"  "C" "sp2" }
>> 	{ "CQ"  "C" "sp2" }
>> 	{ "CD"  "C" "sp2" }
>> 	{ "C5"  "C" "sp2" }
>> 	{ "C4"  "C" "sp2" }
>> 	{ "CP"  "C" "sp2" }
>> 	{ "CI"  "C" "sp3" }
>> 	{ "CJ"  "C" "sp2" }
>> 	{ "CW"  "C" "sp2" }
>> 	{ "CV"  "C" "sp2" }
>> 	{ "CR"  "C" "sp2" }
>> 	{ "CA"  "C" "sp2" }
>> 	{ "CY"  "C" "sp2" }
>> 	{ "C0"  "Ca" "sp3" }
>> 	{ "MG"  "Mg" "sp3" }
>> 	{ "N"   "N" "sp2" }
>> 	{ "NA"  "N" "sp2" }
>> 	{ "N2"  "N" "sp2" }
>> 	{ "N*"  "N" "sp2" }
>> 	{ "NP"  "N" "sp2" }
>> 	{ "NQ"  "N" "sp2" }
>> 	{ "NB"  "N" "sp2" }
>> 	{ "NC"  "N" "sp2" }
>> 	{ "NT"  "N" "sp3" }
>> 	{ "NY"  "N" "sp2" }
>> 	{ "N3"  "N" "sp3" }
>> 	{ "S"   "S" "sp3" }
>> 	{ "SH"  "S" "sp3" }
>> 	{ "P"   "P" "sp3" }
>> 	{ "LP"  ""  "sp3" }
>> 	{ "EP"  ""  "sp3" }
>> 	{ "F"   "F" "sp3" }
>> 	{ "Cl"  "Cl" "sp3" }
>> 	{ "Br"  "Br" "sp3" }
>> 	{ "I"   "I"  "sp3" }
>> }
>> #
>> #	Load the main parameter set.
>> #
>> set default cmap on
>> parm19 = loadamberparams parm19.dat
Loading parameters: /usr/local/amber24/dat/leap/parm/parm19.dat
Reading title:
PARM99 + frcmod.ff99SB + frcmod.parmbsc0 + OL3 for RNA + ff19SB
(UNKNOWN ATOM TYPE: Zn)
(UNKNOWN ATOM TYPE: EP)
>> frcmod19SB = loadamberparams frcmod.ff19SB
Loading parameters: /usr/local/amber24/dat/leap/parm/frcmod.ff19SB
Reading force field modification type file (frcmod)
Reading title:
ff19SB AA-specific backbone CMAPs for protein 07/25/2019
>> #
>> #	Load main chain and terminating amino acid libraries
>> #
>> loadOff amino19.lib
Loading library: /usr/local/amber24/dat/leap/lib/amino19.lib
Loading: ALA
Loading: ARG
Loading: ASH
Loading: ASN
Loading: ASP
Loading: CYM
Loading: CYS
Loading: CYX
Loading: GLH
Loading: GLN
Loading: GLU
Loading: GLY
Loading: HID
Loading: HIE
Loading: HIP
Loading: HYP
Loading: ILE
Loading: LEU
Loading: LYN
Loading: LYS
Loading: MET
Loading: PHE
Loading: PRO
Loading: SER
Loading: THR
Loading: TRP
Loading: TYR
Loading: VAL
>> loadOff aminoct12.lib
Loading library: /usr/local/amber24/dat/leap/lib/aminoct12.lib
Loading: CALA
Loading: CARG
Loading: CASN
Loading: CASP
Loading: CCYS
Loading: CCYX
Loading: CGLN
Loading: CGLU
Loading: CGLY
Loading: CHID
Loading: CHIE
Loading: CHIP
Loading: CHYP
Loading: CILE
Loading: CLEU
Loading: CLYS
Loading: CMET
Loading: CPHE
Loading: CPRO
Loading: CSER
Loading: CTHR
Loading: CTRP
Loading: CTYR
Loading: CVAL
Loading: NHE
Loading: NME
>> loadOff aminont12.lib
Loading library: /usr/local/amber24/dat/leap/lib/aminont12.lib
Loading: ACE
Loading: NALA
Loading: NARG
Loading: NASN
Loading: NASP
Loading: NCYS
Loading: NCYX
Loading: NGLN
Loading: NGLU
Loading: NGLY
Loading: NHID
Loading: NHIE
Loading: NHIP
Loading: NILE
Loading: NLEU
Loading: NLYS
Loading: NMET
Loading: NPHE
Loading: NPRO
Loading: NSER
Loading: NTHR
Loading: NTRP
Loading: NTYR
Loading: NVAL
>> 
>> #
>> #	Define the PDB name map for the amino acids
>> #
>> addPdbResMap {
>>   { 0 "HYP" "NHYP" } { 1 "HYP" "CHYP" }
>>   { 0 "ALA" "NALA" } { 1 "ALA" "CALA" }
>>   { 0 "ARG" "NARG" } { 1 "ARG" "CARG" }
>>   { 0 "ASN" "NASN" } { 1 "ASN" "CASN" }
>>   { 0 "ASP" "NASP" } { 1 "ASP" "CASP" }
>>   { 0 "CYS" "NCYS" } { 1 "CYS" "CCYS" }
>>   { 0 "CYX" "NCYX" } { 1 "CYX" "CCYX" }
>>   { 0 "GLN" "NGLN" } { 1 "GLN" "CGLN" }
>>   { 0 "GLU" "NGLU" } { 1 "GLU" "CGLU" }
>>   { 0 "GLY" "NGLY" } { 1 "GLY" "CGLY" }
>>   { 0 "HID" "NHID" } { 1 "HID" "CHID" }
>>   { 0 "HIE" "NHIE" } { 1 "HIE" "CHIE" }
>>   { 0 "HIP" "NHIP" } { 1 "HIP" "CHIP" }
>>   { 0 "ILE" "NILE" } { 1 "ILE" "CILE" }
>>   { 0 "LEU" "NLEU" } { 1 "LEU" "CLEU" }
>>   { 0 "LYS" "NLYS" } { 1 "LYS" "CLYS" }
>>   { 0 "MET" "NMET" } { 1 "MET" "CMET" }
>>   { 0 "PHE" "NPHE" } { 1 "PHE" "CPHE" }
>>   { 0 "PRO" "NPRO" } { 1 "PRO" "CPRO" }
>>   { 0 "SER" "NSER" } { 1 "SER" "CSER" }
>>   { 0 "THR" "NTHR" } { 1 "THR" "CTHR" }
>>   { 0 "TRP" "NTRP" } { 1 "TRP" "CTRP" }
>>   { 0 "TYR" "NTYR" } { 1 "TYR" "CTYR" }
>>   { 0 "VAL" "NVAL" } { 1 "VAL" "CVAL" }
>>   { 0 "HIS" "NHIS" } { 1 "HIS" "CHIS" }
>> }
>> 
>> #
>> # assume that most often proteins use HIE
>> #
>> NHIS = NHIE
>> HIS = HIE
>> CHIS = CHIE
> 
> source leaprc.water.tip3p
----- Source: /usr/local/amber24/dat/leap/cmd/leaprc.water.tip3p
----- Source of /usr/local/amber24/dat/leap/cmd/leaprc.water.tip3p done
>> #
>> #       Load water and ions for TIP3P + Li/Merz monovalent ions 
>> #       + Joung-Chetham monovalent ions
>> #       + Li/Merz highly charged ions (+2 to +4, 12-6 normal usage set)
>> #
>> #       Note: the Li/Merz monovalent set is loaded only to get Tl+,
>> #          Cu+, Ag+ NH4+, H3O+.  Since we load Joung-Cheatham second,
>> #          the alkali halide parameters come from the Joung-Cheatham set
>> #
>> addAtomTypes {
>> 	{ "HW"  "H" "sp3" }
>> 	{ "OW"  "O" "sp3" }
>> 	{ "F-"   "F" "sp3" }
>> 	{ "Cl-"  "Cl" "sp3" }
>> 	{ "Br-"  "Br" "sp3" }
>> 	{ "I-"   "I"  "sp3" }
>> 	{ "Li+"  "Li"  "sp3" }
>> 	{ "Na+"  "Na"  "sp3" }
>> 	{ "K+"  "K"  "sp3" }
>> 	{ "Rb+"  "Rb"  "sp3" }
>> 	{ "Cs+"  "Cs"  "sp3" }
>> 	{ "Mg+"  "Mg"  "sp3" }
>>     { "Tl+"  "Tl"  "sp3" }
>>     { "Cu+"  "Cu"  "sp3" }
>>     { "Ag+"  "Ag"  "sp3" }
>>     { "NH4+"  "N"  "sp3" }
>>     { "H3O+"  "O"  "sp3" }
>>     { "Be2+" "Be"  "sp3" }
>>     { "Cu2+" "Cu"  "sp3" }
>>     { "Ni2+" "Ni"  "sp3" }
>>     { "Pt2+" "Pt"  "sp3" }
>>     { "Zn2+" "Zn"  "sp3" }
>>     { "Co2+" "Co"  "sp3" }
>>     { "Pd2+" "Pd"  "sp3" }
>>     { "Ag2+" "Ag"  "sp3" }
>>     { "Cr2+" "Cr"  "sp3" }
>>     { "Fe2+" "Fe"  "sp3" }
>>     { "Mg2+" "Mg"  "sp3" }
>>     { "V2+"  "V"   "sp3" }
>>     { "Mn2+" "Mn"  "sp3" }
>>     { "Hg2+" "Hg"  "sp3" }
>>     { "Cd2+" "Cd"  "sp3" }
>>     { "Yb2+" "Yb"  "sp3" }
>>     { "Ca2+" "Ca"  "sp3" }
>>     { "Sn2+" "Sn"  "sp3" }
>>     { "Pb2+" "Pb"  "sp3" }
>>     { "Eu2+" "Eu"  "sp3" }
>>     { "Sr2+" "Sr"  "sp3" }
>>     { "Sm2+" "Sm"  "sp3" }
>>     { "Ba2+" "Ba"  "sp3" }
>>     { "Ra2+" "Ra"  "sp3" }
>>     { "Al3+" "Al"  "sp3" }
>>     { "Fe3+" "Fe"  "sp3" }
>>     { "Cr3+" "Cr"  "sp3" }
>>     { "In3+" "In"  "sp3" }
>>     { "Tl3+" "Tl"  "sp3" }
>>     { "Y3+"  "Y"   "sp3" }
>>     { "La3+" "La"  "sp3" }
>>     { "Ce3+" "Ce"  "sp3" }
>>     { "Pr3+" "Pr"  "sp3" }
>>     { "Nd3+" "Nd"  "sp3" }
>>     { "Sm3+" "Sm"  "sp3" }
>>     { "Eu3+" "Eu"  "sp3" }
>>     { "Gd3+" "Gd"  "sp3" }
>>     { "Tb3+" "Tb"  "sp3" }
>>     { "Dy3+" "Dy"  "sp3" }
>>     { "Er3+" "Er"  "sp3" }
>>     { "Tm3+" "Tm"  "sp3" }
>>     { "Lu3+" "Lu"  "sp3" }
>>     { "Hf4+" "Hf"  "sp3" }
>>     { "Zr4+" "Zr"  "sp3" }
>>     { "Ce4+" "Ce"  "sp3" }
>>     { "U4+"  "U"   "sp3" }
>>     { "Pu4+" "Pu"  "sp3" }
>>     { "Th4+" "Th"  "sp3" }
>> }
>> loadOff atomic_ions.lib
Loading library: /usr/local/amber24/dat/leap/lib/atomic_ions.lib
Loading: AG
Loading: AL
Loading: Ag
Loading: BA
Loading: BR
Loading: Be
Loading: CA
Loading: CD
Loading: CE
Loading: CL
Loading: CO
Loading: CR
Loading: CS
Loading: CU
Loading: CU1
Loading: Ce
Loading: Cl-
Loading: Cr
Loading: Dy
Loading: EU
Loading: EU3
Loading: Er
Loading: F
Loading: FE
Loading: FE2
Loading: GD3
Loading: H3O+
Loading: HE+
Loading: HG
Loading: HZ+
Loading: Hf
Loading: IN
Loading: IOD
Loading: K
Loading: K+
Loading: LA
Loading: LI
Loading: LU
Loading: MG
Loading: MN
Loading: NA
Loading: NH4
Loading: NI
Loading: Na+
Loading: Nd
Loading: PB
Loading: PD
Loading: PR
Loading: PT
Loading: Pu
Loading: RB
Loading: Ra
Loading: SM
Loading: SR
Loading: Sm
Loading: Sn
Loading: TB
Loading: TL
Loading: Th
Loading: Tl
Loading: Tm
Loading: U4+
Loading: V2+
Loading: Y
Loading: YB2
Loading: ZN
Loading: Zr
>> loadOff solvents.lib
Loading library: /usr/local/amber24/dat/leap/lib/solvents.lib
Loading: CHCL3BOX
Loading: DC4
Loading: FB3
Loading: FB3BOX
Loading: FB4
Loading: FB4BOX
Loading: MEOHBOX
Loading: NMABOX
Loading: O3P
Loading: OP3
Loading: OPC
Loading: OPC3BOX
Loading: OPC3POLBOX
Loading: OPCBOX
Loading: PL3
Loading: POL3BOX
Loading: QSPCFWBOX
Loading: SPC
Loading: SPCBOX
Loading: SPCFWBOX
Loading: SPF
Loading: SPG
Loading: T4E
Loading: TIP3PBOX
Loading: TIP3PFBOX
Loading: TIP4PBOX
Loading: TIP4PEWBOX
Loading: TIP5PBOX
Loading: TP3
Loading: TP4
Loading: TP5
Loading: TPF
>> HOH = TP3
>> WAT = TP3
>> loadAmberParams frcmod.tip3p
Loading parameters: /usr/local/amber24/dat/leap/parm/frcmod.tip3p
Reading force field modification type file (frcmod)
Reading title:
This is the additional/replacement parameter set for TIP3P water
>> loadAmberParams frcmod.ions1lm_126_tip3p
Loading parameters: /usr/local/amber24/dat/leap/parm/frcmod.ions1lm_126_tip3p
Reading force field modification type file (frcmod)
Reading title:
Li/Merz ion parameters of monovalent ions for TIP3P water model (12-6 normal usage set)
>> loadAmberParams frcmod.ionsjc_tip3p
Loading parameters: /usr/local/amber24/dat/leap/parm/frcmod.ionsjc_tip3p
Reading force field modification type file (frcmod)
Reading title:
Monovalent ion parameters for Ewald and TIP3P water from Joung & Cheatham JPCB (2008)
>> loadAmberParams frcmod.ions234lm_126_tip3p
Loading parameters: /usr/local/amber24/dat/leap/parm/frcmod.ions234lm_126_tip3p
Reading force field modification type file (frcmod)
Reading title:
Li/Merz ion parameters of divalent to tetravalent ions for TIP3P water model (12-6 normal usage set)
>> 
> 
> source leaprc.gaff2
----- Source: /usr/local/amber24/dat/leap/cmd/leaprc.gaff2
----- Source of /usr/local/amber24/dat/leap/cmd/leaprc.gaff2 done
>> logFile leap.log
log started: Mon Jun  1 23:01:02 2026

Log file: ./leap.log
>> #
>> # ----- leaprc for loading the general Amber Force field.
>> #       This file is mostly for use with Antechamber
>> #
>> #	load atom type hybridizations
>> #
>> addAtomTypes {
>> 	{ "h1"  "H" "sp3" }
>> 	{ "h2"  "H" "sp3" }
>> 	{ "h3"  "H" "sp3" }
>> 	{ "h4"  "H" "sp3" }
>> 	{ "h5"  "H" "sp3" }
>> 	{ "ha"  "H" "sp3" }
>> 	{ "hc"  "H" "sp3" }
>> 	{ "hn"  "H" "sp3" }
>> 	{ "ho"  "H" "sp3" }
>> 	{ "hp"  "H" "sp3" }
>> 	{ "hs"  "H" "sp3" }
>> 	{ "hw"  "H" "sp3" }
>> 	{ "hx"  "H" "sp3" }
>> 	{ "o"  "O" "sp2" }
>> 	{ "o2"  "O" "sp2" }
>> 	{ "oh"  "O" "sp3" }
>> 	{ "op"  "O" "sp3" }
>> 	{ "oq"  "O" "sp3" }
>> 	{ "os"  "O" "sp3" }
>> 	{ "ow"  "O" "sp3" }
>> 	{ "c"  "C" "sp2" }
>> 	{ "c1"  "C" "sp2" }
>> 	{ "c2"  "C" "sp2" }
>> 	{ "c3"  "C" "sp3" }
>> 	{ "c5"  "C" "sp3" }
>> 	{ "c6"  "C" "sp3" }
>> 	{ "ca"  "C" "sp2" }
>> 	{ "cc"  "C" "sp2" }
>> 	{ "cd"  "C" "sp2" }
>> 	{ "ce"  "C" "sp2" }
>> 	{ "cf"  "C" "sp2" }
>> 	{ "cg"  "C" "sp2" }
>> 	{ "ch"  "C" "sp2" }
>> 	{ "cp"  "C" "sp2" }
>> 	{ "cs"  "C" "sp2" }
>> 	{ "cq"  "C" "sp2" }
>> 	{ "cu"  "C" "sp2" }
>> 	{ "cv"  "C" "sp2" }
>> 	{ "cx"  "C" "sp2" }
>> 	{ "cy"  "C" "sp2" }
>> 	{ "cz"  "C" "sp2" }
>> 	{ "n"   "N" "sp2" }
>> 	{ "n1"  "N" "sp2" }
>> 	{ "n2"  "N" "sp2" }
>> 	{ "n3"  "N" "sp3" }
>> 	{ "n4"  "N" "sp3" }
>> 	{ "n5"  "N" "sp3" }
>> 	{ "n6"  "N" "sp3" }
>> 	{ "n7"  "N" "sp3" }
>> 	{ "n8"  "N" "sp3" }
>> 	{ "n9"  "N" "sp3" }
>> 	{ "na"  "N" "sp2" }
>> 	{ "nb"  "N" "sp2" }
>> 	{ "nc"  "N" "sp2" }
>> 	{ "nd"  "N" "sp2" }
>> 	{ "ne"  "N" "sp2" }
>> 	{ "nf"  "N" "sp2" }
>> 	{ "nh"  "N" "sp2" }
>> 	{ "ni"  "N" "sp2" }
>> 	{ "nj"  "N" "sp2" }
>> 	{ "nk"  "N" "sp3" }
>> 	{ "nl"  "N" "sp3" }
>> 	{ "nm"  "N" "sp2" }
>> 	{ "nn"  "N" "sp2" }
>> 	{ "no"  "N" "sp2" }
>> 	{ "np"  "N" "sp3" }
>> 	{ "nq"  "N" "sp3" }
>> 	{ "ns"  "N" "sp2" }
>> 	{ "nt"  "N" "sp2" }
>> 	{ "nu"  "N" "sp2" }
>> 	{ "nv"  "N" "sp2" }
>> 	{ "nx"  "N" "sp3" }
>> 	{ "ny"  "N" "sp3" }
>> 	{ "nz"  "N" "sp3" }
>> 	{ "n+"  "N" "sp3" }
>> 	{ "s"   "S" "sp2" }
>> 	{ "s2"   "S" "sp2" }
>> 	{ "s3"   "S" "sp3" }
>> 	{ "s4"   "S" "sp3" }
>> 	{ "s6"   "S" "sp3" }
>> 	{ "sh"   "S" "sp3" }
>> 	{ "sp"   "S" "sp3" }
>> 	{ "sq"   "S" "sp3" }
>> 	{ "ss"   "S" "sp3" }
>> 	{ "sx"   "S" "sp3" }
>> 	{ "sy"   "S" "sp3" }
>> 	{ "p2"   "P" "sp2" }
>> 	{ "p3"   "P" "sp3" }
>> 	{ "p4"   "P" "sp3" }
>> 	{ "p5"   "P" "sp3" }
>> 	{ "pb"   "P" "sp3" }
>> 	{ "pc"   "P" "sp3" }
>> 	{ "pd"   "P" "sp3" }
>> 	{ "pe"   "P" "sp3" }
>> 	{ "pf"   "P" "sp3" }
>> 	{ "px"   "P" "sp3" }
>> 	{ "py"   "P" "sp3" }
>> 	{ "f"   "F" "sp3" }
>> 	{ "cl"  "Cl" "sp3" }
>> 	{ "br"  "Br" "sp3" }
>> 	{ "i"   "I"  "sp3" }
>> }
>> #
>> #	Load the general force field parameter set.
>> #
>> gaff = loadamberparams gaff2.dat
Loading parameters: /usr/local/amber24/dat/leap/parm/gaff2.dat
Reading title:
AMBER General Force Field for organic molecules (Version 2.2.20, March 2021)
> 
> REC = loadpdb /localscratch/kbui/NexusMol/examples/artifacts/6W63_mol4_solvated/6W63_renamed.pdb
Loading PDB file: /localscratch/kbui/NexusMol/examples/artifacts/6W63_mol4_solvated/6W63_renamed.pdb
Matching PDB residue names to LEaP variables.
Mapped residue SER, term: Terminal/beginning, seq. number: 0 to: NSER.
Mapped residue PHE, term: Terminal/last, seq. number: 304 to: CPHE.
Mapped residue SER, term: Terminal/beginning, seq. number: 305 to: NSER.
Mapped residue PHE, term: Terminal/last, seq. number: 609 to: CPHE.
  Added missing heavy atom: .R<CPHE 305>.A<OXT 21>
  Added missing heavy atom: .R<CPHE 610>.A<OXT 21>
  total atoms in file: 9328
  Leap added 4 missing atoms according to residue templates:
       2 Heavy
       2 H / lone pairs
> loadamberparams /localscratch/kbui/NexusMol/examples/artifacts/6W63_mol4_solvated/6W63_mol4_prepared_scored_pose_1_with_H_charged.frcmod
Loading parameters: /localscratch/kbui/NexusMol/examples/artifacts/6W63_mol4_solvated/6W63_mol4_prepared_scored_pose_1_with_H_charged.frcmod
Reading force field modification type file (frcmod)
Reading title:
Remark line goes here
> LIG = loadmol2 /localscratch/kbui/NexusMol/examples/artifacts/6W63_mol4_solvated/6W63_mol4_prepared_scored_pose_1_with_H_charged.mol2
Loading Mol2 file: /localscratch/kbui/NexusMol/examples/artifacts/6W63_mol4_solvated/6W63_mol4_prepared_scored_pose_1_with_H_charged.mol2
Reading MOLECULE named /localscratch/kbui/NexusMol/examples/6W63_mol4_prepared_scored.pdbqt
> SYS = combine {REC LIG}
  Sequence: default_name
  Sequence: /localscratch/kbui/NexusMol/exa
> solvateOct SYS TIP3PBOX 12.0
Scaling up box by a factor of 1.219371 to meet diagonal cut criterion
  Solute vdw bounding box:              64.944 85.844 68.358
  Total bounding box for atom centers:  115.108 115.108 115.108
      (box expansion for 'iso' is  44.1%)
  Solvent unit box:                     18.774 18.774 18.774
The number of boxes:  x= 7  y= 7  z= 7
  Volume: 782639.895 A^3 (oct)
  Total mass 429360.068 amu,  Density 0.911 g/cc
  Added 20077 residues.
> addIonsRand SYS Na+ 0
6 Na+ ions required to neutralize.
Adding 6 counter ions to "SYS". 20071 solvent molecules will remain.
0: Placed Na+ in SYS at (-42.32, -18.06, -25.86).
0: Placed Na+ in SYS at (29.28, -30.21, -33.27).
0: Placed Na+ in SYS at (28.02, -6.09, 50.74).
0: Placed Na+ in SYS at (-3.33, 32.63, -6.26).
0: Placed Na+ in SYS at (32.54, -13.05, 6.69).
0: Placed Na+ in SYS at (-41.80, 16.46, -8.53).
> addIonsRand SYS Cl- 0
 0.002997 0 1 0
0 Cl- ion required to neutralize.
> addIonsRand SYS Na+ 0

/usr/local/amber24/bin/teLeap: Warning!
addIonsRand: 1st Ion & target unit have charges of the same sign:
     unit charge = 0.002997; ion1 charge = 1;
     can't neutralize.
> addIonsRand SYS Cl- 0
 0.002997 0 1 0
0 Cl- ion required to neutralize.
> saveamberparm SYS /localscratch/kbui/NexusMol/examples/results/6W63_mol4_solvated/6W63_mol4_solvated.prmtop /localscratch/kbui/NexusMol/examples/results/6W63_mol4_solvated/6W63_mol4_solvated.inpcrd
Checking Unit.
Building topology.
Building atom parameters.
Building bond parameters.
Building angle parameters.
Building proper torsion parameters.
Building improper torsion parameters.
 total 1957 improper torsions applied
Building H-Bond parameters.
Incorporating Non-Bonded adjustments.
Not Marking per-residue atom chain types.
Marking per-residue atom chain types.
  (Residues lacking connect0/connect1 - 
   these don't have chain types marked:

	res	total affected

	CPHE	2
	NSER	2
	UNL	1
	WAT	20071
  )
 (no restraints)
> savepdb SYS /localscratch/kbui/NexusMol/examples/results/6W63_mol4_solvated/6W63_mol4_solvated.pdb
Writing pdb file: /localscratch/kbui/NexusMol/examples/results/6W63_mol4_solvated/6W63_mol4_solvated.pdb
   printing CRYST1 record to PDB file with box info

/usr/local/amber24/bin/teLeap: Warning!
 Converting N-terminal residue name to PDB format: NSER -> SER

/usr/local/amber24/bin/teLeap: Warning!
 Converting C-terminal residue name to PDB format: CPHE -> PHE

/usr/local/amber24/bin/teLeap: Warning!
 Converting N-terminal residue name to PDB format: NSER -> SER

/usr/local/amber24/bin/teLeap: Warning!
 Converting C-terminal residue name to PDB format: CPHE -> PHE
 quit
	Quit

Exiting LEaP: Errors = 0; Warnings = 5; Notes = 0.
log started: Mon Jun  1 23:01:04 2026

Log file: ./leap.log
>> #
>> # ----- leaprc for loading the ff19SB force field
>> # ----- NOTE: this is designed for PDB format 3!
>> #
>> #	load atom type hybridizations
>> #
>> addAtomTypes {
>> 	{ "H"   "H" "sp3" }
>> 	{ "HO"  "H" "sp3" }
>> 	{ "HS"  "H" "sp3" }
>> 	{ "H1"  "H" "sp3" }
>> 	{ "H2"  "H" "sp3" }
>> 	{ "H3"  "H" "sp3" }
>> 	{ "H4"  "H" "sp3" }
>> 	{ "H5"  "H" "sp3" }
>> 	{ "HW"  "H" "sp3" }
>> 	{ "HC"  "H" "sp3" }
>> 	{ "HA"  "H" "sp3" }
>> 	{ "HP"  "H" "sp3" }
>> 	{ "HZ"  "H" "sp3" }
>> 	{ "OH"  "O" "sp3" }
>> 	{ "OS"  "O" "sp3" }
>> 	{ "O"   "O" "sp2" }
>> 	{ "O2"  "O" "sp2" }
>> 	{ "OP"  "O" "sp2" }
>> 	{ "OW"  "O" "sp3" }
>> 	{ "CT"  "C" "sp3" }
>> 	{ "CX"  "C" "sp3" }
>> 	{ "XC"  "C" "sp3" }
>> 	{ "C8"  "C" "sp3" }
>> 	{ "2C"  "C" "sp3" }
>> 	{ "3C"  "C" "sp3" }
>> 	{ "CH"  "C" "sp3" }
>> 	{ "CS"  "C" "sp2" }
>> 	{ "C"   "C" "sp2" }
>> 	{ "CO"   "C" "sp2" }
>> 	{ "C*"  "C" "sp2" }
>> 	{ "CA"  "C" "sp2" }
>> 	{ "CB"  "C" "sp2" }
>> 	{ "CC"  "C" "sp2" }
>> 	{ "CN"  "C" "sp2" }
>> 	{ "CM"  "C" "sp2" }
>> 	{ "CK"  "C" "sp2" }
>> 	{ "CQ"  "C" "sp2" }
>> 	{ "CD"  "C" "sp2" }
>> 	{ "C5"  "C" "sp2" }
>> 	{ "C4"  "C" "sp2" }
>> 	{ "CP"  "C" "sp2" }
>> 	{ "CI"  "C" "sp3" }
>> 	{ "CJ"  "C" "sp2" }
>> 	{ "CW"  "C" "sp2" }
>> 	{ "CV"  "C" "sp2" }
>> 	{ "CR"  "C" "sp2" }
>> 	{ "CA"  "C" "sp2" }
>> 	{ "CY"  "C" "sp2" }
>> 	{ "C0"  "Ca" "sp3" }
>> 	{ "MG"  "Mg" "sp3" }
>> 	{ "N"   "N" "sp2" }
>> 	{ "NA"  "N" "sp2" }
>> 	{ "N2"  "N" "sp2" }
>> 	{ "N*"  "N" "sp2" }
>> 	{ "NP"  "N" "sp2" }
>> 	{ "NQ"  "N" "sp2" }
>> 	{ "NB"  "N" "sp2" }
>> 	{ "NC"  "N" "sp2" }
>> 	{ "NT"  "N" "sp3" }
>> 	{ "NY"  "N" "sp2" }
>> 	{ "N3"  "N" "sp3" }
>> 	{ "S"   "S" "sp3" }
>> 	{ "SH"  "S" "sp3" }
>> 	{ "P"   "P" "sp3" }
>> 	{ "LP"  ""  "sp3" }
>> 	{ "EP"  ""  "sp3" }
>> 	{ "F"   "F" "sp3" }
>> 	{ "Cl"  "Cl" "sp3" }
>> 	{ "Br"  "Br" "sp3" }
>> 	{ "I"   "I"  "sp3" }
>> }
>> #
>> #	Load the main parameter set.
>> #
>> set default cmap on
>> parm19 = loadamberparams parm19.dat
Loading parameters: /usr/local/amber24/dat/leap/parm/parm19.dat
Reading title:
PARM99 + frcmod.ff99SB + frcmod.parmbsc0 + OL3 for RNA + ff19SB
(UNKNOWN ATOM TYPE: Zn)
(UNKNOWN ATOM TYPE: EP)
>> frcmod19SB = loadamberparams frcmod.ff19SB
Loading parameters: /usr/local/amber24/dat/leap/parm/frcmod.ff19SB
Reading force field modification type file (frcmod)
Reading title:
ff19SB AA-specific backbone CMAPs for protein 07/25/2019
>> #
>> #	Load main chain and terminating amino acid libraries
>> #
>> loadOff amino19.lib
Loading library: /usr/local/amber24/dat/leap/lib/amino19.lib
Loading: ALA
Loading: ARG
Loading: ASH
Loading: ASN
Loading: ASP
Loading: CYM
Loading: CYS
Loading: CYX
Loading: GLH
Loading: GLN
Loading: GLU
Loading: GLY
Loading: HID
Loading: HIE
Loading: HIP
Loading: HYP
Loading: ILE
Loading: LEU
Loading: LYN
Loading: LYS
Loading: MET
Loading: PHE
Loading: PRO
Loading: SER
Loading: THR
Loading: TRP
Loading: TYR
Loading: VAL
>> loadOff aminoct12.lib
Loading library: /usr/local/amber24/dat/leap/lib/aminoct12.lib
Loading: CALA
Loading: CARG
Loading: CASN
Loading: CASP
Loading: CCYS
Loading: CCYX
Loading: CGLN
Loading: CGLU
Loading: CGLY
Loading: CHID
Loading: CHIE
Loading: CHIP
Loading: CHYP
Loading: CILE
Loading: CLEU
Loading: CLYS
Loading: CMET
Loading: CPHE
Loading: CPRO
Loading: CSER
Loading: CTHR
Loading: CTRP
Loading: CTYR
Loading: CVAL
Loading: NHE
Loading: NME
>> loadOff aminont12.lib
Loading library: /usr/local/amber24/dat/leap/lib/aminont12.lib
Loading: ACE
Loading: NALA
Loading: NARG
Loading: NASN
Loading: NASP
Loading: NCYS
Loading: NCYX
Loading: NGLN
Loading: NGLU
Loading: NGLY
Loading: NHID
Loading: NHIE
Loading: NHIP
Loading: NILE
Loading: NLEU
Loading: NLYS
Loading: NMET
Loading: NPHE
Loading: NPRO
Loading: NSER
Loading: NTHR
Loading: NTRP
Loading: NTYR
Loading: NVAL
>> 
>> #
>> #	Define the PDB name map for the amino acids
>> #
>> addPdbResMap {
>>   { 0 "HYP" "NHYP" } { 1 "HYP" "CHYP" }
>>   { 0 "ALA" "NALA" } { 1 "ALA" "CALA" }
>>   { 0 "ARG" "NARG" } { 1 "ARG" "CARG" }
>>   { 0 "ASN" "NASN" } { 1 "ASN" "CASN" }
>>   { 0 "ASP" "NASP" } { 1 "ASP" "CASP" }
>>   { 0 "CYS" "NCYS" } { 1 "CYS" "CCYS" }
>>   { 0 "CYX" "NCYX" } { 1 "CYX" "CCYX" }
>>   { 0 "GLN" "NGLN" } { 1 "GLN" "CGLN" }
>>   { 0 "GLU" "NGLU" } { 1 "GLU" "CGLU" }
>>   { 0 "GLY" "NGLY" } { 1 "GLY" "CGLY" }
>>   { 0 "HID" "NHID" } { 1 "HID" "CHID" }
>>   { 0 "HIE" "NHIE" } { 1 "HIE" "CHIE" }
>>   { 0 "HIP" "NHIP" } { 1 "HIP" "CHIP" }
>>   { 0 "ILE" "NILE" } { 1 "ILE" "CILE" }
>>   { 0 "LEU" "NLEU" } { 1 "LEU" "CLEU" }
>>   { 0 "LYS" "NLYS" } { 1 "LYS" "CLYS" }
>>   { 0 "MET" "NMET" } { 1 "MET" "CMET" }
>>   { 0 "PHE" "NPHE" } { 1 "PHE" "CPHE" }
>>   { 0 "PRO" "NPRO" } { 1 "PRO" "CPRO" }
>>   { 0 "SER" "NSER" } { 1 "SER" "CSER" }
>>   { 0 "THR" "NTHR" } { 1 "THR" "CTHR" }
>>   { 0 "TRP" "NTRP" } { 1 "TRP" "CTRP" }
>>   { 0 "TYR" "NTYR" } { 1 "TYR" "CTYR" }
>>   { 0 "VAL" "NVAL" } { 1 "VAL" "CVAL" }
>>   { 0 "HIS" "NHIS" } { 1 "HIS" "CHIS" }
>> }
>> 
>> #
>> # assume that most often proteins use HIE
>> #
>> NHIS = NHIE
>> HIS = HIE
>> CHIS = CHIE
> 
> source leaprc.water.tip3p
----- Source: /usr/local/amber24/dat/leap/cmd/leaprc.water.tip3p
----- Source of /usr/local/amber24/dat/leap/cmd/leaprc.water.tip3p done
>> #
>> #       Load water and ions for TIP3P + Li/Merz monovalent ions 
>> #       + Joung-Chetham monovalent ions
>> #       + Li/Merz highly charged ions (+2 to +4, 12-6 normal usage set)
>> #
>> #       Note: the Li/Merz monovalent set is loaded only to get Tl+,
>> #          Cu+, Ag+ NH4+, H3O+.  Since we load Joung-Cheatham second,
>> #          the alkali halide parameters come from the Joung-Cheatham set
>> #
>> addAtomTypes {
>> 	{ "HW"  "H" "sp3" }
>> 	{ "OW"  "O" "sp3" }
>> 	{ "F-"   "F" "sp3" }
>> 	{ "Cl-"  "Cl" "sp3" }
>> 	{ "Br-"  "Br" "sp3" }
>> 	{ "I-"   "I"  "sp3" }
>> 	{ "Li+"  "Li"  "sp3" }
>> 	{ "Na+"  "Na"  "sp3" }
>> 	{ "K+"  "K"  "sp3" }
>> 	{ "Rb+"  "Rb"  "sp3" }
>> 	{ "Cs+"  "Cs"  "sp3" }
>> 	{ "Mg+"  "Mg"  "sp3" }
>>     { "Tl+"  "Tl"  "sp3" }
>>     { "Cu+"  "Cu"  "sp3" }
>>     { "Ag+"  "Ag"  "sp3" }
>>     { "NH4+"  "N"  "sp3" }
>>     { "H3O+"  "O"  "sp3" }
>>     { "Be2+" "Be"  "sp3" }
>>     { "Cu2+" "Cu"  "sp3" }
>>     { "Ni2+" "Ni"  "sp3" }
>>     { "Pt2+" "Pt"  "sp3" }
>>     { "Zn2+" "Zn"  "sp3" }
>>     { "Co2+" "Co"  "sp3" }
>>     { "Pd2+" "Pd"  "sp3" }
>>     { "Ag2+" "Ag"  "sp3" }
>>     { "Cr2+" "Cr"  "sp3" }
>>     { "Fe2+" "Fe"  "sp3" }
>>     { "Mg2+" "Mg"  "sp3" }
>>     { "V2+"  "V"   "sp3" }
>>     { "Mn2+" "Mn"  "sp3" }
>>     { "Hg2+" "Hg"  "sp3" }
>>     { "Cd2+" "Cd"  "sp3" }
>>     { "Yb2+" "Yb"  "sp3" }
>>     { "Ca2+" "Ca"  "sp3" }
>>     { "Sn2+" "Sn"  "sp3" }
>>     { "Pb2+" "Pb"  "sp3" }
>>     { "Eu2+" "Eu"  "sp3" }
>>     { "Sr2+" "Sr"  "sp3" }
>>     { "Sm2+" "Sm"  "sp3" }
>>     { "Ba2+" "Ba"  "sp3" }
>>     { "Ra2+" "Ra"  "sp3" }
>>     { "Al3+" "Al"  "sp3" }
>>     { "Fe3+" "Fe"  "sp3" }
>>     { "Cr3+" "Cr"  "sp3" }
>>     { "In3+" "In"  "sp3" }
>>     { "Tl3+" "Tl"  "sp3" }
>>     { "Y3+"  "Y"   "sp3" }
>>     { "La3+" "La"  "sp3" }
>>     { "Ce3+" "Ce"  "sp3" }
>>     { "Pr3+" "Pr"  "sp3" }
>>     { "Nd3+" "Nd"  "sp3" }
>>     { "Sm3+" "Sm"  "sp3" }
>>     { "Eu3+" "Eu"  "sp3" }
>>     { "Gd3+" "Gd"  "sp3" }
>>     { "Tb3+" "Tb"  "sp3" }
>>     { "Dy3+" "Dy"  "sp3" }
>>     { "Er3+" "Er"  "sp3" }
>>     { "Tm3+" "Tm"  "sp3" }
>>     { "Lu3+" "Lu"  "sp3" }
>>     { "Hf4+" "Hf"  "sp3" }
>>     { "Zr4+" "Zr"  "sp3" }
>>     { "Ce4+" "Ce"  "sp3" }
>>     { "U4+"  "U"   "sp3" }
>>     { "Pu4+" "Pu"  "sp3" }
>>     { "Th4+" "Th"  "sp3" }
>> }
>> loadOff atomic_ions.lib
Loading library: /usr/local/amber24/dat/leap/lib/atomic_ions.lib
Loading: AG
Loading: AL
Loading: Ag
Loading: BA
Loading: BR
Loading: Be
Loading: CA
Loading: CD
Loading: CE
Loading: CL
Loading: CO
Loading: CR
Loading: CS
Loading: CU
Loading: CU1
Loading: Ce
Loading: Cl-
Loading: Cr
Loading: Dy
Loading: EU
Loading: EU3
Loading: Er
Loading: F
Loading: FE
Loading: FE2
Loading: GD3
Loading: H3O+
Loading: HE+
Loading: HG
Loading: HZ+
Loading: Hf
Loading: IN
Loading: IOD
Loading: K
Loading: K+
Loading: LA
Loading: LI
Loading: LU
Loading: MG
Loading: MN
Loading: NA
Loading: NH4
Loading: NI
Loading: Na+
Loading: Nd
Loading: PB
Loading: PD
Loading: PR
Loading: PT
Loading: Pu
Loading: RB
Loading: Ra
Loading: SM
Loading: SR
Loading: Sm
Loading: Sn
Loading: TB
Loading: TL
Loading: Th
Loading: Tl
Loading: Tm
Loading: U4+
Loading: V2+
Loading: Y
Loading: YB2
Loading: ZN
Loading: Zr
>> loadOff solvents.lib
Loading library: /usr/local/amber24/dat/leap/lib/solvents.lib
Loading: CHCL3BOX
Loading: DC4
Loading: FB3
Loading: FB3BOX
Loading: FB4
Loading: FB4BOX
Loading: MEOHBOX
Loading: NMABOX
Loading: O3P
Loading: OP3
Loading: OPC
Loading: OPC3BOX
Loading: OPC3POLBOX
Loading: OPCBOX
Loading: PL3
Loading: POL3BOX
Loading: QSPCFWBOX
Loading: SPC
Loading: SPCBOX
Loading: SPCFWBOX
Loading: SPF
Loading: SPG
Loading: T4E
Loading: TIP3PBOX
Loading: TIP3PFBOX
Loading: TIP4PBOX
Loading: TIP4PEWBOX
Loading: TIP5PBOX
Loading: TP3
Loading: TP4
Loading: TP5
Loading: TPF
>> HOH = TP3
>> WAT = TP3
>> loadAmberParams frcmod.tip3p
Loading parameters: /usr/local/amber24/dat/leap/parm/frcmod.tip3p
Reading force field modification type file (frcmod)
Reading title:
This is the additional/replacement parameter set for TIP3P water
>> loadAmberParams frcmod.ions1lm_126_tip3p
Loading parameters: /usr/local/amber24/dat/leap/parm/frcmod.ions1lm_126_tip3p
Reading force field modification type file (frcmod)
Reading title:
Li/Merz ion parameters of monovalent ions for TIP3P water model (12-6 normal usage set)
>> loadAmberParams frcmod.ionsjc_tip3p
Loading parameters: /usr/local/amber24/dat/leap/parm/frcmod.ionsjc_tip3p
Reading force field modification type file (frcmod)
Reading title:
Monovalent ion parameters for Ewald and TIP3P water from Joung & Cheatham JPCB (2008)
>> loadAmberParams frcmod.ions234lm_126_tip3p
Loading parameters: /usr/local/amber24/dat/leap/parm/frcmod.ions234lm_126_tip3p
Reading force field modification type file (frcmod)
Reading title:
Li/Merz ion parameters of divalent to tetravalent ions for TIP3P water model (12-6 normal usage set)
>> 
> 
> source leaprc.gaff2
----- Source: /usr/local/amber24/dat/leap/cmd/leaprc.gaff2
----- Source of /usr/local/amber24/dat/leap/cmd/leaprc.gaff2 done
>> logFile leap.log
log started: Mon Jun  1 23:01:04 2026

Log file: ./leap.log
>> #
>> # ----- leaprc for loading the general Amber Force field.
>> #       This file is mostly for use with Antechamber
>> #
>> #	load atom type hybridizations
>> #
>> addAtomTypes {
>> 	{ "h1"  "H" "sp3" }
>> 	{ "h2"  "H" "sp3" }
>> 	{ "h3"  "H" "sp3" }
>> 	{ "h4"  "H" "sp3" }
>> 	{ "h5"  "H" "sp3" }
>> 	{ "ha"  "H" "sp3" }
>> 	{ "hc"  "H" "sp3" }
>> 	{ "hn"  "H" "sp3" }
>> 	{ "ho"  "H" "sp3" }
>> 	{ "hp"  "H" "sp3" }
>> 	{ "hs"  "H" "sp3" }
>> 	{ "hw"  "H" "sp3" }
>> 	{ "hx"  "H" "sp3" }
>> 	{ "o"  "O" "sp2" }
>> 	{ "o2"  "O" "sp2" }
>> 	{ "oh"  "O" "sp3" }
>> 	{ "op"  "O" "sp3" }
>> 	{ "oq"  "O" "sp3" }
>> 	{ "os"  "O" "sp3" }
>> 	{ "ow"  "O" "sp3" }
>> 	{ "c"  "C" "sp2" }
>> 	{ "c1"  "C" "sp2" }
>> 	{ "c2"  "C" "sp2" }
>> 	{ "c3"  "C" "sp3" }
>> 	{ "c5"  "C" "sp3" }
>> 	{ "c6"  "C" "sp3" }
>> 	{ "ca"  "C" "sp2" }
>> 	{ "cc"  "C" "sp2" }
>> 	{ "cd"  "C" "sp2" }
>> 	{ "ce"  "C" "sp2" }
>> 	{ "cf"  "C" "sp2" }
>> 	{ "cg"  "C" "sp2" }
>> 	{ "ch"  "C" "sp2" }
>> 	{ "cp"  "C" "sp2" }
>> 	{ "cs"  "C" "sp2" }
>> 	{ "cq"  "C" "sp2" }
>> 	{ "cu"  "C" "sp2" }
>> 	{ "cv"  "C" "sp2" }
>> 	{ "cx"  "C" "sp2" }
>> 	{ "cy"  "C" "sp2" }
>> 	{ "cz"  "C" "sp2" }
>> 	{ "n"   "N" "sp2" }
>> 	{ "n1"  "N" "sp2" }
>> 	{ "n2"  "N" "sp2" }
>> 	{ "n3"  "N" "sp3" }
>> 	{ "n4"  "N" "sp3" }
>> 	{ "n5"  "N" "sp3" }
>> 	{ "n6"  "N" "sp3" }
>> 	{ "n7"  "N" "sp3" }
>> 	{ "n8"  "N" "sp3" }
>> 	{ "n9"  "N" "sp3" }
>> 	{ "na"  "N" "sp2" }
>> 	{ "nb"  "N" "sp2" }
>> 	{ "nc"  "N" "sp2" }
>> 	{ "nd"  "N" "sp2" }
>> 	{ "ne"  "N" "sp2" }
>> 	{ "nf"  "N" "sp2" }
>> 	{ "nh"  "N" "sp2" }
>> 	{ "ni"  "N" "sp2" }
>> 	{ "nj"  "N" "sp2" }
>> 	{ "nk"  "N" "sp3" }
>> 	{ "nl"  "N" "sp3" }
>> 	{ "nm"  "N" "sp2" }
>> 	{ "nn"  "N" "sp2" }
>> 	{ "no"  "N" "sp2" }
>> 	{ "np"  "N" "sp3" }
>> 	{ "nq"  "N" "sp3" }
>> 	{ "ns"  "N" "sp2" }
>> 	{ "nt"  "N" "sp2" }
>> 	{ "nu"  "N" "sp2" }
>> 	{ "nv"  "N" "sp2" }
>> 	{ "nx"  "N" "sp3" }
>> 	{ "ny"  "N" "sp3" }
>> 	{ "nz"  "N" "sp3" }
>> 	{ "n+"  "N" "sp3" }
>> 	{ "s"   "S" "sp2" }
>> 	{ "s2"   "S" "sp2" }
>> 	{ "s3"   "S" "sp3" }
>> 	{ "s4"   "S" "sp3" }
>> 	{ "s6"   "S" "sp3" }
>> 	{ "sh"   "S" "sp3" }
>> 	{ "sp"   "S" "sp3" }
>> 	{ "sq"   "S" "sp3" }
>> 	{ "ss"   "S" "sp3" }
>> 	{ "sx"   "S" "sp3" }
>> 	{ "sy"   "S" "sp3" }
>> 	{ "p2"   "P" "sp2" }
>> 	{ "p3"   "P" "sp3" }
>> 	{ "p4"   "P" "sp3" }
>> 	{ "p5"   "P" "sp3" }
>> 	{ "pb"   "P" "sp3" }
>> 	{ "pc"   "P" "sp3" }
>> 	{ "pd"   "P" "sp3" }
>> 	{ "pe"   "P" "sp3" }
>> 	{ "pf"   "P" "sp3" }
>> 	{ "px"   "P" "sp3" }
>> 	{ "py"   "P" "sp3" }
>> 	{ "f"   "F" "sp3" }
>> 	{ "cl"  "Cl" "sp3" }
>> 	{ "br"  "Br" "sp3" }
>> 	{ "i"   "I"  "sp3" }
>> }
>> #
>> #	Load the general force field parameter set.
>> #
>> gaff = loadamberparams gaff2.dat
Loading parameters: /usr/local/amber24/dat/leap/parm/gaff2.dat
Reading title:
AMBER General Force Field for organic molecules (Version 2.2.20, March 2021)
> 
> REC = loadpdb /localscratch/kbui/NexusMol/examples/artifacts/6W63_mol4_solvated/6W63_renamed.pdb
Loading PDB file: /localscratch/kbui/NexusMol/examples/artifacts/6W63_mol4_solvated/6W63_renamed.pdb
Matching PDB residue names to LEaP variables.
Mapped residue SER, term: Terminal/beginning, seq. number: 0 to: NSER.
Mapped residue PHE, term: Terminal/last, seq. number: 304 to: CPHE.
Mapped residue SER, term: Terminal/beginning, seq. number: 305 to: NSER.
Mapped residue PHE, term: Terminal/last, seq. number: 609 to: CPHE.
  Added missing heavy atom: .R<CPHE 305>.A<OXT 21>
  Added missing heavy atom: .R<CPHE 610>.A<OXT 21>
  total atoms in file: 9328
  Leap added 4 missing atoms according to residue templates:
       2 Heavy
       2 H / lone pairs
> loadamberparams /localscratch/kbui/NexusMol/examples/artifacts/6W63_mol4_solvated/6W63_mol4_prepared_scored_pose_1_with_H_charged.frcmod
Loading parameters: /localscratch/kbui/NexusMol/examples/artifacts/6W63_mol4_solvated/6W63_mol4_prepared_scored_pose_1_with_H_charged.frcmod
Reading force field modification type file (frcmod)
Reading title:
Remark line goes here
> LIG = loadmol2 /localscratch/kbui/NexusMol/examples/artifacts/6W63_mol4_solvated/6W63_mol4_prepared_scored_pose_1_with_H_charged.mol2
Loading Mol2 file: /localscratch/kbui/NexusMol/examples/artifacts/6W63_mol4_solvated/6W63_mol4_prepared_scored_pose_1_with_H_charged.mol2
Reading MOLECULE named /localscratch/kbui/NexusMol/examples/6W63_mol4_prepared_scored.pdbqt
> SYS = combine {REC LIG}
  Sequence: default_name
  Sequence: /localscratch/kbui/NexusMol/exa
> solvateOct SYS TIP3PBOX 12.0
Scaling up box by a factor of 1.219371 to meet diagonal cut criterion
  Solute vdw bounding box:              64.944 85.844 68.358
  Total bounding box for atom centers:  115.108 115.108 115.108
      (box expansion for 'iso' is  44.1%)
  Solvent unit box:                     18.774 18.774 18.774
The number of boxes:  x= 7  y= 7  z= 7
  Volume: 782639.895 A^3 (oct)
  Total mass 429360.068 amu,  Density 0.911 g/cc
  Added 20077 residues.
> addIonsRand SYS Na+ 0
6 Na+ ions required to neutralize.
Adding 6 counter ions to "SYS". 20071 solvent molecules will remain.
0: Placed Na+ in SYS at (-24.86, -47.24, -12.84).
0: Placed Na+ in SYS at (42.48, 10.97, 6.78).
0: Placed Na+ in SYS at (-39.59, 37.27, -2.49).
0: Placed Na+ in SYS at (38.96, 23.18, 3.42).
0: Placed Na+ in SYS at (7.24, -46.16, 5.33).
0: Placed Na+ in SYS at (-28.52, 36.73, -18.81).
> addIonsRand SYS Cl- 0
 0.002997 0 1 0
0 Cl- ion required to neutralize.
> addIonsRand SYS Na+ 71
Adding 71 counter ions to "SYS". 20000 solvent molecules will remain.
0: Placed Na+ in SYS at (36.38, -19.75, 22.59).
0: Placed Na+ in SYS at (20.72, -12.57, -55.22).
0: Placed Na+ in SYS at (3.86, -42.75, 35.87).
0: Placed Na+ in SYS at (-5.37, -46.95, 16.95).
0: Placed Na+ in SYS at (-28.03, -12.10, 21.64).
0: Placed Na+ in SYS at (24.62, -8.73, 6.92).
0: Placed Na+ in SYS at (-42.87, -3.45, -20.22).
0: Placed Na+ in SYS at (-2.27, -41.61, -10.55).
0: Placed Na+ in SYS at (16.57, -23.60, -37.08).
0: Placed Na+ in SYS at (-38.80, 7.46, -14.83).
0: Placed Na+ in SYS at (-43.10, 29.45, 15.27).
0: Placed Na+ in SYS at (13.78, -24.06, -46.18).
0: Placed Na+ in SYS at (-21.22, -30.82, -16.67).
0: Placed Na+ in SYS at (40.02, 17.63, -14.56).
0: Placed Na+ in SYS at (11.30, -7.82, 23.16).
0: Placed Na+ in SYS at (23.08, 14.36, 12.21).
0: Placed Na+ in SYS at (45.34, -13.74, -1.05).
0: Placed Na+ in SYS at (47.62, 11.03, 24.35).
0: Placed Na+ in SYS at (-15.95, 45.38, -23.80).
0: Placed Na+ in SYS at (-40.41, -8.73, -19.63).
0: Placed Na+ in SYS at (13.04, -36.71, -1.25).
0: Placed Na+ in SYS at (-13.11, 35.04, 42.55).
0: Placed Na+ in SYS at (8.73, 7.01, -52.84).
0: Placed Na+ in SYS at (-36.18, 10.74, 3.51).
0: Placed Na+ in SYS at (-27.13, 34.67, -35.60).
0: Placed Na+ in SYS at (7.66, -47.24, -12.84).
0: Placed Na+ in SYS at (-14.90, 9.97, 40.64).
0: Placed Na+ in SYS at (-47.53, -32.11, -3.14).
0: Placed Na+ in SYS at (21.80, 47.71, 10.14).
0: Placed Na+ in SYS at (34.00, 16.88, 22.66).
0: Placed Na+ in SYS at (4.78, 21.26, -31.89).
0: Placed Na+ in SYS at (-23.62, -37.75, -14.32).
0: Placed Na+ in SYS at (16.26, -2.24, 53.29).
0: Placed Na+ in SYS at (2.86, -35.20, -23.17).
0: Placed Na+ in SYS at (9.94, 47.22, -10.68).
0: Placed Na+ in SYS at (3.91, 10.27, 23.61).
0: Placed Na+ in SYS at (21.96, -14.22, -45.97).
0: Placed Na+ in SYS at (-48.63, -1.39, -32.43).
0: Placed Na+ in SYS at (-6.04, -50.54, -26.27).
0: Placed Na+ in SYS at (20.89, 2.78, -48.42).
0: Placed Na+ in SYS at (-12.82, -19.00, 38.77).
0: Placed Na+ in SYS at (27.06, -3.65, 4.23).
0: Placed Na+ in SYS at (8.06, 38.95, 5.98).
0: Placed Na+ in SYS at (4.27, 18.70, -42.02).
0: Placed Na+ in SYS at (17.38, -42.54, 2.13).
0: Placed Na+ in SYS at (20.89, 25.77, 17.96).
0: Placed Na+ in SYS at (-24.57, 20.66, 39.04).
0: Placed Na+ in SYS at (38.63, -35.31, 21.34).
0: Placed Na+ in SYS at (-5.37, 22.03, -22.87).
0: Placed Na+ in SYS at (18.57, -20.44, -43.07).
0: Placed Na+ in SYS at (-33.89, -6.81, 35.57).
0: Placed Na+ in SYS at (-5.63, 35.47, -35.41).
0: Placed Na+ in SYS at (-44.01, 16.38, -7.14).
0: Placed Na+ in SYS at (-16.89, -9.40, 21.21).
0: Placed Na+ in SYS at (-6.05, 5.93, -58.44).
0: Placed Na+ in SYS at (43.42, 6.59, -5.19).
0: Placed Na+ in SYS at (-47.70, 32.47, -2.84).
0: Placed Na+ in SYS at (38.46, -3.30, 3.57).
0: Placed Na+ in SYS at (33.79, -10.29, -45.53).
0: Placed Na+ in SYS at (-34.42, -13.50, -13.10).
0: Placed Na+ in SYS at (18.50, 37.07, 0.43).
0: Placed Na+ in SYS at (45.69, 1.43, -12.17).
0: Placed Na+ in SYS at (-0.78, 5.70, -31.79).
0: Placed Na+ in SYS at (-16.11, 21.60, 33.95).
0: Placed Na+ in SYS at (26.88, -10.52, -35.41).
0: Placed Na+ in SYS at (30.58, -30.09, 25.50).
0: Placed Na+ in SYS at (39.29, -5.35, 14.09).
0: Placed Na+ in SYS at (14.70, -27.42, -17.23).
0: Placed Na+ in SYS at (-47.96, 28.78, -14.59).
0: Placed Na+ in SYS at (-12.84, 25.15, -26.00).
0: Placed Na+ in SYS at (1.37, -36.85, -29.05).
> addIonsRand SYS Cl- 71
Adding 71 counter ions to "SYS". 19929 solvent molecules will remain.
0: Placed Cl- in SYS at (0.09, -44.82, 19.35).
0: Placed Cl- in SYS at (15.48, 52.23, 0.89).
0: Placed Cl- in SYS at (29.13, 6.55, 32.12).
0: Placed Cl- in SYS at (-28.28, 35.05, 32.24).
0: Placed Cl- in SYS at (-22.79, 23.46, -3.90).
0: Placed Cl- in SYS at (48.59, 9.88, -34.19).
0: Placed Cl- in SYS at (33.79, 12.71, -5.70).
0: Placed Cl- in SYS at (42.92, 15.42, -3.59).
0: Placed Cl- in SYS at (-44.72, 6.44, 12.18).
0: Placed Cl- in SYS at (29.52, -19.10, -33.74).
0: Placed Cl- in SYS at (21.48, -38.37, -38.65).
0: Placed Cl- in SYS at (1.96, 26.57, 42.90).
0: Placed Cl- in SYS at (44.77, -1.35, 25.10).
0: Placed Cl- in SYS at (15.64, 49.10, 13.56).
0: Placed Cl- in SYS at (-31.11, -39.67, 11.82).
0: Placed Cl- in SYS at (-0.15, -5.07, 55.70).
0: Placed Cl- in SYS at (22.30, 31.47, 30.85).
0: Placed Cl- in SYS at (48.37, 1.16, -8.56).
0: Placed Cl- in SYS at (12.82, 2.74, 22.89).
0: Placed Cl- in SYS at (-19.14, 14.54, 44.90).
0: Placed Cl- in SYS at (-3.62, -41.02, -6.09).
0: Placed Cl- in SYS at (8.48, 29.31, -25.33).
0: Placed Cl- in SYS at (-7.84, -36.80, -26.46).
0: Placed Cl- in SYS at (16.07, -36.10, -7.64).
0: Placed Cl- in SYS at (44.92, 24.13, -21.80).
0: Placed Cl- in SYS at (29.37, 4.27, 24.94).
0: Placed Cl- in SYS at (-18.81, 3.12, 43.21).
0: Placed Cl- in SYS at (14.24, 23.98, -11.45).
0: Placed Cl- in SYS at (-38.62, 35.55, -6.15).
0: Placed Cl- in SYS at (4.13, -45.86, -31.34).
0: Placed Cl- in SYS at (33.89, -36.85, 24.05).
0: Placed Cl- in SYS at (20.59, -37.26, 28.11).
0: Placed Cl- in SYS at (-14.43, -30.83, 5.33).
0: Placed Cl- in SYS at (17.51, -32.11, -3.14).
0: Placed Cl- in SYS at (11.73, -10.35, 52.43).
0: Placed Cl- in SYS at (-22.48, 3.48, 43.94).
0: Placed Cl- in SYS at (10.41, -30.57, -30.14).
0: Placed Cl- in SYS at (-4.58, 46.02, -27.44).
0: Placed Cl- in SYS at (-15.18, -36.52, -16.11).
0: Placed Cl- in SYS at (10.20, -43.72, -0.61).
0: Placed Cl- in SYS at (-34.55, 16.72, 17.52).
0: Placed Cl- in SYS at (29.92, -6.62, 48.92).
0: Placed Cl- in SYS at (-38.56, -7.29, -31.18).
0: Placed Cl- in SYS at (5.01, 53.50, 0.02).
0: Placed Cl- in SYS at (-33.16, 32.93, -27.17).
0: Placed Cl- in SYS at (-9.57, -25.62, -18.98).
0: Placed Cl- in SYS at (-28.54, -6.91, 42.65).
0: Placed Cl- in SYS at (33.01, -11.11, 46.16).
0: Placed Cl- in SYS at (24.40, 33.82, 19.56).
0: Placed Cl- in SYS at (-27.78, 4.89, 20.40).
0: Placed Cl- in SYS at (8.85, 34.65, -27.61).
0: Placed Cl- in SYS at (-3.93, -51.02, -24.27).
0: Placed Cl- in SYS at (-20.20, 22.12, -10.86).
0: Placed Cl- in SYS at (35.69, -20.53, -32.97).
0: Placed Cl- in SYS at (-11.03, 16.13, -56.11).
0: Placed Cl- in SYS at (-8.85, 21.00, 49.54).
0: Placed Cl- in SYS at (-29.22, 27.37, 2.37).
0: Placed Cl- in SYS at (-44.16, -4.18, 30.67).
0: Placed Cl- in SYS at (-36.14, -18.03, -19.37).
0: Placed Cl- in SYS at (30.16, -9.01, 14.50).
0: Placed Cl- in SYS at (41.51, -18.29, -32.96).
0: Placed Cl- in SYS at (-3.71, -49.66, 6.29).
0: Placed Cl- in SYS at (-30.44, 34.27, -26.73).
0: Placed Cl- in SYS at (-33.47, 25.76, 11.15).
0: Placed Cl- in SYS at (13.70, -42.86, -36.45).
0: Placed Cl- in SYS at (41.51, 27.70, -6.41).
0: Placed Cl- in SYS at (-39.39, 24.45, 3.75).
0: Placed Cl- in SYS at (-6.98, 10.91, -57.06).
0: Placed Cl- in SYS at (-28.47, -27.36, 26.55).
0: Placed Cl- in SYS at (-10.07, -35.08, 35.10).
0: Placed Cl- in SYS at (-12.20, -39.55, 12.18).
> saveamberparm SYS /localscratch/kbui/NexusMol/examples/results/6W63_mol4_solvated/6W63_mol4_solvated.prmtop /localscratch/kbui/NexusMol/examples/results/6W63_mol4_solvated/6W63_mol4_solvated.inpcrd
Checking Unit.
Building topology.
Building atom parameters.
Building bond parameters.
Building angle parameters.
Building proper torsion parameters.
Building improper torsion parameters.
 total 1957 improper torsions applied
Building H-Bond parameters.
Incorporating Non-Bonded adjustments.
Not Marking per-residue atom chain types.
Marking per-residue atom chain types.
  (Residues lacking connect0/connect1 - 
   these don't have chain types marked:

	res	total affected

	CPHE	2
	NSER	2
	UNL	1
	WAT	19929
  )
 (no restraints)
> savepdb SYS /localscratch/kbui/NexusMol/examples/results/6W63_mol4_solvated/6W63_mol4_solvated.pdb
Writing pdb file: /localscratch/kbui/NexusMol/examples/results/6W63_mol4_solvated/6W63_mol4_solvated.pdb
   printing CRYST1 record to PDB file with box info

/usr/local/amber24/bin/teLeap: Warning!
 Converting N-terminal residue name to PDB format: NSER -> SER

/usr/local/amber24/bin/teLeap: Warning!
 Converting C-terminal residue name to PDB format: CPHE -> PHE

/usr/local/amber24/bin/teLeap: Warning!
 Converting N-terminal residue name to PDB format: NSER -> SER

/usr/local/amber24/bin/teLeap: Warning!
 Converting C-terminal residue name to PDB format: CPHE -> PHE
 quit
	Quit

Exiting LEaP: Errors = 0; Warnings = 4; Notes = 0.
