
          -------------------------------------------------------
          Amber 24 PMEMD                              2024
          -------------------------------------------------------

| PMEMD implementation of SANDER, Release 24

|  Compiled date/time: Wed Aug 21 09:34:12 2024
| Run on 06/01/2026 at 23:19:42

|   Executable path: pmemd.cuda
| Working directory: /localscratch/kbui/NexusMol/examples
|          Hostname: Unknown
  [-O]verwriting output

File Assignments:
|   MDIN: /localscratch/kbui/NexusMol/examples/artifacts/AMBER_DiAla/eq1.in     
|  MDOUT: /localscratch/kbui/NexusMol/examples/artifacts/AMBER_DiAla/eq1.out    
| INPCRD: /localscratch/kbui/NexusMol/examples/artifacts/AMBER_DiAla/heat.ncrst 
|   PARM: /localscratch/kbui/NexusMol/examples/ALA.prmtop                       
| RESTRT: /localscratch/kbui/NexusMol/examples/artifacts/AMBER_DiAla/eq1.ncrst  
|   REFC: /localscratch/kbui/NexusMol/examples/artifacts/AMBER_DiAla/heat.ncrst 
|  MDVEL: mdvel                                                                 
|   MDEN: mden                                                                  
|  MDCRD: /localscratch/kbui/NexusMol/examples/artifacts/AMBER_DiAla/eq1.nc     
| MDINFO: /localscratch/kbui/NexusMol/examples/artifacts/AMBER_DiAla/eq1.info   
|  MDFRC: mdfrc                                                                 


 Here is the input file:

Equilibration                                                                  
&cntrl                                                                         
 imin=0, irest=0, ntx=1,                                                       
 ntpr=500, ntwx=500, ntwr=500, nstlim=50000,                                   
 dt=0.002, ntt=3, tempi=300.0,                                                 
 temp0=300.0, gamma_ln=1.0, ig=-1,                                             
 ntp=1, ntc=2, ntf=2, cut=10.0,                                                
 ntb=2, iwrap=1, ioutfm=1,                                                     
 ntr=1, restraint_wt=10.0, restraintmask=':1-3'                                
/                                                                              


Note: ig = -1. Setting random seed to   937594 based on wallclock time in 
      microseconds.
| irandom = 1, using AMBER's internal random number generator (default).
 
|--------------------- INFORMATION ----------------------
| GPU (CUDA) Version of PMEMD in use: NVIDIA GPU IN USE.
|                    Version 18.0.0
| 
|                      03/25/2018
| 
| Implementation by:
|                    Ross C. Walker     (SDSC)
|                    Scott Le Grand     (nVIDIA)
| 
| Version 18 performance extensions by:
|                    David Cerutti     (Rutgers)
| 
| Precision model in use:
|      [SPFP] - Single Precision Forces, 64-bit Fixed Point
|               Accumulation. (Default)
| 
|--------------------------------------------------------
 
|----------------- CITATION INFORMATION -----------------
|
|    When publishing work that utilized the CUDA version
|    of AMBER, please cite the following in addition to
|    the regular AMBER citations:
|
|  - Romelia Salomon-Ferrer; Andreas W. Goetz; Duncan
|    Poole; Scott Le Grand; Ross C. Walker "Routine
|    microsecond molecular dynamics simulations with
|    AMBER - Part II: Particle Mesh Ewald", J. Chem.
|    Theory Comput., 2013, 9 (9), pp3878-3888,
|    DOI: 10.1021/ct400314y.
|
|  - Andreas W. Goetz; Mark J. Williamson; Dong Xu;
|    Duncan Poole; Scott Le Grand; Ross C. Walker
|    "Routine microsecond molecular dynamics simulations
|    with AMBER - Part I: Generalized Born", J. Chem.
|    Theory Comput., 2012, 8 (5), pp1542-1555.
|
|  - Scott Le Grand; Andreas W. Goetz; Ross C. Walker
|    "SPFP: Speed without compromise - a mixed precision
|    model for GPU accelerated molecular dynamics
|    simulations.", Comp. Phys. Comm., 2013, 184
|    pp374-380, DOI: 10.1016/j.cpc.2012.09.022
|
|--------------------------------------------------------
 
|------------------- GPU DEVICE INFO --------------------
|
|            CUDA_VISIBLE_DEVICES: not set
|   CUDA Capable Devices Detected:      1
|           CUDA Device ID in use:      0
|                CUDA Device Name: NVIDIA GeForce RTX 4090
|     CUDA Device Global Mem Size:  24079 MB
| CUDA Device Num Multiprocessors:    128
|           CUDA Device Core Freq:   2.62 GHz
|
|--------------------------------------------------------
 
 
| Conditional Compilation Defines Used:
| PUBFFT
| BINTRAJ
| CUDA
| EMIL

| Largest sphere to fit in unit cell has radius =    13.994

| New format PARM file being parsed.
| Version =    1.000 Date = 03/28/26 Time = 21:23:47

| Note: 1-4 EEL scale factors are being read from the topology file.

| Note: 1-4 VDW scale factors are being read from the topology file.
| Duplicated    0 dihedrals

| Duplicated    0 dihedrals

--------------------------------------------------------------------------------
   1.  RESOURCE   USE: 
--------------------------------------------------------------------------------

 getting box info from netcdf restart file
 NATOM  =    3064 NTYPES =       9 NBONH =    3054 MBONA  =       9
 NTHETH =      25 MTHETA =      11 NPHIH =      43 MPHIA  =      24
 NHPARM =       0 NPARM  =       0 NNB   =    4155 NRES   =    1017
 NBONA  =       9 NTHETA =      11 NPHIA =      24 NUMBND =      13
 NUMANG =      21 NPTRA  =      14 NATYP =      10 NPHB   =       0
 IFBOX  =       2 NMXRS  =      10 IFCAP =       0 NEXTRA =       0
 NCOPY  =       0

| Coordinate Index Table dimensions:     5    5    5
| Direct force subcell size =     6.8554    6.8554    6.8554

     BOX TYPE: TRUNCATED OCTAHEDRON

--------------------------------------------------------------------------------
   2.  CONTROL  DATA  FOR  THE  RUN
--------------------------------------------------------------------------------

ACE                                                                             

General flags:
     imin    =       0, nmropt  =       0

Nature and format of input:
     ntx     =       1, irest   =       0, ntrx    =       1

Nature and format of output:
     ntxo    =       2, ntpr    =     500, ntrx    =       1, ntwr    =     500
     iwrap   =       1, ntwx    =     500, ntwv    =       0, ntwe    =       0
     ioutfm  =       1, ntwprt  =       0, idecomp =       0, rbornstat=      0

Potential function:
     ntf     =       2, ntb     =       2, igb     =       0, nsnb    =      25
     ipol    =       0, gbsa    =       0, iesp    =       0
     dielc   =   1.00000, cut     =  10.00000, intdiel =   1.00000

Frozen or restrained atoms:
     ibelly  =       0, ntr     =       1
     restraint_wt =  10.00000

Molecular dynamics:
     nstlim  =     50000, nscm    =         0, nrespa  =         1
     t       =   0.00000, dt      =   0.00200, vlimit  =  -1.00000

Langevin dynamics temperature regulation:
     ig      =  937594
     temp0   = 300.00000, tempi   = 300.00000, gamma_ln=   1.00000

Pressure regulation:
     ntp     =       1
     pres0   =   1.00000, comp    =  44.60000, taup    =   1.00000

SHAKE:
     ntc     =       2, jfastw  =       0
     tol     =   0.00001

| Intermolecular bonds treatment:
|     no_intermolecular_bonds =       1

| Energy averages sample interval:
|     ene_avg_sampling =     500

Ewald parameters:
     verbose =       0, ew_type =       0, nbflag  =       1, use_pme =       1
     vdwmeth =       1, eedmeth =       1, netfrc  =       1
     Box X =   34.277   Box Y =   34.277   Box Z =   34.277
     Alpha =  109.471   Beta  =  109.471   Gamma =  109.471
     NFFT1 =   36       NFFT2 =   36       NFFT3 =   36
     Cutoff=   10.000   Tol   =0.100E-04
     Ewald Coefficient =  0.27511
     Interpolation order =    4

    LOADING THE CONSTRAINED ATOMS AS GROUPS


   5.  REFERENCE ATOM COORDINATES

  ACE                                                                             
     Mask :1-3; matches    22 atoms

--------------------------------------------------------------------------------
   3.  ATOMIC COORDINATES AND VELOCITIES
--------------------------------------------------------------------------------

ACE                                                                             
 begin time read from input coords =  1000.000 ps

 
 Number of triangulated 3-point waters found:     1014

     Sum of charges from parm topology file =  -0.00000000
     Forcing neutrality...

| Dynamic Memory, Types Used:
| Reals              277614
| Integers            95816

| Nonbonded Pairs Initial Allocation:      926783

| GPU memory information (estimate):
| KB of GPU memory in use:     40901
| KB of CPU memory in use:     12785

--------------------------------------------------------------------------------
   4.  RESULTS
--------------------------------------------------------------------------------


 NSTEP =        0   TIME(PS) =       0.000  TEMP(K) =   446.11  PRESS =     4.5
 Etot   =     -7025.4815  EKtot   =      2720.6795  EPtot      =     -9746.1610
 BOND   =         3.4429  ANGLE   =         8.2525  DIHED      =         2.9331
 UB     =         0.0000  IMP     =         0.0000  CMAP       =         0.6159
 1-4 NB =         1.9787  1-4 EEL =        44.5558  VDWAALS    =      1438.2257
 EELEC  =    -11246.1656  EHBOND  =         0.0000  RESTRAINT  =         0.0000
 EKCMT  =       920.8151  VIRIAL  =       917.7767  VOLUME     =     31002.2924
                                                    Density    =         0.9862
 ------------------------------------------------------------------------------

wrapping first mol.:       11.44063       16.17950       28.02371
wrapping first mol.:       11.44063       16.17950       28.02371

 NSTEP =      500   TIME(PS) =       1.000  TEMP(K) =   301.07  PRESS =   720.4
 Etot   =     -7925.8961  EKtot   =      1836.1573  EPtot      =     -9762.0535
 BOND   =         3.1183  ANGLE   =         5.4297  DIHED      =         3.2671
 UB     =         0.0000  IMP     =         0.0000  CMAP       =         0.5551
 1-4 NB =         2.8161  1-4 EEL =        46.0140  VDWAALS    =      1548.3816
 EELEC  =    -11375.5054  EHBOND  =         0.0000  RESTRAINT  =         3.8699
 EAMBER (non-restraint)  =     -9765.9234
 EKCMT  =       932.7347  VIRIAL  =       448.6587  VOLUME     =     31121.7378
                                                    Density    =         0.9824
 ------------------------------------------------------------------------------

wrapping first mol.:       11.43477       16.17120       28.00934
wrapping first mol.:       11.43477       16.17120       28.00934

 NSTEP =     1000   TIME(PS) =       2.000  TEMP(K) =   298.02  PRESS =    63.3
 Etot   =     -7889.8132  EKtot   =      1817.5529  EPtot      =     -9707.3660
 BOND   =         3.8066  ANGLE   =         7.0740  DIHED      =         2.9056
 UB     =         0.0000  IMP     =         0.0000  CMAP       =         0.4431
 1-4 NB =         2.1065  1-4 EEL =        44.9786  VDWAALS    =      1463.4322
 EELEC  =    -11236.3275  EHBOND  =         0.0000  RESTRAINT  =         4.2148
 EAMBER (non-restraint)  =     -9711.5808
 EKCMT  =       894.3026  VIRIAL  =       851.8592  VOLUME     =     31075.7276
                                                    Density    =         0.9839
 ------------------------------------------------------------------------------

wrapping first mol.:       11.43361       16.16957       28.00651
wrapping first mol.:       11.43361       16.16957       28.00651

 NSTEP =     1500   TIME(PS) =       3.000  TEMP(K) =   298.35  PRESS =  -494.9
 Etot   =     -7940.0500  EKtot   =      1819.5284  EPtot      =     -9759.5784
 BOND   =         1.3274  ANGLE   =        11.4446  DIHED      =         3.9443
 UB     =         0.0000  IMP     =         0.0000  CMAP       =         0.7032
 1-4 NB =         3.0723  1-4 EEL =        44.6146  VDWAALS    =      1392.6579
 EELEC  =    -11226.6186  EHBOND  =         0.0000  RESTRAINT  =         9.2758
 EAMBER (non-restraint)  =     -9768.8543
 EKCMT  =       888.1739  VIRIAL  =      1220.1232  VOLUME     =     31067.8394
                                                    Density    =         0.9841
 ------------------------------------------------------------------------------

wrapping first mol.:       11.43025       16.16482       27.99828
wrapping first mol.:       11.43025       16.16482       27.99828

 NSTEP =     2000   TIME(PS) =       4.000  TEMP(K) =   300.15  PRESS =  -286.8
 Etot   =     -7906.4531  EKtot   =      1830.5256  EPtot      =     -9736.9787
 BOND   =         5.9514  ANGLE   =         9.9849  DIHED      =         4.2323
 UB     =         0.0000  IMP     =         0.0000  CMAP       =         0.5440
 1-4 NB =         2.7307  1-4 EEL =        46.5384  VDWAALS    =      1414.1725
 EELEC  =    -11228.8877  EHBOND  =         0.0000  RESTRAINT  =         7.7547
 EAMBER (non-restraint)  =     -9744.7335
 EKCMT  =       932.5384  VIRIAL  =      1124.7249  VOLUME     =     31039.8901
                                                    Density    =         0.9850
 ------------------------------------------------------------------------------

wrapping first mol.:       11.41080       16.13731       27.95063
wrapping first mol.:       11.41080       16.13731       27.95063

 NSTEP =     2500   TIME(PS) =       5.000  TEMP(K) =   297.22  PRESS =  -161.9
 Etot   =     -7861.3260  EKtot   =      1812.6271  EPtot      =     -9673.9531
 BOND   =         3.0882  ANGLE   =        10.9339  DIHED      =         2.9147
 UB     =         0.0000  IMP     =         0.0000  CMAP       =         0.5044
 1-4 NB =         3.2054  1-4 EEL =        50.2876  VDWAALS    =      1387.9457
 EELEC  =    -11140.3135  EHBOND  =         0.0000  RESTRAINT  =         7.4806
 EAMBER (non-restraint)  =     -9681.4337
 EKCMT  =       914.5775  VIRIAL  =      1022.5190  VOLUME     =     30881.3419
                                                    Density    =         0.9901
 ------------------------------------------------------------------------------

wrapping first mol.:       11.43391       16.16999       28.00724
wrapping first mol.:       11.43391       16.16999       28.00724

 NSTEP =     3000   TIME(PS) =       6.000  TEMP(K) =   299.83  PRESS =  -168.5
 Etot   =     -7848.1311  EKtot   =      1828.5950  EPtot      =     -9676.7261
 BOND   =         6.4637  ANGLE   =        12.7287  DIHED      =         3.2112
 UB     =         0.0000  IMP     =         0.0000  CMAP       =         0.5909
 1-4 NB =         2.5955  1-4 EEL =        41.4444  VDWAALS    =      1400.4506
 EELEC  =    -11150.8240  EHBOND  =         0.0000  RESTRAINT  =         6.6129
 EAMBER (non-restraint)  =     -9683.3389
 EKCMT  =       910.1370  VIRIAL  =      1023.1622  VOLUME     =     31069.3571
                                                    Density    =         0.9841
 ------------------------------------------------------------------------------

wrapping first mol.:       11.43277       16.16838       28.00446
wrapping first mol.:       11.43277       16.16838       28.00446

 NSTEP =     3500   TIME(PS) =       7.000  TEMP(K) =   306.31  PRESS =   203.6
 Etot   =     -7819.8818  EKtot   =      1868.0769  EPtot      =     -9687.9587
 BOND   =         1.8063  ANGLE   =         8.8919  DIHED      =         5.1130
 UB     =         0.0000  IMP     =         0.0000  CMAP       =         0.5303
 1-4 NB =         2.9211  1-4 EEL =        44.5688  VDWAALS    =      1436.2447
 EELEC  =    -11192.6824  EHBOND  =         0.0000  RESTRAINT  =         4.6476
 EAMBER (non-restraint)  =     -9692.6063
 EKCMT  =       941.8508  VIRIAL  =       805.2978  VOLUME     =     31059.0750
                                                    Density    =         0.9844
 ------------------------------------------------------------------------------

wrapping first mol.:       11.43184       16.16706       28.00217
wrapping first mol.:       11.43184       16.16706       28.00217

 NSTEP =     4000   TIME(PS) =       8.000  TEMP(K) =   299.40  PRESS =  -276.1
 Etot   =     -7810.4179  EKtot   =      1825.9768  EPtot      =     -9636.3947
 BOND   =         2.2960  ANGLE   =         7.7693  DIHED      =         3.4860
 UB     =         0.0000  IMP     =         0.0000  CMAP       =         0.6467
 1-4 NB =         2.0938  1-4 EEL =        43.7653  VDWAALS    =      1356.6902
 EELEC  =    -11060.2208  EHBOND  =         0.0000  RESTRAINT  =         7.0788
 EAMBER (non-restraint)  =     -9643.4735
 EKCMT  =       921.1698  VIRIAL  =      1106.2632  VOLUME     =     31052.8077
                                                    Density    =         0.9846
 ------------------------------------------------------------------------------

wrapping first mol.:       11.44211       16.18159       28.02734
wrapping first mol.:       11.44211       16.18159       28.02734

 NSTEP =     4500   TIME(PS) =       9.000  TEMP(K) =   294.33  PRESS =   528.2
 Etot   =     -7854.4237  EKtot   =      1795.0023  EPtot      =     -9649.4260
 BOND   =         3.6113  ANGLE   =         5.7143  DIHED      =         2.9774
 UB     =         0.0000  IMP     =         0.0000  CMAP       =         0.5831
 1-4 NB =         2.3616  1-4 EEL =        43.5734  VDWAALS    =      1481.3029
 EELEC  =    -11194.7724  EHBOND  =         0.0000  RESTRAINT  =         5.2223
 EAMBER (non-restraint)  =     -9654.6483
 EKCMT  =       907.6087  VIRIAL  =       552.5662  VOLUME     =     31134.3756
                                                    Density    =         0.9820
 ------------------------------------------------------------------------------

wrapping first mol.:       11.46048       16.20757       28.07233
wrapping first mol.:       11.46048       16.20757       28.07233

 NSTEP =     5000   TIME(PS) =      10.000  TEMP(K) =   308.73  PRESS =   -95.3
 Etot   =     -7744.0766  EKtot   =      1882.8527  EPtot      =     -9626.9292
 BOND   =         1.2330  ANGLE   =         7.2861  DIHED      =         6.2486
 UB     =         0.0000  IMP     =         0.0000  CMAP       =         0.1183
 1-4 NB =         2.2900  1-4 EEL =        43.0183  VDWAALS    =      1398.6213
 EELEC  =    -11092.7264  EHBOND  =         0.0000  RESTRAINT  =         6.9816
 EAMBER (non-restraint)  =     -9633.9108
 EKCMT  =       935.8893  VIRIAL  =      1000.2777  VOLUME     =     31286.2969
                                                    Density    =         0.9773
 ------------------------------------------------------------------------------

wrapping first mol.:       11.48806       16.24657       28.13989
wrapping first mol.:       11.48806       16.24657       28.13989

 NSTEP =     5500   TIME(PS) =      11.000  TEMP(K) =   302.52  PRESS =   278.9
 Etot   =     -7785.9716  EKtot   =      1844.9950  EPtot      =     -9630.9666
 BOND   =         3.7839  ANGLE   =         5.2585  DIHED      =         2.8345
 UB     =         0.0000  IMP     =         0.0000  CMAP       =         0.4947
 1-4 NB =         2.7057  1-4 EEL =        46.3009  VDWAALS    =      1471.2335
 EELEC  =    -11170.4309  EHBOND  =         0.0000  RESTRAINT  =         6.8527
 EAMBER (non-restraint)  =     -9637.8192
 EKCMT  =       911.0977  VIRIAL  =       721.3162  VOLUME     =     31511.6601
                                                    Density    =         0.9703
 ------------------------------------------------------------------------------

wrapping first mol.:       11.46634       16.21586       28.08669
wrapping first mol.:       11.46634       16.21586       28.08669

 NSTEP =     6000   TIME(PS) =      12.000  TEMP(K) =   307.87  PRESS =  -515.1
 Etot   =     -7771.0034  EKtot   =      1877.6228  EPtot      =     -9648.6262
 BOND   =         3.0288  ANGLE   =         5.0040  DIHED      =         3.0405
 UB     =         0.0000  IMP     =         0.0000  CMAP       =         0.7178
 1-4 NB =         2.4439  1-4 EEL =        44.0043  VDWAALS    =      1368.1716
 EELEC  =    -11081.2844  EHBOND  =         0.0000  RESTRAINT  =         6.2473
 EAMBER (non-restraint)  =     -9654.8735
 EKCMT  =       914.9765  VIRIAL  =      1263.4492  VOLUME     =     31335.4893
                                                    Density    =         0.9757
 ------------------------------------------------------------------------------

wrapping first mol.:       11.45856       16.20485       28.06761
wrapping first mol.:       11.45856       16.20485       28.06761

 NSTEP =     6500   TIME(PS) =      13.000  TEMP(K) =   308.59  PRESS =  -171.8
 Etot   =     -7791.2066  EKtot   =      1881.9823  EPtot      =     -9673.1889
 BOND   =         4.3543  ANGLE   =         6.8886  DIHED      =         4.4243
 UB     =         0.0000  IMP     =         0.0000  CMAP       =         0.5427
 1-4 NB =         3.4125  1-4 EEL =        45.8780  VDWAALS    =      1398.6148
 EELEC  =    -11144.3804  EHBOND  =         0.0000  RESTRAINT  =         7.0761
 EAMBER (non-restraint)  =     -9680.2650
 EKCMT  =       967.7661  VIRIAL  =      1083.7750  VOLUME     =     31270.7378
                                                    Density    =         0.9778
 ------------------------------------------------------------------------------

wrapping first mol.:       11.44548       16.18635       28.03558
wrapping first mol.:       11.44548       16.18635       28.03558

 NSTEP =     7000   TIME(PS) =      14.000  TEMP(K) =   303.16  PRESS =   311.8
 Etot   =     -7804.8763  EKtot   =      1848.8834  EPtot      =     -9653.7597
 BOND   =         4.7524  ANGLE   =         9.2331  DIHED      =         4.2453
 UB     =         0.0000  IMP     =         0.0000  CMAP       =         0.6626
 1-4 NB =         2.9076  1-4 EEL =        40.1166  VDWAALS    =      1463.0127
 EELEC  =    -11186.1536  EHBOND  =         0.0000  RESTRAINT  =         7.4637
 EAMBER (non-restraint)  =     -9661.2234
 EKCMT  =       935.0173  VIRIAL  =       725.1969  VOLUME     =     31162.4602
                                                    Density    =         0.9811
 ------------------------------------------------------------------------------

wrapping first mol.:       11.43788       16.17561       28.01697
wrapping first mol.:       11.43788       16.17561       28.01697

 NSTEP =     7500   TIME(PS) =      15.000  TEMP(K) =   301.02  PRESS =  -293.5
 Etot   =     -7847.5015  EKtot   =      1835.8127  EPtot      =     -9683.3142
 BOND   =         3.3785  ANGLE   =         5.5304  DIHED      =         3.1947
 UB     =         0.0000  IMP     =         0.0000  CMAP       =         0.3619
 1-4 NB =         2.9772  1-4 EEL =        49.3409  VDWAALS    =      1391.8698
 EELEC  =    -11149.6726  EHBOND  =         0.0000  RESTRAINT  =         9.7048
 EAMBER (non-restraint)  =     -9693.0190
 EKCMT  =       920.2934  VIRIAL  =      1117.3656  VOLUME     =     31102.1153
                                                    Density    =         0.9831
 ------------------------------------------------------------------------------

wrapping first mol.:       11.43541       16.17211       28.01091
wrapping first mol.:       11.43541       16.17211       28.01091

 NSTEP =     8000   TIME(PS) =      16.000  TEMP(K) =   304.80  PRESS =  -346.6
 Etot   =     -7849.3306  EKtot   =      1858.8594  EPtot      =     -9708.1900
 BOND   =         1.5458  ANGLE   =         8.8546  DIHED      =         4.1484
 UB     =         0.0000  IMP     =         0.0000  CMAP       =         0.3209
 1-4 NB =         2.8925  1-4 EEL =        44.4401  VDWAALS    =      1388.0538
 EELEC  =    -11163.2681  EHBOND  =         0.0000  RESTRAINT  =         4.8219
 EAMBER (non-restraint)  =     -9713.0119
 EKCMT  =       915.0880  VIRIAL  =      1147.6779  VOLUME     =     31082.0736
                                                    Density    =         0.9837
 ------------------------------------------------------------------------------

wrapping first mol.:       11.41481       16.14298       27.96047
wrapping first mol.:       11.41481       16.14298       27.96047

 NSTEP =     8500   TIME(PS) =      17.000  TEMP(K) =   294.43  PRESS =   114.3
 Etot   =     -7919.8292  EKtot   =      1795.6562  EPtot      =     -9715.4854
 BOND   =         3.2290  ANGLE   =         7.8540  DIHED      =         4.3526
 UB     =         0.0000  IMP     =         0.0000  CMAP       =         0.9449
 1-4 NB =         3.0989  1-4 EEL =        44.9020  VDWAALS    =      1452.4038
 EELEC  =    -11238.5859  EHBOND  =         0.0000  RESTRAINT  =         6.3153
 EAMBER (non-restraint)  =     -9721.8007
 EKCMT  =       879.7800  VIRIAL  =       803.4789  VOLUME     =     30913.1892
                                                    Density    =         0.9891
 ------------------------------------------------------------------------------

wrapping first mol.:       11.41800       16.14749       27.96826
wrapping first mol.:       11.41800       16.14749       27.96826

 NSTEP =     9000   TIME(PS) =      18.000  TEMP(K) =   301.48  PRESS =    52.7
 Etot   =     -7875.5468  EKtot   =      1838.6171  EPtot      =     -9714.1639
 BOND   =         2.8792  ANGLE   =         7.2517  DIHED      =         2.9107
 UB     =         0.0000  IMP     =         0.0000  CMAP       =         0.4620
 1-4 NB =         1.6183  1-4 EEL =        44.1909  VDWAALS    =      1440.2724
 EELEC  =    -11218.8411  EHBOND  =         0.0000  RESTRAINT  =         5.0918
 EAMBER (non-restraint)  =     -9719.2557
 EKCMT  =       890.8193  VIRIAL  =       855.6022  VOLUME     =     30939.2254
                                                    Density    =         0.9882
 ------------------------------------------------------------------------------

wrapping first mol.:       11.41950       16.14962       27.97195
wrapping first mol.:       11.41950       16.14962       27.97195

 NSTEP =     9500   TIME(PS) =      19.000  TEMP(K) =   299.45  PRESS =  -257.4
 Etot   =     -7895.9255  EKtot   =      1826.2578  EPtot      =     -9722.1834
 BOND   =         3.1182  ANGLE   =         5.7331  DIHED      =         5.3954
 UB     =         0.0000  IMP     =         0.0000  CMAP       =         0.2869
 1-4 NB =         2.6562  1-4 EEL =        45.9052  VDWAALS    =      1397.3242
 EELEC  =    -11190.0668  EHBOND  =         0.0000  RESTRAINT  =         7.4644
 EAMBER (non-restraint)  =     -9729.6477
 EKCMT  =       895.1114  VIRIAL  =      1067.1046  VOLUME     =     30952.3356
                                                    Density    =         0.9878
 ------------------------------------------------------------------------------

wrapping first mol.:       11.42702       16.16024       27.99035
wrapping first mol.:       11.42702       16.16024       27.99035

 NSTEP =    10000   TIME(PS) =      20.000  TEMP(K) =   299.71  PRESS =   343.0
 Etot   =     -7931.1429  EKtot   =      1827.8218  EPtot      =     -9758.9647
 BOND   =         3.0166  ANGLE   =         6.8578  DIHED      =         3.3679
 UB     =         0.0000  IMP     =         0.0000  CMAP       =         0.5129
 1-4 NB =         2.3645  1-4 EEL =        44.3574  VDWAALS    =      1485.9644
 EELEC  =    -11308.6230  EHBOND  =         0.0000  RESTRAINT  =         3.2169
 EAMBER (non-restraint)  =     -9762.1816
 EKCMT  =       928.4943  VIRIAL  =       698.7977  VOLUME     =     31011.7911
                                                    Density    =         0.9859
 ------------------------------------------------------------------------------

wrapping first mol.:       11.44253       16.18217       28.02835
wrapping first mol.:       11.44253       16.18217       28.02835

 NSTEP =    10500   TIME(PS) =      21.000  TEMP(K) =   307.50  PRESS =  -155.1
 Etot   =     -7846.5938  EKtot   =      1875.3502  EPtot      =     -9721.9441
 BOND   =         2.1266  ANGLE   =        10.0462  DIHED      =         2.6590
 UB     =         0.0000  IMP     =         0.0000  CMAP       =         0.8220
 1-4 NB =         1.9749  1-4 EEL =        44.9608  VDWAALS    =      1433.8694
 EELEC  =    -11223.1368  EHBOND  =         0.0000  RESTRAINT  =         4.7339
 EAMBER (non-restraint)  =     -9726.6780
 EKCMT  =       926.3738  VIRIAL  =      1030.6413  VOLUME     =     31139.6273
                                                    Density    =         0.9819
 ------------------------------------------------------------------------------

wrapping first mol.:       11.47046       16.22169       28.09678
wrapping first mol.:       11.47046       16.22169       28.09678

 NSTEP =    11000   TIME(PS) =      22.000  TEMP(K) =   306.78  PRESS =   437.3
 Etot   =     -7818.9235  EKtot   =      1870.9539  EPtot      =     -9689.8774
 BOND   =         2.9264  ANGLE   =         7.4785  DIHED      =         5.9232
 UB     =         0.0000  IMP     =         0.0000  CMAP       =         0.2331
 1-4 NB =         2.7099  1-4 EEL =        46.2256  VDWAALS    =      1497.4715
 EELEC  =    -11259.3964  EHBOND  =         0.0000  RESTRAINT  =         6.5507
 EAMBER (non-restraint)  =     -9696.4280
 EKCMT  =       967.9386  VIRIAL  =       671.7630  VOLUME     =     31366.6225
                                                    Density    =         0.9748
 ------------------------------------------------------------------------------

wrapping first mol.:       11.48440       16.24139       28.13091
wrapping first mol.:       11.48440       16.24139       28.13091

 NSTEP =    11500   TIME(PS) =      23.000  TEMP(K) =   306.80  PRESS =   -66.3
 Etot   =     -7835.0394  EKtot   =      1871.0916  EPtot      =     -9706.1310
 BOND   =         6.5830  ANGLE   =         8.1402  DIHED      =         5.3097
 UB     =         0.0000  IMP     =         0.0000  CMAP       =         0.5030
 1-4 NB =         2.7711  1-4 EEL =        40.7467  VDWAALS    =      1461.5039
 EELEC  =    -11240.1636  EHBOND  =         0.0000  RESTRAINT  =         8.4750
 EAMBER (non-restraint)  =     -9714.6060
 EKCMT  =       920.5162  VIRIAL  =       965.5987  VOLUME     =     31482.4851
                                                    Density    =         0.9712
 ------------------------------------------------------------------------------

wrapping first mol.:       11.49236       16.25264       28.15040
wrapping first mol.:       11.49236       16.25264       28.15040

 NSTEP =    12000   TIME(PS) =      24.000  TEMP(K) =   295.70  PRESS =    49.6
 Etot   =     -7856.4365  EKtot   =      1803.3623  EPtot      =     -9659.7988
 BOND   =         4.1261  ANGLE   =        11.3533  DIHED      =         4.1397
 UB     =         0.0000  IMP     =         0.0000  CMAP       =         0.6820
 1-4 NB =         3.3456  1-4 EEL =        45.3913  VDWAALS    =      1456.2889
 EELEC  =    -11190.3356  EHBOND  =         0.0000  RESTRAINT  =         5.2098
 EAMBER (non-restraint)  =     -9665.0086
 EKCMT  =       905.6730  VIRIAL  =       871.8939  VOLUME     =     31547.6465
                                                    Density    =         0.9692
 ------------------------------------------------------------------------------

wrapping first mol.:       11.48976       16.24898       28.14405
wrapping first mol.:       11.48976       16.24898       28.14405

 NSTEP =    12500   TIME(PS) =      25.000  TEMP(K) =   295.75  PRESS =   117.1
 Etot   =     -7892.9257  EKtot   =      1803.6602  EPtot      =     -9696.5859
 BOND   =         3.7377  ANGLE   =        11.2091  DIHED      =         2.9663
 UB     =         0.0000  IMP     =         0.0000  CMAP       =         0.6763
 1-4 NB =         2.4243  1-4 EEL =        46.7226  VDWAALS    =      1470.2994
 EELEC  =    -11240.6049  EHBOND  =         0.0000  RESTRAINT  =         5.9834
 EAMBER (non-restraint)  =     -9702.5693
 EKCMT  =       898.9295  VIRIAL  =       819.2517  VOLUME     =     31526.0966
                                                    Density    =         0.9698
 ------------------------------------------------------------------------------

wrapping first mol.:       11.44931       16.19176       28.04496
wrapping first mol.:       11.44931       16.19176       28.04496

 NSTEP =    13000   TIME(PS) =      26.000  TEMP(K) =   293.80  PRESS =    54.8
 Etot   =     -7963.1012  EKtot   =      1791.8197  EPtot      =     -9754.9209
 BOND   =         7.6324  ANGLE   =         7.9004  DIHED      =         4.9712
 UB     =         0.0000  IMP     =         0.0000  CMAP       =         0.2970
 1-4 NB =         2.9145  1-4 EEL =        43.0704  VDWAALS    =      1475.4131
 EELEC  =    -11302.5278  EHBOND  =         0.0000  RESTRAINT  =         5.4080
 EAMBER (non-restraint)  =     -9760.3289
 EKCMT  =       891.4442  VIRIAL  =       854.5501  VOLUME     =     31194.4382
                                                    Density    =         0.9801
 ------------------------------------------------------------------------------

wrapping first mol.:       11.44144       16.18064       28.02570
wrapping first mol.:       11.44144       16.18064       28.02570

 NSTEP =    13500   TIME(PS) =      27.000  TEMP(K) =   296.12  PRESS =  -224.3
 Etot   =     -7869.1450  EKtot   =      1805.9597  EPtot      =     -9675.1047
 BOND   =         4.2952  ANGLE   =        10.2347  DIHED      =         3.3612
 UB     =         0.0000  IMP     =         0.0000  CMAP       =         0.4023
 1-4 NB =         2.8836  1-4 EEL =        44.7886  VDWAALS    =      1404.4751
 EELEC  =    -11151.7894  EHBOND  =         0.0000  RESTRAINT  =         6.2440
 EAMBER (non-restraint)  =     -9681.3487
 EKCMT  =       935.2653  VIRIAL  =      1086.0328  VOLUME     =     31130.9867
                                                    Density    =         0.9821
 ------------------------------------------------------------------------------

wrapping first mol.:       11.42710       16.16035       27.99055
wrapping first mol.:       11.42710       16.16035       27.99055

 NSTEP =    14000   TIME(PS) =      28.000  TEMP(K) =   294.70  PRESS =    -7.4
 Etot   =     -7880.5687  EKtot   =      1797.2908  EPtot      =     -9677.8594
 BOND   =         1.9190  ANGLE   =         7.9664  DIHED      =         5.5197
 UB     =         0.0000  IMP     =         0.0000  CMAP       =         0.2812
 1-4 NB =         1.8307  1-4 EEL =        43.1227  VDWAALS    =      1431.5832
 EELEC  =    -11176.2779  EHBOND  =         0.0000  RESTRAINT  =         6.1955
 EAMBER (non-restraint)  =     -9684.0550
 EKCMT  =       889.0524  VIRIAL  =       893.9781  VOLUME     =     31013.4250
                                                    Density    =         0.9859
 ------------------------------------------------------------------------------

wrapping first mol.:       11.41796       16.14744       27.96818
wrapping first mol.:       11.41796       16.14744       27.96818

 NSTEP =    14500   TIME(PS) =      29.000  TEMP(K) =   298.70  PRESS =  -342.2
 Etot   =     -7985.1964  EKtot   =      1821.6820  EPtot      =     -9806.8784
 BOND   =         2.4284  ANGLE   =         7.4381  DIHED      =         3.8271
 UB     =         0.0000  IMP     =         0.0000  CMAP       =         0.7104
 1-4 NB =         1.6727  1-4 EEL =        44.4967  VDWAALS    =      1428.2588
 EELEC  =    -11301.5522  EHBOND  =         0.0000  RESTRAINT  =         5.8415
 EAMBER (non-restraint)  =     -9812.7199
 EKCMT  =       926.9145  VIRIAL  =      1155.4887  VOLUME     =     30940.0559
                                                    Density    =         0.9882
 ------------------------------------------------------------------------------

wrapping first mol.:       11.39277       16.11181       27.90647
wrapping first mol.:       11.39277       16.11181       27.90647

 NSTEP =    15000   TIME(PS) =      30.000  TEMP(K) =   283.24  PRESS =  -361.4
 Etot   =     -8101.1119  EKtot   =      1727.4093  EPtot      =     -9828.5212
 BOND   =         5.7254  ANGLE   =         9.2781  DIHED      =         3.2080
 UB     =         0.0000  IMP     =         0.0000  CMAP       =         0.7042
 1-4 NB =         2.0218  1-4 EEL =        43.7484  VDWAALS    =      1430.4165
 EELEC  =    -11329.5228  EHBOND  =         0.0000  RESTRAINT  =         5.8993
 EAMBER (non-restraint)  =     -9834.4205
 EKCMT  =       854.9901  VIRIAL  =      1094.7951  VOLUME     =     30735.7451
                                                    Density    =         0.9948
 ------------------------------------------------------------------------------

wrapping first mol.:       11.39120       16.10958       27.90261
wrapping first mol.:       11.39120       16.10958       27.90261

 NSTEP =    15500   TIME(PS) =      31.000  TEMP(K) =   300.72  PRESS =    68.3
 Etot   =     -7862.1818  EKtot   =      1833.9734  EPtot      =     -9696.1552
 BOND   =         3.4939  ANGLE   =        10.6222  DIHED      =         3.4188
 UB     =         0.0000  IMP     =         0.0000  CMAP       =         0.7228
 1-4 NB =         2.7906  1-4 EEL =        42.3314  VDWAALS    =      1421.8754
 EELEC  =    -11185.5020  EHBOND  =         0.0000  RESTRAINT  =         4.0917
 EAMBER (non-restraint)  =     -9700.2469
 EKCMT  =       899.6534  VIRIAL  =       854.3343  VOLUME     =     30721.8267
                                                    Density    =         0.9952
 ------------------------------------------------------------------------------

wrapping first mol.:       11.39990       16.12189       27.92392
wrapping first mol.:       11.39990       16.12189       27.92392

 NSTEP =    16000   TIME(PS) =      32.000  TEMP(K) =   293.41  PRESS =    68.9
 Etot   =     -7940.5825  EKtot   =      1789.4215  EPtot      =     -9730.0040
 BOND   =         4.2121  ANGLE   =         7.2178  DIHED      =         3.0064
 UB     =         0.0000  IMP     =         0.0000  CMAP       =         0.3907
 1-4 NB =         3.4052  1-4 EEL =        46.4518  VDWAALS    =      1433.4356
 EELEC  =    -11236.2141  EHBOND  =         0.0000  RESTRAINT  =         8.0906
 EAMBER (non-restraint)  =     -9738.0946
 EKCMT  =       914.2610  VIRIAL  =       868.4761  VOLUME     =     30792.2657
                                                    Density    =         0.9929
 ------------------------------------------------------------------------------

wrapping first mol.:       11.43658       16.17376       28.01377
wrapping first mol.:       11.43658       16.17376       28.01377

 NSTEP =    16500   TIME(PS) =      33.000  TEMP(K) =   301.57  PRESS =   380.3
 Etot   =     -7865.4238  EKtot   =      1839.1801  EPtot      =     -9704.6038
 BOND   =         2.0722  ANGLE   =         8.1400  DIHED      =         3.0156
 UB     =         0.0000  IMP     =         0.0000  CMAP       =         0.5610
 1-4 NB =         2.9921  1-4 EEL =        46.8766  VDWAALS    =      1478.9265
 EELEC  =    -11251.6879  EHBOND  =         0.0000  RESTRAINT  =         4.5000
 EAMBER (non-restraint)  =     -9709.1038
 EKCMT  =       906.2612  VIRIAL  =       650.9775  VOLUME     =     31089.5888
                                                    Density    =         0.9834
 ------------------------------------------------------------------------------

wrapping first mol.:       11.46580       16.21509       28.08535
wrapping first mol.:       11.46580       16.21509       28.08535

 NSTEP =    17000   TIME(PS) =      34.000  TEMP(K) =   304.23  PRESS =  -334.4
 Etot   =     -7837.2929  EKtot   =      1855.4290  EPtot      =     -9692.7219
 BOND   =         2.7758  ANGLE   =         8.5110  DIHED      =         2.9283
 UB     =         0.0000  IMP     =         0.0000  CMAP       =         0.6757
 1-4 NB =         2.8425  1-4 EEL =        44.4507  VDWAALS    =      1395.4975
 EELEC  =    -11156.4162  EHBOND  =         0.0000  RESTRAINT  =         6.0127
 EAMBER (non-restraint)  =     -9698.7346
 EKCMT  =       924.3511  VIRIAL  =      1150.5689  VOLUME     =     31330.5238
                                                    Density    =         0.9759
 ------------------------------------------------------------------------------

wrapping first mol.:       11.43756       16.17515       28.01618
wrapping first mol.:       11.43756       16.17515       28.01618

 NSTEP =    17500   TIME(PS) =      35.000  TEMP(K) =   303.96  PRESS =  -262.0
 Etot   =     -7903.5101  EKtot   =      1853.7341  EPtot      =     -9757.2442
 BOND   =         2.6868  ANGLE   =         6.9748  DIHED      =         3.5858
 UB     =         0.0000  IMP     =         0.0000  CMAP       =         0.4142
 1-4 NB =         2.4099  1-4 EEL =        45.1903  VDWAALS    =      1422.8943
 EELEC  =    -11246.2615  EHBOND  =         0.0000  RESTRAINT  =         4.8612
 EAMBER (non-restraint)  =     -9762.1054
 EKCMT  =       912.7980  VIRIAL  =      1088.7288  VOLUME     =     31099.4080
                                                    Density    =         0.9831
 ------------------------------------------------------------------------------

wrapping first mol.:       11.41833       16.14795       27.96907
wrapping first mol.:       11.41833       16.14795       27.96907

 NSTEP =    18000   TIME(PS) =      36.000  TEMP(K) =   294.90  PRESS =   -22.4
 Etot   =     -7933.0953  EKtot   =      1798.5160  EPtot      =     -9731.6113
 BOND   =         3.2837  ANGLE   =         9.4520  DIHED      =         3.6761
 UB     =         0.0000  IMP     =         0.0000  CMAP       =         0.4227
 1-4 NB =         2.5012  1-4 EEL =        47.9580  VDWAALS    =      1433.0690
 EELEC  =    -11238.0245  EHBOND  =         0.0000  RESTRAINT  =         6.0504
 EAMBER (non-restraint)  =     -9737.6617
 EKCMT  =       903.9363  VIRIAL  =       918.9302  VOLUME     =     30942.1127
                                                    Density    =         0.9881
 ------------------------------------------------------------------------------

wrapping first mol.:       11.41931       16.14935       27.97148
wrapping first mol.:       11.41931       16.14935       27.97148

 NSTEP =    18500   TIME(PS) =      37.000  TEMP(K) =   304.31  PRESS =   142.7
 Etot   =     -7849.9136  EKtot   =      1855.8999  EPtot      =     -9705.8135
 BOND   =         2.1533  ANGLE   =         9.8196  DIHED      =         2.7127
 UB     =         0.0000  IMP     =         0.0000  CMAP       =         0.6030
 1-4 NB =         2.1799  1-4 EEL =        45.3313  VDWAALS    =      1440.9513
 EELEC  =    -11213.2727  EHBOND  =         0.0000  RESTRAINT  =         3.7082
 EAMBER (non-restraint)  =     -9709.5217
 EKCMT  =       931.7102  VIRIAL  =       836.3284  VOLUME     =     30949.6689
                                                    Density    =         0.9879
 ------------------------------------------------------------------------------

wrapping first mol.:       11.42939       16.16360       27.99617
wrapping first mol.:       11.42939       16.16360       27.99617

 NSTEP =    19000   TIME(PS) =      38.000  TEMP(K) =   298.40  PRESS =   566.2
 Etot   =     -7887.6719  EKtot   =      1819.8765  EPtot      =     -9707.5484
 BOND   =         1.6965  ANGLE   =         7.8415  DIHED      =         5.1095
 UB     =         0.0000  IMP     =         0.0000  CMAP       =         0.9581
 1-4 NB =         2.1739  1-4 EEL =        43.9416  VDWAALS    =      1512.8743
 EELEC  =    -11287.3207  EHBOND  =         0.0000  RESTRAINT  =         5.1768
 EAMBER (non-restraint)  =     -9712.7251
 EKCMT  =       900.8597  VIRIAL  =       521.5382  VOLUME     =     31030.5260
                                                    Density    =         0.9853
 ------------------------------------------------------------------------------

wrapping first mol.:       11.44193       16.18133       28.02688
wrapping first mol.:       11.44193       16.18133       28.02688

 NSTEP =    19500   TIME(PS) =      39.000  TEMP(K) =   302.98  PRESS =   -34.4
 Etot   =     -7870.7798  EKtot   =      1847.7681  EPtot      =     -9718.5478
 BOND   =         3.0970  ANGLE   =         5.4514  DIHED      =         3.1997
 UB     =         0.0000  IMP     =         0.0000  CMAP       =         0.4473
 1-4 NB =         2.4210  1-4 EEL =        44.3349  VDWAALS    =      1439.0564
 EELEC  =    -11221.2417  EHBOND  =         0.0000  RESTRAINT  =         4.6864
 EAMBER (non-restraint)  =     -9723.2342
 EKCMT  =       924.0376  VIRIAL  =       947.1819  VOLUME     =     31134.4192
                                                    Density    =         0.9820
 ------------------------------------------------------------------------------

wrapping first mol.:       11.43234       16.16777       28.00340
wrapping first mol.:       11.43234       16.16777       28.00340

 NSTEP =    20000   TIME(PS) =      40.000  TEMP(K) =   294.41  PRESS =  -174.2
 Etot   =     -7918.2827  EKtot   =      1795.5288  EPtot      =     -9713.8115
 BOND   =         3.5470  ANGLE   =         7.4975  DIHED      =         6.0689
 UB     =         0.0000  IMP     =         0.0000  CMAP       =         1.1222
 1-4 NB =         2.4796  1-4 EEL =        44.5212  VDWAALS    =      1409.6469
 EELEC  =    -11196.0748  EHBOND  =         0.0000  RESTRAINT  =         7.3799
 EAMBER (non-restraint)  =     -9721.1915
 EKCMT  =       900.7463  VIRIAL  =      1017.5843  VOLUME     =     31056.6090
                                                    Density    =         0.9845
 ------------------------------------------------------------------------------

wrapping first mol.:       11.42698       16.16019       27.99027
wrapping first mol.:       11.42698       16.16019       27.99027

 NSTEP =    20500   TIME(PS) =      41.000  TEMP(K) =   305.92  PRESS =   450.5
 Etot   =     -7880.5553  EKtot   =      1865.7253  EPtot      =     -9746.2806
 BOND   =         0.4147  ANGLE   =         8.7279  DIHED      =         5.0309
 UB     =         0.0000  IMP     =         0.0000  CMAP       =         0.8106
 1-4 NB =         3.1940  1-4 EEL =        45.2481  VDWAALS    =      1506.9917
 EELEC  =    -11323.5332  EHBOND  =         0.0000  RESTRAINT  =         6.8346
 EAMBER (non-restraint)  =     -9753.1152
 EKCMT  =       940.3450  VIRIAL  =       638.7363  VOLUME     =     31011.2159
                                                    Density    =         0.9859
 ------------------------------------------------------------------------------

wrapping first mol.:       11.41561       16.14411       27.96242
wrapping first mol.:       11.41561       16.14411       27.96242

 NSTEP =    21000   TIME(PS) =      42.000  TEMP(K) =   286.05  PRESS =    63.7
 Etot   =     -7878.4313  EKtot   =      1744.5342  EPtot      =     -9622.9655
 BOND   =         2.7946  ANGLE   =         9.4234  DIHED      =         3.3464
 UB     =         0.0000  IMP     =         0.0000  CMAP       =         0.4620
 1-4 NB =         2.3198  1-4 EEL =        45.8372  VDWAALS    =      1402.4123
 EELEC  =    -11094.3689  EHBOND  =         0.0000  RESTRAINT  =         4.8077
 EAMBER (non-restraint)  =     -9627.7732
 EKCMT  =       881.4129  VIRIAL  =       838.9046  VOLUME     =     30919.8077
                                                    Density    =         0.9888
 ------------------------------------------------------------------------------

wrapping first mol.:       11.40368       16.12724       27.93320
wrapping first mol.:       11.40368       16.12724       27.93320

 NSTEP =    21500   TIME(PS) =      43.000  TEMP(K) =   292.85  PRESS =   -59.4
 Etot   =     -7907.3319  EKtot   =      1785.9966  EPtot      =     -9693.3285
 BOND   =         1.0526  ANGLE   =        11.2709  DIHED      =         3.2006
 UB     =         0.0000  IMP     =         0.0000  CMAP       =         0.8429
 1-4 NB =         2.4676  1-4 EEL =        43.1737  VDWAALS    =      1421.3648
 EELEC  =    -11182.6335  EHBOND  =         0.0000  RESTRAINT  =         5.9318
 EAMBER (non-restraint)  =     -9699.2603
 EKCMT  =       887.9072  VIRIAL  =       927.4426  VOLUME     =     30823.3221
                                                    Density    =         0.9919
 ------------------------------------------------------------------------------

wrapping first mol.:       11.41587       16.14448       27.96305
wrapping first mol.:       11.41587       16.14448       27.96305

 NSTEP =    22000   TIME(PS) =      44.000  TEMP(K) =   304.04  PRESS =    -2.6
 Etot   =     -7753.0977  EKtot   =      1854.2622  EPtot      =     -9607.3599
 BOND   =         4.4003  ANGLE   =         4.9536  DIHED      =         2.5936
 UB     =         0.0000  IMP     =         0.0000  CMAP       =         0.5529
 1-4 NB =         2.5718  1-4 EEL =        46.3309  VDWAALS    =      1398.9852
 EELEC  =    -11073.0063  EHBOND  =         0.0000  RESTRAINT  =         5.2581
 EAMBER (non-restraint)  =     -9612.6180
 EKCMT  =       904.1393  VIRIAL  =       905.9022  VOLUME     =     30922.0911
                                                    Density    =         0.9888
 ------------------------------------------------------------------------------

wrapping first mol.:       11.44777       16.18960       28.04120
wrapping first mol.:       11.44777       16.18960       28.04120

 NSTEP =    22500   TIME(PS) =      45.000  TEMP(K) =   311.51  PRESS =   -67.1
 Etot   =     -7727.2388  EKtot   =      1899.7910  EPtot      =     -9627.0298
 BOND   =         2.9363  ANGLE   =         5.0112  DIHED      =         3.3843
 UB     =         0.0000  IMP     =         0.0000  CMAP       =         0.6504
 1-4 NB =         2.1005  1-4 EEL =        42.9819  VDWAALS    =      1390.5663
 EELEC  =    -11079.9312  EHBOND  =         0.0000  RESTRAINT  =         5.2703
 EAMBER (non-restraint)  =     -9632.3001
 EKCMT  =       960.9399  VIRIAL  =      1006.1161  VOLUME     =     31182.2554
                                                    Density    =         0.9805
 ------------------------------------------------------------------------------

wrapping first mol.:       11.44318       16.18310       28.02996
wrapping first mol.:       11.44318       16.18310       28.02996

 NSTEP =    23000   TIME(PS) =      46.000  TEMP(K) =   306.16  PRESS =   298.2
 Etot   =     -7794.0018  EKtot   =      1867.1536  EPtot      =     -9661.1554
 BOND   =         3.5643  ANGLE   =         8.5784  DIHED      =         3.9672
 UB     =         0.0000  IMP     =         0.0000  CMAP       =         0.2521
 1-4 NB =         2.6815  1-4 EEL =        45.1357  VDWAALS    =      1451.1757
 EELEC  =    -11184.9664  EHBOND  =         0.0000  RESTRAINT  =         8.4559
 EAMBER (non-restraint)  =     -9669.6113
 EKCMT  =       964.5643  VIRIAL  =       764.0230  VOLUME     =     31143.7401
                                                    Density    =         0.9817
 ------------------------------------------------------------------------------

wrapping first mol.:       11.43983       16.17836       28.02174
wrapping first mol.:       11.43983       16.17836       28.02174

 NSTEP =    23500   TIME(PS) =      47.000  TEMP(K) =   301.58  PRESS =    -7.2
 Etot   =     -7817.5476  EKtot   =      1839.2404  EPtot      =     -9656.7879
 BOND   =         3.3620  ANGLE   =        13.6915  DIHED      =         2.7578
 UB     =         0.0000  IMP     =         0.0000  CMAP       =         0.9256
 1-4 NB =         2.3773  1-4 EEL =        45.4504  VDWAALS    =      1414.6352
 EELEC  =    -11147.2676  EHBOND  =         0.0000  RESTRAINT  =         7.2799
 EAMBER (non-restraint)  =     -9664.0678
 EKCMT  =       942.2455  VIRIAL  =       947.0640  VOLUME     =     31117.1940
                                                    Density    =         0.9826
 ------------------------------------------------------------------------------

wrapping first mol.:       11.43664       16.17385       28.01393
wrapping first mol.:       11.43664       16.17385       28.01393

 NSTEP =    24000   TIME(PS) =      48.000  TEMP(K) =   300.34  PRESS =  -135.6
 Etot   =     -7877.2275  EKtot   =      1831.6938  EPtot      =     -9708.9214
 BOND   =         2.4259  ANGLE   =         8.1189  DIHED      =         3.1285
 UB     =         0.0000  IMP     =         0.0000  CMAP       =         0.4973
 1-4 NB =         2.7066  1-4 EEL =        44.6880  VDWAALS    =      1417.3262
 EELEC  =    -11194.4213  EHBOND  =         0.0000  RESTRAINT  =         6.6084
 EAMBER (non-restraint)  =     -9715.5298
 EKCMT  =       916.6816  VIRIAL  =      1007.7044  VOLUME     =     31091.5508
                                                    Density    =         0.9834
 ------------------------------------------------------------------------------

wrapping first mol.:       11.45673       16.20227       28.06315
wrapping first mol.:       11.45673       16.20227       28.06315

 NSTEP =    24500   TIME(PS) =      49.000  TEMP(K) =   301.46  PRESS =  -199.7
 Etot   =     -7903.8607  EKtot   =      1838.5055  EPtot      =     -9742.3662
 BOND   =         1.5794  ANGLE   =         7.2197  DIHED      =         3.6012
 UB     =         0.0000  IMP     =         0.0000  CMAP       =         0.4537
 1-4 NB =         2.5852  1-4 EEL =        45.8092  VDWAALS    =      1442.8254
 EELEC  =    -11251.6369  EHBOND  =         0.0000  RESTRAINT  =         5.1969
 EAMBER (non-restraint)  =     -9747.5630
 EKCMT  =       890.0909  VIRIAL  =      1024.8388  VOLUME     =     31255.8970
                                                    Density    =         0.9782
 ------------------------------------------------------------------------------

wrapping first mol.:       11.43770       16.17535       28.01653
wrapping first mol.:       11.43770       16.17535       28.01653

 NSTEP =    25000   TIME(PS) =      50.000  TEMP(K) =   295.69  PRESS =  -115.3
 Etot   =     -7879.4835  EKtot   =      1803.3356  EPtot      =     -9682.8190
 BOND   =         3.7322  ANGLE   =        10.1398  DIHED      =         3.6718
 UB     =         0.0000  IMP     =         0.0000  CMAP       =         0.5832
 1-4 NB =         3.7520  1-4 EEL =        47.4733  VDWAALS    =      1422.1509
 EELEC  =    -11183.4686  EHBOND  =         0.0000  RESTRAINT  =         9.1463
 EAMBER (non-restraint)  =     -9691.9653
 EKCMT  =       905.7146  VIRIAL  =       983.1500  VOLUME     =     31100.1427
                                                    Density    =         0.9831
 ------------------------------------------------------------------------------

wrapping first mol.:       11.44987       16.19257       28.04634
wrapping first mol.:       11.44987       16.19257       28.04634

 NSTEP =    25500   TIME(PS) =      51.000  TEMP(K) =   292.94  PRESS =    37.2
 Etot   =     -7917.0452  EKtot   =      1786.5559  EPtot      =     -9703.6011
 BOND   =         2.6715  ANGLE   =        13.9678  DIHED      =         5.1742
 UB     =         0.0000  IMP     =         0.0000  CMAP       =         0.8238
 1-4 NB =         3.0496  1-4 EEL =        44.0809  VDWAALS    =      1447.7441
 EELEC  =    -11225.5742  EHBOND  =         0.0000  RESTRAINT  =         4.4611
 EAMBER (non-restraint)  =     -9708.0622
 EKCMT  =       876.9371  VIRIAL  =       851.8789  VOLUME     =     31199.1204
                                                    Density    =         0.9800
 ------------------------------------------------------------------------------

wrapping first mol.:       11.45224       16.19592       28.05215
wrapping first mol.:       11.45224       16.19592       28.05215

 NSTEP =    26000   TIME(PS) =      52.000  TEMP(K) =   286.58  PRESS =  -173.7
 Etot   =     -7967.1240  EKtot   =      1747.7629  EPtot      =     -9714.8869
 BOND   =         2.9424  ANGLE   =         9.2141  DIHED      =         3.8648
 UB     =         0.0000  IMP     =         0.0000  CMAP       =         0.9217
 1-4 NB =         2.7626  1-4 EEL =        45.2370  VDWAALS    =      1430.5955
 EELEC  =    -11215.8331  EHBOND  =         0.0000  RESTRAINT  =         5.4081
 EAMBER (non-restraint)  =     -9720.2950
 EKCMT  =       835.2010  VIRIAL  =       952.3081  VOLUME     =     31219.0886
                                                    Density    =         0.9794
 ------------------------------------------------------------------------------

wrapping first mol.:       11.43012       16.16463       27.99796
wrapping first mol.:       11.43012       16.16463       27.99796

 NSTEP =    26500   TIME(PS) =      53.000  TEMP(K) =   303.61  PRESS =     3.4
 Etot   =     -7873.9600  EKtot   =      1851.6140  EPtot      =     -9725.5740
 BOND   =         2.4066  ANGLE   =         8.0972  DIHED      =         3.3390
 UB     =         0.0000  IMP     =         0.0000  CMAP       =         0.5873
 1-4 NB =         3.2172  1-4 EEL =        43.9308  VDWAALS    =      1445.6865
 EELEC  =    -11238.7002  EHBOND  =         0.0000  RESTRAINT  =         5.8616
 EAMBER (non-restraint)  =     -9731.4356
 EKCMT  =       928.2958  VIRIAL  =       925.9846  VOLUME     =     31038.0139
                                                    Density    =         0.9851
 ------------------------------------------------------------------------------

wrapping first mol.:       11.44059       16.17944       28.02361
wrapping first mol.:       11.44059       16.17944       28.02361

 NSTEP =    27000   TIME(PS) =      54.000  TEMP(K) =   307.60  PRESS =    59.4
 Etot   =     -7856.2444  EKtot   =      1875.9541  EPtot      =     -9732.1985
 BOND   =         4.5922  ANGLE   =         8.1602  DIHED      =         4.1628
 UB     =         0.0000  IMP     =         0.0000  CMAP       =         0.4896
 1-4 NB =         2.0995  1-4 EEL =        44.0164  VDWAALS    =      1449.6264
 EELEC  =    -11250.8990  EHBOND  =         0.0000  RESTRAINT  =         5.5534
 EAMBER (non-restraint)  =     -9737.7519
 EKCMT  =       922.0893  VIRIAL  =       882.1835  VOLUME     =     31123.2572
                                                    Density    =         0.9824
 ------------------------------------------------------------------------------

wrapping first mol.:       11.42116       16.15195       27.97600
wrapping first mol.:       11.42116       16.15195       27.97600

 NSTEP =    27500   TIME(PS) =      55.000  TEMP(K) =   299.97  PRESS =  -343.3
 Etot   =     -7911.8486  EKtot   =      1829.4045  EPtot      =     -9741.2532
 BOND   =         2.4101  ANGLE   =         4.7778  DIHED      =         2.6056
 UB     =         0.0000  IMP     =         0.0000  CMAP       =         0.5345
 1-4 NB =         2.3398  1-4 EEL =        43.6531  VDWAALS    =      1398.0892
 EELEC  =    -11201.4839  EHBOND  =         0.0000  RESTRAINT  =         5.8205
 EAMBER (non-restraint)  =     -9747.0737
 EKCMT  =       887.6672  VIRIAL  =      1117.1756  VOLUME     =     30966.0092
                                                    Density    =         0.9874
 ------------------------------------------------------------------------------

wrapping first mol.:       11.42330       16.15498       27.98125
wrapping first mol.:       11.42330       16.15498       27.98125

 NSTEP =    28000   TIME(PS) =      56.000  TEMP(K) =   299.38  PRESS =  -296.6
 Etot   =     -7877.3757  EKtot   =      1825.8533  EPtot      =     -9703.2290
 BOND   =         4.1618  ANGLE   =        12.0140  DIHED      =         4.3578
 UB     =         0.0000  IMP     =         0.0000  CMAP       =         0.7028
 1-4 NB =         2.1331  1-4 EEL =        44.4672  VDWAALS    =      1394.9485
 EELEC  =    -11172.0143  EHBOND  =         0.0000  RESTRAINT  =         6.0001
 EAMBER (non-restraint)  =     -9709.2291
 EKCMT  =       890.0243  VIRIAL  =      1088.4316  VOLUME     =     30983.3049
                                                    Density    =         0.9868
 ------------------------------------------------------------------------------

wrapping first mol.:       11.44187       16.18125       28.02675
wrapping first mol.:       11.44187       16.18125       28.02675

 NSTEP =    28500   TIME(PS) =      57.000  TEMP(K) =   305.81  PRESS =   310.5
 Etot   =     -7768.9277  EKtot   =      1865.0657  EPtot      =     -9633.9933
 BOND   =         3.8568  ANGLE   =         8.7936  DIHED      =         4.6362
 UB     =         0.0000  IMP     =         0.0000  CMAP       =         0.8303
 1-4 NB =         2.3237  1-4 EEL =        46.4801  VDWAALS    =      1455.1584
 EELEC  =    -11160.1893  EHBOND  =         0.0000  RESTRAINT  =         4.1169
 EAMBER (non-restraint)  =     -9638.1102
 EKCMT  =       893.1670  VIRIAL  =       684.4785  VOLUME     =     31133.0131
                                                    Density    =         0.9821
 ------------------------------------------------------------------------------

wrapping first mol.:       11.44241       16.18201       28.02806
wrapping first mol.:       11.44241       16.18201       28.02806

 NSTEP =    29000   TIME(PS) =      58.000  TEMP(K) =   307.55  PRESS =   211.5
 Etot   =     -7787.2771  EKtot   =      1875.6648  EPtot      =     -9662.9418
 BOND   =         3.7460  ANGLE   =         9.7610  DIHED      =         3.6069
 UB     =         0.0000  IMP     =         0.0000  CMAP       =         0.6144
 1-4 NB =         2.5280  1-4 EEL =        45.8482  VDWAALS    =      1449.8074
 EELEC  =    -11183.4896  EHBOND  =         0.0000  RESTRAINT  =         4.6359
 EAMBER (non-restraint)  =     -9667.5777
 EKCMT  =       949.7744  VIRIAL  =       807.6111  VOLUME     =     31137.6456
                                                    Density    =         0.9819
 ------------------------------------------------------------------------------

wrapping first mol.:       11.41738       16.14661       27.96674
wrapping first mol.:       11.41738       16.14661       27.96674

 NSTEP =    29500   TIME(PS) =      59.000  TEMP(K) =   295.54  PRESS =   685.4
 Etot   =     -7906.3332  EKtot   =      1802.4236  EPtot      =     -9708.7568
 BOND   =         2.6558  ANGLE   =         9.8193  DIHED      =         4.0507
 UB     =         0.0000  IMP     =         0.0000  CMAP       =         0.5046
 1-4 NB =         2.2919  1-4 EEL =        47.9208  VDWAALS    =      1525.2573
 EELEC  =    -11310.4156  EHBOND  =         0.0000  RESTRAINT  =         9.1585
 EAMBER (non-restraint)  =     -9717.9153
 EKCMT  =       897.9085  VIRIAL  =       440.1722  VOLUME     =     30932.4325
                                                    Density    =         0.9884
 ------------------------------------------------------------------------------

wrapping first mol.:       11.40775       16.13299       27.94316
wrapping first mol.:       11.40775       16.13299       27.94316

 NSTEP =    30000   TIME(PS) =      60.000  TEMP(K) =   299.11  PRESS =   103.9
 Etot   =     -7928.3111  EKtot   =      1824.1914  EPtot      =     -9752.5025
 BOND   =         0.7524  ANGLE   =         8.8282  DIHED      =         4.4091
 UB     =         0.0000  IMP     =         0.0000  CMAP       =         0.7923
 1-4 NB =         3.1798  1-4 EEL =        44.1992  VDWAALS    =      1454.7200
 EELEC  =    -11275.4134  EHBOND  =         0.0000  RESTRAINT  =         6.0299
 EAMBER (non-restraint)  =     -9758.5323
 EKCMT  =       910.9238  VIRIAL  =       841.6825  VOLUME     =     30855.8641
                                                    Density    =         0.9909
 ------------------------------------------------------------------------------

wrapping first mol.:       11.42679       16.15992       27.98980
wrapping first mol.:       11.42679       16.15992       27.98980

 NSTEP =    30500   TIME(PS) =      61.000  TEMP(K) =   298.44  PRESS =  -359.6
 Etot   =     -7937.0313  EKtot   =      1820.1133  EPtot      =     -9757.1446
 BOND   =         2.4279  ANGLE   =         9.4715  DIHED      =         3.2898
 UB     =         0.0000  IMP     =         0.0000  CMAP       =         0.6136
 1-4 NB =         2.5628  1-4 EEL =        45.2510  VDWAALS    =      1415.7128
 EELEC  =    -11242.7449  EHBOND  =         0.0000  RESTRAINT  =         6.2710
 EAMBER (non-restraint)  =     -9763.4156
 EKCMT  =       910.6240  VIRIAL  =      1151.4330  VOLUME     =     31011.9038
                                                    Density    =         0.9859
 ------------------------------------------------------------------------------

wrapping first mol.:       11.42725       16.16058       27.99094
wrapping first mol.:       11.42725       16.16058       27.99094

 NSTEP =    31000   TIME(PS) =      62.000  TEMP(K) =   296.79  PRESS =   -17.0
 Etot   =     -7880.2032  EKtot   =      1810.0564  EPtot      =     -9690.2596
 BOND   =         3.4554  ANGLE   =         7.5725  DIHED      =         3.7123
 UB     =         0.0000  IMP     =         0.0000  CMAP       =         0.4889
 1-4 NB =         2.3140  1-4 EEL =        45.9777  VDWAALS    =      1427.2158
 EELEC  =    -11187.5916  EHBOND  =         0.0000  RESTRAINT  =         6.5952
 EAMBER (non-restraint)  =     -9696.8549
 EKCMT  =       893.6363  VIRIAL  =       904.9955  VOLUME     =     31014.7214
                                                    Density    =         0.9858
 ------------------------------------------------------------------------------

wrapping first mol.:       11.41236       16.13951       27.95445
wrapping first mol.:       11.41236       16.13951       27.95445

 NSTEP =    31500   TIME(PS) =      63.000  TEMP(K) =   298.66  PRESS =   -96.5
 Etot   =     -7998.4241  EKtot   =      1821.4132  EPtot      =     -9819.8373
 BOND   =         3.0781  ANGLE   =         8.6173  DIHED      =         4.1399
 UB     =         0.0000  IMP     =         0.0000  CMAP       =         0.7044
 1-4 NB =         2.8981  1-4 EEL =        43.1709  VDWAALS    =      1448.7013
 EELEC  =    -11335.1317  EHBOND  =         0.0000  RESTRAINT  =         3.9844
 EAMBER (non-restraint)  =     -9823.8217
 EKCMT  =       910.3314  VIRIAL  =       974.6908  VOLUME     =     30893.8311
                                                    Density    =         0.9897
 ------------------------------------------------------------------------------

wrapping first mol.:       11.40797       16.13330       27.94370
wrapping first mol.:       11.40797       16.13330       27.94370

 NSTEP =    32000   TIME(PS) =      64.000  TEMP(K) =   300.87  PRESS =   -64.8
 Etot   =     -7821.6305  EKtot   =      1834.8971  EPtot      =     -9656.5276
 BOND   =         2.0234  ANGLE   =         7.2042  DIHED      =         3.7034
 UB     =         0.0000  IMP     =         0.0000  CMAP       =         0.9016
 1-4 NB =         2.1502  1-4 EEL =        42.3352  VDWAALS    =      1398.8214
 EELEC  =    -11118.8043  EHBOND  =         0.0000  RESTRAINT  =         5.1372
 EAMBER (non-restraint)  =     -9661.6648
 EKCMT  =       916.9039  VIRIAL  =       960.0888  VOLUME     =     30858.0964
                                                    Density    =         0.9908
 ------------------------------------------------------------------------------

wrapping first mol.:       11.40992       16.13607       27.94849
wrapping first mol.:       11.40992       16.13607       27.94849

 NSTEP =    32500   TIME(PS) =      65.000  TEMP(K) =   296.42  PRESS =  -186.2
 Etot   =     -7880.5860  EKtot   =      1807.7440  EPtot      =     -9688.3300
 BOND   =         3.2358  ANGLE   =         4.0239  DIHED      =         3.3214
 UB     =         0.0000  IMP     =         0.0000  CMAP       =         0.5191
 1-4 NB =         3.2292  1-4 EEL =        47.0539  VDWAALS    =      1389.4538
 EELEC  =    -11144.7875  EHBOND  =         0.0000  RESTRAINT  =         5.6203
 EAMBER (non-restraint)  =     -9693.9503
 EKCMT  =       899.9146  VIRIAL  =      1024.0554  VOLUME     =     30874.3054
                                                    Density    =         0.9903
 ------------------------------------------------------------------------------

wrapping first mol.:       11.43650       16.17365       28.01358
wrapping first mol.:       11.43650       16.17365       28.01358

 NSTEP =    33000   TIME(PS) =      66.000  TEMP(K) =   286.53  PRESS =    -2.3
 Etot   =     -7963.4670  EKtot   =      1747.4695  EPtot      =     -9710.9365
 BOND   =         1.0602  ANGLE   =         7.3280  DIHED      =         4.6524
 UB     =         0.0000  IMP     =         0.0000  CMAP       =         0.8548
 1-4 NB =         2.3818  1-4 EEL =        46.2635  VDWAALS    =      1441.0011
 EELEC  =    -11218.1407  EHBOND  =         0.0000  RESTRAINT  =         3.6624
 EAMBER (non-restraint)  =     -9714.5989
 EKCMT  =       934.1596  VIRIAL  =       935.6934  VOLUME     =     31089.9983
                                                    Density    =         0.9834
 ------------------------------------------------------------------------------

wrapping first mol.:       11.45843       16.20467       28.06730
wrapping first mol.:       11.45843       16.20467       28.06730

 NSTEP =    33500   TIME(PS) =      67.000  TEMP(K) =   303.74  PRESS =  -360.8
 Etot   =     -7863.0617  EKtot   =      1852.4248  EPtot      =     -9715.4865
 BOND   =         5.3633  ANGLE   =         7.5006  DIHED      =         4.4721
 UB     =         0.0000  IMP     =         0.0000  CMAP       =         0.8123
 1-4 NB =         2.5120  1-4 EEL =        43.2959  VDWAALS    =      1400.4961
 EELEC  =    -11184.8628  EHBOND  =         0.0000  RESTRAINT  =         4.9240
 EAMBER (non-restraint)  =     -9720.4105
 EKCMT  =       936.7112  VIRIAL  =      1180.2798  VOLUME     =     31270.2280
                                                    Density    =         0.9778
 ------------------------------------------------------------------------------

wrapping first mol.:       11.43476       16.17119       28.00932
wrapping first mol.:       11.43476       16.17119       28.00932

 NSTEP =    34000   TIME(PS) =      68.000  TEMP(K) =   295.82  PRESS =   338.9
 Etot   =     -7917.1392  EKtot   =      1804.0935  EPtot      =     -9721.2327
 BOND   =         4.3360  ANGLE   =         8.1065  DIHED      =         7.1310
 UB     =         0.0000  IMP     =         0.0000  CMAP       =         1.0404
 1-4 NB =         3.4185  1-4 EEL =        45.3911  VDWAALS    =      1498.7919
 EELEC  =    -11296.8403  EHBOND  =         0.0000  RESTRAINT  =         7.3923
 EAMBER (non-restraint)  =     -9728.6250
 EKCMT  =       890.2089  VIRIAL  =       662.8111  VOLUME     =     31074.9026
                                                    Density    =         0.9839
 ------------------------------------------------------------------------------

wrapping first mol.:       11.46088       16.20813       28.07330
wrapping first mol.:       11.46088       16.20813       28.07330

 NSTEP =    34500   TIME(PS) =      69.000  TEMP(K) =   304.13  PRESS =   669.3
 Etot   =     -7916.9542  EKtot   =      1854.8149  EPtot      =     -9771.7692
 BOND   =         2.0844  ANGLE   =         8.7234  DIHED      =         3.2356
 UB     =         0.0000  IMP     =         0.0000  CMAP       =         0.7499
 1-4 NB =         2.6319  1-4 EEL =        46.4306  VDWAALS    =      1572.8162
 EELEC  =    -11412.7611  EHBOND  =         0.0000  RESTRAINT  =         4.3200
 EAMBER (non-restraint)  =     -9776.0891
 EKCMT  =       910.4352  VIRIAL  =       458.3311  VOLUME     =     31287.3944
                                                    Density    =         0.9772
 ------------------------------------------------------------------------------

wrapping first mol.:       11.44615       16.18730       28.03723
wrapping first mol.:       11.44615       16.18730       28.03723

 NSTEP =    35000   TIME(PS) =      70.000  TEMP(K) =   305.47  PRESS =   -41.1
 Etot   =     -7851.2028  EKtot   =      1862.9523  EPtot      =     -9714.1550
 BOND   =         2.7943  ANGLE   =        11.0027  DIHED      =         2.8102
 UB     =         0.0000  IMP     =         0.0000  CMAP       =         0.5548
 1-4 NB =         3.0070  1-4 EEL =        46.9768  VDWAALS    =      1427.5331
 EELEC  =    -11212.6582  EHBOND  =         0.0000  RESTRAINT  =         3.8243
 EAMBER (non-restraint)  =     -9717.9794
 EKCMT  =       941.5139  VIRIAL  =       969.2030  VOLUME     =     31168.9373
                                                    Density    =         0.9809
 ------------------------------------------------------------------------------

wrapping first mol.:       11.43912       16.17736       28.02001
wrapping first mol.:       11.43912       16.17736       28.02001

 NSTEP =    35500   TIME(PS) =      71.000  TEMP(K) =   298.43  PRESS =  -415.7
 Etot   =     -7931.6328  EKtot   =      1820.0133  EPtot      =     -9751.6461
 BOND   =         3.4922  ANGLE   =         7.1646  DIHED      =         3.5459
 UB     =         0.0000  IMP     =         0.0000  CMAP       =         0.3263
 1-4 NB =         2.1581  1-4 EEL =        44.7259  VDWAALS    =      1409.3196
 EELEC  =    -11229.5735  EHBOND  =         0.0000  RESTRAINT  =         7.1949
 EAMBER (non-restraint)  =     -9758.8410
 EKCMT  =       900.6352  VIRIAL  =      1179.8546  VOLUME     =     31112.5633
                                                    Density    =         0.9827
 ------------------------------------------------------------------------------

wrapping first mol.:       11.42966       16.16398       27.99683
wrapping first mol.:       11.42966       16.16398       27.99683

 NSTEP =    36000   TIME(PS) =      72.000  TEMP(K) =   294.59  PRESS =   -46.4
 Etot   =     -7900.2309  EKtot   =      1796.6082  EPtot      =     -9696.8390
 BOND   =         6.0829  ANGLE   =         8.7011  DIHED      =         3.4176
 UB     =         0.0000  IMP     =         0.0000  CMAP       =         0.6087
 1-4 NB =         2.8076  1-4 EEL =        41.0818  VDWAALS    =      1428.7258
 EELEC  =    -11193.4570  EHBOND  =         0.0000  RESTRAINT  =         5.1925
 EAMBER (non-restraint)  =     -9702.0315
 EKCMT  =       908.0143  VIRIAL  =       939.0807  VOLUME     =     31034.3897
                                                    Density    =         0.9852
 ------------------------------------------------------------------------------

wrapping first mol.:       11.44609       16.18721       28.03707
wrapping first mol.:       11.44609       16.18721       28.03707

 NSTEP =    36500   TIME(PS) =      73.000  TEMP(K) =   300.71  PRESS =   156.1
 Etot   =     -7812.1643  EKtot   =      1833.9532  EPtot      =     -9646.1175
 BOND   =         5.5222  ANGLE   =        10.5652  DIHED      =         3.0092
 UB     =         0.0000  IMP     =         0.0000  CMAP       =         0.5327
 1-4 NB =         2.5583  1-4 EEL =        45.6137  VDWAALS    =      1438.8195
 EELEC  =    -11157.7039  EHBOND  =         0.0000  RESTRAINT  =         4.9656
 EAMBER (non-restraint)  =     -9651.0831
 EKCMT  =       932.6181  VIRIAL  =       827.5408  VOLUME     =     31167.8361
                                                    Density    =         0.9810
 ------------------------------------------------------------------------------

wrapping first mol.:       11.42975       16.16411       27.99706
wrapping first mol.:       11.42975       16.16411       27.99706

 NSTEP =    37000   TIME(PS) =      74.000  TEMP(K) =   293.04  PRESS =   609.7
 Etot   =     -7891.5131  EKtot   =      1787.1533  EPtot      =     -9678.6664
 BOND   =         4.1479  ANGLE   =         9.0981  DIHED      =         3.7410
 UB     =         0.0000  IMP     =         0.0000  CMAP       =         0.5044
 1-4 NB =         1.3456  1-4 EEL =        44.0023  VDWAALS    =      1510.8870
 EELEC  =    -11258.1521  EHBOND  =         0.0000  RESTRAINT  =         5.7593
 EAMBER (non-restraint)  =     -9684.4258
 EKCMT  =       884.6926  VIRIAL  =       476.1435  VOLUME     =     31033.3455
                                                    Density    =         0.9852
 ------------------------------------------------------------------------------

wrapping first mol.:       11.43363       16.16960       28.00656
wrapping first mol.:       11.43363       16.16960       28.00656

 NSTEP =    37500   TIME(PS) =      75.000  TEMP(K) =   310.35  PRESS =  -314.7
 Etot   =     -7846.4216  EKtot   =      1892.7534  EPtot      =     -9739.1750
 BOND   =         5.1941  ANGLE   =         6.7434  DIHED      =         3.6698
 UB     =         0.0000  IMP     =         0.0000  CMAP       =         0.2412
 1-4 NB =         2.1495  1-4 EEL =        47.2707  VDWAALS    =      1409.4314
 EELEC  =    -11219.1405  EHBOND  =         0.0000  RESTRAINT  =         5.2652
 EAMBER (non-restraint)  =     -9744.4402
 EKCMT  =       938.5824  VIRIAL  =      1149.6960  VOLUME     =     31067.5293
                                                    Density    =         0.9841
 ------------------------------------------------------------------------------

wrapping first mol.:       11.42043       16.15093       27.97423
wrapping first mol.:       11.42043       16.15093       27.97423

 NSTEP =    38000   TIME(PS) =      76.000  TEMP(K) =   301.86  PRESS =  -165.4
 Etot   =     -7861.1533  EKtot   =      1840.9623  EPtot      =     -9702.1155
 BOND   =         2.2781  ANGLE   =        10.8342  DIHED      =         4.3512
 UB     =         0.0000  IMP     =         0.0000  CMAP       =         0.7782
 1-4 NB =         2.2289  1-4 EEL =        46.8318  VDWAALS    =      1404.4028
 EELEC  =    -11183.1216  EHBOND  =         0.0000  RESTRAINT  =         9.3008
 EAMBER (non-restraint)  =     -9711.4164
 EKCMT  =       912.5059  VIRIAL  =      1023.0406  VOLUME     =     30959.6272
                                                    Density    =         0.9876
 ------------------------------------------------------------------------------

wrapping first mol.:       11.43202       16.16732       28.00261
wrapping first mol.:       11.43202       16.16732       28.00261

 NSTEP =    38500   TIME(PS) =      77.000  TEMP(K) =   305.82  PRESS =   403.3
 Etot   =     -7836.8826  EKtot   =      1865.1206  EPtot      =     -9702.0032
 BOND   =         2.4929  ANGLE   =         8.1148  DIHED      =         3.2301
 UB     =         0.0000  IMP     =         0.0000  CMAP       =         0.4238
 1-4 NB =         3.2763  1-4 EEL =        47.8508  VDWAALS    =      1478.7399
 EELEC  =    -11253.7519  EHBOND  =         0.0000  RESTRAINT  =         7.6201
 EAMBER (non-restraint)  =     -9709.6233
 EKCMT  =       943.9107  VIRIAL  =       673.4855  VOLUME     =     31052.3946
                                                    Density    =         0.9846
 ------------------------------------------------------------------------------

wrapping first mol.:       11.44224       16.18177       28.02764
wrapping first mol.:       11.44224       16.18177       28.02764

 NSTEP =    39000   TIME(PS) =      78.000  TEMP(K) =   291.25  PRESS =    34.2
 Etot   =     -7922.9192  EKtot   =      1776.2148  EPtot      =     -9699.1341
 BOND   =         4.9191  ANGLE   =        10.1342  DIHED      =         2.7298
 UB     =         0.0000  IMP     =         0.0000  CMAP       =         0.4456
 1-4 NB =         2.3211  1-4 EEL =        46.1948  VDWAALS    =      1450.1313
 EELEC  =    -11221.1565  EHBOND  =         0.0000  RESTRAINT  =         5.1466
 EAMBER (non-restraint)  =     -9704.2806
 EKCMT  =       888.0313  VIRIAL  =       865.0128  VOLUME     =     31136.7504
                                                    Density    =         0.9820
 ------------------------------------------------------------------------------

wrapping first mol.:       11.44554       16.18644       28.03573
wrapping first mol.:       11.44554       16.18644       28.03573

 NSTEP =    39500   TIME(PS) =      79.000  TEMP(K) =   294.19  PRESS =   213.9
 Etot   =     -7968.2386  EKtot   =      1794.1775  EPtot      =     -9762.4161
 BOND   =         4.0399  ANGLE   =         9.7732  DIHED      =         3.0304
 UB     =         0.0000  IMP     =         0.0000  CMAP       =         0.7182
 1-4 NB =         2.1374  1-4 EEL =        45.9083  VDWAALS    =      1497.9779
 EELEC  =    -11331.8774  EHBOND  =         0.0000  RESTRAINT  =         5.8759
 EAMBER (non-restraint)  =     -9768.2920
 EKCMT  =       909.1299  VIRIAL  =       765.2127  VOLUME     =     31163.2268
                                                    Density    =         0.9811
 ------------------------------------------------------------------------------

wrapping first mol.:       11.44982       16.19249       28.04621
wrapping first mol.:       11.44982       16.19249       28.04621

 NSTEP =    40000   TIME(PS) =      80.000  TEMP(K) =   305.97  PRESS =   217.6
 Etot   =     -7941.8892  EKtot   =      1866.0216  EPtot      =     -9807.9108
 BOND   =         2.7090  ANGLE   =         9.2239  DIHED      =         2.9824
 UB     =         0.0000  IMP     =         0.0000  CMAP       =         0.7779
 1-4 NB =         1.9718  1-4 EEL =        44.6063  VDWAALS    =      1505.6549
 EELEC  =    -11380.0136  EHBOND  =         0.0000  RESTRAINT  =         4.1767
 EAMBER (non-restraint)  =     -9812.0875
 EKCMT  =       903.2380  VIRIAL  =       756.6665  VOLUME     =     31198.1688
                                                    Density    =         0.9800
 ------------------------------------------------------------------------------

wrapping first mol.:       11.42638       16.15934       27.98880
wrapping first mol.:       11.42638       16.15934       27.98880

 NSTEP =    40500   TIME(PS) =      81.000  TEMP(K) =   304.38  PRESS =   426.6
 Etot   =     -7849.3710  EKtot   =      1856.3407  EPtot      =     -9705.7117
 BOND   =         0.8410  ANGLE   =         8.7701  DIHED      =         3.6905
 UB     =         0.0000  IMP     =         0.0000  CMAP       =         0.6542
 1-4 NB =         1.9918  1-4 EEL =        41.4274  VDWAALS    =      1479.6359
 EELEC  =    -11247.0318  EHBOND  =         0.0000  RESTRAINT  =         4.3093
 EAMBER (non-restraint)  =     -9710.0210
 EKCMT  =       909.6518  VIRIAL  =       624.0725  VOLUME     =     31006.3901
                                                    Density    =         0.9861
 ------------------------------------------------------------------------------

wrapping first mol.:       11.46595       16.21531       28.08573
wrapping first mol.:       11.46595       16.21531       28.08573

 NSTEP =    41000   TIME(PS) =      82.000  TEMP(K) =   314.42  PRESS =  -178.2
 Etot   =     -7777.5663  EKtot   =      1917.5234  EPtot      =     -9695.0897
 BOND   =         2.0161  ANGLE   =         6.9331  DIHED      =         3.4567
 UB     =         0.0000  IMP     =         0.0000  CMAP       =         0.6838
 1-4 NB =         2.9981  1-4 EEL =        42.1340  VDWAALS    =      1422.0990
 EELEC  =    -11182.4181  EHBOND  =         0.0000  RESTRAINT  =         7.0076
 EAMBER (non-restraint)  =     -9702.0973
 EKCMT  =       927.3178  VIRIAL  =      1047.8432  VOLUME     =     31331.3504
                                                    Density    =         0.9759
 ------------------------------------------------------------------------------

wrapping first mol.:       11.46098       16.20828       28.07356
wrapping first mol.:       11.46098       16.20828       28.07356

 NSTEP =    41500   TIME(PS) =      83.000  TEMP(K) =   303.55  PRESS =  -102.6
 Etot   =     -7853.9844  EKtot   =      1851.2307  EPtot      =     -9705.2151
 BOND   =         4.3877  ANGLE   =         6.9392  DIHED      =         3.9626
 UB     =         0.0000  IMP     =         0.0000  CMAP       =         0.6000
 1-4 NB =         2.6548  1-4 EEL =        45.5894  VDWAALS    =      1428.4156
 EELEC  =    -11206.7105  EHBOND  =         0.0000  RESTRAINT  =         8.9461
 EAMBER (non-restraint)  =     -9714.1612
 EKCMT  =       923.0094  VIRIAL  =       992.3446  VOLUME     =     31290.4240
                                                    Density    =         0.9771
 ------------------------------------------------------------------------------

wrapping first mol.:       11.45068       16.19370       28.04831
wrapping first mol.:       11.45068       16.19370       28.04831

 NSTEP =    42000   TIME(PS) =      84.000  TEMP(K) =   298.15  PRESS =  -518.6
 Etot   =     -7864.1556  EKtot   =      1818.3257  EPtot      =     -9682.4813
 BOND   =         2.9293  ANGLE   =         2.8319  DIHED      =         3.9838
 UB     =         0.0000  IMP     =         0.0000  CMAP       =         0.3307
 1-4 NB =         3.6906  1-4 EEL =        45.9277  VDWAALS    =      1374.7660
 EELEC  =    -11121.9749  EHBOND  =         0.0000  RESTRAINT  =         5.0336
 EAMBER (non-restraint)  =     -9687.5149
 EKCMT  =       897.4125  VIRIAL  =      1246.8205  VOLUME     =     31207.2238
                                                    Density    =         0.9797
 ------------------------------------------------------------------------------

wrapping first mol.:       11.43897       16.17715       28.01965
wrapping first mol.:       11.43897       16.17715       28.01965

 NSTEP =    42500   TIME(PS) =      85.000  TEMP(K) =   298.34  PRESS =    63.4
 Etot   =     -7935.8170  EKtot   =      1819.4810  EPtot      =     -9755.2980
 BOND   =         4.0001  ANGLE   =         6.7178  DIHED      =         2.7336
 UB     =         0.0000  IMP     =         0.0000  CMAP       =         0.4745
 1-4 NB =         3.2034  1-4 EEL =        45.3340  VDWAALS    =      1469.4737
 EELEC  =    -11293.0695  EHBOND  =         0.0000  RESTRAINT  =         5.8344
 EAMBER (non-restraint)  =     -9761.1324
 EKCMT  =       918.9802  VIRIAL  =       876.3990  VOLUME     =     31110.0324
                                                    Density    =         0.9828
 ------------------------------------------------------------------------------

wrapping first mol.:       11.43389       16.16997       28.00720
wrapping first mol.:       11.43389       16.16997       28.00720

 NSTEP =    43000   TIME(PS) =      86.000  TEMP(K) =   296.61  PRESS =   -43.8
 Etot   =     -7938.9789  EKtot   =      1808.9092  EPtot      =     -9747.8880
 BOND   =         1.5773  ANGLE   =         4.9732  DIHED      =         3.6936
 UB     =         0.0000  IMP     =         0.0000  CMAP       =         0.8524
 1-4 NB =         2.4433  1-4 EEL =        45.9978  VDWAALS    =      1450.6544
 EELEC  =    -11264.6817  EHBOND  =         0.0000  RESTRAINT  =         6.6017
 EAMBER (non-restraint)  =     -9754.4898
 EKCMT  =       892.7401  VIRIAL  =       922.1040  VOLUME     =     31068.8898
                                                    Density    =         0.9841
 ------------------------------------------------------------------------------

wrapping first mol.:       11.43275       16.16836       28.00441
wrapping first mol.:       11.43275       16.16836       28.00441

 NSTEP =    43500   TIME(PS) =      87.000  TEMP(K) =   287.99  PRESS =    74.4
 Etot   =     -7934.6559  EKtot   =      1756.3473  EPtot      =     -9691.0031
 BOND   =         5.3117  ANGLE   =        10.3481  DIHED      =         3.5164
 UB     =         0.0000  IMP     =         0.0000  CMAP       =         0.4490
 1-4 NB =         2.2349  1-4 EEL =        44.6778  VDWAALS    =      1428.9522
 EELEC  =    -11192.0825  EHBOND  =         0.0000  RESTRAINT  =         5.5893
 EAMBER (non-restraint)  =     -9696.5924
 EKCMT  =       895.4149  VIRIAL  =       845.5090  VOLUME     =     31059.2896
                                                    Density    =         0.9844
 ------------------------------------------------------------------------------

wrapping first mol.:       11.42237       16.15367       27.97898
wrapping first mol.:       11.42237       16.15367       27.97898

 NSTEP =    44000   TIME(PS) =      88.000  TEMP(K) =   294.16  PRESS =   -17.5
 Etot   =     -7922.5474  EKtot   =      1793.9613  EPtot      =     -9716.5087
 BOND   =         7.1613  ANGLE   =        10.6943  DIHED      =         2.9129
 UB     =         0.0000  IMP     =         0.0000  CMAP       =         0.5939
 1-4 NB =         1.8053  1-4 EEL =        44.5891  VDWAALS    =      1417.6916
 EELEC  =    -11206.8762  EHBOND  =         0.0000  RESTRAINT  =         4.9190
 EAMBER (non-restraint)  =     -9721.4277
 EKCMT  =       901.6385  VIRIAL  =       913.3362  VOLUME     =     30974.9840
                                                    Density    =         0.9871
 ------------------------------------------------------------------------------

wrapping first mol.:       11.42744       16.16083       27.99138
wrapping first mol.:       11.42744       16.16083       27.99138

 NSTEP =    44500   TIME(PS) =      89.000  TEMP(K) =   297.22  PRESS =    93.2
 Etot   =     -7900.9728  EKtot   =      1812.6501  EPtot      =     -9713.6229
 BOND   =         2.5276  ANGLE   =        10.2662  DIHED      =         4.5692
 UB     =         0.0000  IMP     =         0.0000  CMAP       =         0.4310
 1-4 NB =         2.3630  1-4 EEL =        44.7079  VDWAALS    =      1431.2554
 EELEC  =    -11216.1978  EHBOND  =         0.0000  RESTRAINT  =         6.4545
 EAMBER (non-restraint)  =     -9720.0774
 EKCMT  =       955.6610  VIRIAL  =       893.2731  VOLUME     =     31015.9057
                                                    Density    =         0.9858
 ------------------------------------------------------------------------------

wrapping first mol.:       11.43468       16.17108       28.00913
wrapping first mol.:       11.43468       16.17108       28.00913

 NSTEP =    45000   TIME(PS) =      90.000  TEMP(K) =   299.45  PRESS =   459.3
 Etot   =     -7860.2854  EKtot   =      1826.2374  EPtot      =     -9686.5228
 BOND   =         3.2945  ANGLE   =         8.8395  DIHED      =         4.9793
 UB     =         0.0000  IMP     =         0.0000  CMAP       =         0.7263
 1-4 NB =         3.6981  1-4 EEL =        47.3699  VDWAALS    =      1501.1943
 EELEC  =    -11263.3891  EHBOND  =         0.0000  RESTRAINT  =         6.7643
 EAMBER (non-restraint)  =     -9693.2871
 EKCMT  =       896.0167  VIRIAL  =       587.8708  VOLUME     =     31073.9186
                                                    Density    =         0.9839
 ------------------------------------------------------------------------------

wrapping first mol.:       11.43404       16.17018       28.00757
wrapping first mol.:       11.43404       16.17018       28.00757

 NSTEP =    45500   TIME(PS) =      91.000  TEMP(K) =   297.45  PRESS =  -113.0
 Etot   =     -7912.1789  EKtot   =      1814.0850  EPtot      =     -9726.2638
 BOND   =         2.1611  ANGLE   =         7.6121  DIHED      =         4.9765
 UB     =         0.0000  IMP     =         0.0000  CMAP       =         0.4526
 1-4 NB =         3.9661  1-4 EEL =        44.5150  VDWAALS    =      1435.4621
 EELEC  =    -11230.8334  EHBOND  =         0.0000  RESTRAINT  =         5.4241
 EAMBER (non-restraint)  =     -9731.6879
 EKCMT  =       909.3221  VIRIAL  =       985.1290  VOLUME     =     31070.3005
                                                    Density    =         0.9841
 ------------------------------------------------------------------------------

wrapping first mol.:       11.44640       16.18766       28.03785
wrapping first mol.:       11.44640       16.18766       28.03785

 NSTEP =    46000   TIME(PS) =      92.000  TEMP(K) =   299.82  PRESS =  -608.6
 Etot   =     -7931.2858  EKtot   =      1828.5310  EPtot      =     -9759.8168
 BOND   =         2.9539  ANGLE   =         8.2806  DIHED      =         3.2820
 UB     =         0.0000  IMP     =         0.0000  CMAP       =         0.7142
 1-4 NB =         3.8207  1-4 EEL =        49.1536  VDWAALS    =      1383.8179
 EELEC  =    -11217.7900  EHBOND  =         0.0000  RESTRAINT  =         5.9504
 EAMBER (non-restraint)  =     -9765.7672
 EKCMT  =       879.4391  VIRIAL  =      1289.0500  VOLUME     =     31172.5636
                                                    Density    =         0.9808
 ------------------------------------------------------------------------------

wrapping first mol.:       11.43047       16.16513       27.99882
wrapping first mol.:       11.43047       16.16513       27.99882

 NSTEP =    46500   TIME(PS) =      93.000  TEMP(K) =   300.76  PRESS =  -315.4
 Etot   =     -7953.8012  EKtot   =      1834.2676  EPtot      =     -9788.0688
 BOND   =         2.6493  ANGLE   =         7.0539  DIHED      =         2.9885
 UB     =         0.0000  IMP     =         0.0000  CMAP       =         0.7068
 1-4 NB =         3.3154  1-4 EEL =        47.1721  VDWAALS    =      1439.2683
 EELEC  =    -11298.0316  EHBOND  =         0.0000  RESTRAINT  =         6.8086
 EAMBER (non-restraint)  =     -9794.8774
 EKCMT  =       891.6132  VIRIAL  =      1103.0097  VOLUME     =     31041.7640
                                                    Density    =         0.9850
 ------------------------------------------------------------------------------

wrapping first mol.:       11.41590       16.14452       27.96313
wrapping first mol.:       11.41590       16.14452       27.96313

 NSTEP =    47000   TIME(PS) =      94.000  TEMP(K) =   294.51  PRESS =   210.5
 Etot   =     -7963.0284  EKtot   =      1796.1281  EPtot      =     -9759.1565
 BOND   =         1.7751  ANGLE   =         6.0322  DIHED      =         4.0413
 UB     =         0.0000  IMP     =         0.0000  CMAP       =         0.9166
 1-4 NB =         2.5098  1-4 EEL =        45.3263  VDWAALS    =      1476.4413
 EELEC  =    -11302.2134  EHBOND  =         0.0000  RESTRAINT  =         6.0143
 EAMBER (non-restraint)  =     -9765.1708
 EKCMT  =       892.0550  VIRIAL  =       751.5131  VOLUME     =     30921.7687
                                                    Density    =         0.9888
 ------------------------------------------------------------------------------

wrapping first mol.:       11.42456       16.15677       27.98434
wrapping first mol.:       11.42456       16.15677       27.98434

 NSTEP =    47500   TIME(PS) =      95.000  TEMP(K) =   294.63  PRESS =  -270.4
 Etot   =     -7874.6355  EKtot   =      1796.8369  EPtot      =     -9671.4724
 BOND   =         2.5129  ANGLE   =        12.5776  DIHED      =         2.8397
 UB     =         0.0000  IMP     =         0.0000  CMAP       =         0.6058
 1-4 NB =         3.3183  1-4 EEL =        47.7955  VDWAALS    =      1384.6140
 EELEC  =    -11131.5434  EHBOND  =         0.0000  RESTRAINT  =         5.8070
 EAMBER (non-restraint)  =     -9677.2794
 EKCMT  =       902.0016  VIRIAL  =      1082.9672  VOLUME     =     30993.5089
                                                    Density    =         0.9865
 ------------------------------------------------------------------------------

wrapping first mol.:       11.42867       16.16257       27.99439
wrapping first mol.:       11.42867       16.16257       27.99439

 NSTEP =    48000   TIME(PS) =      96.000  TEMP(K) =   290.43  PRESS =    27.0
 Etot   =     -7877.8183  EKtot   =      1771.2391  EPtot      =     -9649.0575
 BOND   =         6.3820  ANGLE   =        13.7685  DIHED      =         3.5458
 UB     =         0.0000  IMP     =         0.0000  CMAP       =         0.5269
 1-4 NB =         2.8122  1-4 EEL =        41.6272  VDWAALS    =      1422.2639
 EELEC  =    -11145.9532  EHBOND  =         0.0000  RESTRAINT  =         5.9692
 EAMBER (non-restraint)  =     -9655.0267
 EKCMT  =       890.7867  VIRIAL  =       872.7088  VOLUME     =     31026.1010
                                                    Density    =         0.9855
 ------------------------------------------------------------------------------

wrapping first mol.:       11.42337       16.15508       27.98141
wrapping first mol.:       11.42337       16.15508       27.98141

 NSTEP =    48500   TIME(PS) =      97.000  TEMP(K) =   294.78  PRESS =    -0.8
 Etot   =     -7971.8239  EKtot   =      1797.7430  EPtot      =     -9769.5669
 BOND   =         4.3341  ANGLE   =         7.7349  DIHED      =         5.6935
 UB     =         0.0000  IMP     =         0.0000  CMAP       =         0.4473
 1-4 NB =         2.2090  1-4 EEL =        44.8147  VDWAALS    =      1468.1327
 EELEC  =    -11309.5938  EHBOND  =         0.0000  RESTRAINT  =         6.6607
 EAMBER (non-restraint)  =     -9776.2276
 EKCMT  =       895.0661  VIRIAL  =       895.6149  VOLUME     =     30983.0368
                                                    Density    =         0.9868
 ------------------------------------------------------------------------------

wrapping first mol.:       11.42151       16.15245       27.97687
wrapping first mol.:       11.42151       16.15245       27.97687

 NSTEP =    49000   TIME(PS) =      98.000  TEMP(K) =   288.67  PRESS =  -480.7
 Etot   =     -8022.7766  EKtot   =      1760.5271  EPtot      =     -9783.3037
 BOND   =         2.3612  ANGLE   =        16.6840  DIHED      =         3.0480
 UB     =         0.0000  IMP     =         0.0000  CMAP       =         0.7245
 1-4 NB =         2.1952  1-4 EEL =        41.8566  VDWAALS    =      1402.5542
 EELEC  =    -11258.8977  EHBOND  =         0.0000  RESTRAINT  =         6.1702
 EAMBER (non-restraint)  =     -9789.4739
 EKCMT  =       858.2401  VIRIAL  =      1179.6873  VOLUME     =     30969.2578
                                                    Density    =         0.9873
 ------------------------------------------------------------------------------

wrapping first mol.:       11.43450       16.17083       28.00869
wrapping first mol.:       11.43450       16.17083       28.00869

 NSTEP =    49500   TIME(PS) =      99.000  TEMP(K) =   300.85  PRESS =   169.9
 Etot   =     -7969.2175  EKtot   =      1834.7985  EPtot      =     -9804.0159
 BOND   =         6.8834  ANGLE   =         8.8202  DIHED      =         4.2955
 UB     =         0.0000  IMP     =         0.0000  CMAP       =         0.4928
 1-4 NB =         2.6363  1-4 EEL =        46.3814  VDWAALS    =      1487.9578
 EELEC  =    -11366.6399  EHBOND  =         0.0000  RESTRAINT  =         5.1564
 EAMBER (non-restraint)  =     -9809.1724
 EKCMT  =       908.4900  VIRIAL  =       794.5089  VOLUME     =     31073.2717
                                                    Density    =         0.9840
 ------------------------------------------------------------------------------

wrapping first mol.:       11.42271       16.15414       27.97980
wrapping first mol.:       11.42271       16.15414       27.97980

 NSTEP =    50000   TIME(PS) =     100.000  TEMP(K) =   299.81  PRESS =    -1.2
 Etot   =     -7972.3888  EKtot   =      1828.4604  EPtot      =     -9800.8493
 BOND   =         2.1977  ANGLE   =         7.9941  DIHED      =         6.0618
 UB     =         0.0000  IMP     =         0.0000  CMAP       =         0.2085
 1-4 NB =         2.6174  1-4 EEL =        43.5874  VDWAALS    =      1471.6584
 EELEC  =    -11342.3711  EHBOND  =         0.0000  RESTRAINT  =         7.1965
 EAMBER (non-restraint)  =     -9808.0458
 EKCMT  =       896.3091  VIRIAL  =       897.1148  VOLUME     =     30977.6652
                                                    Density    =         0.9870
 ------------------------------------------------------------------------------


      A V E R A G E S   O V E R     100 S T E P S


 NSTEP =    50000   TIME(PS) =     100.000  TEMP(K) =   299.47  PRESS =    -2.8
 Etot   =     -7884.3384  EKtot   =      1826.3862  EPtot      =     -9710.7246
 BOND   =         3.3176  ANGLE   =         8.5264  DIHED      =         3.8216
 UB     =         0.0000  IMP     =         0.0000  CMAP       =         0.5918
 1-4 NB =         2.6324  1-4 EEL =        45.0108  VDWAALS    =      1438.6564
 EELEC  =    -11219.2733  EHBOND  =         0.0000  RESTRAINT  =         5.9917
 EAMBER (non-restraint)  =     -9716.7163
 EKCMT  =       910.6613  VIRIAL  =       912.5184  VOLUME     =     31082.8637
                                                    Density    =         0.9837
 ------------------------------------------------------------------------------


      R M S  F L U C T U A T I O N S


 NSTEP =    50000   TIME(PS) =     100.000  TEMP(K) =     5.82  PRESS =   284.3
 Etot   =        62.4052  EKtot   =        35.4709  EPtot      =        46.1324
 BOND   =         1.4637  ANGLE   =         2.2639  DIHED      =         0.9343
 UB     =         0.0000  IMP     =         0.0000  CMAP       =         0.1939
 1-4 NB =         0.5053  1-4 EEL =         1.8349  VDWAALS    =        39.9752
 EELEC  =        69.8264  EHBOND  =         0.0000  RESTRAINT  =         1.3840
 EAMBER (non-restraint)  =        44.7484
 EKCMT  =        23.3000  VIRIAL  =       188.3855  VOLUME     =       154.8319
                                                    Density    =         0.0049
 ------------------------------------------------------------------------------

--------------------------------------------------------------------------------
   5.  TIMINGS
--------------------------------------------------------------------------------

|  NonSetup CPU Time in Major Routines:
|
|     Routine           Sec        %
|     ------------------------------
|     Nonbond           8.75   74.50
|     Bond              0.00    0.00
|     Angle             0.00    0.00
|     Dihedral          0.00    0.00
|     Shake             0.16    1.37
|     RunMD             2.75   23.45
|     Other             0.08    0.68
|     ------------------------------
|     Total            11.75

|  PME Nonbond Pairlist CPU Time:
|
|     Routine              Sec        %
|     ---------------------------------
|     Set Up Cit           0.00    0.00
|     Build List           0.00    0.00
|     ---------------------------------
|     Total                0.00    0.00

|  PME Direct Force CPU Time:
|
|     Routine              Sec        %
|     ---------------------------------
|     NonBonded Calc       0.00    0.00
|     Exclude Masked       0.00    0.00
|     Other                0.05    0.44
|     ---------------------------------
|     Total                0.05    0.44

|  PME Reciprocal Force CPU Time:
|
|     Routine              Sec        %
|     ---------------------------------
|     1D bspline           0.00    0.00
|     Grid Charges         0.00    0.00
|     Scalar Sum           0.00    0.00
|     Gradient Sum         0.00    0.00
|     FFT                  0.00    0.00
|     ---------------------------------
|     Total                0.00    0.00

|  Final Performance Info:
|     -----------------------------------------------------
|     Average timings for last   50000 steps:
|     Elapsed(s) =      11.79 Per Step(ms) =       0.24
|         ns/day =     733.09   seconds/ns =     117.86
|
|     Average timings for all steps:
|     Elapsed(s) =      11.79 Per Step(ms) =       0.24
|         ns/day =     733.09   seconds/ns =     117.86
|     -----------------------------------------------------

|  Setup CPU time:            0.18 seconds
|  NonSetup CPU time:        11.75 seconds
|  Total CPU time:           11.93 seconds     0.00 hours

|  Setup wall time:           0    seconds
|  NonSetup wall time:       12    seconds
|  Total wall time:          12    seconds     0.00 hours
