
          -------------------------------------------------------
          Amber 24 PMEMD                              2024
          -------------------------------------------------------

| PMEMD implementation of SANDER, Release 24

|  Compiled date/time: Wed Aug 21 09:34:12 2024
| Run on 06/01/2026 at 23:19:55

|   Executable path: pmemd.cuda
| Working directory: /localscratch/kbui/NexusMol/examples
|          Hostname: Unknown
  [-O]verwriting output

File Assignments:
|   MDIN: /localscratch/kbui/NexusMol/examples/artifacts/AMBER_DiAla/eq2.in     
|  MDOUT: /localscratch/kbui/NexusMol/examples/artifacts/AMBER_DiAla/eq2.out    
| INPCRD: /localscratch/kbui/NexusMol/examples/artifacts/AMBER_DiAla/eq1.ncrst  
|   PARM: /localscratch/kbui/NexusMol/examples/ALA.prmtop                       
| RESTRT: /localscratch/kbui/NexusMol/examples/artifacts/AMBER_DiAla/eq2.ncrst  
|   REFC: /localscratch/kbui/NexusMol/examples/artifacts/AMBER_DiAla/eq1.ncrst  
|  MDVEL: mdvel                                                                 
|   MDEN: mden                                                                  
|  MDCRD: /localscratch/kbui/NexusMol/examples/artifacts/AMBER_DiAla/eq2.nc     
| MDINFO: /localscratch/kbui/NexusMol/examples/artifacts/AMBER_DiAla/eq2.info   
|  MDFRC: mdfrc                                                                 


 Here is the input file:

Equilibration                                                                  
&cntrl                                                                         
 imin=0, irest=0, ntx=1,                                                       
 ntpr=500, ntwx=500, ntwr=500, nstlim=50000,                                   
 dt=0.002, ntt=3, tempi=300.0,                                                 
 temp0=300.0, gamma_ln=1.0, ig=-1,                                             
 ntp=1, ntc=2, ntf=2, cut=10.0,                                                
 ntb=2, iwrap=1, ioutfm=1,                                                     
 ntr=1, restraint_wt=5.0, restraintmask=':1-3'                                 
/                                                                              


Note: ig = -1. Setting random seed to    54537 based on wallclock time in 
      microseconds.
| irandom = 1, using AMBER's internal random number generator (default).
 
|--------------------- INFORMATION ----------------------
| GPU (CUDA) Version of PMEMD in use: NVIDIA GPU IN USE.
|                    Version 18.0.0
| 
|                      03/25/2018
| 
| Implementation by:
|                    Ross C. Walker     (SDSC)
|                    Scott Le Grand     (nVIDIA)
| 
| Version 18 performance extensions by:
|                    David Cerutti     (Rutgers)
| 
| Precision model in use:
|      [SPFP] - Single Precision Forces, 64-bit Fixed Point
|               Accumulation. (Default)
| 
|--------------------------------------------------------
 
|----------------- CITATION INFORMATION -----------------
|
|    When publishing work that utilized the CUDA version
|    of AMBER, please cite the following in addition to
|    the regular AMBER citations:
|
|  - Romelia Salomon-Ferrer; Andreas W. Goetz; Duncan
|    Poole; Scott Le Grand; Ross C. Walker "Routine
|    microsecond molecular dynamics simulations with
|    AMBER - Part II: Particle Mesh Ewald", J. Chem.
|    Theory Comput., 2013, 9 (9), pp3878-3888,
|    DOI: 10.1021/ct400314y.
|
|  - Andreas W. Goetz; Mark J. Williamson; Dong Xu;
|    Duncan Poole; Scott Le Grand; Ross C. Walker
|    "Routine microsecond molecular dynamics simulations
|    with AMBER - Part I: Generalized Born", J. Chem.
|    Theory Comput., 2012, 8 (5), pp1542-1555.
|
|  - Scott Le Grand; Andreas W. Goetz; Ross C. Walker
|    "SPFP: Speed without compromise - a mixed precision
|    model for GPU accelerated molecular dynamics
|    simulations.", Comp. Phys. Comm., 2013, 184
|    pp374-380, DOI: 10.1016/j.cpc.2012.09.022
|
|--------------------------------------------------------
 
|------------------- GPU DEVICE INFO --------------------
|
|            CUDA_VISIBLE_DEVICES: not set
|   CUDA Capable Devices Detected:      1
|           CUDA Device ID in use:      0
|                CUDA Device Name: NVIDIA GeForce RTX 4090
|     CUDA Device Global Mem Size:  24079 MB
| CUDA Device Num Multiprocessors:    128
|           CUDA Device Core Freq:   2.62 GHz
|
|--------------------------------------------------------
 
 
| Conditional Compilation Defines Used:
| PUBFFT
| BINTRAJ
| CUDA
| EMIL

| Largest sphere to fit in unit cell has radius =    13.990

| New format PARM file being parsed.
| Version =    1.000 Date = 03/28/26 Time = 21:23:47

| Note: 1-4 EEL scale factors are being read from the topology file.

| Note: 1-4 VDW scale factors are being read from the topology file.
| Duplicated    0 dihedrals

| Duplicated    0 dihedrals

--------------------------------------------------------------------------------
   1.  RESOURCE   USE: 
--------------------------------------------------------------------------------

 getting box info from netcdf restart file
 NATOM  =    3064 NTYPES =       9 NBONH =    3054 MBONA  =       9
 NTHETH =      25 MTHETA =      11 NPHIH =      43 MPHIA  =      24
 NHPARM =       0 NPARM  =       0 NNB   =    4155 NRES   =    1017
 NBONA  =       9 NTHETA =      11 NPHIA =      24 NUMBND =      13
 NUMANG =      21 NPTRA  =      14 NATYP =      10 NPHB   =       0
 IFBOX  =       2 NMXRS  =      10 IFCAP =       0 NEXTRA =       0
 NCOPY  =       0

| Coordinate Index Table dimensions:     5    5    5
| Direct force subcell size =     6.8536    6.8536    6.8536

     BOX TYPE: TRUNCATED OCTAHEDRON

--------------------------------------------------------------------------------
   2.  CONTROL  DATA  FOR  THE  RUN
--------------------------------------------------------------------------------

ACE                                                                             

General flags:
     imin    =       0, nmropt  =       0

Nature and format of input:
     ntx     =       1, irest   =       0, ntrx    =       1

Nature and format of output:
     ntxo    =       2, ntpr    =     500, ntrx    =       1, ntwr    =     500
     iwrap   =       1, ntwx    =     500, ntwv    =       0, ntwe    =       0
     ioutfm  =       1, ntwprt  =       0, idecomp =       0, rbornstat=      0

Potential function:
     ntf     =       2, ntb     =       2, igb     =       0, nsnb    =      25
     ipol    =       0, gbsa    =       0, iesp    =       0
     dielc   =   1.00000, cut     =  10.00000, intdiel =   1.00000

Frozen or restrained atoms:
     ibelly  =       0, ntr     =       1
     restraint_wt =   5.00000

Molecular dynamics:
     nstlim  =     50000, nscm    =         0, nrespa  =         1
     t       =   0.00000, dt      =   0.00200, vlimit  =  -1.00000

Langevin dynamics temperature regulation:
     ig      =   54537
     temp0   = 300.00000, tempi   = 300.00000, gamma_ln=   1.00000

Pressure regulation:
     ntp     =       1
     pres0   =   1.00000, comp    =  44.60000, taup    =   1.00000

SHAKE:
     ntc     =       2, jfastw  =       0
     tol     =   0.00001

| Intermolecular bonds treatment:
|     no_intermolecular_bonds =       1

| Energy averages sample interval:
|     ene_avg_sampling =     500

Ewald parameters:
     verbose =       0, ew_type =       0, nbflag  =       1, use_pme =       1
     vdwmeth =       1, eedmeth =       1, netfrc  =       1
     Box X =   34.268   Box Y =   34.268   Box Z =   34.268
     Alpha =  109.471   Beta  =  109.471   Gamma =  109.471
     NFFT1 =   36       NFFT2 =   36       NFFT3 =   36
     Cutoff=   10.000   Tol   =0.100E-04
     Ewald Coefficient =  0.27511
     Interpolation order =    4

    LOADING THE CONSTRAINED ATOMS AS GROUPS


   5.  REFERENCE ATOM COORDINATES

  ACE                                                                             
     Mask :1-3; matches    22 atoms

--------------------------------------------------------------------------------
   3.  ATOMIC COORDINATES AND VELOCITIES
--------------------------------------------------------------------------------

ACE                                                                             
 begin time read from input coords =   100.000 ps

 
 Number of triangulated 3-point waters found:     1014

     Sum of charges from parm topology file =  -0.00000000
     Forcing neutrality...

| Dynamic Memory, Types Used:
| Reals              277614
| Integers            95816

| Nonbonded Pairs Initial Allocation:      926783

| GPU memory information (estimate):
| KB of GPU memory in use:     40901
| KB of CPU memory in use:     12785

--------------------------------------------------------------------------------
   4.  RESULTS
--------------------------------------------------------------------------------


 NSTEP =        0   TIME(PS) =       0.000  TEMP(K) =   449.44  PRESS =   -26.5
 Etot   =     -7067.3032  EKtot   =      2740.9827  EPtot      =     -9808.2858
 BOND   =         1.8893  ANGLE   =         9.7495  DIHED      =         5.4447
 UB     =         0.0000  IMP     =         0.0000  CMAP       =         0.2079
 1-4 NB =         2.6405  1-4 EEL =        42.6513  VDWAALS    =      1472.0474
 EELEC  =    -11342.9164  EHBOND  =         0.0000  RESTRAINT  =         0.0000
 EKCMT  =       880.8014  VIRIAL  =       898.5166  VOLUME     =     30977.6591
                                                    Density    =         0.9870
 ------------------------------------------------------------------------------

wrapping first mol.:       11.39211       16.11087       27.90485
wrapping first mol.:       11.39211       16.11087       27.90485

 NSTEP =      500   TIME(PS) =       1.000  TEMP(K) =   289.09  PRESS =  -140.0
 Etot   =     -7964.5348  EKtot   =      1763.0890  EPtot      =     -9727.6237
 BOND   =         1.5161  ANGLE   =         9.3274  DIHED      =         5.5444
 UB     =         0.0000  IMP     =         0.0000  CMAP       =         0.3108
 1-4 NB =         3.8947  1-4 EEL =        47.5704  VDWAALS    =      1426.5457
 EELEC  =    -11229.3937  EHBOND  =         0.0000  RESTRAINT  =         7.0604
 EAMBER (non-restraint)  =     -9734.6842
 EKCMT  =       847.8693  VIRIAL  =       940.7890  VOLUME     =     30729.7694
                                                    Density    =         0.9950
 ------------------------------------------------------------------------------

wrapping first mol.:       11.40974       16.13581       27.94803
wrapping first mol.:       11.40974       16.13581       27.94803

 NSTEP =     1000   TIME(PS) =       2.000  TEMP(K) =   302.69  PRESS =  -271.2
 Etot   =     -7956.1531  EKtot   =      1846.0294  EPtot      =     -9802.1826
 BOND   =         3.3535  ANGLE   =         5.5328  DIHED      =         3.6588
 UB     =         0.0000  IMP     =         0.0000  CMAP       =         0.0854
 1-4 NB =         3.3699  1-4 EEL =        47.0395  VDWAALS    =      1424.7361
 EELEC  =    -11296.0225  EHBOND  =         0.0000  RESTRAINT  =         6.0639
 EAMBER (non-restraint)  =     -9808.2465
 EKCMT  =       909.6548  VIRIAL  =      1090.4653  VOLUME     =     30873.0311
                                                    Density    =         0.9903
 ------------------------------------------------------------------------------

wrapping first mol.:       11.41808       16.14761       27.96848
wrapping first mol.:       11.41808       16.14761       27.96848

 NSTEP =     1500   TIME(PS) =       3.000  TEMP(K) =   301.22  PRESS =   393.0
 Etot   =     -7833.4419  EKtot   =      1837.0294  EPtot      =     -9670.4714
 BOND   =         2.6671  ANGLE   =         8.0405  DIHED      =         5.4755
 UB     =         0.0000  IMP     =         0.0000  CMAP       =         0.0193
 1-4 NB =         3.7248  1-4 EEL =        46.3055  VDWAALS    =      1460.5477
 EELEC  =    -11204.3255  EHBOND  =         0.0000  RESTRAINT  =         7.0737
 EAMBER (non-restraint)  =     -9677.5451
 EKCMT  =       916.7309  VIRIAL  =       654.2318  VOLUME     =     30939.0012
                                                    Density    =         0.9882
 ------------------------------------------------------------------------------

wrapping first mol.:       11.42422       16.15629       27.98351
wrapping first mol.:       11.42422       16.15629       27.98351

 NSTEP =     2000   TIME(PS) =       4.000  TEMP(K) =   297.96  PRESS =    96.8
 Etot   =     -7847.8952  EKtot   =      1817.1770  EPtot      =     -9665.0722
 BOND   =         3.1557  ANGLE   =         7.5972  DIHED      =         5.0287
 UB     =         0.0000  IMP     =         0.0000  CMAP       =         0.6915
 1-4 NB =         3.4605  1-4 EEL =        46.5550  VDWAALS    =      1423.0221
 EELEC  =    -11159.4881  EHBOND  =         0.0000  RESTRAINT  =         4.9053
 EAMBER (non-restraint)  =     -9669.9774
 EKCMT  =       893.7673  VIRIAL  =       829.0015  VOLUME     =     30989.7369
                                                    Density    =         0.9866
 ------------------------------------------------------------------------------

wrapping first mol.:       11.43564       16.17243       28.01148
wrapping first mol.:       11.43564       16.17243       28.01148

 NSTEP =     2500   TIME(PS) =       5.000  TEMP(K) =   306.59  PRESS =   181.7
 Etot   =     -7782.8619  EKtot   =      1869.7998  EPtot      =     -9652.6617
 BOND   =         1.8102  ANGLE   =         6.6526  DIHED      =         4.3843
 UB     =         0.0000  IMP     =         0.0000  CMAP       =         0.2062
 1-4 NB =         3.3460  1-4 EEL =        47.5376  VDWAALS    =      1433.2091
 EELEC  =    -11156.3286  EHBOND  =         0.0000  RESTRAINT  =         6.5209
 EAMBER (non-restraint)  =     -9659.1826
 EKCMT  =       939.1477  VIRIAL  =       817.2076  VOLUME     =     31082.4970
                                                    Density    =         0.9837
 ------------------------------------------------------------------------------

wrapping first mol.:       11.44346       16.18349       28.03062
wrapping first mol.:       11.44346       16.18349       28.03062

 NSTEP =     3000   TIME(PS) =       6.000  TEMP(K) =   293.04  PRESS =   -65.6
 Etot   =     -7894.5499  EKtot   =      1787.1379  EPtot      =     -9681.6878
 BOND   =         1.1493  ANGLE   =        12.2996  DIHED      =         4.9296
 UB     =         0.0000  IMP     =         0.0000  CMAP       =         0.7113
 1-4 NB =         2.8112  1-4 EEL =        44.9955  VDWAALS    =      1430.5050
 EELEC  =    -11185.3415  EHBOND  =         0.0000  RESTRAINT  =         6.2521
 EAMBER (non-restraint)  =     -9687.9400
 EKCMT  =       890.3996  VIRIAL  =       934.4889  VOLUME     =     31146.9737
                                                    Density    =         0.9816
 ------------------------------------------------------------------------------

wrapping first mol.:       11.44164       16.18092       28.02617
wrapping first mol.:       11.44164       16.18092       28.02617

 NSTEP =     3500   TIME(PS) =       7.000  TEMP(K) =   298.27  PRESS =  -532.7
 Etot   =     -7856.0996  EKtot   =      1819.0580  EPtot      =     -9675.1576
 BOND   =         2.6376  ANGLE   =         8.8843  DIHED      =         4.7029
 UB     =         0.0000  IMP     =         0.0000  CMAP       =         0.3192
 1-4 NB =         2.8505  1-4 EEL =        44.4656  VDWAALS    =      1350.8510
 EELEC  =    -11092.6693  EHBOND  =         0.0000  RESTRAINT  =         2.8006
 EAMBER (non-restraint)  =     -9677.9582
 EKCMT  =       900.1636  VIRIAL  =      1258.2755  VOLUME     =     31133.4278
                                                    Density    =         0.9821
 ------------------------------------------------------------------------------

wrapping first mol.:       11.42704       16.16027       27.99041
wrapping first mol.:       11.42704       16.16027       27.99041

 NSTEP =     4000   TIME(PS) =       8.000  TEMP(K) =   301.36  PRESS =    67.6
 Etot   =     -7788.0849  EKtot   =      1837.9280  EPtot      =     -9626.0129
 BOND   =         2.1724  ANGLE   =         6.2361  DIHED      =         3.4416
 UB     =         0.0000  IMP     =         0.0000  CMAP       =         0.4747
 1-4 NB =         3.1214  1-4 EEL =        47.8055  VDWAALS    =      1389.6971
 EELEC  =    -11084.6102  EHBOND  =         0.0000  RESTRAINT  =         5.6484
 EAMBER (non-restraint)  =     -9631.6613
 EKCMT  =       932.8003  VIRIAL  =       887.5237  VOLUME     =     31012.7421
                                                    Density    =         0.9859
 ------------------------------------------------------------------------------

wrapping first mol.:       11.41508       16.14336       27.96112
wrapping first mol.:       11.41508       16.14336       27.96112

 NSTEP =     4500   TIME(PS) =       9.000  TEMP(K) =   300.76  PRESS =   256.6
 Etot   =     -7841.6197  EKtot   =      1834.2531  EPtot      =     -9675.8728
 BOND   =         2.0200  ANGLE   =         7.0367  DIHED      =         4.0992
 UB     =         0.0000  IMP     =         0.0000  CMAP       =         0.5676
 1-4 NB =         2.5825  1-4 EEL =        43.0905  VDWAALS    =      1443.1880
 EELEC  =    -11183.1582  EHBOND  =         0.0000  RESTRAINT  =         4.7008
 EAMBER (non-restraint)  =     -9680.5735
 EKCMT  =       899.0420  VIRIAL  =       727.7896  VOLUME     =     30914.9784
                                                    Density    =         0.9890
 ------------------------------------------------------------------------------

wrapping first mol.:       11.43424       16.17045       28.00804
wrapping first mol.:       11.43424       16.17045       28.00804

 NSTEP =     5000   TIME(PS) =      10.000  TEMP(K) =   303.57  PRESS =   210.6
 Etot   =     -7792.4834  EKtot   =      1851.3838  EPtot      =     -9643.8672
 BOND   =         1.8986  ANGLE   =         6.6070  DIHED      =         5.9895
 UB     =         0.0000  IMP     =         0.0000  CMAP       =         0.1108
 1-4 NB =         3.4582  1-4 EEL =        47.8161  VDWAALS    =      1427.4451
 EELEC  =    -11142.3460  EHBOND  =         0.0000  RESTRAINT  =         5.1536
 EAMBER (non-restraint)  =     -9649.0208
 EKCMT  =       944.4264  VIRIAL  =       803.1740  VOLUME     =     31070.9830
                                                    Density    =         0.9840
 ------------------------------------------------------------------------------

wrapping first mol.:       11.44073       16.17964       28.02395
wrapping first mol.:       11.44073       16.17964       28.02395

 NSTEP =     5500   TIME(PS) =      11.000  TEMP(K) =   305.78  PRESS =   270.8
 Etot   =     -7778.5713  EKtot   =      1864.8307  EPtot      =     -9643.4020
 BOND   =         2.7970  ANGLE   =         7.0272  DIHED      =         3.8128
 UB     =         0.0000  IMP     =         0.0000  CMAP       =        -0.1452
 1-4 NB =         3.3800  1-4 EEL =        47.0899  VDWAALS    =      1444.5355
 EELEC  =    -11157.7112  EHBOND  =         0.0000  RESTRAINT  =         5.8120
 EAMBER (non-restraint)  =     -9649.2140
 EKCMT  =       934.5200  VIRIAL  =       752.5355  VOLUME     =     31123.7928
                                                    Density    =         0.9824
 ------------------------------------------------------------------------------

wrapping first mol.:       11.43984       16.17838       28.02177
wrapping first mol.:       11.43984       16.17838       28.02177

 NSTEP =     6000   TIME(PS) =      12.000  TEMP(K) =   300.30  PRESS =  -152.6
 Etot   =     -7831.6844  EKtot   =      1831.4231  EPtot      =     -9663.1075
 BOND   =         4.8349  ANGLE   =        15.8666  DIHED      =         4.4051
 UB     =         0.0000  IMP     =         0.0000  CMAP       =         0.2893
 1-4 NB =         1.8665  1-4 EEL =        45.6215  VDWAALS    =      1405.9254
 EELEC  =    -11150.9439  EHBOND  =         0.0000  RESTRAINT  =         9.0270
 EAMBER (non-restraint)  =     -9672.1346
 EKCMT  =       938.0315  VIRIAL  =      1040.5771  VOLUME     =     31117.7012
                                                    Density    =         0.9826
 ------------------------------------------------------------------------------

wrapping first mol.:       11.45924       16.20581       28.06929
wrapping first mol.:       11.45924       16.20581       28.06929

 NSTEP =     6500   TIME(PS) =      13.000  TEMP(K) =   296.43  PRESS =   543.4
 Etot   =     -7877.1120  EKtot   =      1807.8535  EPtot      =     -9684.9655
 BOND   =         2.4827  ANGLE   =         5.3517  DIHED      =         3.6005
 UB     =         0.0000  IMP     =         0.0000  CMAP       =         0.5667
 1-4 NB =         4.3346  1-4 EEL =        43.6710  VDWAALS    =      1522.2548
 EELEC  =    -11273.1612  EHBOND  =         0.0000  RESTRAINT  =         5.9338
 EAMBER (non-restraint)  =     -9690.8993
 EKCMT  =       885.8783  VIRIAL  =       518.9433  VOLUME     =     31274.3372
                                                    Density    =         0.9776
 ------------------------------------------------------------------------------

wrapping first mol.:       11.44373       16.18387       28.03129
wrapping first mol.:       11.44373       16.18387       28.03129

 NSTEP =     7000   TIME(PS) =      14.000  TEMP(K) =   307.85  PRESS =    89.6
 Etot   =     -7838.7898  EKtot   =      1877.4648  EPtot      =     -9716.2546
 BOND   =         2.5606  ANGLE   =         8.1450  DIHED      =         3.6817
 UB     =         0.0000  IMP     =         0.0000  CMAP       =         0.3095
 1-4 NB =         2.8245  1-4 EEL =        43.4743  VDWAALS    =      1450.3306
 EELEC  =    -11232.5499  EHBOND  =         0.0000  RESTRAINT  =         4.9691
 EAMBER (non-restraint)  =     -9721.2237
 EKCMT  =       942.6119  VIRIAL  =       882.3775  VOLUME     =     31148.7566
                                                    Density    =         0.9816
 ------------------------------------------------------------------------------

wrapping first mol.:       11.43989       16.17845       28.02189
wrapping first mol.:       11.43989       16.17845       28.02189

 NSTEP =     7500   TIME(PS) =      15.000  TEMP(K) =   305.83  PRESS =   406.6
 Etot   =     -7784.2553  EKtot   =      1865.1544  EPtot      =     -9649.4097
 BOND   =         5.5971  ANGLE   =         7.7503  DIHED      =         3.5377
 UB     =         0.0000  IMP     =         0.0000  CMAP       =         0.7871
 1-4 NB =         2.8610  1-4 EEL =        46.5185  VDWAALS    =      1463.9951
 EELEC  =    -11184.5763  EHBOND  =         0.0000  RESTRAINT  =         4.1199
 EAMBER (non-restraint)  =     -9653.5296
 EKCMT  =       931.9409  VIRIAL  =       658.7521  VOLUME     =     31116.5533
                                                    Density    =         0.9826
 ------------------------------------------------------------------------------

wrapping first mol.:       11.44622       16.18740       28.03740
wrapping first mol.:       11.44622       16.18740       28.03740

 NSTEP =     8000   TIME(PS) =      16.000  TEMP(K) =   300.15  PRESS =    40.7
 Etot   =     -7885.3943  EKtot   =      1830.5000  EPtot      =     -9715.8943
 BOND   =         2.1349  ANGLE   =         6.9864  DIHED      =         3.3831
 UB     =         0.0000  IMP     =         0.0000  CMAP       =         0.3399
 1-4 NB =         2.8412  1-4 EEL =        46.6715  VDWAALS    =      1445.3320
 EELEC  =    -11226.3342  EHBOND  =         0.0000  RESTRAINT  =         2.7508
 EAMBER (non-restraint)  =     -9718.6451
 EKCMT  =       919.8391  VIRIAL  =       892.4253  VOLUME     =     31169.2689
                                                    Density    =         0.9809
 ------------------------------------------------------------------------------

wrapping first mol.:       11.43487       16.17135       28.00960
wrapping first mol.:       11.43487       16.17135       28.00960

 NSTEP =     8500   TIME(PS) =      17.000  TEMP(K) =   301.49  PRESS =   437.2
 Etot   =     -7914.8488  EKtot   =      1838.6831  EPtot      =     -9753.5319
 BOND   =         1.9505  ANGLE   =        10.8780  DIHED      =         3.1142
 UB     =         0.0000  IMP     =         0.0000  CMAP       =         0.4095
 1-4 NB =         3.6414  1-4 EEL =        43.9397  VDWAALS    =      1514.6857
 EELEC  =    -11334.7427  EHBOND  =         0.0000  RESTRAINT  =         2.5918
 EAMBER (non-restraint)  =     -9756.1237
 EKCMT  =       902.0063  VIRIAL  =       608.6932  VOLUME     =     31075.5422
                                                    Density    =         0.9839
 ------------------------------------------------------------------------------

wrapping first mol.:       11.43719       16.17463       28.01528
wrapping first mol.:       11.43719       16.17463       28.01528

 NSTEP =     9000   TIME(PS) =      18.000  TEMP(K) =   306.30  PRESS =  -193.6
 Etot   =     -7880.0912  EKtot   =      1868.0193  EPtot      =     -9748.1105
 BOND   =         1.2873  ANGLE   =         9.8968  DIHED      =         3.8525
 UB     =         0.0000  IMP     =         0.0000  CMAP       =         0.5591
 1-4 NB =         3.2880  1-4 EEL =        42.5358  VDWAALS    =      1423.2719
 EELEC  =    -11237.3555  EHBOND  =         0.0000  RESTRAINT  =         4.5536
 EAMBER (non-restraint)  =     -9752.6641
 EKCMT  =       930.1955  VIRIAL  =      1060.1723  VOLUME     =     31096.2199
                                                    Density    =         0.9832
 ------------------------------------------------------------------------------

wrapping first mol.:       11.42452       16.15670       27.98423
wrapping first mol.:       11.42452       16.15670       27.98423

 NSTEP =     9500   TIME(PS) =      19.000  TEMP(K) =   310.30  PRESS =  -298.2
 Etot   =     -7723.0264  EKtot   =      1892.4167  EPtot      =     -9615.4431
 BOND   =         3.6603  ANGLE   =         7.2267  DIHED      =         5.0016
 UB     =         0.0000  IMP     =         0.0000  CMAP       =         0.4229
 1-4 NB =         3.2750  1-4 EEL =        45.3206  VDWAALS    =      1346.9165
 EELEC  =    -11032.6608  EHBOND  =         0.0000  RESTRAINT  =         5.3941
 EAMBER (non-restraint)  =     -9620.8372
 EKCMT  =       922.1348  VIRIAL  =      1121.7104  VOLUME     =     30993.2166
                                                    Density    =         0.9865
 ------------------------------------------------------------------------------

wrapping first mol.:       11.41862       16.14837       27.96980
wrapping first mol.:       11.41862       16.14837       27.96980

 NSTEP =    10000   TIME(PS) =      20.000  TEMP(K) =   316.44  PRESS =   122.5
 Etot   =     -7742.2267  EKtot   =      1929.8696  EPtot      =     -9672.0964
 BOND   =         2.6156  ANGLE   =         5.9163  DIHED      =         3.7448
 UB     =         0.0000  IMP     =         0.0000  CMAP       =         0.6491
 1-4 NB =         3.1158  1-4 EEL =        46.8982  VDWAALS    =      1424.5697
 EELEC  =    -11164.2716  EHBOND  =         0.0000  RESTRAINT  =         4.6656
 EAMBER (non-restraint)  =     -9676.7620
 EKCMT  =       943.9363  VIRIAL  =       862.0692  VOLUME     =     30944.1282
                                                    Density    =         0.9881
 ------------------------------------------------------------------------------

wrapping first mol.:       11.42557       16.15819       27.98680
wrapping first mol.:       11.42557       16.15819       27.98680

 NSTEP =    10500   TIME(PS) =      21.000  TEMP(K) =   307.48  PRESS =   420.0
 Etot   =     -7805.2381  EKtot   =      1875.1986  EPtot      =     -9680.4367
 BOND   =         2.1909  ANGLE   =         5.1670  DIHED      =         3.1351
 UB     =         0.0000  IMP     =         0.0000  CMAP       =         0.3700
 1-4 NB =         3.5228  1-4 EEL =        45.7267  VDWAALS    =      1470.3327
 EELEC  =    -11213.3498  EHBOND  =         0.0000  RESTRAINT  =         2.4678
 EAMBER (non-restraint)  =     -9682.9045
 EKCMT  =       910.0791  VIRIAL  =       628.9826  VOLUME     =     30999.7850
                                                    Density    =         0.9863
 ------------------------------------------------------------------------------

wrapping first mol.:       11.43029       16.16487       27.99838
wrapping first mol.:       11.43029       16.16487       27.99838

 NSTEP =    11000   TIME(PS) =      22.000  TEMP(K) =   300.53  PRESS =   355.9
 Etot   =     -7886.2157  EKtot   =      1832.8237  EPtot      =     -9719.0394
 BOND   =         2.1029  ANGLE   =         6.3796  DIHED      =         3.3542
 UB     =         0.0000  IMP     =         0.0000  CMAP       =         0.2116
 1-4 NB =         2.3088  1-4 EEL =        46.9976  VDWAALS    =      1480.6589
 EELEC  =    -11265.2956  EHBOND  =         0.0000  RESTRAINT  =         4.2426
 EAMBER (non-restraint)  =     -9723.2820
 EKCMT  =       911.2699  VIRIAL  =       672.7684  VOLUME     =     31038.4481
                                                    Density    =         0.9851
 ------------------------------------------------------------------------------

wrapping first mol.:       11.44243       16.18204       28.02811
wrapping first mol.:       11.44243       16.18204       28.02811

 NSTEP =    11500   TIME(PS) =      23.000  TEMP(K) =   300.25  PRESS =   116.9
 Etot   =     -7900.4786  EKtot   =      1831.1454  EPtot      =     -9731.6240
 BOND   =         4.2247  ANGLE   =         9.3501  DIHED      =         3.5145
 UB     =         0.0000  IMP     =         0.0000  CMAP       =        -0.2498
 1-4 NB =         2.9133  1-4 EEL =        44.4330  VDWAALS    =      1479.6000
 EELEC  =    -11281.2822  EHBOND  =         0.0000  RESTRAINT  =         5.8723
 EAMBER (non-restraint)  =     -9737.4964
 EKCMT  =       889.1875  VIRIAL  =       810.6241  VOLUME     =     31138.0867
                                                    Density    =         0.9819
 ------------------------------------------------------------------------------

wrapping first mol.:       11.42742       16.16081       27.99134
wrapping first mol.:       11.42742       16.16081       27.99134

 NSTEP =    12000   TIME(PS) =      24.000  TEMP(K) =   302.93  PRESS =   298.9
 Etot   =     -7827.0655  EKtot   =      1847.4650  EPtot      =     -9674.5305
 BOND   =         2.2942  ANGLE   =         9.0134  DIHED      =         3.4806
 UB     =         0.0000  IMP     =         0.0000  CMAP       =         0.2886
 1-4 NB =         2.6929  1-4 EEL =        45.8771  VDWAALS    =      1458.7763
 EELEC  =    -11206.1772  EHBOND  =         0.0000  RESTRAINT  =         9.2236
 EAMBER (non-restraint)  =     -9683.7541
 EKCMT  =       886.0387  VIRIAL  =       685.8931  VOLUME     =     31015.1903
                                                    Density    =         0.9858
 ------------------------------------------------------------------------------

wrapping first mol.:       11.43384       16.16988       28.00706
wrapping first mol.:       11.43384       16.16988       28.00706

 NSTEP =    12500   TIME(PS) =      25.000  TEMP(K) =   309.92  PRESS =  -157.2
 Etot   =     -7770.4114  EKtot   =      1890.1244  EPtot      =     -9660.5358
 BOND   =         2.2702  ANGLE   =         9.5512  DIHED      =         3.1597
 UB     =         0.0000  IMP     =         0.0000  CMAP       =         0.6402
 1-4 NB =         2.4434  1-4 EEL =        45.8403  VDWAALS    =      1372.6204
 EELEC  =    -11103.2158  EHBOND  =         0.0000  RESTRAINT  =         6.1545
 EAMBER (non-restraint)  =     -9666.6903
 EKCMT  =       926.0941  VIRIAL  =      1031.5539  VOLUME     =     31068.7373
                                                    Density    =         0.9841
 ------------------------------------------------------------------------------

wrapping first mol.:       11.43897       16.17715       28.01964
wrapping first mol.:       11.43897       16.17715       28.01964

 NSTEP =    13000   TIME(PS) =      26.000  TEMP(K) =   304.54  PRESS =   260.7
 Etot   =     -7786.3176  EKtot   =      1857.3188  EPtot      =     -9643.6365
 BOND   =         2.7679  ANGLE   =         5.2388  DIHED      =         4.3550
 UB     =         0.0000  IMP     =         0.0000  CMAP       =         0.2545
 1-4 NB =         2.0904  1-4 EEL =        44.1091  VDWAALS    =      1425.6711
 EELEC  =    -11130.7075  EHBOND  =         0.0000  RESTRAINT  =         2.5842
 EAMBER (non-restraint)  =     -9646.2207
 EKCMT  =       943.5402  VIRIAL  =       768.4205  VOLUME     =     31109.4773
                                                    Density    =         0.9828
 ------------------------------------------------------------------------------

wrapping first mol.:       11.44053       16.17935       28.02345
wrapping first mol.:       11.44053       16.17935       28.02345

 NSTEP =    13500   TIME(PS) =      27.000  TEMP(K) =   307.81  PRESS =  -176.8
 Etot   =     -7777.4917  EKtot   =      1877.2659  EPtot      =     -9654.7576
 BOND   =         1.9434  ANGLE   =         9.7047  DIHED      =         3.7428
 UB     =         0.0000  IMP     =         0.0000  CMAP       =         0.6021
 1-4 NB =         3.2276  1-4 EEL =        43.7428  VDWAALS    =      1396.2084
 EELEC  =    -11117.3951  EHBOND  =         0.0000  RESTRAINT  =         3.4656
 EAMBER (non-restraint)  =     -9658.2232
 EKCMT  =       900.9557  VIRIAL  =      1019.7658  VOLUME     =     31123.3886
                                                    Density    =         0.9824
 ------------------------------------------------------------------------------

wrapping first mol.:       11.43896       16.17713       28.01961
wrapping first mol.:       11.43896       16.17713       28.01961

 NSTEP =    14000   TIME(PS) =      28.000  TEMP(K) =   306.73  PRESS =   108.8
 Etot   =     -7808.7780  EKtot   =      1870.6714  EPtot      =     -9679.4494
 BOND   =         4.9977  ANGLE   =        11.0090  DIHED      =         3.7250
 UB     =         0.0000  IMP     =         0.0000  CMAP       =         0.5230
 1-4 NB =         2.0237  1-4 EEL =        44.2697  VDWAALS    =      1424.3704
 EELEC  =    -11177.0065  EHBOND  =         0.0000  RESTRAINT  =         6.6386
 EAMBER (non-restraint)  =     -9686.0880
 EKCMT  =       912.2829  VIRIAL  =       839.2279  VOLUME     =     31109.7955
                                                    Density    =         0.9828
 ------------------------------------------------------------------------------

wrapping first mol.:       11.44487       16.18550       28.03410
wrapping first mol.:       11.44487       16.18550       28.03410

 NSTEP =    14500   TIME(PS) =      29.000  TEMP(K) =   298.05  PRESS =   -67.5
 Etot   =     -7837.5061  EKtot   =      1817.7343  EPtot      =     -9655.2404
 BOND   =         1.3415  ANGLE   =         9.0901  DIHED      =         4.5821
 UB     =         0.0000  IMP     =         0.0000  CMAP       =         0.1694
 1-4 NB =         3.8133  1-4 EEL =        48.2838  VDWAALS    =      1412.8169
 EELEC  =    -11141.6791  EHBOND  =         0.0000  RESTRAINT  =         6.3415
 EAMBER (non-restraint)  =     -9661.5819
 EKCMT  =       917.8792  VIRIAL  =       963.3057  VOLUME     =     31158.5665
                                                    Density    =         0.9813
 ------------------------------------------------------------------------------

wrapping first mol.:       11.43303       16.16875       28.00509
wrapping first mol.:       11.43303       16.16875       28.00509

 NSTEP =    15000   TIME(PS) =      30.000  TEMP(K) =   307.34  PRESS =   340.7
 Etot   =     -7779.4503  EKtot   =      1874.3689  EPtot      =     -9653.8192
 BOND   =         2.2455  ANGLE   =         8.7502  DIHED      =         4.2926
 UB     =         0.0000  IMP     =         0.0000  CMAP       =         0.8728
 1-4 NB =         3.1688  1-4 EEL =        44.2792  VDWAALS    =      1471.5438
 EELEC  =    -11193.6376  EHBOND  =         0.0000  RESTRAINT  =         4.6655
 EAMBER (non-restraint)  =     -9658.4847
 EKCMT  =       919.1155  VIRIAL  =       690.6607  VOLUME     =     31060.8051
                                                    Density    =         0.9844
 ------------------------------------------------------------------------------

wrapping first mol.:       11.42390       16.15584       27.98273
wrapping first mol.:       11.42390       16.15584       27.98273

 NSTEP =    15500   TIME(PS) =      31.000  TEMP(K) =   297.14  PRESS =   -88.4
 Etot   =     -7806.9793  EKtot   =      1812.1393  EPtot      =     -9619.1186
 BOND   =         1.7263  ANGLE   =         7.5487  DIHED      =         3.5007
 UB     =         0.0000  IMP     =         0.0000  CMAP       =         0.4714
 1-4 NB =         2.3783  1-4 EEL =        44.3777  VDWAALS    =      1397.7833
 EELEC  =    -11085.6746  EHBOND  =         0.0000  RESTRAINT  =         8.7696
 EAMBER (non-restraint)  =     -9627.8882
 EKCMT  =       891.6226  VIRIAL  =       950.7434  VOLUME     =     30987.6519
                                                    Density    =         0.9867
 ------------------------------------------------------------------------------

wrapping first mol.:       11.43761       16.17523       28.01632
wrapping first mol.:       11.43761       16.17523       28.01632

 NSTEP =    16000   TIME(PS) =      32.000  TEMP(K) =   295.73  PRESS =   -75.4
 Etot   =     -7855.4754  EKtot   =      1803.5819  EPtot      =     -9659.0573
 BOND   =         2.9634  ANGLE   =         9.6143  DIHED      =         5.1919
 UB     =         0.0000  IMP     =         0.0000  CMAP       =         0.2436
 1-4 NB =         2.1486  1-4 EEL =        44.7583  VDWAALS    =      1394.9908
 EELEC  =    -11123.5110  EHBOND  =         0.0000  RESTRAINT  =         4.5429
 EAMBER (non-restraint)  =     -9663.6002
 EKCMT  =       893.9681  VIRIAL  =       944.5936  VOLUME     =     31099.3308
                                                    Density    =         0.9831
 ------------------------------------------------------------------------------

wrapping first mol.:       11.43561       16.17239       28.01140
wrapping first mol.:       11.43561       16.17239       28.01140

 NSTEP =    16500   TIME(PS) =      33.000  TEMP(K) =   297.50  PRESS =   -55.5
 Etot   =     -7885.5563  EKtot   =      1814.3575  EPtot      =     -9699.9139
 BOND   =         4.5569  ANGLE   =         5.9720  DIHED      =         3.4680
 UB     =         0.0000  IMP     =         0.0000  CMAP       =         1.2524
 1-4 NB =         2.5198  1-4 EEL =        43.4302  VDWAALS    =      1433.6453
 EELEC  =    -11199.1392  EHBOND  =         0.0000  RESTRAINT  =         4.3807
 EAMBER (non-restraint)  =     -9704.2946
 EKCMT  =       896.0266  VIRIAL  =       933.2866  VOLUME     =     31082.9183
                                                    Density    =         0.9837
 ------------------------------------------------------------------------------

wrapping first mol.:       11.42544       16.15801       27.98649
wrapping first mol.:       11.42544       16.15801       27.98649

 NSTEP =    17000   TIME(PS) =      34.000  TEMP(K) =   297.22  PRESS =  -798.7
 Etot   =     -7958.7668  EKtot   =      1812.6478  EPtot      =     -9771.4146
 BOND   =         6.6362  ANGLE   =        10.9159  DIHED      =         3.1568
 UB     =         0.0000  IMP     =         0.0000  CMAP       =         0.1243
 1-4 NB =         1.5488  1-4 EEL =        40.7539  VDWAALS    =      1343.3508
 EELEC  =    -11184.9930  EHBOND  =         0.0000  RESTRAINT  =         7.0918
 EAMBER (non-restraint)  =     -9778.5064
 EKCMT  =       906.2609  VIRIAL  =      1440.8768  VOLUME     =     31002.1091
                                                    Density    =         0.9862
 ------------------------------------------------------------------------------

wrapping first mol.:       11.42889       16.16289       27.99495
wrapping first mol.:       11.42889       16.16289       27.99495

 NSTEP =    17500   TIME(PS) =      35.000  TEMP(K) =   298.24  PRESS =   120.0
 Etot   =     -7898.1047  EKtot   =      1818.8956  EPtot      =     -9717.0003
 BOND   =         3.7725  ANGLE   =        11.4061  DIHED      =         4.2532
 UB     =         0.0000  IMP     =         0.0000  CMAP       =         0.5755
 1-4 NB =         3.1811  1-4 EEL =        41.5597  VDWAALS    =      1460.0219
 EELEC  =    -11245.1823  EHBOND  =         0.0000  RESTRAINT  =         3.4121
 EAMBER (non-restraint)  =     -9720.4124
 EKCMT  =       908.6907  VIRIAL  =       828.3203  VOLUME     =     31027.6906
                                                    Density    =         0.9854
 ------------------------------------------------------------------------------

wrapping first mol.:       11.42362       16.15544       27.98205
wrapping first mol.:       11.42362       16.15544       27.98205

 NSTEP =    18000   TIME(PS) =      36.000  TEMP(K) =   299.78  PRESS =    19.3
 Etot   =     -7934.2747  EKtot   =      1828.2839  EPtot      =     -9762.5586
 BOND   =         1.9226  ANGLE   =         8.9901  DIHED      =         4.0448
 UB     =         0.0000  IMP     =         0.0000  CMAP       =        -0.3275
 1-4 NB =         2.3395  1-4 EEL =        44.6924  VDWAALS    =      1464.0276
 EELEC  =    -11295.3422  EHBOND  =         0.0000  RESTRAINT  =         7.0941
 EAMBER (non-restraint)  =     -9769.6527
 EKCMT  =       884.0229  VIRIAL  =       871.1436  VOLUME     =     30985.0881
                                                    Density    =         0.9868
 ------------------------------------------------------------------------------

wrapping first mol.:       11.43813       16.17595       28.01757
wrapping first mol.:       11.43813       16.17595       28.01757

 NSTEP =    18500   TIME(PS) =      37.000  TEMP(K) =   302.12  PRESS =  -648.3
 Etot   =     -7835.1085  EKtot   =      1842.5603  EPtot      =     -9677.6688
 BOND   =         2.5886  ANGLE   =         7.6621  DIHED      =         3.4332
 UB     =         0.0000  IMP     =         0.0000  CMAP       =         0.1438
 1-4 NB =         2.7776  1-4 EEL =        46.6211  VDWAALS    =      1330.9975
 EELEC  =    -11077.3542  EHBOND  =         0.0000  RESTRAINT  =         5.4615
 EAMBER (non-restraint)  =     -9683.1303
 EKCMT  =       925.5917  VIRIAL  =      1361.0147  VOLUME     =     31105.0831
                                                    Density    =         0.9830
 ------------------------------------------------------------------------------

wrapping first mol.:       11.43908       16.17731       28.01992
wrapping first mol.:       11.43908       16.17731       28.01992

 NSTEP =    19000   TIME(PS) =      38.000  TEMP(K) =   305.78  PRESS =  -293.0
 Etot   =     -7935.6731  EKtot   =      1864.8618  EPtot      =     -9800.5349
 BOND   =         7.3505  ANGLE   =         7.1366  DIHED      =         3.5054
 UB     =         0.0000  IMP     =         0.0000  CMAP       =         0.2746
 1-4 NB =         2.9063  1-4 EEL =        48.3962  VDWAALS    =      1434.5982
 EELEC  =    -11309.6531  EHBOND  =         0.0000  RESTRAINT  =         4.9503
 EAMBER (non-restraint)  =     -9805.4852
 EKCMT  =       925.4988  VIRIAL  =      1122.3208  VOLUME     =     31111.9264
                                                    Density    =         0.9827
 ------------------------------------------------------------------------------

wrapping first mol.:       11.44561       16.18654       28.03590
wrapping first mol.:       11.44561       16.18654       28.03590

 NSTEP =    19500   TIME(PS) =      39.000  TEMP(K) =   302.47  PRESS =   455.8
 Etot   =     -7884.9319  EKtot   =      1844.6819  EPtot      =     -9729.6138
 BOND   =         1.8618  ANGLE   =        13.1069  DIHED      =         4.1721
 UB     =         0.0000  IMP     =         0.0000  CMAP       =         0.3607
 1-4 NB =         3.4983  1-4 EEL =        46.7894  VDWAALS    =      1510.3721
 EELEC  =    -11315.1410  EHBOND  =         0.0000  RESTRAINT  =         5.3659
 EAMBER (non-restraint)  =     -9734.9797
 EKCMT  =       905.6606  VIRIAL  =       598.9455  VOLUME     =     31163.1212
                                                    Density    =         0.9811
 ------------------------------------------------------------------------------

wrapping first mol.:       11.44115       16.18023       28.02497
wrapping first mol.:       11.44115       16.18023       28.02497

 NSTEP =    20000   TIME(PS) =      40.000  TEMP(K) =   308.41  PRESS =  -329.2
 Etot   =     -7871.7374  EKtot   =      1880.8959  EPtot      =     -9752.6333
 BOND   =         2.3309  ANGLE   =         9.0438  DIHED      =         4.5990
 UB     =         0.0000  IMP     =         0.0000  CMAP       =         0.5883
 1-4 NB =         3.4430  1-4 EEL =        48.5905  VDWAALS    =      1427.1821
 EELEC  =    -11256.5392  EHBOND  =         0.0000  RESTRAINT  =         8.1283
 EAMBER (non-restraint)  =     -9760.7616
 EKCMT  =       923.8198  VIRIAL  =      1145.0581  VOLUME     =     31128.8741
                                                    Density    =         0.9822
 ------------------------------------------------------------------------------

wrapping first mol.:       11.43626       16.17332       28.01300
wrapping first mol.:       11.43626       16.17332       28.01300

 NSTEP =    20500   TIME(PS) =      41.000  TEMP(K) =   292.87  PRESS =  -161.6
 Etot   =     -7976.6477  EKtot   =      1786.1121  EPtot      =     -9762.7598
 BOND   =         5.2411  ANGLE   =         8.8665  DIHED      =         6.3869
 UB     =         0.0000  IMP     =         0.0000  CMAP       =        -0.2012
 1-4 NB =         3.2951  1-4 EEL =        45.1417  VDWAALS    =      1464.0330
 EELEC  =    -11301.0674  EHBOND  =         0.0000  RESTRAINT  =         5.5444
 EAMBER (non-restraint)  =     -9768.3042
 EKCMT  =       892.7378  VIRIAL  =      1001.1829  VOLUME     =     31088.5407
                                                    Density    =         0.9835
 ------------------------------------------------------------------------------

wrapping first mol.:       11.45652       16.20197       28.06264
wrapping first mol.:       11.45652       16.20197       28.06264

 NSTEP =    21000   TIME(PS) =      42.000  TEMP(K) =   299.31  PRESS =   -64.6
 Etot   =     -7953.9067  EKtot   =      1825.4282  EPtot      =     -9779.3349
 BOND   =         2.2503  ANGLE   =        11.1120  DIHED      =         3.3209
 UB     =         0.0000  IMP     =         0.0000  CMAP       =         0.4283
 1-4 NB =         3.9528  1-4 EEL =        47.4770  VDWAALS    =      1482.4237
 EELEC  =    -11336.8760  EHBOND  =         0.0000  RESTRAINT  =         6.5761
 EAMBER (non-restraint)  =     -9785.9109
 EKCMT  =       903.2283  VIRIAL  =       946.7919  VOLUME     =     31253.8069
                                                    Density    =         0.9783
 ------------------------------------------------------------------------------

wrapping first mol.:       11.44450       16.18496       28.03317
wrapping first mol.:       11.44450       16.18496       28.03317

 NSTEP =    21500   TIME(PS) =      43.000  TEMP(K) =   300.11  PRESS =  -356.9
 Etot   =     -7868.7870  EKtot   =      1830.3086  EPtot      =     -9699.0956
 BOND   =         2.7208  ANGLE   =        12.4235  DIHED      =         4.2229
 UB     =         0.0000  IMP     =         0.0000  CMAP       =         0.2688
 1-4 NB =         1.8171  1-4 EEL =        44.1711  VDWAALS    =      1400.9822
 EELEC  =    -11169.4610  EHBOND  =         0.0000  RESTRAINT  =         3.7590
 EAMBER (non-restraint)  =     -9702.8545
 EKCMT  =       898.0333  VIRIAL  =      1138.1200  VOLUME     =     31156.2782
                                                    Density    =         0.9813
 ------------------------------------------------------------------------------

wrapping first mol.:       11.42007       16.15042       27.97334
wrapping first mol.:       11.42007       16.15042       27.97334

 NSTEP =    22000   TIME(PS) =      44.000  TEMP(K) =   301.89  PRESS =   179.5
 Etot   =     -7906.5867  EKtot   =      1841.1223  EPtot      =     -9747.7090
 BOND   =         2.7142  ANGLE   =         5.9710  DIHED      =         3.6388
 UB     =         0.0000  IMP     =         0.0000  CMAP       =         0.6456
 1-4 NB =         2.2519  1-4 EEL =        43.9691  VDWAALS    =      1461.8496
 EELEC  =    -11272.4015  EHBOND  =         0.0000  RESTRAINT  =         3.6524
 EAMBER (non-restraint)  =     -9751.3614
 EKCMT  =       907.4856  VIRIAL  =       787.5326  VOLUME     =     30955.7290
                                                    Density    =         0.9877
 ------------------------------------------------------------------------------

wrapping first mol.:       11.42051       16.15103       27.97441
wrapping first mol.:       11.42051       16.15103       27.97441

 NSTEP =    22500   TIME(PS) =      45.000  TEMP(K) =   296.96  PRESS =  -448.6
 Etot   =     -7931.5126  EKtot   =      1811.0559  EPtot      =     -9742.5685
 BOND   =         2.5634  ANGLE   =         7.8109  DIHED      =         3.0636
 UB     =         0.0000  IMP     =         0.0000  CMAP       =         0.3671
 1-4 NB =         2.0886  1-4 EEL =        45.5825  VDWAALS    =      1381.7362
 EELEC  =    -11191.7522  EHBOND  =         0.0000  RESTRAINT  =         5.9715
 EAMBER (non-restraint)  =     -9748.5400
 EKCMT  =       900.3072  VIRIAL  =      1200.2012  VOLUME     =     30961.0087
                                                    Density    =         0.9875
 ------------------------------------------------------------------------------

wrapping first mol.:       11.38252       16.09731       27.88135
wrapping first mol.:       11.38252       16.09731       27.88135

 NSTEP =    23000   TIME(PS) =      46.000  TEMP(K) =   292.79  PRESS =    69.5
 Etot   =     -7962.1925  EKtot   =      1785.6556  EPtot      =     -9747.8481
 BOND   =         2.2419  ANGLE   =         7.4300  DIHED      =         3.6567
 UB     =         0.0000  IMP     =         0.0000  CMAP       =         0.3423
 1-4 NB =         3.3541  1-4 EEL =        47.2404  VDWAALS    =      1432.4290
 EELEC  =    -11247.6674  EHBOND  =         0.0000  RESTRAINT  =         3.1249
 EAMBER (non-restraint)  =     -9750.9730
 EKCMT  =       882.7468  VIRIAL  =       836.7337  VOLUME     =     30651.6502
                                                    Density    =         0.9975
 ------------------------------------------------------------------------------

wrapping first mol.:       11.39814       16.11941       27.91963
wrapping first mol.:       11.39814       16.11941       27.91963

 NSTEP =    23500   TIME(PS) =      47.000  TEMP(K) =   287.90  PRESS =   296.3
 Etot   =     -7943.3026  EKtot   =      1755.8289  EPtot      =     -9699.1315
 BOND   =         4.2014  ANGLE   =         7.1442  DIHED      =         3.2296
 UB     =         0.0000  IMP     =         0.0000  CMAP       =         0.5896
 1-4 NB =         3.3487  1-4 EEL =        45.5710  VDWAALS    =      1463.7283
 EELEC  =    -11229.9023  EHBOND  =         0.0000  RESTRAINT  =         2.9581
 EAMBER (non-restraint)  =     -9702.0896
 EKCMT  =       870.3179  VIRIAL  =       673.4011  VOLUME     =     30777.4505
                                                    Density    =         0.9934
 ------------------------------------------------------------------------------

wrapping first mol.:       11.38409       16.09953       27.88520
wrapping first mol.:       11.38409       16.09953       27.88520

 NSTEP =    24000   TIME(PS) =      48.000  TEMP(K) =   297.83  PRESS =  -534.1
 Etot   =     -7971.1020  EKtot   =      1816.4036  EPtot      =     -9787.5056
 BOND   =         7.1422  ANGLE   =        11.0649  DIHED      =         5.8909
 UB     =         0.0000  IMP     =         0.0000  CMAP       =         0.9730
 1-4 NB =         2.1726  1-4 EEL =        41.7775  VDWAALS    =      1359.2191
 EELEC  =    -11218.9812  EHBOND  =         0.0000  RESTRAINT  =         3.2354
 EAMBER (non-restraint)  =     -9790.7409
 EKCMT  =       912.2568  VIRIAL  =      1265.8974  VOLUME     =     30665.9971
                                                    Density    =         0.9970
 ------------------------------------------------------------------------------

wrapping first mol.:       11.40143       16.12406       27.92768
wrapping first mol.:       11.40143       16.12406       27.92768

 NSTEP =    24500   TIME(PS) =      49.000  TEMP(K) =   297.16  PRESS =   594.7
 Etot   =     -7891.7615  EKtot   =      1812.2708  EPtot      =     -9704.0323
 BOND   =         4.8428  ANGLE   =         7.7619  DIHED      =         2.9823
 UB     =         0.0000  IMP     =         0.0000  CMAP       =         0.4765
 1-4 NB =         2.1747  1-4 EEL =        44.0421  VDWAALS    =      1485.7894
 EELEC  =    -11256.8988  EHBOND  =         0.0000  RESTRAINT  =         4.7969
 EAMBER (non-restraint)  =     -9708.8292
 EKCMT  =       926.7623  VIRIAL  =       531.2464  VOLUME     =     30803.2577
                                                    Density    =         0.9926
 ------------------------------------------------------------------------------

wrapping first mol.:       11.41714       16.14627       27.96615
wrapping first mol.:       11.41714       16.14627       27.96615

 NSTEP =    25000   TIME(PS) =      50.000  TEMP(K) =   294.84  PRESS =   -53.5
 Etot   =     -7860.2621  EKtot   =      1798.1611  EPtot      =     -9658.4232
 BOND   =         3.7854  ANGLE   =         7.3278  DIHED      =         3.7383
 UB     =         0.0000  IMP     =         0.0000  CMAP       =         0.4556
 1-4 NB =         2.8692  1-4 EEL =        45.7105  VDWAALS    =      1403.9351
 EELEC  =    -11131.6393  EHBOND  =         0.0000  RESTRAINT  =         5.3941
 EAMBER (non-restraint)  =     -9663.8174
 EKCMT  =       930.8509  VIRIAL  =       966.5856  VOLUME     =     30932.5211
                                                    Density    =         0.9884
 ------------------------------------------------------------------------------

wrapping first mol.:       11.41622       16.14497       27.96391
wrapping first mol.:       11.41622       16.14497       27.96391

 NSTEP =    25500   TIME(PS) =      51.000  TEMP(K) =   297.85  PRESS =   494.4
 Etot   =     -7852.7782  EKtot   =      1816.4771  EPtot      =     -9669.2553
 BOND   =         4.0591  ANGLE   =        12.2774  DIHED      =         3.8910
 UB     =         0.0000  IMP     =         0.0000  CMAP       =         0.4005
 1-4 NB =         3.1511  1-4 EEL =        45.3364  VDWAALS    =      1488.3845
 EELEC  =    -11234.3498  EHBOND  =         0.0000  RESTRAINT  =         7.5945
 EAMBER (non-restraint)  =     -9676.8498
 EKCMT  =       917.3723  VIRIAL  =       587.2711  VOLUME     =     30923.5662
                                                    Density    =         0.9887
 ------------------------------------------------------------------------------

wrapping first mol.:       11.42195       16.15308       27.97795
wrapping first mol.:       11.42195       16.15308       27.97795

 NSTEP =    26000   TIME(PS) =      52.000  TEMP(K) =   301.56  PRESS =   348.9
 Etot   =     -7920.9708  EKtot   =      1839.0945  EPtot      =     -9760.0653
 BOND   =         1.5762  ANGLE   =         8.5422  DIHED      =         4.0303
 UB     =         0.0000  IMP     =         0.0000  CMAP       =         0.1923
 1-4 NB =         2.7108  1-4 EEL =        43.8465  VDWAALS    =      1508.2558
 EELEC  =    -11332.9036  EHBOND  =         0.0000  RESTRAINT  =         3.6842
 EAMBER (non-restraint)  =     -9763.7495
 EKCMT  =       879.1224  VIRIAL  =       645.8054  VOLUME     =     30970.5787
                                                    Density    =         0.9872
 ------------------------------------------------------------------------------

wrapping first mol.:       11.42450       16.15668       27.98418
wrapping first mol.:       11.42450       16.15668       27.98418

 NSTEP =    26500   TIME(PS) =      53.000  TEMP(K) =   297.24  PRESS =   -48.4
 Etot   =     -7921.8780  EKtot   =      1812.8043  EPtot      =     -9734.6823
 BOND   =         2.2933  ANGLE   =         8.1907  DIHED      =         3.2441
 UB     =         0.0000  IMP     =         0.0000  CMAP       =         0.2588
 1-4 NB =         3.6749  1-4 EEL =        46.7013  VDWAALS    =      1432.5800
 EELEC  =    -11237.0580  EHBOND  =         0.0000  RESTRAINT  =         5.4324
 EAMBER (non-restraint)  =     -9740.1147
 EKCMT  =       917.6472  VIRIAL  =       950.0228  VOLUME     =     30992.3706
                                                    Density    =         0.9865
 ------------------------------------------------------------------------------

wrapping first mol.:       11.41437       16.14236       27.95938
wrapping first mol.:       11.41437       16.14236       27.95938

 NSTEP =    27000   TIME(PS) =      54.000  TEMP(K) =   298.94  PRESS =  -170.1
 Etot   =     -7894.3860  EKtot   =      1823.1548  EPtot      =     -9717.5408
 BOND   =         3.4507  ANGLE   =         6.7187  DIHED      =         3.7139
 UB     =         0.0000  IMP     =         0.0000  CMAP       =         1.2136
 1-4 NB =         4.0274  1-4 EEL =        50.0341  VDWAALS    =      1409.9961
 EELEC  =    -11201.2353  EHBOND  =         0.0000  RESTRAINT  =         4.5399
 EAMBER (non-restraint)  =     -9722.0807
 EKCMT  =       902.1005  VIRIAL  =      1015.6536  VOLUME     =     30910.3766
                                                    Density    =         0.9892
 ------------------------------------------------------------------------------

wrapping first mol.:       11.44117       16.18026       28.02503
wrapping first mol.:       11.44117       16.18026       28.02503

 NSTEP =    27500   TIME(PS) =      55.000  TEMP(K) =   291.18  PRESS =  -219.3
 Etot   =     -7908.3189  EKtot   =      1775.8010  EPtot      =     -9684.1199
 BOND   =         4.7656  ANGLE   =         6.9076  DIHED      =         4.8623
 UB     =         0.0000  IMP     =         0.0000  CMAP       =         0.6418
 1-4 NB =         2.8547  1-4 EEL =        47.6716  VDWAALS    =      1414.0477
 EELEC  =    -11171.1882  EHBOND  =         0.0000  RESTRAINT  =         5.3169
 EAMBER (non-restraint)  =     -9689.4368
 EKCMT  =       872.8650  VIRIAL  =      1020.2903  VOLUME     =     31128.7541
                                                    Density    =         0.9822
 ------------------------------------------------------------------------------

wrapping first mol.:       11.41567       16.14420       27.96257
wrapping first mol.:       11.41567       16.14420       27.96257

 NSTEP =    28000   TIME(PS) =      56.000  TEMP(K) =   304.81  PRESS =  -187.6
 Etot   =     -7920.9425  EKtot   =      1858.9562  EPtot      =     -9779.8987
 BOND   =         2.5708  ANGLE   =         3.6805  DIHED      =         4.8129
 UB     =         0.0000  IMP     =         0.0000  CMAP       =         0.6527
 1-4 NB =         3.1020  1-4 EEL =        46.5066  VDWAALS    =      1423.3302
 EELEC  =    -11271.8603  EHBOND  =         0.0000  RESTRAINT  =         7.3059
 EAMBER (non-restraint)  =     -9787.2046
 EKCMT  =       898.4142  VIRIAL  =      1023.6894  VOLUME     =     30921.0103
                                                    Density    =         0.9888
 ------------------------------------------------------------------------------

wrapping first mol.:       11.39536       16.11547       27.91282
wrapping first mol.:       11.39536       16.11547       27.91282

 NSTEP =    28500   TIME(PS) =      57.000  TEMP(K) =   293.66  PRESS =   140.4
 Etot   =     -7921.5590  EKtot   =      1790.9283  EPtot      =     -9712.4873
 BOND   =         4.0601  ANGLE   =         7.8652  DIHED      =         4.1224
 UB     =         0.0000  IMP     =         0.0000  CMAP       =         0.5425
 1-4 NB =         2.1180  1-4 EEL =        46.2799  VDWAALS    =      1442.0501
 EELEC  =    -11223.4185  EHBOND  =         0.0000  RESTRAINT  =         3.8930
 EAMBER (non-restraint)  =     -9716.3804
 EKCMT  =       879.8131  VIRIAL  =       786.5757  VOLUME     =     30755.3369
                                                    Density    =         0.9941
 ------------------------------------------------------------------------------

wrapping first mol.:       11.42293       16.15446       27.98035
wrapping first mol.:       11.42293       16.15446       27.98035

 NSTEP =    29000   TIME(PS) =      58.000  TEMP(K) =   306.80  PRESS =   363.8
 Etot   =     -7846.1134  EKtot   =      1871.0488  EPtot      =     -9717.1623
 BOND   =         2.7414  ANGLE   =         9.1516  DIHED      =         3.6193
 UB     =         0.0000  IMP     =         0.0000  CMAP       =         0.3218
 1-4 NB =         2.9987  1-4 EEL =        44.5716  VDWAALS    =      1486.7953
 EELEC  =    -11274.3019  EHBOND  =         0.0000  RESTRAINT  =         6.9399
 EAMBER (non-restraint)  =     -9724.1022
 EKCMT  =       932.0484  VIRIAL  =       688.7207  VOLUME     =     30978.4852
                                                    Density    =         0.9870
 ------------------------------------------------------------------------------

wrapping first mol.:       11.40997       16.13614       27.94861
wrapping first mol.:       11.40997       16.13614       27.94861

 NSTEP =    29500   TIME(PS) =      59.000  TEMP(K) =   295.51  PRESS =  -375.5
 Etot   =     -7933.8957  EKtot   =      1802.2297  EPtot      =     -9736.1255
 BOND   =         4.1240  ANGLE   =         9.2025  DIHED      =         4.2118
 UB     =         0.0000  IMP     =         0.0000  CMAP       =         0.4692
 1-4 NB =         2.6372  1-4 EEL =        47.2774  VDWAALS    =      1395.6413
 EELEC  =    -11207.5491  EHBOND  =         0.0000  RESTRAINT  =         7.8602
 EAMBER (non-restraint)  =     -9743.9856
 EKCMT  =       861.1228  VIRIAL  =      1111.4296  VOLUME     =     30875.2304
                                                    Density    =         0.9903
 ------------------------------------------------------------------------------

wrapping first mol.:       11.38391       16.09928       27.88476
wrapping first mol.:       11.38391       16.09928       27.88476

 NSTEP =    30000   TIME(PS) =      60.000  TEMP(K) =   291.62  PRESS =   -78.8
 Etot   =     -7981.1493  EKtot   =      1778.5178  EPtot      =     -9759.6672
 BOND   =         6.4671  ANGLE   =         7.4003  DIHED      =         3.0864
 UB     =         0.0000  IMP     =         0.0000  CMAP       =         0.5034
 1-4 NB =         2.7428  1-4 EEL =        41.2999  VDWAALS    =      1421.9724
 EELEC  =    -11246.9230  EHBOND  =         0.0000  RESTRAINT  =         3.7834
 EAMBER (non-restraint)  =     -9763.4505
 EKCMT  =       859.5965  VIRIAL  =       911.7695  VOLUME     =     30663.3068
                                                    Density    =         0.9971
 ------------------------------------------------------------------------------

wrapping first mol.:       11.39814       16.11940       27.91962
wrapping first mol.:       11.39814       16.11940       27.91962

 NSTEP =    30500   TIME(PS) =      61.000  TEMP(K) =   307.95  PRESS =   -96.4
 Etot   =     -7908.7468  EKtot   =      1878.0967  EPtot      =     -9786.8435
 BOND   =         3.3044  ANGLE   =         9.2746  DIHED      =         3.6542
 UB     =         0.0000  IMP     =         0.0000  CMAP       =         0.7530
 1-4 NB =         2.2945  1-4 EEL =        46.1694  VDWAALS    =      1419.3123
 EELEC  =    -11276.8710  EHBOND  =         0.0000  RESTRAINT  =         5.2651
 EAMBER (non-restraint)  =     -9792.1086
 EKCMT  =       954.4713  VIRIAL  =      1018.5018  VOLUME     =     30778.5013
                                                    Density    =         0.9934
 ------------------------------------------------------------------------------

wrapping first mol.:       11.39136       16.10982       27.90302
wrapping first mol.:       11.39136       16.10982       27.90302

 NSTEP =    31000   TIME(PS) =      62.000  TEMP(K) =   298.61  PRESS =   241.3
 Etot   =     -7921.2933  EKtot   =      1821.1272  EPtot      =     -9742.4205
 BOND   =         3.7646  ANGLE   =         9.1709  DIHED      =         5.5946
 UB     =         0.0000  IMP     =         0.0000  CMAP       =         0.4782
 1-4 NB =         1.6182  1-4 EEL =        44.5721  VDWAALS    =      1458.1210
 EELEC  =    -11269.9550  EHBOND  =         0.0000  RESTRAINT  =         4.2149
 EAMBER (non-restraint)  =     -9746.6354
 EKCMT  =       903.9999  VIRIAL  =       743.9417  VOLUME     =     30722.7052
                                                    Density    =         0.9952
 ------------------------------------------------------------------------------

wrapping first mol.:       11.41221       16.13930       27.95409
wrapping first mol.:       11.41221       16.13930       27.95409

 NSTEP =    31500   TIME(PS) =      63.000  TEMP(K) =   295.66  PRESS =   249.8
 Etot   =     -7917.7829  EKtot   =      1803.1560  EPtot      =     -9720.9389
 BOND   =         2.3764  ANGLE   =         9.6933  DIHED      =         3.3633
 UB     =         0.0000  IMP     =         0.0000  CMAP       =         0.1038
 1-4 NB =         3.0446  1-4 EEL =        45.8612  VDWAALS    =      1466.6602
 EELEC  =    -11258.8226  EHBOND  =         0.0000  RESTRAINT  =         6.7808
 EAMBER (non-restraint)  =     -9727.7197
 EKCMT  =       890.8062  VIRIAL  =       724.1755  VOLUME     =     30891.6815
                                                    Density    =         0.9897
 ------------------------------------------------------------------------------

wrapping first mol.:       11.43196       16.16723       28.00245
wrapping first mol.:       11.43196       16.16723       28.00245

 NSTEP =    32000   TIME(PS) =      64.000  TEMP(K) =   303.51  PRESS =   728.5
 Etot   =     -7926.5680  EKtot   =      1851.0166  EPtot      =     -9777.5846
 BOND   =         1.7082  ANGLE   =         7.2634  DIHED      =         4.3113
 UB     =         0.0000  IMP     =         0.0000  CMAP       =         0.3120
 1-4 NB =         2.8345  1-4 EEL =        44.9859  VDWAALS    =      1555.2658
 EELEC  =    -11399.5348  EHBOND  =         0.0000  RESTRAINT  =         5.2690
 EAMBER (non-restraint)  =     -9782.8536
 EKCMT  =       914.4741  VIRIAL  =       426.0855  VOLUME     =     31050.9616
                                                    Density    =         0.9847
 ------------------------------------------------------------------------------

wrapping first mol.:       11.42571       16.15839       27.98716
wrapping first mol.:       11.42571       16.15839       27.98716

 NSTEP =    32500   TIME(PS) =      65.000  TEMP(K) =   293.28  PRESS =    88.7
 Etot   =     -7849.0576  EKtot   =      1788.6365  EPtot      =     -9637.6940
 BOND   =         3.2342  ANGLE   =         6.5162  DIHED      =         5.5649
 UB     =         0.0000  IMP     =         0.0000  CMAP       =        -0.0115
 1-4 NB =         2.9660  1-4 EEL =        43.4589  VDWAALS    =      1414.6756
 EELEC  =    -11121.3802  EHBOND  =         0.0000  RESTRAINT  =         7.2818
 EAMBER (non-restraint)  =     -9644.9758
 EKCMT  =       886.3820  VIRIAL  =       826.9804  VOLUME     =     31001.8682
                                                    Density    =         0.9862
 ------------------------------------------------------------------------------

wrapping first mol.:       11.41305       16.14050       27.95616
wrapping first mol.:       11.41305       16.14050       27.95616

 NSTEP =    33000   TIME(PS) =      66.000  TEMP(K) =   296.91  PRESS =   -95.2
 Etot   =     -7919.5112  EKtot   =      1810.7365  EPtot      =     -9730.2477
 BOND   =         2.6005  ANGLE   =         7.0626  DIHED      =         2.7152
 UB     =         0.0000  IMP     =         0.0000  CMAP       =         0.4465
 1-4 NB =         2.7872  1-4 EEL =        45.8397  VDWAALS    =      1425.4555
 EELEC  =    -11221.9615  EHBOND  =         0.0000  RESTRAINT  =         4.8066
 EAMBER (non-restraint)  =     -9735.0542
 EKCMT  =       909.8302  VIRIAL  =       973.3402  VOLUME     =     30899.4754
                                                    Density    =         0.9895
 ------------------------------------------------------------------------------

wrapping first mol.:       11.42530       16.15782       27.98616
wrapping first mol.:       11.42530       16.15782       27.98616

 NSTEP =    33500   TIME(PS) =      67.000  TEMP(K) =   287.04  PRESS =  -160.2
 Etot   =     -8063.8977  EKtot   =      1750.5751  EPtot      =     -9814.4728
 BOND   =         2.5220  ANGLE   =         5.7668  DIHED      =         3.3389
 UB     =         0.0000  IMP     =         0.0000  CMAP       =         0.7402
 1-4 NB =         2.7105  1-4 EEL =        44.4106  VDWAALS    =      1458.1981
 EELEC  =    -11338.6938  EHBOND  =         0.0000  RESTRAINT  =         6.5340
 EAMBER (non-restraint)  =     -9821.0068
 EKCMT  =       888.2990  VIRIAL  =       995.5438  VOLUME     =     30999.2527
                                                    Density    =         0.9863
 ------------------------------------------------------------------------------

wrapping first mol.:       11.42004       16.15037       27.97326
wrapping first mol.:       11.42004       16.15037       27.97326

 NSTEP =    34000   TIME(PS) =      68.000  TEMP(K) =   283.90  PRESS =  -372.1
 Etot   =     -8080.1040  EKtot   =      1731.4404  EPtot      =     -9811.5444
 BOND   =         3.6875  ANGLE   =         5.4371  DIHED      =         5.5885
 UB     =         0.0000  IMP     =         0.0000  CMAP       =         0.1450
 1-4 NB =         2.4798  1-4 EEL =        43.7881  VDWAALS    =      1426.2338
 EELEC  =    -11303.1685  EHBOND  =         0.0000  RESTRAINT  =         4.2642
 EAMBER (non-restraint)  =     -9815.8086
 EKCMT  =       872.2926  VIRIAL  =      1121.0144  VOLUME     =     30956.9939
                                                    Density    =         0.9877
 ------------------------------------------------------------------------------

wrapping first mol.:       11.44250       16.18214       28.02829
wrapping first mol.:       11.44250       16.18214       28.02829

 NSTEP =    34500   TIME(PS) =      69.000  TEMP(K) =   296.72  PRESS =   594.6
 Etot   =     -7941.9463  EKtot   =      1809.6008  EPtot      =     -9751.5471
 BOND   =         4.5296  ANGLE   =         6.0080  DIHED      =         5.7395
 UB     =         0.0000  IMP     =         0.0000  CMAP       =         0.1734
 1-4 NB =         2.4788  1-4 EEL =        47.2274  VDWAALS    =      1540.2750
 EELEC  =    -11363.8741  EHBOND  =         0.0000  RESTRAINT  =         5.8954
 EAMBER (non-restraint)  =     -9757.4424
 EKCMT  =       913.4801  VIRIAL  =       513.7192  VOLUME     =     31137.3536
                                                    Density    =         0.9819
 ------------------------------------------------------------------------------

wrapping first mol.:       11.43571       16.17253       28.01164
wrapping first mol.:       11.43571       16.17253       28.01164

 NSTEP =    35000   TIME(PS) =      70.000  TEMP(K) =   294.36  PRESS =  -184.4
 Etot   =     -7930.9337  EKtot   =      1795.2256  EPtot      =     -9726.1593
 BOND   =         4.2452  ANGLE   =         5.5862  DIHED      =         3.9404
 UB     =         0.0000  IMP     =         0.0000  CMAP       =         0.5546
 1-4 NB =         4.0840  1-4 EEL =        44.6146  VDWAALS    =      1433.3666
 EELEC  =    -11227.8243  EHBOND  =         0.0000  RESTRAINT  =         5.2734
 EAMBER (non-restraint)  =     -9731.4327
 EKCMT  =       880.8977  VIRIAL  =      1004.6435  VOLUME     =     31084.0671
                                                    Density    =         0.9836
 ------------------------------------------------------------------------------

wrapping first mol.:       11.44932       16.19178       28.04499
wrapping first mol.:       11.44932       16.19178       28.04499

 NSTEP =    35500   TIME(PS) =      71.000  TEMP(K) =   291.81  PRESS =  -426.0
 Etot   =     -7979.6656  EKtot   =      1779.6532  EPtot      =     -9759.3188
 BOND   =         4.1328  ANGLE   =         9.1234  DIHED      =         3.9408
 UB     =         0.0000  IMP     =         0.0000  CMAP       =         0.2611
 1-4 NB =         2.5270  1-4 EEL =        46.3686  VDWAALS    =      1422.8386
 EELEC  =    -11258.2252  EHBOND  =         0.0000  RESTRAINT  =         9.7140
 EAMBER (non-restraint)  =     -9769.0328
 EKCMT  =       896.9142  VIRIAL  =      1183.8730  VOLUME     =     31195.8788
                                                    Density    =         0.9801
 ------------------------------------------------------------------------------

wrapping first mol.:       11.41788       16.14731       27.96797
wrapping first mol.:       11.41788       16.14731       27.96797

 NSTEP =    36000   TIME(PS) =      72.000  TEMP(K) =   301.50  PRESS =   -59.1
 Etot   =     -7949.4022  EKtot   =      1838.7488  EPtot      =     -9788.1510
 BOND   =         2.3214  ANGLE   =         7.3171  DIHED      =         2.8581
 UB     =         0.0000  IMP     =         0.0000  CMAP       =         0.2228
 1-4 NB =         3.2155  1-4 EEL =        45.2011  VDWAALS    =      1452.4661
 EELEC  =    -11305.2229  EHBOND  =         0.0000  RESTRAINT  =         3.4698
 EAMBER (non-restraint)  =     -9791.6208
 EKCMT  =       927.7597  VIRIAL  =       967.2410  VOLUME     =     30938.5453
                                                    Density    =         0.9883
 ------------------------------------------------------------------------------

wrapping first mol.:       11.42182       16.15289       27.97763
wrapping first mol.:       11.42182       16.15289       27.97763

 NSTEP =    36500   TIME(PS) =      73.000  TEMP(K) =   299.40  PRESS =   284.4
 Etot   =     -7919.9225  EKtot   =      1825.9673  EPtot      =     -9745.8898
 BOND   =         3.9214  ANGLE   =         5.6739  DIHED      =         4.6531
 UB     =         0.0000  IMP     =         0.0000  CMAP       =         0.2418
 1-4 NB =         3.1344  1-4 EEL =        46.5080  VDWAALS    =      1484.7041
 EELEC  =    -11298.9586  EHBOND  =         0.0000  RESTRAINT  =         4.2321
 EAMBER (non-restraint)  =     -9750.1219
 EKCMT  =       917.4484  VIRIAL  =       727.2885  VOLUME     =     30969.6719
                                                    Density    =         0.9873
 ------------------------------------------------------------------------------

wrapping first mol.:       11.42805       16.16170       27.99288
wrapping first mol.:       11.42805       16.16170       27.99288

 NSTEP =    37000   TIME(PS) =      74.000  TEMP(K) =   294.47  PRESS =  -126.3
 Etot   =     -7922.6996  EKtot   =      1795.8846  EPtot      =     -9718.5843
 BOND   =         4.4452  ANGLE   =         8.3989  DIHED      =         3.6424
 UB     =         0.0000  IMP     =         0.0000  CMAP       =         0.5579
 1-4 NB =         2.4379  1-4 EEL =        43.7333  VDWAALS    =      1431.4331
 EELEC  =    -11217.1513  EHBOND  =         0.0000  RESTRAINT  =         3.9184
 EAMBER (non-restraint)  =     -9722.5027
 EKCMT  =       888.7819  VIRIAL  =       973.3477  VOLUME     =     31021.5022
                                                    Density    =         0.9856
 ------------------------------------------------------------------------------

wrapping first mol.:       11.42059       16.15115       27.97460
wrapping first mol.:       11.42059       16.15115       27.97460

 NSTEP =    37500   TIME(PS) =      75.000  TEMP(K) =   296.84  PRESS =   -32.8
 Etot   =     -7923.2142  EKtot   =      1810.3500  EPtot      =     -9733.5642
 BOND   =         1.8748  ANGLE   =         4.9180  DIHED      =         4.8623
 UB     =         0.0000  IMP     =         0.0000  CMAP       =        -0.0101
 1-4 NB =         2.3256  1-4 EEL =        44.7717  VDWAALS    =      1440.9196
 EELEC  =    -11239.4111  EHBOND  =         0.0000  RESTRAINT  =         6.1850
 EAMBER (non-restraint)  =     -9739.7492
 EKCMT  =       877.9342  VIRIAL  =       899.8635  VOLUME     =     30960.5129
                                                    Density    =         0.9875
 ------------------------------------------------------------------------------

wrapping first mol.:       11.42004       16.15038       27.97328
wrapping first mol.:       11.42004       16.15038       27.97328

 NSTEP =    38000   TIME(PS) =      76.000  TEMP(K) =   290.64  PRESS =  -314.3
 Etot   =     -7972.0304  EKtot   =      1772.5247  EPtot      =     -9744.5551
 BOND   =         0.9240  ANGLE   =         8.1646  DIHED      =         3.8525
 UB     =         0.0000  IMP     =         0.0000  CMAP       =         0.0383
 1-4 NB =         3.2685  1-4 EEL =        45.4820  VDWAALS    =      1382.2572
 EELEC  =    -11192.0272  EHBOND  =         0.0000  RESTRAINT  =         3.4850
 EAMBER (non-restraint)  =     -9748.0401
 EKCMT  =       914.7499  VIRIAL  =      1124.8126  VOLUME     =     30956.8877
                                                    Density    =         0.9877
 ------------------------------------------------------------------------------

wrapping first mol.:       11.43502       16.17156       28.00996
wrapping first mol.:       11.43502       16.17156       28.00996

 NSTEP =    38500   TIME(PS) =      77.000  TEMP(K) =   292.48  PRESS =   232.1
 Etot   =     -7975.8693  EKtot   =      1783.7378  EPtot      =     -9759.6071
 BOND   =         5.3162  ANGLE   =         7.4539  DIHED      =         5.9751
 UB     =         0.0000  IMP     =         0.0000  CMAP       =         0.6609
 1-4 NB =         1.9283  1-4 EEL =        43.0786  VDWAALS    =      1494.2012
 EELEC  =    -11326.1796  EHBOND  =         0.0000  RESTRAINT  =         7.9584
 EAMBER (non-restraint)  =     -9767.5655
 EKCMT  =       891.2540  VIRIAL  =       735.5262  VOLUME     =     31077.3158
                                                    Density    =         0.9838
 ------------------------------------------------------------------------------

wrapping first mol.:       11.42433       16.15644       27.98378
wrapping first mol.:       11.42433       16.15644       27.98378

 NSTEP =    39000   TIME(PS) =      78.000  TEMP(K) =   291.79  PRESS =   360.1
 Etot   =     -7913.4050  EKtot   =      1779.5476  EPtot      =     -9692.9526
 BOND   =         3.0521  ANGLE   =         9.2789  DIHED      =         5.9699
 UB     =         0.0000  IMP     =         0.0000  CMAP       =         0.0393
 1-4 NB =         3.0648  1-4 EEL =        48.4951  VDWAALS    =      1482.2948
 EELEC  =    -11251.5388  EHBOND  =         0.0000  RESTRAINT  =         6.3914
 EAMBER (non-restraint)  =     -9699.3440
 EKCMT  =       884.3895  VIRIAL  =       643.4297  VOLUME     =     30989.9030
                                                    Density    =         0.9866
 ------------------------------------------------------------------------------

wrapping first mol.:       11.43836       16.17628       28.01814
wrapping first mol.:       11.43836       16.17628       28.01814

 NSTEP =    39500   TIME(PS) =      79.000  TEMP(K) =   300.21  PRESS =   296.3
 Etot   =     -7859.4557  EKtot   =      1830.9054  EPtot      =     -9690.3611
 BOND   =         1.7001  ANGLE   =         9.6162  DIHED      =         3.9356
 UB     =         0.0000  IMP     =         0.0000  CMAP       =         0.6034
 1-4 NB =         3.5523  1-4 EEL =        46.6988  VDWAALS    =      1467.7559
 EELEC  =    -11229.3717  EHBOND  =         0.0000  RESTRAINT  =         5.1483
 EAMBER (non-restraint)  =     -9695.5094
 EKCMT  =       929.4771  VIRIAL  =       730.5151  VOLUME     =     31104.3606
                                                    Density    =         0.9830
 ------------------------------------------------------------------------------

wrapping first mol.:       11.43262       16.16817       28.00409
wrapping first mol.:       11.43262       16.16817       28.00409

 NSTEP =    40000   TIME(PS) =      80.000  TEMP(K) =   309.86  PRESS =   271.6
 Etot   =     -7870.9333  EKtot   =      1889.7617  EPtot      =     -9760.6951
 BOND   =         8.3523  ANGLE   =         6.9083  DIHED      =         6.1642
 UB     =         0.0000  IMP     =         0.0000  CMAP       =         0.5054
 1-4 NB =         3.1815  1-4 EEL =        46.8990  VDWAALS    =      1481.6376
 EELEC  =    -11320.0087  EHBOND  =         0.0000  RESTRAINT  =         5.6652
 EAMBER (non-restraint)  =     -9766.3602
 EKCMT  =       975.5059  VIRIAL  =       793.3454  VOLUME     =     31057.6694
                                                    Density    =         0.9845
 ------------------------------------------------------------------------------

wrapping first mol.:       11.43745       16.17500       28.01592
wrapping first mol.:       11.43745       16.17500       28.01592

 NSTEP =    40500   TIME(PS) =      81.000  TEMP(K) =   303.81  PRESS =    61.6
 Etot   =     -7852.2112  EKtot   =      1852.8391  EPtot      =     -9705.0503
 BOND   =         2.7939  ANGLE   =        10.3953  DIHED      =         4.7033
 UB     =         0.0000  IMP     =         0.0000  CMAP       =         0.1986
 1-4 NB =         4.7294  1-4 EEL =        42.7760  VDWAALS    =      1441.7629
 EELEC  =    -11215.2512  EHBOND  =         0.0000  RESTRAINT  =         2.8416
 EAMBER (non-restraint)  =     -9707.8920
 EKCMT  =       932.5769  VIRIAL  =       891.1861  VOLUME     =     31097.6368
                                                    Density    =         0.9832
 ------------------------------------------------------------------------------

wrapping first mol.:       11.44901       16.19134       28.04422
wrapping first mol.:       11.44901       16.19134       28.04422

 NSTEP =    41000   TIME(PS) =      82.000  TEMP(K) =   310.48  PRESS =   466.6
 Etot   =     -7843.5170  EKtot   =      1893.5221  EPtot      =     -9737.0391
 BOND   =         1.0837  ANGLE   =        10.4179  DIHED      =         3.3940
 UB     =         0.0000  IMP     =         0.0000  CMAP       =         0.0848
 1-4 NB =         2.3290  1-4 EEL =        44.2193  VDWAALS    =      1509.8754
 EELEC  =    -11313.4017  EHBOND  =         0.0000  RESTRAINT  =         4.9586
 EAMBER (non-restraint)  =     -9741.9976
 EKCMT  =       952.0350  VIRIAL  =       637.8174  VOLUME     =     31190.8380
                                                    Density    =         0.9803
 ------------------------------------------------------------------------------

wrapping first mol.:       11.43869       16.17675       28.01894
wrapping first mol.:       11.43869       16.17675       28.01894

 NSTEP =    41500   TIME(PS) =      83.000  TEMP(K) =   295.66  PRESS =   -22.9
 Etot   =     -7896.2769  EKtot   =      1803.1265  EPtot      =     -9699.4034
 BOND   =         1.4586  ANGLE   =         9.4569  DIHED      =         3.5804
 UB     =         0.0000  IMP     =         0.0000  CMAP       =         0.2147
 1-4 NB =         2.8968  1-4 EEL =        46.6413  VDWAALS    =      1438.5072
 EELEC  =    -11207.8049  EHBOND  =         0.0000  RESTRAINT  =         5.6455
 EAMBER (non-restraint)  =     -9705.0489
 EKCMT  =       898.4625  VIRIAL  =       913.8455  VOLUME     =     31107.9292
                                                    Density    =         0.9829
 ------------------------------------------------------------------------------

wrapping first mol.:       11.45386       16.19820       28.05611
wrapping first mol.:       11.45386       16.19820       28.05611

 NSTEP =    42000   TIME(PS) =      84.000  TEMP(K) =   301.69  PRESS =  -158.9
 Etot   =     -7891.1966  EKtot   =      1839.8917  EPtot      =     -9731.0883
 BOND   =         2.2395  ANGLE   =         8.8582  DIHED      =         3.3012
 UB     =         0.0000  IMP     =         0.0000  CMAP       =         1.1125
 1-4 NB =         2.5997  1-4 EEL =        45.7451  VDWAALS    =      1405.9224
 EELEC  =    -11203.8401  EHBOND  =         0.0000  RESTRAINT  =         2.9731
 EAMBER (non-restraint)  =     -9734.0614
 EKCMT  =       929.6775  VIRIAL  =      1036.8437  VOLUME     =     31232.2630
                                                    Density    =         0.9790
 ------------------------------------------------------------------------------

wrapping first mol.:       11.42073       16.15135       27.97495
wrapping first mol.:       11.42073       16.15135       27.97495

 NSTEP =    42500   TIME(PS) =      85.000  TEMP(K) =   306.67  PRESS =   -27.3
 Etot   =     -7874.7033  EKtot   =      1870.3064  EPtot      =     -9745.0097
 BOND   =         1.8529  ANGLE   =         6.3068  DIHED      =         4.5010
 UB     =         0.0000  IMP     =         0.0000  CMAP       =         0.6874
 1-4 NB =         3.0375  1-4 EEL =        46.6407  VDWAALS    =      1434.9347
 EELEC  =    -11247.5294  EHBOND  =         0.0000  RESTRAINT  =         4.5589
 EAMBER (non-restraint)  =     -9749.5686
 EKCMT  =       908.4921  VIRIAL  =       926.7237  VOLUME     =     30961.6528
                                                    Density    =         0.9875
 ------------------------------------------------------------------------------

wrapping first mol.:       11.41676       16.14573       27.96523
wrapping first mol.:       11.41676       16.14573       27.96523

 NSTEP =    43000   TIME(PS) =      86.000  TEMP(K) =   308.14  PRESS =   514.7
 Etot   =     -7818.5414  EKtot   =      1879.2673  EPtot      =     -9697.8087
 BOND   =         2.4295  ANGLE   =        10.4166  DIHED      =         5.1972
 UB     =         0.0000  IMP     =         0.0000  CMAP       =        -0.2372
 1-4 NB =         1.9523  1-4 EEL =        44.7431  VDWAALS    =      1478.6078
 EELEC  =    -11246.4407  EHBOND  =         0.0000  RESTRAINT  =         5.5227
 EAMBER (non-restraint)  =     -9703.3314
 EKCMT  =       933.5749  VIRIAL  =       589.8950  VOLUME     =     30927.8731
                                                    Density    =         0.9886
 ------------------------------------------------------------------------------

wrapping first mol.:       11.42110       16.15188       27.97588
wrapping first mol.:       11.42110       16.15188       27.97588

 NSTEP =    43500   TIME(PS) =      87.000  TEMP(K) =   292.95  PRESS =  -110.2
 Etot   =     -7911.7960  EKtot   =      1786.6113  EPtot      =     -9698.4073
 BOND   =         3.6398  ANGLE   =        13.2873  DIHED      =         4.2164
 UB     =         0.0000  IMP     =         0.0000  CMAP       =         0.2122
 1-4 NB =         3.4171  1-4 EEL =        46.0205  VDWAALS    =      1408.5163
 EELEC  =    -11184.3770  EHBOND  =         0.0000  RESTRAINT  =         6.6602
 EAMBER (non-restraint)  =     -9705.0675
 EKCMT  =       892.7311  VIRIAL  =       966.4208  VOLUME     =     30964.9448
                                                    Density    =         0.9874
 ------------------------------------------------------------------------------

wrapping first mol.:       11.41881       16.14864       27.97026
wrapping first mol.:       11.41881       16.14864       27.97026

 NSTEP =    44000   TIME(PS) =      88.000  TEMP(K) =   303.46  PRESS =  -113.6
 Etot   =     -7845.1234  EKtot   =      1850.7085  EPtot      =     -9695.8319
 BOND   =         2.2194  ANGLE   =         7.6109  DIHED      =         3.7602
 UB     =         0.0000  IMP     =         0.0000  CMAP       =         0.4550
 1-4 NB =         3.0755  1-4 EEL =        45.9251  VDWAALS    =      1412.5906
 EELEC  =    -11177.5374  EHBOND  =         0.0000  RESTRAINT  =         6.0688
 EAMBER (non-restraint)  =     -9701.9007
 EKCMT  =       920.7791  VIRIAL  =       996.6730  VOLUME     =     30946.2971
                                                    Density    =         0.9880
 ------------------------------------------------------------------------------

wrapping first mol.:       11.39422       16.11386       27.91001
wrapping first mol.:       11.39422       16.11386       27.91001

 NSTEP =    44500   TIME(PS) =      89.000  TEMP(K) =   315.31  PRESS =  -647.4
 Etot   =     -7837.2963  EKtot   =      1922.9978  EPtot      =     -9760.2941
 BOND   =         1.9720  ANGLE   =         6.8545  DIHED      =         4.8124
 UB     =         0.0000  IMP     =         0.0000  CMAP       =         0.2061
 1-4 NB =         2.9060  1-4 EEL =        44.7415  VDWAALS    =      1324.0142
 EELEC  =    -11151.2206  EHBOND  =         0.0000  RESTRAINT  =         5.4200
 EAMBER (non-restraint)  =     -9765.7140
 EKCMT  =       956.8550  VIRIAL  =      1386.6600  VOLUME     =     30748.2391
                                                    Density    =         0.9944
 ------------------------------------------------------------------------------

wrapping first mol.:       11.42922       16.16335       27.99575
wrapping first mol.:       11.42922       16.16335       27.99575

 NSTEP =    45000   TIME(PS) =      90.000  TEMP(K) =   303.32  PRESS =   718.2
 Etot   =     -7811.1412  EKtot   =      1849.8571  EPtot      =     -9660.9983
 BOND   =         6.5430  ANGLE   =         6.5002  DIHED      =         3.4071
 UB     =         0.0000  IMP     =         0.0000  CMAP       =         0.5270
 1-4 NB =         2.0696  1-4 EEL =        42.9635  VDWAALS    =      1501.8195
 EELEC  =    -11227.4670  EHBOND  =         0.0000  RESTRAINT  =         2.6389
 EAMBER (non-restraint)  =     -9663.6371
 EKCMT  =       927.0653  VIRIAL  =       445.8960  VOLUME     =     31028.6793
                                                    Density    =         0.9854
 ------------------------------------------------------------------------------

wrapping first mol.:       11.45533       16.20029       28.05972
wrapping first mol.:       11.45533       16.20029       28.05972

 NSTEP =    45500   TIME(PS) =      91.000  TEMP(K) =   306.57  PRESS =  -324.5
 Etot   =     -7729.6952  EKtot   =      1869.6654  EPtot      =     -9599.3606
 BOND   =         2.4859  ANGLE   =         7.6278  DIHED      =         3.7193
 UB     =         0.0000  IMP     =         0.0000  CMAP       =         0.4293
 1-4 NB =         3.9687  1-4 EEL =        45.7641  VDWAALS    =      1345.7757
 EELEC  =    -11013.6285  EHBOND  =         0.0000  RESTRAINT  =         4.4972
 EAMBER (non-restraint)  =     -9603.8577
 EKCMT  =       943.8126  VIRIAL  =      1162.7218  VOLUME     =     31244.7864
                                                    Density    =         0.9786
 ------------------------------------------------------------------------------

wrapping first mol.:       11.43740       16.17493       28.01580
wrapping first mol.:       11.43740       16.17493       28.01580

 NSTEP =    46000   TIME(PS) =      92.000  TEMP(K) =   323.37  PRESS =  -566.3
 Etot   =     -7714.6764  EKtot   =      1972.1635  EPtot      =     -9686.8399
 BOND   =         2.1237  ANGLE   =         4.4206  DIHED      =         3.2895
 UB     =         0.0000  IMP     =         0.0000  CMAP       =         0.1550
 1-4 NB =         3.1008  1-4 EEL =        43.8035  VDWAALS    =      1339.6674
 EELEC  =    -11087.1277  EHBOND  =         0.0000  RESTRAINT  =         3.7272
 EAMBER (non-restraint)  =     -9690.5671
 EKCMT  =       950.8376  VIRIAL  =      1331.0637  VOLUME     =     31098.9579
                                                    Density    =         0.9832
 ------------------------------------------------------------------------------

wrapping first mol.:       11.43065       16.16537       27.99925
wrapping first mol.:       11.43065       16.16537       27.99925

 NSTEP =    46500   TIME(PS) =      93.000  TEMP(K) =   302.76  PRESS =  -373.1
 Etot   =     -7849.6923  EKtot   =      1846.4342  EPtot      =     -9696.1265
 BOND   =         3.0860  ANGLE   =         7.8564  DIHED      =         3.9597
 UB     =         0.0000  IMP     =         0.0000  CMAP       =         0.5566
 1-4 NB =         2.9241  1-4 EEL =        41.2100  VDWAALS    =      1379.6271
 EELEC  =    -11138.5064  EHBOND  =         0.0000  RESTRAINT  =         3.1598
 EAMBER (non-restraint)  =     -9699.2863
 EKCMT  =       916.4225  VIRIAL  =      1166.5213  VOLUME     =     31043.3410
                                                    Density    =         0.9849
 ------------------------------------------------------------------------------

wrapping first mol.:       11.43878       16.17687       28.01916
wrapping first mol.:       11.43878       16.17687       28.01916

 NSTEP =    47000   TIME(PS) =      94.000  TEMP(K) =   302.92  PRESS =   421.3
 Etot   =     -7875.1219  EKtot   =      1847.4374  EPtot      =     -9722.5593
 BOND   =         2.3961  ANGLE   =        12.9738  DIHED      =         3.1171
 UB     =         0.0000  IMP     =         0.0000  CMAP       =         0.2611
 1-4 NB =         2.7609  1-4 EEL =        44.7540  VDWAALS    =      1493.4736
 EELEC  =    -11288.9784  EHBOND  =         0.0000  RESTRAINT  =         6.6827
 EAMBER (non-restraint)  =     -9729.2419
 EKCMT  =       943.9402  VIRIAL  =       660.9957  VOLUME     =     31107.4372
                                                    Density    =         0.9829
 ------------------------------------------------------------------------------

wrapping first mol.:       11.45092       16.19405       28.04891
wrapping first mol.:       11.45092       16.19405       28.04891

 NSTEP =    47500   TIME(PS) =      95.000  TEMP(K) =   297.42  PRESS =   145.2
 Etot   =     -7919.3941  EKtot   =      1813.8873  EPtot      =     -9733.2815
 BOND   =         3.9405  ANGLE   =        12.9720  DIHED      =         4.4230
 UB     =         0.0000  IMP     =         0.0000  CMAP       =         0.1409
 1-4 NB =         2.9725  1-4 EEL =        43.5779  VDWAALS    =      1483.4371
 EELEC  =    -11290.3101  EHBOND  =         0.0000  RESTRAINT  =         5.5648
 EAMBER (non-restraint)  =     -9738.8463
 EKCMT  =       905.8794  VIRIAL  =       808.0397  VOLUME     =     31207.3915
                                                    Density    =         0.9797
 ------------------------------------------------------------------------------

wrapping first mol.:       11.45139       16.19471       28.05006
wrapping first mol.:       11.45139       16.19471       28.05006

 NSTEP =    48000   TIME(PS) =      96.000  TEMP(K) =   297.41  PRESS =   509.7
 Etot   =     -7923.1110  EKtot   =      1813.8015  EPtot      =     -9736.9125
 BOND   =         1.8683  ANGLE   =         8.6980  DIHED      =         3.4480
 UB     =         0.0000  IMP     =         0.0000  CMAP       =         0.5135
 1-4 NB =         2.8446  1-4 EEL =        43.0452  VDWAALS    =      1534.1964
 EELEC  =    -11334.6554  EHBOND  =         0.0000  RESTRAINT  =         3.1290
 EAMBER (non-restraint)  =     -9740.0415
 EKCMT  =       906.1794  VIRIAL  =       562.6915  VOLUME     =     31210.2079
                                                    Density    =         0.9796
 ------------------------------------------------------------------------------

wrapping first mol.:       11.44632       16.18755       28.03765
wrapping first mol.:       11.44632       16.18755       28.03765

 NSTEP =    48500   TIME(PS) =      97.000  TEMP(K) =   299.06  PRESS =  -246.6
 Etot   =     -7937.1719  EKtot   =      1823.9006  EPtot      =     -9761.0725
 BOND   =         4.1248  ANGLE   =         9.5483  DIHED      =         5.5294
 UB     =         0.0000  IMP     =         0.0000  CMAP       =         0.9766
 1-4 NB =         2.9830  1-4 EEL =        45.7214  VDWAALS    =      1429.2074
 EELEC  =    -11264.7401  EHBOND  =         0.0000  RESTRAINT  =         5.5768
 EAMBER (non-restraint)  =     -9766.6493
 EKCMT  =       942.6971  VIRIAL  =      1108.6721  VOLUME     =     31170.9008
                                                    Density    =         0.9809
 ------------------------------------------------------------------------------

wrapping first mol.:       11.44966       16.19226       28.04582
wrapping first mol.:       11.44966       16.19226       28.04582

 NSTEP =    49000   TIME(PS) =      98.000  TEMP(K) =   294.42  PRESS =   166.5
 Etot   =     -7853.5432  EKtot   =      1795.5996  EPtot      =     -9649.1428
 BOND   =         3.3787  ANGLE   =         7.0732  DIHED      =         7.4290
 UB     =         0.0000  IMP     =         0.0000  CMAP       =         0.6681
 1-4 NB =         2.7478  1-4 EEL =        45.4084  VDWAALS    =      1438.7024
 EELEC  =    -11160.3097  EHBOND  =         0.0000  RESTRAINT  =         5.7593
 EAMBER (non-restraint)  =     -9654.9021
 EKCMT  =       892.8283  VIRIAL  =       780.6461  VOLUME     =     31197.0075
                                                    Density    =         0.9801
 ------------------------------------------------------------------------------

wrapping first mol.:       11.43131       16.16631       28.00087
wrapping first mol.:       11.43131       16.16631       28.00087

 NSTEP =    49500   TIME(PS) =      99.000  TEMP(K) =   302.16  PRESS =  -255.6
 Etot   =     -7867.2440  EKtot   =      1842.7891  EPtot      =     -9710.0331
 BOND   =         2.7033  ANGLE   =         9.2777  DIHED      =         3.7083
 UB     =         0.0000  IMP     =         0.0000  CMAP       =         0.8797
 1-4 NB =         2.7641  1-4 EEL =        44.2880  VDWAALS    =      1407.4513
 EELEC  =    -11187.0313  EHBOND  =         0.0000  RESTRAINT  =         5.9259
 EAMBER (non-restraint)  =     -9715.9590
 EKCMT  =       918.6156  VIRIAL  =      1089.9350  VOLUME     =     31048.4267
                                                    Density    =         0.9848
 ------------------------------------------------------------------------------

wrapping first mol.:       11.40949       16.13546       27.94743
wrapping first mol.:       11.40949       16.13546       27.94743

 NSTEP =    50000   TIME(PS) =     100.000  TEMP(K) =   295.87  PRESS =   366.6
 Etot   =     -7888.5656  EKtot   =      1804.4131  EPtot      =     -9692.9787
 BOND   =         5.4633  ANGLE   =        10.3850  DIHED      =         3.5472
 UB     =         0.0000  IMP     =         0.0000  CMAP       =         0.4822
 1-4 NB =         2.9646  1-4 EEL =        44.9229  VDWAALS    =      1473.1721
 EELEC  =    -11237.5510  EHBOND  =         0.0000  RESTRAINT  =         3.6350
 EAMBER (non-restraint)  =     -9696.6137
 EKCMT  =       910.9460  VIRIAL  =       666.5777  VOLUME     =     30869.2792
                                                    Density    =         0.9905
 ------------------------------------------------------------------------------


      A V E R A G E S   O V E R     100 S T E P S


 NSTEP =    50000   TIME(PS) =     100.000  TEMP(K) =   300.27  PRESS =    30.6
 Etot   =     -7881.1380  EKtot   =      1831.2339  EPtot      =     -9712.3719
 BOND   =         3.1402  ANGLE   =         8.3433  DIHED      =         4.1449
 UB     =         0.0000  IMP     =         0.0000  CMAP       =         0.3996
 1-4 NB =         2.9131  1-4 EEL =        45.2973  VDWAALS    =      1438.1965
 EELEC  =    -11220.0559  EHBOND  =         0.0000  RESTRAINT  =         5.2491
 EAMBER (non-restraint)  =     -9717.6210
 EKCMT  =       910.5109  VIRIAL  =       889.9464  VOLUME     =     31020.3318
                                                    Density    =         0.9857
 ------------------------------------------------------------------------------


      R M S  F L U C T U A T I O N S


 NSTEP =    50000   TIME(PS) =     100.000  TEMP(K) =     6.46  PRESS =   320.9
 Etot   =        67.2704  EKtot   =        39.3962  EPtot      =        47.3235
 BOND   =         1.4662  ANGLE   =         2.1782  DIHED      =         0.9151
 UB     =         0.0000  IMP     =         0.0000  CMAP       =         0.2945
 1-4 NB =         0.5945  1-4 EEL =         1.7545  VDWAALS    =        46.4135
 EELEC  =        73.8918  EHBOND  =         0.0000  RESTRAINT  =         1.5952
 EAMBER (non-restraint)  =        45.7283
 EKCMT  =        23.5024  VIRIAL  =       214.5935  VOLUME     =       134.8316
                                                    Density    =         0.0043
 ------------------------------------------------------------------------------

--------------------------------------------------------------------------------
   5.  TIMINGS
--------------------------------------------------------------------------------

|  NonSetup CPU Time in Major Routines:
|
|     Routine           Sec        %
|     ------------------------------
|     Nonbond           8.76   74.50
|     Bond              0.00    0.00
|     Angle             0.00    0.00
|     Dihedral          0.00    0.00
|     Shake             0.16    1.36
|     RunMD             2.76   23.46
|     Other             0.08    0.69
|     ------------------------------
|     Total            11.76

|  PME Nonbond Pairlist CPU Time:
|
|     Routine              Sec        %
|     ---------------------------------
|     Set Up Cit           0.00    0.00
|     Build List           0.00    0.00
|     ---------------------------------
|     Total                0.00    0.00

|  PME Direct Force CPU Time:
|
|     Routine              Sec        %
|     ---------------------------------
|     NonBonded Calc       0.00    0.00
|     Exclude Masked       0.00    0.00
|     Other                0.05    0.44
|     ---------------------------------
|     Total                0.05    0.44

|  PME Reciprocal Force CPU Time:
|
|     Routine              Sec        %
|     ---------------------------------
|     1D bspline           0.00    0.00
|     Grid Charges         0.00    0.00
|     Scalar Sum           0.00    0.00
|     Gradient Sum         0.00    0.00
|     FFT                  0.00    0.00
|     ---------------------------------
|     Total                0.00    0.00

|  Final Performance Info:
|     -----------------------------------------------------
|     Average timings for last   50000 steps:
|     Elapsed(s) =      11.80 Per Step(ms) =       0.24
|         ns/day =     732.41   seconds/ns =     117.97
|
|     Average timings for all steps:
|     Elapsed(s) =      11.80 Per Step(ms) =       0.24
|         ns/day =     732.41   seconds/ns =     117.97
|     -----------------------------------------------------

|  Setup CPU time:            0.19 seconds
|  NonSetup CPU time:        11.76 seconds
|  Total CPU time:           11.95 seconds     0.00 hours

|  Setup wall time:           0    seconds
|  NonSetup wall time:       12    seconds
|  Total wall time:          12    seconds     0.00 hours
