
          -------------------------------------------------------
          Amber 24 PMEMD                              2024
          -------------------------------------------------------

| PMEMD implementation of SANDER, Release 24

|  Compiled date/time: Wed Aug 21 09:34:12 2024
| Run on 06/01/2026 at 23:20:07

|   Executable path: pmemd.cuda
| Working directory: /localscratch/kbui/NexusMol/examples
|          Hostname: Unknown
  [-O]verwriting output

File Assignments:
|   MDIN: /localscratch/kbui/NexusMol/examples/artifacts/AMBER_DiAla/eq3.in     
|  MDOUT: /localscratch/kbui/NexusMol/examples/artifacts/AMBER_DiAla/eq3.out    
| INPCRD: /localscratch/kbui/NexusMol/examples/artifacts/AMBER_DiAla/eq2.ncrst  
|   PARM: /localscratch/kbui/NexusMol/examples/ALA.prmtop                       
| RESTRT: /localscratch/kbui/NexusMol/examples/artifacts/AMBER_DiAla/eq3.ncrst  
|   REFC: /localscratch/kbui/NexusMol/examples/artifacts/AMBER_DiAla/eq2.ncrst  
|  MDVEL: mdvel                                                                 
|   MDEN: mden                                                                  
|  MDCRD: /localscratch/kbui/NexusMol/examples/artifacts/AMBER_DiAla/eq3.nc     
| MDINFO: /localscratch/kbui/NexusMol/examples/artifacts/AMBER_DiAla/eq3.info   
|  MDFRC: mdfrc                                                                 


 Here is the input file:

Equilibration                                                                  
&cntrl                                                                         
 imin=0, irest=0, ntx=1,                                                       
 ntpr=500, ntwx=500, ntwr=500, nstlim=50000,                                   
 dt=0.002, ntt=3, tempi=300.0,                                                 
 temp0=300.0, gamma_ln=1.0, ig=-1,                                             
 ntp=1, ntc=2, ntf=2, cut=10.0,                                                
 ntb=2, iwrap=1, ioutfm=1,                                                     
 ntr=1, restraint_wt=2.0, restraintmask=':1-3'                                 
/                                                                              


Note: ig = -1. Setting random seed to   161475 based on wallclock time in 
      microseconds.
| irandom = 1, using AMBER's internal random number generator (default).
 
|--------------------- INFORMATION ----------------------
| GPU (CUDA) Version of PMEMD in use: NVIDIA GPU IN USE.
|                    Version 18.0.0
| 
|                      03/25/2018
| 
| Implementation by:
|                    Ross C. Walker     (SDSC)
|                    Scott Le Grand     (nVIDIA)
| 
| Version 18 performance extensions by:
|                    David Cerutti     (Rutgers)
| 
| Precision model in use:
|      [SPFP] - Single Precision Forces, 64-bit Fixed Point
|               Accumulation. (Default)
| 
|--------------------------------------------------------
 
|----------------- CITATION INFORMATION -----------------
|
|    When publishing work that utilized the CUDA version
|    of AMBER, please cite the following in addition to
|    the regular AMBER citations:
|
|  - Romelia Salomon-Ferrer; Andreas W. Goetz; Duncan
|    Poole; Scott Le Grand; Ross C. Walker "Routine
|    microsecond molecular dynamics simulations with
|    AMBER - Part II: Particle Mesh Ewald", J. Chem.
|    Theory Comput., 2013, 9 (9), pp3878-3888,
|    DOI: 10.1021/ct400314y.
|
|  - Andreas W. Goetz; Mark J. Williamson; Dong Xu;
|    Duncan Poole; Scott Le Grand; Ross C. Walker
|    "Routine microsecond molecular dynamics simulations
|    with AMBER - Part I: Generalized Born", J. Chem.
|    Theory Comput., 2012, 8 (5), pp1542-1555.
|
|  - Scott Le Grand; Andreas W. Goetz; Ross C. Walker
|    "SPFP: Speed without compromise - a mixed precision
|    model for GPU accelerated molecular dynamics
|    simulations.", Comp. Phys. Comm., 2013, 184
|    pp374-380, DOI: 10.1016/j.cpc.2012.09.022
|
|--------------------------------------------------------
 
|------------------- GPU DEVICE INFO --------------------
|
|            CUDA_VISIBLE_DEVICES: not set
|   CUDA Capable Devices Detected:      1
|           CUDA Device ID in use:      0
|                CUDA Device Name: NVIDIA GeForce RTX 4090
|     CUDA Device Global Mem Size:  24079 MB
| CUDA Device Num Multiprocessors:    128
|           CUDA Device Core Freq:   2.62 GHz
|
|--------------------------------------------------------
 
 
| Conditional Compilation Defines Used:
| PUBFFT
| BINTRAJ
| CUDA
| EMIL

| Largest sphere to fit in unit cell has radius =    13.974

| New format PARM file being parsed.
| Version =    1.000 Date = 03/28/26 Time = 21:23:47

| Note: 1-4 EEL scale factors are being read from the topology file.

| Note: 1-4 VDW scale factors are being read from the topology file.
| Duplicated    0 dihedrals

| Duplicated    0 dihedrals

--------------------------------------------------------------------------------
   1.  RESOURCE   USE: 
--------------------------------------------------------------------------------

 getting box info from netcdf restart file
 NATOM  =    3064 NTYPES =       9 NBONH =    3054 MBONA  =       9
 NTHETH =      25 MTHETA =      11 NPHIH =      43 MPHIA  =      24
 NHPARM =       0 NPARM  =       0 NNB   =    4155 NRES   =    1017
 NBONA  =       9 NTHETA =      11 NPHIA =      24 NUMBND =      13
 NUMANG =      21 NPTRA  =      14 NATYP =      10 NPHB   =       0
 IFBOX  =       2 NMXRS  =      10 IFCAP =       0 NEXTRA =       0
 NCOPY  =       0

| Coordinate Index Table dimensions:     5    5    5
| Direct force subcell size =     6.8457    6.8457    6.8457

     BOX TYPE: TRUNCATED OCTAHEDRON

--------------------------------------------------------------------------------
   2.  CONTROL  DATA  FOR  THE  RUN
--------------------------------------------------------------------------------

ACE                                                                             

General flags:
     imin    =       0, nmropt  =       0

Nature and format of input:
     ntx     =       1, irest   =       0, ntrx    =       1

Nature and format of output:
     ntxo    =       2, ntpr    =     500, ntrx    =       1, ntwr    =     500
     iwrap   =       1, ntwx    =     500, ntwv    =       0, ntwe    =       0
     ioutfm  =       1, ntwprt  =       0, idecomp =       0, rbornstat=      0

Potential function:
     ntf     =       2, ntb     =       2, igb     =       0, nsnb    =      25
     ipol    =       0, gbsa    =       0, iesp    =       0
     dielc   =   1.00000, cut     =  10.00000, intdiel =   1.00000

Frozen or restrained atoms:
     ibelly  =       0, ntr     =       1
     restraint_wt =   2.00000

Molecular dynamics:
     nstlim  =     50000, nscm    =         0, nrespa  =         1
     t       =   0.00000, dt      =   0.00200, vlimit  =  -1.00000

Langevin dynamics temperature regulation:
     ig      =  161475
     temp0   = 300.00000, tempi   = 300.00000, gamma_ln=   1.00000

Pressure regulation:
     ntp     =       1
     pres0   =   1.00000, comp    =  44.60000, taup    =   1.00000

SHAKE:
     ntc     =       2, jfastw  =       0
     tol     =   0.00001

| Intermolecular bonds treatment:
|     no_intermolecular_bonds =       1

| Energy averages sample interval:
|     ene_avg_sampling =     500

Ewald parameters:
     verbose =       0, ew_type =       0, nbflag  =       1, use_pme =       1
     vdwmeth =       1, eedmeth =       1, netfrc  =       1
     Box X =   34.228   Box Y =   34.228   Box Z =   34.228
     Alpha =  109.471   Beta  =  109.471   Gamma =  109.471
     NFFT1 =   36       NFFT2 =   36       NFFT3 =   36
     Cutoff=   10.000   Tol   =0.100E-04
     Ewald Coefficient =  0.27511
     Interpolation order =    4

    LOADING THE CONSTRAINED ATOMS AS GROUPS


   5.  REFERENCE ATOM COORDINATES

  ACE                                                                             
     Mask :1-3; matches    22 atoms

--------------------------------------------------------------------------------
   3.  ATOMIC COORDINATES AND VELOCITIES
--------------------------------------------------------------------------------

ACE                                                                             
 begin time read from input coords =   100.000 ps

 
 Number of triangulated 3-point waters found:     1014

     Sum of charges from parm topology file =  -0.00000000
     Forcing neutrality...

| Dynamic Memory, Types Used:
| Reals              277614
| Integers            95816

| Nonbonded Pairs Initial Allocation:      926783

| GPU memory information (estimate):
| KB of GPU memory in use:     40901
| KB of CPU memory in use:     12785

--------------------------------------------------------------------------------
   4.  RESULTS
--------------------------------------------------------------------------------


 NSTEP =        0   TIME(PS) =       0.000  TEMP(K) =   447.73  PRESS =   310.8
 Etot   =     -6982.2830  EKtot   =      2730.5855  EPtot      =     -9712.8685
 BOND   =         4.4499  ANGLE   =         9.4495  DIHED      =         3.4934
 UB     =         0.0000  IMP     =         0.0000  CMAP       =         0.5249
 1-4 NB =         2.8213  1-4 EEL =        44.6205  VDWAALS    =      1475.8117
 EELEC  =    -11254.0398  EHBOND  =         0.0000  RESTRAINT  =         0.0000
 EKCMT  =       885.9361  VIRIAL  =       678.7573  VOLUME     =     30870.2860
                                                    Density    =         0.9904
 ------------------------------------------------------------------------------

wrapping first mol.:       11.40908       16.13488       27.94643
wrapping first mol.:       11.40908       16.13488       27.94643

 NSTEP =      500   TIME(PS) =       1.000  TEMP(K) =   297.28  PRESS =   272.1
 Etot   =     -7867.2563  EKtot   =      1812.9919  EPtot      =     -9680.2482
 BOND   =         1.6444  ANGLE   =         9.2768  DIHED      =         3.5925
 UB     =         0.0000  IMP     =         0.0000  CMAP       =         0.4221
 1-4 NB =         2.1385  1-4 EEL =        44.7161  VDWAALS    =      1449.8880
 EELEC  =    -11195.5324  EHBOND  =         0.0000  RESTRAINT  =         3.6057
 EAMBER (non-restraint)  =     -9683.8539
 EKCMT  =       869.7058  VIRIAL  =       688.3808  VOLUME     =     30866.2096
                                                    Density    =         0.9906
 ------------------------------------------------------------------------------

wrapping first mol.:       11.39037       16.10842       27.90060
wrapping first mol.:       11.39037       16.10842       27.90060

 NSTEP =     1000   TIME(PS) =       2.000  TEMP(K) =   287.36  PRESS =   332.9
 Etot   =     -7945.9600  EKtot   =      1752.5447  EPtot      =     -9698.5047
 BOND   =         5.7177  ANGLE   =        11.8755  DIHED      =         3.3493
 UB     =         0.0000  IMP     =         0.0000  CMAP       =         0.7405
 1-4 NB =         2.5706  1-4 EEL =        46.5672  VDWAALS    =      1467.0644
 EELEC  =    -11238.0688  EHBOND  =         0.0000  RESTRAINT  =         1.6789
 EAMBER (non-restraint)  =     -9700.1835
 EKCMT  =       861.3573  VIRIAL  =       640.5688  VOLUME     =     30714.4487
                                                    Density    =         0.9955
 ------------------------------------------------------------------------------

wrapping first mol.:       11.40302       16.12631       27.93158
wrapping first mol.:       11.40302       16.12631       27.93158

 NSTEP =     1500   TIME(PS) =       3.000  TEMP(K) =   302.52  PRESS =   225.2
 Etot   =     -7937.0706  EKtot   =      1844.9685  EPtot      =     -9782.0391
 BOND   =         3.2972  ANGLE   =        11.1863  DIHED      =         3.4246
 UB     =         0.0000  IMP     =         0.0000  CMAP       =         1.3886
 1-4 NB =         3.0549  1-4 EEL =        46.3758  VDWAALS    =      1470.6229
 EELEC  =    -11324.6438  EHBOND  =         0.0000  RESTRAINT  =         3.2543
 EAMBER (non-restraint)  =     -9785.2935
 EKCMT  =       915.0752  VIRIAL  =       765.2488  VOLUME     =     30817.1835
                                                    Density    =         0.9921
 ------------------------------------------------------------------------------

wrapping first mol.:       11.41284       16.14019       27.95562
wrapping first mol.:       11.41284       16.14019       27.95562

 NSTEP =     2000   TIME(PS) =       4.000  TEMP(K) =   291.70  PRESS =  -247.1
 Etot   =     -7946.5489  EKtot   =      1779.0117  EPtot      =     -9725.5606
 BOND   =         3.8636  ANGLE   =        11.9135  DIHED      =         3.9916
 UB     =         0.0000  IMP     =         0.0000  CMAP       =         0.4096
 1-4 NB =         2.7321  1-4 EEL =        44.4309  VDWAALS    =      1392.9562
 EELEC  =    -11187.9783  EHBOND  =         0.0000  RESTRAINT  =         2.1204
 EAMBER (non-restraint)  =     -9727.6810
 EKCMT  =       899.1903  VIRIAL  =      1064.0098  VOLUME     =     30898.1250
                                                    Density    =         0.9895
 ------------------------------------------------------------------------------

wrapping first mol.:       11.42084       16.15151       27.97523
wrapping first mol.:       11.42084       16.15151       27.97523

 NSTEP =     2500   TIME(PS) =       5.000  TEMP(K) =   300.32  PRESS =   215.7
 Etot   =     -7906.0076  EKtot   =      1831.5885  EPtot      =     -9737.5961
 BOND   =         4.6141  ANGLE   =         5.7958  DIHED      =         3.7586
 UB     =         0.0000  IMP     =         0.0000  CMAP       =         0.1650
 1-4 NB =         3.5832  1-4 EEL =        44.8721  VDWAALS    =      1481.3668
 EELEC  =    -11287.0893  EHBOND  =         0.0000  RESTRAINT  =         5.3376
 EAMBER (non-restraint)  =     -9742.9337
 EKCMT  =       937.1423  VIRIAL  =       792.9740  VOLUME     =     30961.9144
                                                    Density    =         0.9875
 ------------------------------------------------------------------------------

wrapping first mol.:       11.41873       16.14852       27.97005
wrapping first mol.:       11.41873       16.14852       27.97005

 NSTEP =     3000   TIME(PS) =       6.000  TEMP(K) =   291.34  PRESS =   330.9
 Etot   =     -7988.6564  EKtot   =      1776.7874  EPtot      =     -9765.4437
 BOND   =         2.9910  ANGLE   =         4.5559  DIHED      =         4.7680
 UB     =         0.0000  IMP     =         0.0000  CMAP       =         1.3677
 1-4 NB =         2.6704  1-4 EEL =        47.0145  VDWAALS    =      1499.9953
 EELEC  =    -11333.4298  EHBOND  =         0.0000  RESTRAINT  =         4.6233
 EAMBER (non-restraint)  =     -9770.0670
 EKCMT  =       889.7711  VIRIAL  =       668.6987  VOLUME     =     30944.3789
                                                    Density    =         0.9881
 ------------------------------------------------------------------------------

wrapping first mol.:       11.44101       16.18003       28.02462
wrapping first mol.:       11.44101       16.18003       28.02462

 NSTEP =     3500   TIME(PS) =       7.000  TEMP(K) =   307.58  PRESS =   -77.1
 Etot   =     -7862.2383  EKtot   =      1875.8347  EPtot      =     -9738.0730
 BOND   =         3.2288  ANGLE   =         9.0469  DIHED      =         4.2430
 UB     =         0.0000  IMP     =         0.0000  CMAP       =         0.4578
 1-4 NB =         2.6055  1-4 EEL =        45.5565  VDWAALS    =      1442.9551
 EELEC  =    -11250.9476  EHBOND  =         0.0000  RESTRAINT  =         4.7809
 EAMBER (non-restraint)  =     -9742.8539
 EKCMT  =       929.1601  VIRIAL  =       980.9924  VOLUME     =     31127.0100
                                                    Density    =         0.9823
 ------------------------------------------------------------------------------

wrapping first mol.:       11.44472       16.18528       28.03372
wrapping first mol.:       11.44472       16.18528       28.03372

 NSTEP =     4000   TIME(PS) =       8.000  TEMP(K) =   305.56  PRESS =  -493.1
 Etot   =     -7872.2662  EKtot   =      1863.5059  EPtot      =     -9735.7721
 BOND   =         4.4108  ANGLE   =        11.2035  DIHED      =         2.5535
 UB     =         0.0000  IMP     =         0.0000  CMAP       =         0.8823
 1-4 NB =         3.0371  1-4 EEL =        44.0887  VDWAALS    =      1379.7158
 EELEC  =    -11187.2063  EHBOND  =         0.0000  RESTRAINT  =         5.5425
 EAMBER (non-restraint)  =     -9741.3146
 EKCMT  =       952.7001  VIRIAL  =      1284.4473  VOLUME     =     31158.4899
                                                    Density    =         0.9813
 ------------------------------------------------------------------------------

wrapping first mol.:       11.40638       16.13105       27.93980
wrapping first mol.:       11.40638       16.13105       27.93980

 NSTEP =     4500   TIME(PS) =       9.000  TEMP(K) =   310.65  PRESS =  -350.0
 Etot   =     -7826.6892  EKtot   =      1894.5771  EPtot      =     -9721.2664
 BOND   =         7.1469  ANGLE   =         6.4421  DIHED      =         5.1977
 UB     =         0.0000  IMP     =         0.0000  CMAP       =         0.2523
 1-4 NB =         3.0273  1-4 EEL =        42.6751  VDWAALS    =      1365.3526
 EELEC  =    -11154.4782  EHBOND  =         0.0000  RESTRAINT  =         3.1178
 EAMBER (non-restraint)  =     -9724.3842
 EKCMT  =       955.8790  VIRIAL  =      1188.9650  VOLUME     =     30845.9612
                                                    Density    =         0.9912
 ------------------------------------------------------------------------------

wrapping first mol.:       11.40643       16.13113       27.93994
wrapping first mol.:       11.40643       16.13113       27.93994

 NSTEP =     5000   TIME(PS) =      10.000  TEMP(K) =   303.44  PRESS =   159.0
 Etot   =     -7882.4639  EKtot   =      1850.5845  EPtot      =     -9733.0484
 BOND   =         5.9503  ANGLE   =         8.8126  DIHED      =         3.6480
 UB     =         0.0000  IMP     =         0.0000  CMAP       =         1.2012
 1-4 NB =         3.4800  1-4 EEL =        43.6561  VDWAALS    =      1448.5851
 EELEC  =    -11251.4545  EHBOND  =         0.0000  RESTRAINT  =         3.0729
 EAMBER (non-restraint)  =     -9736.1213
 EKCMT  =       917.8595  VIRIAL  =       811.9894  VOLUME     =     30845.0404
                                                    Density    =         0.9912
 ------------------------------------------------------------------------------

wrapping first mol.:       11.41653       16.14542       27.96468
wrapping first mol.:       11.41653       16.14542       27.96468

 NSTEP =     5500   TIME(PS) =      11.000  TEMP(K) =   305.85  PRESS =    83.4
 Etot   =     -7901.0893  EKtot   =      1865.2910  EPtot      =     -9766.3803
 BOND   =         2.1566  ANGLE   =         7.7080  DIHED      =         3.7454
 UB     =         0.0000  IMP     =         0.0000  CMAP       =         0.5423
 1-4 NB =         4.8969  1-4 EEL =        48.4899  VDWAALS    =      1452.1352
 EELEC  =    -11290.9702  EHBOND  =         0.0000  RESTRAINT  =         4.9157
 EAMBER (non-restraint)  =     -9771.2959
 EKCMT  =       930.3798  VIRIAL  =       874.6691  VOLUME     =     30927.2473
                                                    Density    =         0.9886
 ------------------------------------------------------------------------------

wrapping first mol.:       11.42915       16.16326       27.99558
wrapping first mol.:       11.42915       16.16326       27.99558

 NSTEP =     6000   TIME(PS) =      12.000  TEMP(K) =   291.31  PRESS =  -173.2
 Etot   =     -7863.8403  EKtot   =      1776.5963  EPtot      =     -9640.4366
 BOND   =         3.5327  ANGLE   =         7.5026  DIHED      =         4.1222
 UB     =         0.0000  IMP     =         0.0000  CMAP       =         1.3159
 1-4 NB =         3.2140  1-4 EEL =        45.5171  VDWAALS    =      1379.1248
 EELEC  =    -11091.3090  EHBOND  =         0.0000  RESTRAINT  =         6.5431
 EAMBER (non-restraint)  =     -9646.9798
 EKCMT  =       910.6121  VIRIAL  =      1026.6875  VOLUME     =     31030.6115
                                                    Density    =         0.9853
 ------------------------------------------------------------------------------

wrapping first mol.:       11.45796       16.20400       28.06615
wrapping first mol.:       11.45796       16.20400       28.06615

 NSTEP =     6500   TIME(PS) =      13.000  TEMP(K) =   297.99  PRESS =   257.2
 Etot   =     -7870.2888  EKtot   =      1817.3394  EPtot      =     -9687.6282
 BOND   =         2.1691  ANGLE   =         6.0257  DIHED      =         3.3332
 UB     =         0.0000  IMP     =         0.0000  CMAP       =         0.1170
 1-4 NB =         3.2891  1-4 EEL =        46.8292  VDWAALS    =      1478.6756
 EELEC  =    -11231.1961  EHBOND  =         0.0000  RESTRAINT  =         3.1290
 EAMBER (non-restraint)  =     -9690.7572
 EKCMT  =       888.9691  VIRIAL  =       715.3481  VOLUME     =     31264.6541
                                                    Density    =         0.9779
 ------------------------------------------------------------------------------

wrapping first mol.:       11.44374       16.18389       28.03132
wrapping first mol.:       11.44374       16.18389       28.03132

 NSTEP =     7000   TIME(PS) =      14.000  TEMP(K) =   308.31  PRESS =     8.5
 Etot   =     -7809.2041  EKtot   =      1880.2961  EPtot      =     -9689.5002
 BOND   =         1.4233  ANGLE   =         6.4897  DIHED      =         3.8184
 UB     =         0.0000  IMP     =         0.0000  CMAP       =         0.0027
 1-4 NB =         3.2699  1-4 EEL =        46.2805  VDWAALS    =      1438.0423
 EELEC  =    -11194.8852  EHBOND  =         0.0000  RESTRAINT  =         6.0581
 EAMBER (non-restraint)  =     -9695.5583
 EKCMT  =       941.2230  VIRIAL  =       935.5360  VOLUME     =     31149.1004
                                                    Density    =         0.9816
 ------------------------------------------------------------------------------

wrapping first mol.:       11.44761       16.18936       28.04079
wrapping first mol.:       11.44761       16.18936       28.04079

 NSTEP =     7500   TIME(PS) =      15.000  TEMP(K) =   309.47  PRESS =   137.1
 Etot   =     -7811.9488  EKtot   =      1887.3644  EPtot      =     -9699.3132
 BOND   =         3.6116  ANGLE   =         4.7221  DIHED      =         3.3565
 UB     =         0.0000  IMP     =         0.0000  CMAP       =         0.3862
 1-4 NB =         2.5489  1-4 EEL =        45.0320  VDWAALS    =      1461.2028
 EELEC  =    -11225.4888  EHBOND  =         0.0000  RESTRAINT  =         5.3155
 EAMBER (non-restraint)  =     -9704.6287
 EKCMT  =       938.9642  VIRIAL  =       846.6914  VOLUME     =     31180.3070
                                                    Density    =         0.9806
 ------------------------------------------------------------------------------

wrapping first mol.:       11.43028       16.16486       27.99835
wrapping first mol.:       11.43028       16.16486       27.99835

 NSTEP =     8000   TIME(PS) =      16.000  TEMP(K) =   306.17  PRESS =   -60.9
 Etot   =     -7849.5287  EKtot   =      1867.2341  EPtot      =     -9716.7628
 BOND   =         3.7740  ANGLE   =         7.0236  DIHED      =         3.3741
 UB     =         0.0000  IMP     =         0.0000  CMAP       =         0.6344
 1-4 NB =         3.4553  1-4 EEL =        45.8472  VDWAALS    =      1430.9040
 EELEC  =    -11215.4006  EHBOND  =         0.0000  RESTRAINT  =         3.6251
 EAMBER (non-restraint)  =     -9720.3880
 EKCMT  =       888.5609  VIRIAL  =       929.3592  VOLUME     =     31039.5122
                                                    Density    =         0.9850
 ------------------------------------------------------------------------------

wrapping first mol.:       11.42008       16.15044       27.97337
wrapping first mol.:       11.42008       16.15044       27.97337

 NSTEP =     8500   TIME(PS) =      17.000  TEMP(K) =   300.92  PRESS =   406.8
 Etot   =     -7889.1959  EKtot   =      1835.2196  EPtot      =     -9724.4155
 BOND   =         2.8360  ANGLE   =        11.2965  DIHED      =         3.7148
 UB     =         0.0000  IMP     =         0.0000  CMAP       =         0.8284
 1-4 NB =         3.1745  1-4 EEL =        44.1195  VDWAALS    =      1487.9305
 EELEC  =    -11282.3600  EHBOND  =         0.0000  RESTRAINT  =         4.0445
 EAMBER (non-restraint)  =     -9728.4600
 EKCMT  =       917.1349  VIRIAL  =       645.2660  VOLUME     =     30955.2117
                                                    Density    =         0.9877
 ------------------------------------------------------------------------------

wrapping first mol.:       11.41969       16.14987       27.97240
wrapping first mol.:       11.41969       16.14987       27.97240

 NSTEP =     9000   TIME(PS) =      18.000  TEMP(K) =   300.76  PRESS =  -363.4
 Etot   =     -7830.0476  EKtot   =      1834.2461  EPtot      =     -9664.2937
 BOND   =         1.7395  ANGLE   =         9.6331  DIHED      =         4.4070
 UB     =         0.0000  IMP     =         0.0000  CMAP       =         0.7435
 1-4 NB =         3.6354  1-4 EEL =        45.6780  VDWAALS    =      1366.6255
 EELEC  =    -11099.9857  EHBOND  =         0.0000  RESTRAINT  =         3.2299
 EAMBER (non-restraint)  =     -9667.5236
 EKCMT  =       923.0735  VIRIAL  =      1165.9346  VOLUME     =     30954.1112
                                                    Density    =         0.9878
 ------------------------------------------------------------------------------

wrapping first mol.:       11.43758       16.17518       28.01623
wrapping first mol.:       11.43758       16.17518       28.01623

 NSTEP =     9500   TIME(PS) =      19.000  TEMP(K) =   297.27  PRESS =    45.9
 Etot   =     -7878.7335  EKtot   =      1812.9293  EPtot      =     -9691.6628
 BOND   =         2.0042  ANGLE   =         9.3851  DIHED      =         3.2401
 UB     =         0.0000  IMP     =         0.0000  CMAP       =         0.7771
 1-4 NB =         2.9561  1-4 EEL =        45.0719  VDWAALS    =      1413.5274
 EELEC  =    -11171.3789  EHBOND  =         0.0000  RESTRAINT  =         2.7540
 EAMBER (non-restraint)  =     -9694.4168
 EKCMT  =       899.2871  VIRIAL  =       868.4601  VOLUME     =     31098.7088
                                                    Density    =         0.9832
 ------------------------------------------------------------------------------

wrapping first mol.:       11.44567       16.18662       28.03605
wrapping first mol.:       11.44567       16.18662       28.03605

 NSTEP =    10000   TIME(PS) =      20.000  TEMP(K) =   303.79  PRESS =  -110.6
 Etot   =     -7862.9249  EKtot   =      1852.7183  EPtot      =     -9715.6431
 BOND   =         3.2406  ANGLE   =         7.1938  DIHED      =         3.5654
 UB     =         0.0000  IMP     =         0.0000  CMAP       =         0.4435
 1-4 NB =         3.4051  1-4 EEL =        43.7931  VDWAALS    =      1417.6184
 EELEC  =    -11198.6288  EHBOND  =         0.0000  RESTRAINT  =         3.7257
 EAMBER (non-restraint)  =     -9719.3688
 EKCMT  =       913.6975  VIRIAL  =       988.1310  VOLUME     =     31165.2022
                                                    Density    =         0.9811
 ------------------------------------------------------------------------------

wrapping first mol.:       11.43463       16.17100       28.00900
wrapping first mol.:       11.43463       16.17100       28.00900

 NSTEP =    10500   TIME(PS) =      21.000  TEMP(K) =   300.30  PRESS =   -91.8
 Etot   =     -7865.7533  EKtot   =      1831.4294  EPtot      =     -9697.1827
 BOND   =         3.7108  ANGLE   =         6.5087  DIHED      =         5.1229
 UB     =         0.0000  IMP     =         0.0000  CMAP       =         0.7769
 1-4 NB =         2.8526  1-4 EEL =        43.9529  VDWAALS    =      1407.0781
 EELEC  =    -11174.0762  EHBOND  =         0.0000  RESTRAINT  =         6.8907
 EAMBER (non-restraint)  =     -9704.0735
 EKCMT  =       919.4378  VIRIAL  =       981.0370  VOLUME     =     31075.0006
                                                    Density    =         0.9839
 ------------------------------------------------------------------------------

wrapping first mol.:       11.44204       16.18149       28.02715
wrapping first mol.:       11.44204       16.18149       28.02715

 NSTEP =    11000   TIME(PS) =      22.000  TEMP(K) =   301.08  PRESS =  -378.9
 Etot   =     -7900.6451  EKtot   =      1836.1671  EPtot      =     -9736.8122
 BOND   =         3.6974  ANGLE   =         7.3766  DIHED      =         4.1716
 UB     =         0.0000  IMP     =         0.0000  CMAP       =         0.4949
 1-4 NB =         2.7235  1-4 EEL =        43.9237  VDWAALS    =      1388.7271
 EELEC  =    -11191.3492  EHBOND  =         0.0000  RESTRAINT  =         3.4222
 EAMBER (non-restraint)  =     -9740.2344
 EKCMT  =       908.2391  VIRIAL  =      1162.9708  VOLUME     =     31136.2709
                                                    Density    =         0.9820
 ------------------------------------------------------------------------------

wrapping first mol.:       11.43785       16.17556       28.01690
wrapping first mol.:       11.43785       16.17556       28.01690

 NSTEP =    11500   TIME(PS) =      23.000  TEMP(K) =   294.53  PRESS =   -21.1
 Etot   =     -7850.3096  EKtot   =      1796.2172  EPtot      =     -9646.5268
 BOND   =         7.2330  ANGLE   =         9.6694  DIHED      =         4.2157
 UB     =         0.0000  IMP     =         0.0000  CMAP       =         0.0137
 1-4 NB =         3.6827  1-4 EEL =        48.1325  VDWAALS    =      1413.4012
 EELEC  =    -11139.5738  EHBOND  =         0.0000  RESTRAINT  =         6.6989
 EAMBER (non-restraint)  =     -9653.2257
 EKCMT  =       905.8152  VIRIAL  =       920.0115  VOLUME     =     31101.1094
                                                    Density    =         0.9831
 ------------------------------------------------------------------------------

wrapping first mol.:       11.43144       16.16650       28.00119
wrapping first mol.:       11.43144       16.16650       28.00119

 NSTEP =    12000   TIME(PS) =      24.000  TEMP(K) =   307.90  PRESS =   128.5
 Etot   =     -7824.2816  EKtot   =      1877.7971  EPtot      =     -9702.0787
 BOND   =         1.2100  ANGLE   =         2.7958  DIHED      =         5.2187
 UB     =         0.0000  IMP     =         0.0000  CMAP       =         0.0718
 1-4 NB =         4.4260  1-4 EEL =        48.3800  VDWAALS    =      1454.8006
 EELEC  =    -11220.7711  EHBOND  =         0.0000  RESTRAINT  =         1.7894
 EAMBER (non-restraint)  =     -9703.8682
 EKCMT  =       904.8353  VIRIAL  =       818.6755  VOLUME     =     31048.4143
                                                    Density    =         0.9848
 ------------------------------------------------------------------------------

wrapping first mol.:       11.44578       16.18677       28.03631
wrapping first mol.:       11.44578       16.18677       28.03631

 NSTEP =    12500   TIME(PS) =      25.000  TEMP(K) =   308.14  PRESS =  -117.6
 Etot   =     -7878.7215  EKtot   =      1879.2446  EPtot      =     -9757.9661
 BOND   =         1.1791  ANGLE   =         7.2548  DIHED      =         4.1096
 UB     =         0.0000  IMP     =         0.0000  CMAP       =        -0.2272
 1-4 NB =         2.3747  1-4 EEL =        44.1715  VDWAALS    =      1451.0980
 EELEC  =    -11275.2703  EHBOND  =         0.0000  RESTRAINT  =         7.3437
 EAMBER (non-restraint)  =     -9765.3098
 EKCMT  =       893.7567  VIRIAL  =       972.8971  VOLUME     =     31166.0873
                                                    Density    =         0.9810
 ------------------------------------------------------------------------------

wrapping first mol.:       11.43946       16.17783       28.02083
wrapping first mol.:       11.43946       16.17783       28.02083

 NSTEP =    13000   TIME(PS) =      26.000  TEMP(K) =   303.05  PRESS =  -120.0
 Etot   =     -7883.6987  EKtot   =      1848.1959  EPtot      =     -9731.8946
 BOND   =         4.6114  ANGLE   =         7.0552  DIHED      =         4.9943
 UB     =         0.0000  IMP     =         0.0000  CMAP       =         0.3345
 1-4 NB =         2.1838  1-4 EEL =        43.2469  VDWAALS    =      1428.2275
 EELEC  =    -11224.7572  EHBOND  =         0.0000  RESTRAINT  =         2.2089
 EAMBER (non-restraint)  =     -9734.1035
 EKCMT  =       932.1141  VIRIAL  =      1012.7569  VOLUME     =     31114.4722
                                                    Density    =         0.9827
 ------------------------------------------------------------------------------

wrapping first mol.:       11.45284       16.19677       28.05362
wrapping first mol.:       11.45284       16.19677       28.05362

 NSTEP =    13500   TIME(PS) =      27.000  TEMP(K) =   292.99  PRESS =   426.1
 Etot   =     -7815.9767  EKtot   =      1786.8727  EPtot      =     -9602.8494
 BOND   =         3.6183  ANGLE   =         4.8080  DIHED      =         7.7369
 UB     =         0.0000  IMP     =         0.0000  CMAP       =         0.4832
 1-4 NB =         2.5006  1-4 EEL =        47.4170  VDWAALS    =      1455.3494
 EELEC  =    -11130.2569  EHBOND  =         0.0000  RESTRAINT  =         5.4941
 EAMBER (non-restraint)  =     -9608.3435
 EKCMT  =       911.3618  VIRIAL  =       624.1203  VOLUME     =     31222.3306
                                                    Density    =         0.9793
 ------------------------------------------------------------------------------

wrapping first mol.:       11.45953       16.20622       28.07000
wrapping first mol.:       11.45953       16.20622       28.07000

 NSTEP =    14000   TIME(PS) =      28.000  TEMP(K) =   303.79  PRESS =  -380.7
 Etot   =     -7865.2522  EKtot   =      1852.7078  EPtot      =     -9717.9600
 BOND   =         3.6129  ANGLE   =         9.1261  DIHED      =         3.4096
 UB     =         0.0000  IMP     =         0.0000  CMAP       =         0.6796
 1-4 NB =         2.8048  1-4 EEL =        46.3349  VDWAALS    =      1403.2034
 EELEC  =    -11190.6381  EHBOND  =         0.0000  RESTRAINT  =         3.5067
 EAMBER (non-restraint)  =     -9721.4667
 EKCMT  =       914.7249  VIRIAL  =      1171.8288  VOLUME     =     31279.2824
                                                    Density    =         0.9775
 ------------------------------------------------------------------------------

wrapping first mol.:       11.44063       16.17949       28.02370
wrapping first mol.:       11.44063       16.17949       28.02370

 NSTEP =    14500   TIME(PS) =      29.000  TEMP(K) =   299.24  PRESS =   538.8
 Etot   =     -7894.1144  EKtot   =      1824.9554  EPtot      =     -9719.0699
 BOND   =         6.3574  ANGLE   =         7.7132  DIHED      =         4.9920
 UB     =         0.0000  IMP     =         0.0000  CMAP       =         0.9001
 1-4 NB =         3.8425  1-4 EEL =        44.7354  VDWAALS    =      1511.4446
 EELEC  =    -11306.9797  EHBOND  =         0.0000  RESTRAINT  =         7.9246
 EAMBER (non-restraint)  =     -9726.9945
 EKCMT  =       933.6828  VIRIAL  =       571.6164  VOLUME     =     31122.2270
                                                    Density    =         0.9824
 ------------------------------------------------------------------------------

wrapping first mol.:       11.41472       16.14285       27.96023
wrapping first mol.:       11.41472       16.14285       27.96023

 NSTEP =    15000   TIME(PS) =      30.000  TEMP(K) =   306.60  PRESS =   -77.8
 Etot   =     -7864.3031  EKtot   =      1869.8561  EPtot      =     -9734.1592
 BOND   =         2.0588  ANGLE   =         8.8428  DIHED      =         3.7524
 UB     =         0.0000  IMP     =         0.0000  CMAP       =         0.2830
 1-4 NB =         3.6026  1-4 EEL =        45.0671  VDWAALS    =      1423.7668
 EELEC  =    -11224.4043  EHBOND  =         0.0000  RESTRAINT  =         2.8718
 EAMBER (non-restraint)  =     -9737.0310
 EKCMT  =       894.6274  VIRIAL  =       946.5647  VOLUME     =     30912.9238
                                                    Density    =         0.9891
 ------------------------------------------------------------------------------

wrapping first mol.:       11.41963       16.14980       27.97227
wrapping first mol.:       11.41963       16.14980       27.97227

 NSTEP =    15500   TIME(PS) =      31.000  TEMP(K) =   290.66  PRESS =   149.0
 Etot   =     -7898.2114  EKtot   =      1772.6578  EPtot      =     -9670.8692
 BOND   =         2.9437  ANGLE   =         9.0785  DIHED      =         3.6087
 UB     =         0.0000  IMP     =         0.0000  CMAP       =        -0.0439
 1-4 NB =         2.6432  1-4 EEL =        49.3813  VDWAALS    =      1434.8176
 EELEC  =    -11176.5479  EHBOND  =         0.0000  RESTRAINT  =         3.2495
 EAMBER (non-restraint)  =     -9674.1187
 EKCMT  =       892.9471  VIRIAL  =       793.3658  VOLUME     =     30952.2655
                                                    Density    =         0.9878
 ------------------------------------------------------------------------------

wrapping first mol.:       11.43682       16.17411       28.01438
wrapping first mol.:       11.43682       16.17411       28.01438

 NSTEP =    16000   TIME(PS) =      32.000  TEMP(K) =   297.13  PRESS =   319.7
 Etot   =     -7881.3384  EKtot   =      1812.1034  EPtot      =     -9693.4418
 BOND   =         9.0136  ANGLE   =         6.4489  DIHED      =         3.6994
 UB     =         0.0000  IMP     =         0.0000  CMAP       =         0.0248
 1-4 NB =         2.5987  1-4 EEL =        47.0718  VDWAALS    =      1476.1053
 EELEC  =    -11244.4790  EHBOND  =         0.0000  RESTRAINT  =         6.0746
 EAMBER (non-restraint)  =     -9699.5164
 EKCMT  =       892.1953  VIRIAL  =       677.5982  VOLUME     =     31091.7865
                                                    Density    =         0.9834
 ------------------------------------------------------------------------------

wrapping first mol.:       11.40906       16.13485       27.94637
wrapping first mol.:       11.40906       16.13485       27.94637

 NSTEP =    16500   TIME(PS) =      33.000  TEMP(K) =   297.63  PRESS =   225.0
 Etot   =     -7930.8350  EKtot   =      1815.1646  EPtot      =     -9745.9996
 BOND   =         2.6624  ANGLE   =        13.8291  DIHED      =         3.0274
 UB     =         0.0000  IMP     =         0.0000  CMAP       =         0.9280
 1-4 NB =         3.2007  1-4 EEL =        50.3526  VDWAALS    =      1478.7633
 EELEC  =    -11302.2716  EHBOND  =         0.0000  RESTRAINT  =         3.5085
 EAMBER (non-restraint)  =     -9749.5081
 EKCMT  =       900.7597  VIRIAL  =       750.8237  VOLUME     =     30866.1570
                                                    Density    =         0.9906
 ------------------------------------------------------------------------------

wrapping first mol.:       11.39864       16.12011       27.92084
wrapping first mol.:       11.39864       16.12011       27.92084

 NSTEP =    17000   TIME(PS) =      34.000  TEMP(K) =   297.64  PRESS =   -90.1
 Etot   =     -7875.2449  EKtot   =      1815.1964  EPtot      =     -9690.4413
 BOND   =         3.6573  ANGLE   =        10.7795  DIHED      =         5.3092
 UB     =         0.0000  IMP     =         0.0000  CMAP       =         0.5422
 1-4 NB =         3.4220  1-4 EEL =        43.3083  VDWAALS    =      1392.5350
 EELEC  =    -11153.7259  EHBOND  =         0.0000  RESTRAINT  =         3.7312
 EAMBER (non-restraint)  =     -9694.1726
 EKCMT  =       904.7557  VIRIAL  =       964.6608  VOLUME     =     30782.5050
                                                    Density    =         0.9933
 ------------------------------------------------------------------------------

wrapping first mol.:       11.43379       16.16982       28.00695
wrapping first mol.:       11.43379       16.16982       28.00695

 NSTEP =    17500   TIME(PS) =      35.000  TEMP(K) =   305.89  PRESS =   513.4
 Etot   =     -7897.7587  EKtot   =      1865.5325  EPtot      =     -9763.2912
 BOND   =         2.9264  ANGLE   =        12.9572  DIHED      =         3.6226
 UB     =         0.0000  IMP     =         0.0000  CMAP       =         0.3519
 1-4 NB =         3.0799  1-4 EEL =        46.3482  VDWAALS    =      1531.8677
 EELEC  =    -11369.0500  EHBOND  =         0.0000  RESTRAINT  =         4.6050
 EAMBER (non-restraint)  =     -9767.8962
 EKCMT  =       943.9623  VIRIAL  =       599.6023  VOLUME     =     31066.5081
                                                    Density    =         0.9842
 ------------------------------------------------------------------------------

wrapping first mol.:       11.43436       16.17063       28.00834
wrapping first mol.:       11.43436       16.17063       28.00834

 NSTEP =    18000   TIME(PS) =      36.000  TEMP(K) =   294.02  PRESS =    85.4
 Etot   =     -7915.2982  EKtot   =      1793.1449  EPtot      =     -9708.4431
 BOND   =         3.3779  ANGLE   =         7.6674  DIHED      =         5.5431
 UB     =         0.0000  IMP     =         0.0000  CMAP       =         0.5980
 1-4 NB =         4.8321  1-4 EEL =        48.2778  VDWAALS    =      1454.1300
 EELEC  =    -11236.7549  EHBOND  =         0.0000  RESTRAINT  =         3.8855
 EAMBER (non-restraint)  =     -9712.3286
 EKCMT  =       878.3550  VIRIAL  =       821.0344  VOLUME     =     31072.3404
                                                    Density    =         0.9840
 ------------------------------------------------------------------------------

wrapping first mol.:       11.42896       16.16299       27.99511
wrapping first mol.:       11.42896       16.16299       27.99511

 NSTEP =    18500   TIME(PS) =      37.000  TEMP(K) =   293.84  PRESS =   419.0
 Etot   =     -7904.0234  EKtot   =      1792.0571  EPtot      =     -9696.0806
 BOND   =         2.6987  ANGLE   =         7.7096  DIHED      =         3.3569
 UB     =         0.0000  IMP     =         0.0000  CMAP       =         0.5153
 1-4 NB =         2.9456  1-4 EEL =        45.6785  VDWAALS    =      1488.3526
 EELEC  =    -11250.3133  EHBOND  =         0.0000  RESTRAINT  =         2.9757
 EAMBER (non-restraint)  =     -9699.0563
 EKCMT  =       865.9472  VIRIAL  =       585.2402  VOLUME     =     31027.3949
                                                    Density    =         0.9854
 ------------------------------------------------------------------------------

wrapping first mol.:       11.44148       16.18069       28.02578
wrapping first mol.:       11.44148       16.18069       28.02578

 NSTEP =    19000   TIME(PS) =      38.000  TEMP(K) =   303.17  PRESS =   361.3
 Etot   =     -7854.6143  EKtot   =      1848.9283  EPtot      =     -9703.5426
 BOND   =         4.8374  ANGLE   =         5.4692  DIHED      =         3.2845
 UB     =         0.0000  IMP     =         0.0000  CMAP       =         0.9456
 1-4 NB =         2.3026  1-4 EEL =        42.8108  VDWAALS    =      1480.7113
 EELEC  =    -11247.7465  EHBOND  =         0.0000  RESTRAINT  =         3.8425
 EAMBER (non-restraint)  =     -9707.3851
 EKCMT  =       924.5358  VIRIAL  =       681.6926  VOLUME     =     31129.6531
                                                    Density    =         0.9822
 ------------------------------------------------------------------------------

wrapping first mol.:       11.45998       16.20685       28.07109
wrapping first mol.:       11.45998       16.20685       28.07109

 NSTEP =    19500   TIME(PS) =      39.000  TEMP(K) =   303.03  PRESS =  -462.3
 Etot   =     -7835.4628  EKtot   =      1848.1058  EPtot      =     -9683.5686
 BOND   =         1.2190  ANGLE   =         9.1133  DIHED      =         3.7030
 UB     =         0.0000  IMP     =         0.0000  CMAP       =        -0.0569
 1-4 NB =         3.0973  1-4 EEL =        48.1255  VDWAALS    =      1372.4798
 EELEC  =    -11125.8106  EHBOND  =         0.0000  RESTRAINT  =         4.5610
 EAMBER (non-restraint)  =     -9688.1296
 EKCMT  =       929.3409  VIRIAL  =      1241.5776  VOLUME     =     31283.1708
                                                    Density    =         0.9774
 ------------------------------------------------------------------------------

wrapping first mol.:       11.45347       16.19765       28.05516
wrapping first mol.:       11.45347       16.19765       28.05516

 NSTEP =    20000   TIME(PS) =      40.000  TEMP(K) =   303.27  PRESS =  -339.0
 Etot   =     -7868.6467  EKtot   =      1849.5287  EPtot      =     -9718.1754
 BOND   =         1.5677  ANGLE   =         9.2583  DIHED      =         3.4120
 UB     =         0.0000  IMP     =         0.0000  CMAP       =         0.3214
 1-4 NB =         2.9908  1-4 EEL =        48.4393  VDWAALS    =      1391.1814
 EELEC  =    -11179.5664  EHBOND  =         0.0000  RESTRAINT  =         4.2201
 EAMBER (non-restraint)  =     -9722.3955
 EKCMT  =       959.5844  VIRIAL  =      1188.1366  VOLUME     =     31229.5917
                                                    Density    =         0.9790
 ------------------------------------------------------------------------------

wrapping first mol.:       11.44714       16.18871       28.03966
wrapping first mol.:       11.44714       16.18871       28.03966

 NSTEP =    20500   TIME(PS) =      41.000  TEMP(K) =   302.54  PRESS =  -485.3
 Etot   =     -7846.9794  EKtot   =      1845.0835  EPtot      =     -9692.0629
 BOND   =         1.7176  ANGLE   =        11.4637  DIHED      =         4.4974
 UB     =         0.0000  IMP     =         0.0000  CMAP       =         0.8773
 1-4 NB =         2.6469  1-4 EEL =        45.1678  VDWAALS    =      1376.8958
 EELEC  =    -11138.6268  EHBOND  =         0.0000  RESTRAINT  =         3.2974
 EAMBER (non-restraint)  =     -9695.3603
 EKCMT  =       888.2323  VIRIAL  =      1214.9101  VOLUME     =     31178.2663
                                                    Density    =         0.9807
 ------------------------------------------------------------------------------

wrapping first mol.:       11.41280       16.14013       27.95553
wrapping first mol.:       11.41280       16.14013       27.95553

 NSTEP =    21000   TIME(PS) =      42.000  TEMP(K) =   292.86  PRESS =  -245.2
 Etot   =     -7980.6278  EKtot   =      1786.0437  EPtot      =     -9766.6715
 BOND   =         4.1874  ANGLE   =         8.1802  DIHED      =         3.8683
 UB     =         0.0000  IMP     =         0.0000  CMAP       =         0.7624
 1-4 NB =         3.8304  1-4 EEL =        45.3148  VDWAALS    =      1414.3339
 EELEC  =    -11251.0952  EHBOND  =         0.0000  RESTRAINT  =         3.9464
 EAMBER (non-restraint)  =     -9770.6179
 EKCMT  =       868.1443  VIRIAL  =      1031.7551  VOLUME     =     30897.7943
                                                    Density    =         0.9896
 ------------------------------------------------------------------------------

wrapping first mol.:       11.41611       16.14482       27.96365
wrapping first mol.:       11.41611       16.14482       27.96365

 NSTEP =    21500   TIME(PS) =      43.000  TEMP(K) =   305.30  PRESS =   321.1
 Etot   =     -7888.6740  EKtot   =      1861.9268  EPtot      =     -9750.6008
 BOND   =         3.5652  ANGLE   =         6.5324  DIHED      =         3.6137
 UB     =         0.0000  IMP     =         0.0000  CMAP       =         0.7415
 1-4 NB =         2.3365  1-4 EEL =        46.6534  VDWAALS    =      1477.7246
 EELEC  =    -11295.7670  EHBOND  =         0.0000  RESTRAINT  =         3.9990
 EAMBER (non-restraint)  =     -9754.5998
 EKCMT  =       928.4934  VIRIAL  =       714.1346  VOLUME     =     30923.1859
                                                    Density    =         0.9887
 ------------------------------------------------------------------------------

wrapping first mol.:       11.41048       16.13686       27.94986
wrapping first mol.:       11.41048       16.13686       27.94986

 NSTEP =    22000   TIME(PS) =      44.000  TEMP(K) =   293.59  PRESS =   -76.6
 Etot   =     -7920.7692  EKtot   =      1790.5186  EPtot      =     -9711.2877
 BOND   =         3.1657  ANGLE   =         5.7999  DIHED      =         5.1408
 UB     =         0.0000  IMP     =         0.0000  CMAP       =         1.3226
 1-4 NB =         2.0150  1-4 EEL =        44.3111  VDWAALS    =      1418.2848
 EELEC  =    -11194.1986  EHBOND  =         0.0000  RESTRAINT  =         2.8709
 EAMBER (non-restraint)  =     -9714.1587
 EKCMT  =       867.6860  VIRIAL  =       918.7620  VOLUME     =     30878.5520
                                                    Density    =         0.9902
 ------------------------------------------------------------------------------

wrapping first mol.:       11.44516       16.18589       28.03479
wrapping first mol.:       11.44516       16.18589       28.03479

 NSTEP =    22500   TIME(PS) =      45.000  TEMP(K) =   293.74  PRESS =   347.9
 Etot   =     -7965.6232  EKtot   =      1791.4188  EPtot      =     -9757.0421
 BOND   =         2.4114  ANGLE   =         6.9648  DIHED      =         3.9246
 UB     =         0.0000  IMP     =         0.0000  CMAP       =         0.3685
 1-4 NB =         2.8398  1-4 EEL =        46.6996  VDWAALS    =      1498.8751
 EELEC  =    -11324.0287  EHBOND  =         0.0000  RESTRAINT  =         4.9027
 EAMBER (non-restraint)  =     -9761.9448
 EKCMT  =       873.8970  VIRIAL  =       639.8220  VOLUME     =     31159.7106
                                                    Density    =         0.9812
 ------------------------------------------------------------------------------

wrapping first mol.:       11.44900       16.19133       28.04421
wrapping first mol.:       11.44900       16.19133       28.04421

 NSTEP =    23000   TIME(PS) =      46.000  TEMP(K) =   292.53  PRESS =  -513.9
 Etot   =     -7875.8517  EKtot   =      1784.0377  EPtot      =     -9659.8895
 BOND   =         4.5499  ANGLE   =         7.0784  DIHED      =         3.0021
 UB     =         0.0000  IMP     =         0.0000  CMAP       =         0.9327
 1-4 NB =         1.7223  1-4 EEL =        46.9617  VDWAALS    =      1349.7871
 EELEC  =    -11077.9209  EHBOND  =         0.0000  RESTRAINT  =         3.9972
 EAMBER (non-restraint)  =     -9663.8867
 EKCMT  =       870.5717  VIRIAL  =      1216.7148  VOLUME     =     31193.5328
                                                    Density    =         0.9802
 ------------------------------------------------------------------------------

wrapping first mol.:       11.44592       16.18697       28.03665
wrapping first mol.:       11.44592       16.18697       28.03665

 NSTEP =    23500   TIME(PS) =      47.000  TEMP(K) =   299.38  PRESS =  -363.6
 Etot   =     -7904.1274  EKtot   =      1825.8297  EPtot      =     -9729.9571
 BOND   =         1.1262  ANGLE   =         8.6161  DIHED      =         2.7874
 UB     =         0.0000  IMP     =         0.0000  CMAP       =         0.7244
 1-4 NB =         2.0453  1-4 EEL =        46.3813  VDWAALS    =      1398.5222
 EELEC  =    -11195.3559  EHBOND  =         0.0000  RESTRAINT  =         5.1960
 EAMBER (non-restraint)  =     -9735.1531
 EKCMT  =       900.6730  VIRIAL  =      1145.3917  VOLUME     =     31167.9086
                                                    Density    =         0.9810
 ------------------------------------------------------------------------------

wrapping first mol.:       11.42812       16.16181       27.99307
wrapping first mol.:       11.42812       16.16181       27.99307

 NSTEP =    24000   TIME(PS) =      48.000  TEMP(K) =   297.64  PRESS =   106.2
 Etot   =     -7898.7844  EKtot   =      1815.2068  EPtot      =     -9713.9912
 BOND   =         3.7243  ANGLE   =        12.9053  DIHED      =         5.1808
 UB     =         0.0000  IMP     =         0.0000  CMAP       =         1.2145
 1-4 NB =         3.4660  1-4 EEL =        44.5896  VDWAALS    =      1447.7722
 EELEC  =    -11240.6110  EHBOND  =         0.0000  RESTRAINT  =         7.7671
 EAMBER (non-restraint)  =     -9721.7583
 EKCMT  =       899.4355  VIRIAL  =       828.2949  VOLUME     =     31021.4613
                                                    Density    =         0.9856
 ------------------------------------------------------------------------------

wrapping first mol.:       11.41323       16.14074       27.95658
wrapping first mol.:       11.41323       16.14074       27.95658

 NSTEP =    24500   TIME(PS) =      49.000  TEMP(K) =   303.52  PRESS =    81.4
 Etot   =     -7927.2130  EKtot   =      1851.0583  EPtot      =     -9778.2714
 BOND   =         2.3767  ANGLE   =         6.5962  DIHED      =         5.7189
 UB     =         0.0000  IMP     =         0.0000  CMAP       =         0.8304
 1-4 NB =         4.8080  1-4 EEL =        48.1863  VDWAALS    =      1447.7021
 EELEC  =    -11298.9045  EHBOND  =         0.0000  RESTRAINT  =         4.4146
 EAMBER (non-restraint)  =     -9782.6859
 EKCMT  =       928.9261  VIRIAL  =       874.6196  VOLUME     =     30900.4005
                                                    Density    =         0.9895
 ------------------------------------------------------------------------------

wrapping first mol.:       11.42558       16.15821       27.98683
wrapping first mol.:       11.42558       16.15821       27.98683

 NSTEP =    25000   TIME(PS) =      50.000  TEMP(K) =   302.45  PRESS =     1.6
 Etot   =     -7887.3595  EKtot   =      1844.5656  EPtot      =     -9731.9251
 BOND   =         5.0999  ANGLE   =         7.0073  DIHED      =         5.0407
 UB     =         0.0000  IMP     =         0.0000  CMAP       =         1.0263
 1-4 NB =         1.8575  1-4 EEL =        47.6380  VDWAALS    =      1438.7230
 EELEC  =    -11243.3831  EHBOND  =         0.0000  RESTRAINT  =         5.0653
 EAMBER (non-restraint)  =     -9736.9903
 EKCMT  =       894.4085  VIRIAL  =       893.3510  VOLUME     =     31001.0301
                                                    Density    =         0.9863
 ------------------------------------------------------------------------------

wrapping first mol.:       11.43159       16.16671       28.00157
wrapping first mol.:       11.43159       16.16671       28.00157

 NSTEP =    25500   TIME(PS) =      51.000  TEMP(K) =   293.20  PRESS =   621.0
 Etot   =     -7825.1892  EKtot   =      1788.1207  EPtot      =     -9613.3099
 BOND   =         3.0962  ANGLE   =         6.2591  DIHED      =         3.6481
 UB     =         0.0000  IMP     =         0.0000  CMAP       =         0.9707
 1-4 NB =         2.5553  1-4 EEL =        45.5090  VDWAALS    =      1491.9026
 EELEC  =    -11169.9127  EHBOND  =         0.0000  RESTRAINT  =         2.6616
 EAMBER (non-restraint)  =     -9615.9715
 EKCMT  =       875.0764  VIRIAL  =       458.7786  VOLUME     =     31048.3028
                                                    Density    =         0.9848
 ------------------------------------------------------------------------------

wrapping first mol.:       11.43420       16.17040       28.00794
wrapping first mol.:       11.43420       16.17040       28.00794

 NSTEP =    26000   TIME(PS) =      52.000  TEMP(K) =   295.35  PRESS =    46.3
 Etot   =     -7828.3282  EKtot   =      1801.2386  EPtot      =     -9629.5669
 BOND   =         2.4630  ANGLE   =         8.2099  DIHED      =         5.3378
 UB     =         0.0000  IMP     =         0.0000  CMAP       =         0.3478
 1-4 NB =         2.6213  1-4 EEL =        49.2725  VDWAALS    =      1407.7869
 EELEC  =    -11109.4193  EHBOND  =         0.0000  RESTRAINT  =         3.8133
 EAMBER (non-restraint)  =     -9633.3801
 EKCMT  =       910.0650  VIRIAL  =       879.0164  VOLUME     =     31071.1211
                                                    Density    =         0.9840
 ------------------------------------------------------------------------------

wrapping first mol.:       11.45587       16.20104       28.06103
wrapping first mol.:       11.45587       16.20104       28.06103

 NSTEP =    26500   TIME(PS) =      53.000  TEMP(K) =   300.60  PRESS =   234.3
 Etot   =     -7818.1298  EKtot   =      1833.2424  EPtot      =     -9651.3723
 BOND   =         0.4132  ANGLE   =         7.6477  DIHED      =         3.3517
 UB     =         0.0000  IMP     =         0.0000  CMAP       =         0.7203
 1-4 NB =         2.7514  1-4 EEL =        42.9404  VDWAALS    =      1463.2293
 EELEC  =    -11177.3415  EHBOND  =         0.0000  RESTRAINT  =         4.9151
 EAMBER (non-restraint)  =     -9656.2874
 EKCMT  =       902.9527  VIRIAL  =       744.8675  VOLUME     =     31247.6019
                                                    Density    =         0.9785
 ------------------------------------------------------------------------------

wrapping first mol.:       11.43379       16.16982       28.00695
wrapping first mol.:       11.43379       16.16982       28.00695

 NSTEP =    27000   TIME(PS) =      54.000  TEMP(K) =   304.40  PRESS =  -396.4
 Etot   =     -7808.7885  EKtot   =      1856.4690  EPtot      =     -9665.2575
 BOND   =         1.1320  ANGLE   =         6.1623  DIHED      =         5.7525
 UB     =         0.0000  IMP     =         0.0000  CMAP       =         0.2525
 1-4 NB =         3.0616  1-4 EEL =        43.4853  VDWAALS    =      1374.3813
 EELEC  =    -11103.9308  EHBOND  =         0.0000  RESTRAINT  =         4.4459
 EAMBER (non-restraint)  =     -9669.7034
 EKCMT  =       924.3850  VIRIAL  =      1190.2918  VOLUME     =     31069.0424
                                                    Density    =         0.9841
 ------------------------------------------------------------------------------

wrapping first mol.:       11.44133       16.18048       28.02541
wrapping first mol.:       11.44133       16.18048       28.02541

 NSTEP =    27500   TIME(PS) =      55.000  TEMP(K) =   296.14  PRESS =   -84.6
 Etot   =     -7860.7709  EKtot   =      1806.0398  EPtot      =     -9666.8107
 BOND   =         1.6942  ANGLE   =         6.9178  DIHED      =         3.2218
 UB     =         0.0000  IMP     =         0.0000  CMAP       =        -0.3209
 1-4 NB =         3.8533  1-4 EEL =        48.6864  VDWAALS    =      1421.5383
 EELEC  =    -11156.2919  EHBOND  =         0.0000  RESTRAINT  =         3.8903
 EAMBER (non-restraint)  =     -9670.7010
 EKCMT  =       898.6639  VIRIAL  =       955.5146  VOLUME     =     31129.6493
                                                    Density    =         0.9822
 ------------------------------------------------------------------------------

wrapping first mol.:       11.43166       16.16680       28.00172
wrapping first mol.:       11.43166       16.16680       28.00172

 NSTEP =    28000   TIME(PS) =      56.000  TEMP(K) =   308.66  PRESS =  -177.4
 Etot   =     -7859.5679  EKtot   =      1882.3956  EPtot      =     -9741.9635
 BOND   =         2.6054  ANGLE   =         8.8436  DIHED      =         5.7123
 UB     =         0.0000  IMP     =         0.0000  CMAP       =         0.4865
 1-4 NB =         3.5513  1-4 EEL =        41.5841  VDWAALS    =      1414.4958
 EELEC  =    -11221.6565  EHBOND  =         0.0000  RESTRAINT  =         2.4139
 EAMBER (non-restraint)  =     -9744.3774
 EKCMT  =       942.0646  VIRIAL  =      1061.0242  VOLUME     =     31051.0333
                                                    Density    =         0.9847
 ------------------------------------------------------------------------------

wrapping first mol.:       11.42702       16.16025       27.99037
wrapping first mol.:       11.42702       16.16025       27.99037

 NSTEP =    28500   TIME(PS) =      57.000  TEMP(K) =   305.90  PRESS =   279.6
 Etot   =     -7872.8032  EKtot   =      1865.5820  EPtot      =     -9738.3852
 BOND   =         4.1896  ANGLE   =        12.9170  DIHED      =         4.4780
 UB     =         0.0000  IMP     =         0.0000  CMAP       =         0.5187
 1-4 NB =         3.6802  1-4 EEL =        47.9392  VDWAALS    =      1485.3125
 EELEC  =    -11300.4596  EHBOND  =         0.0000  RESTRAINT  =         3.0391
 EAMBER (non-restraint)  =     -9741.4243
 EKCMT  =       924.0885  VIRIAL  =       736.8821  VOLUME     =     31012.0378
                                                    Density    =         0.9859
 ------------------------------------------------------------------------------

wrapping first mol.:       11.45555       16.20060       28.06025
wrapping first mol.:       11.45555       16.20060       28.06025

 NSTEP =    29000   TIME(PS) =      58.000  TEMP(K) =   299.32  PRESS =   -53.5
 Etot   =     -7912.4568  EKtot   =      1825.4799  EPtot      =     -9737.9366
 BOND   =         4.6187  ANGLE   =        12.9711  DIHED      =         4.1037
 UB     =         0.0000  IMP     =         0.0000  CMAP       =         0.1119
 1-4 NB =         3.2641  1-4 EEL =        46.4240  VDWAALS    =      1443.6070
 EELEC  =    -11258.3521  EHBOND  =         0.0000  RESTRAINT  =         5.3152
 EAMBER (non-restraint)  =     -9743.2518
 EKCMT  =       903.1486  VIRIAL  =       939.2512  VOLUME     =     31245.8099
                                                    Density    =         0.9785
 ------------------------------------------------------------------------------

wrapping first mol.:       11.44181       16.18116       28.02658
wrapping first mol.:       11.44181       16.18116       28.02658

 NSTEP =    29500   TIME(PS) =      59.000  TEMP(K) =   298.92  PRESS =  -453.4
 Etot   =     -7877.4150  EKtot   =      1823.0187  EPtot      =     -9700.4337
 BOND   =         5.2560  ANGLE   =        10.6263  DIHED      =         6.4857
 UB     =         0.0000  IMP     =         0.0000  CMAP       =         1.1119
 1-4 NB =         4.3562  1-4 EEL =        45.1980  VDWAALS    =      1385.2894
 EELEC  =    -11163.4650  EHBOND  =         0.0000  RESTRAINT  =         4.7078
 EAMBER (non-restraint)  =     -9705.1415
 EKCMT  =       910.7239  VIRIAL  =      1215.5248  VOLUME     =     31134.5810
                                                    Density    =         0.9820
 ------------------------------------------------------------------------------

wrapping first mol.:       11.43753       16.17510       28.01610
wrapping first mol.:       11.43753       16.17510       28.01610

 NSTEP =    30000   TIME(PS) =      60.000  TEMP(K) =   291.61  PRESS =   -13.0
 Etot   =     -7956.1031  EKtot   =      1778.4641  EPtot      =     -9734.5672
 BOND   =         3.6285  ANGLE   =         5.4536  DIHED      =         3.6584
 UB     =         0.0000  IMP     =         0.0000  CMAP       =         1.1680
 1-4 NB =         3.5001  1-4 EEL =        49.3666  VDWAALS    =      1462.4798
 EELEC  =    -11266.7163  EHBOND  =         0.0000  RESTRAINT  =         2.8940
 EAMBER (non-restraint)  =     -9737.4613
 EKCMT  =       867.1791  VIRIAL  =       875.9150  VOLUME     =     31098.4278
                                                    Density    =         0.9832
 ------------------------------------------------------------------------------

wrapping first mol.:       11.45455       16.19918       28.05780
wrapping first mol.:       11.45455       16.19918       28.05780

 NSTEP =    30500   TIME(PS) =      61.000  TEMP(K) =   304.31  PRESS =   339.0
 Etot   =     -7904.5875  EKtot   =      1855.8882  EPtot      =     -9760.4757
 BOND   =         1.5337  ANGLE   =         6.3781  DIHED      =         4.4912
 UB     =         0.0000  IMP     =         0.0000  CMAP       =         0.5915
 1-4 NB =         2.6844  1-4 EEL =        44.5846  VDWAALS    =      1500.4293
 EELEC  =    -11323.8687  EHBOND  =         0.0000  RESTRAINT  =         2.7002
 EAMBER (non-restraint)  =     -9763.1759
 EKCMT  =       922.3387  VIRIAL  =       693.7007  VOLUME     =     31236.5314
                                                    Density    =         0.9788
 ------------------------------------------------------------------------------

wrapping first mol.:       11.44709       16.18864       28.03954
wrapping first mol.:       11.44709       16.18864       28.03954

 NSTEP =    31000   TIME(PS) =      62.000  TEMP(K) =   305.58  PRESS =  -164.8
 Etot   =     -7867.8298  EKtot   =      1863.6484  EPtot      =     -9731.4782
 BOND   =         3.3927  ANGLE   =         6.8738  DIHED      =         4.8081
 UB     =         0.0000  IMP     =         0.0000  CMAP       =         0.5065
 1-4 NB =         2.6118  1-4 EEL =        40.7194  VDWAALS    =      1438.6744
 EELEC  =    -11231.3767  EHBOND  =         0.0000  RESTRAINT  =         2.3118
 EAMBER (non-restraint)  =     -9733.7900
 EKCMT  =       894.5488  VIRIAL  =      1005.4528  VOLUME     =     31176.9744
                                                    Density    =         0.9807
 ------------------------------------------------------------------------------

wrapping first mol.:       11.44132       16.18047       28.02539
wrapping first mol.:       11.44132       16.18047       28.02539

 NSTEP =    31500   TIME(PS) =      63.000  TEMP(K) =   300.94  PRESS =   -11.5
 Etot   =     -7891.3285  EKtot   =      1835.3370  EPtot      =     -9726.6655
 BOND   =         3.0045  ANGLE   =         7.8411  DIHED      =         5.4505
 UB     =         0.0000  IMP     =         0.0000  CMAP       =         0.9464
 1-4 NB =         2.8191  1-4 EEL =        45.0505  VDWAALS    =      1437.1151
 EELEC  =    -11234.5631  EHBOND  =         0.0000  RESTRAINT  =         5.6703
 EAMBER (non-restraint)  =     -9732.3359
 EKCMT  =       902.1926  VIRIAL  =       909.9512  VOLUME     =     31129.3897
                                                    Density    =         0.9822
 ------------------------------------------------------------------------------

wrapping first mol.:       11.43779       16.17547       28.01674
wrapping first mol.:       11.43779       16.17547       28.01674

 NSTEP =    32000   TIME(PS) =      64.000  TEMP(K) =   297.78  PRESS =   159.1
 Etot   =     -7903.6385  EKtot   =      1816.0425  EPtot      =     -9719.6809
 BOND   =         2.1567  ANGLE   =         7.5158  DIHED      =         5.6764
 UB     =         0.0000  IMP     =         0.0000  CMAP       =         0.5477
 1-4 NB =         2.5563  1-4 EEL =        44.4835  VDWAALS    =      1480.6587
 EELEC  =    -11266.4910  EHBOND  =         0.0000  RESTRAINT  =         3.2150
 EAMBER (non-restraint)  =     -9722.8959
 EKCMT  =       872.1587  VIRIAL  =       765.3113  VOLUME     =     31100.0821
                                                    Density    =         0.9831
 ------------------------------------------------------------------------------

wrapping first mol.:       11.43040       16.16503       27.99864
wrapping first mol.:       11.43040       16.16503       27.99864

 NSTEP =    32500   TIME(PS) =      65.000  TEMP(K) =   297.98  PRESS =   526.9
 Etot   =     -7878.3439  EKtot   =      1817.2761  EPtot      =     -9695.6200
 BOND   =         2.5170  ANGLE   =         8.9995  DIHED      =         3.2854
 UB     =         0.0000  IMP     =         0.0000  CMAP       =         1.4121
 1-4 NB =         2.8912  1-4 EEL =        45.4852  VDWAALS    =      1495.2770
 EELEC  =    -11260.2362  EHBOND  =         0.0000  RESTRAINT  =         4.7489
 EAMBER (non-restraint)  =     -9700.3689
 EKCMT  =       918.6140  VIRIAL  =       565.4829  VOLUME     =     31038.8448
                                                    Density    =         0.9851
 ------------------------------------------------------------------------------

wrapping first mol.:       11.43710       16.17450       28.01505
wrapping first mol.:       11.43710       16.17450       28.01505

 NSTEP =    33000   TIME(PS) =      66.000  TEMP(K) =   298.26  PRESS =  -129.2
 Etot   =     -7912.1842  EKtot   =      1818.9817  EPtot      =     -9731.1659
 BOND   =         4.0323  ANGLE   =         6.9471  DIHED      =         3.6368
 UB     =         0.0000  IMP     =         0.0000  CMAP       =         0.7292
 1-4 NB =         3.5661  1-4 EEL =        46.1334  VDWAALS    =      1444.8028
 EELEC  =    -11243.6604  EHBOND  =         0.0000  RESTRAINT  =         2.6468
 EAMBER (non-restraint)  =     -9733.8127
 EKCMT  =       878.0163  VIRIAL  =       964.7347  VOLUME     =     31095.2774
                                                    Density    =         0.9833
 ------------------------------------------------------------------------------

wrapping first mol.:       11.42999       16.16445       27.99765
wrapping first mol.:       11.42999       16.16445       27.99765

 NSTEP =    33500   TIME(PS) =      67.000  TEMP(K) =   294.71  PRESS =   -30.2
 Etot   =     -7852.5137  EKtot   =      1797.3696  EPtot      =     -9649.8834
 BOND   =         3.4536  ANGLE   =         6.9473  DIHED      =         4.0602
 UB     =         0.0000  IMP     =         0.0000  CMAP       =         0.5328
 1-4 NB =         3.8834  1-4 EEL =        44.9408  VDWAALS    =      1413.8473
 EELEC  =    -11131.0626  EHBOND  =         0.0000  RESTRAINT  =         3.5140
 EAMBER (non-restraint)  =     -9653.3974
 EKCMT  =       876.1147  VIRIAL  =       896.3453  VOLUME     =     31037.0823
                                                    Density    =         0.9851
 ------------------------------------------------------------------------------

wrapping first mol.:       11.43430       16.17055       28.00821
wrapping first mol.:       11.43430       16.17055       28.00821

 NSTEP =    34000   TIME(PS) =      68.000  TEMP(K) =   294.47  PRESS =  -259.1
 Etot   =     -7782.4745  EKtot   =      1795.8966  EPtot      =     -9578.3711
 BOND   =         2.3569  ANGLE   =         6.5533  DIHED      =         3.9093
 UB     =         0.0000  IMP     =         0.0000  CMAP       =         0.6123
 1-4 NB =         4.4816  1-4 EEL =        46.9530  VDWAALS    =      1347.3365
 EELEC  =    -10993.5868  EHBOND  =         0.0000  RESTRAINT  =         3.0128
 EAMBER (non-restraint)  =     -9581.3839
 EKCMT  =       916.0163  VIRIAL  =      1089.8145  VOLUME     =     31072.8415
                                                    Density    =         0.9840
 ------------------------------------------------------------------------------

wrapping first mol.:       11.43637       16.17347       28.01328
wrapping first mol.:       11.43637       16.17347       28.01328

 NSTEP =    34500   TIME(PS) =      69.000  TEMP(K) =   305.69  PRESS =  -222.1
 Etot   =     -7843.3564  EKtot   =      1864.3079  EPtot      =     -9707.6643
 BOND   =         2.6079  ANGLE   =         6.6143  DIHED      =         6.1647
 UB     =         0.0000  IMP     =         0.0000  CMAP       =         0.8070
 1-4 NB =         2.9272  1-4 EEL =        43.3237  VDWAALS    =      1392.2922
 EELEC  =    -11164.4790  EHBOND  =         0.0000  RESTRAINT  =         2.0779
 EAMBER (non-restraint)  =     -9709.7421
 EKCMT  =       963.3809  VIRIAL  =      1112.4602  VOLUME     =     31089.6094
                                                    Density    =         0.9834
 ------------------------------------------------------------------------------

wrapping first mol.:       11.40101       16.12346       27.92665
wrapping first mol.:       11.40101       16.12346       27.92665

 NSTEP =    35000   TIME(PS) =      70.000  TEMP(K) =   304.58  PRESS =  -119.6
 Etot   =     -7811.4346  EKtot   =      1857.5239  EPtot      =     -9668.9585
 BOND   =         0.8140  ANGLE   =        10.1193  DIHED      =         4.3688
 UB     =         0.0000  IMP     =         0.0000  CMAP       =         1.2858
 1-4 NB =         3.0971  1-4 EEL =        46.8755  VDWAALS    =      1390.2976
 EELEC  =    -11130.1775  EHBOND  =         0.0000  RESTRAINT  =         4.3608
 EAMBER (non-restraint)  =     -9673.3193
 EKCMT  =       910.6154  VIRIAL  =       990.1865  VOLUME     =     30801.8003
                                                    Density    =         0.9926
 ------------------------------------------------------------------------------

wrapping first mol.:       11.41182       16.13875       27.95314
wrapping first mol.:       11.41182       16.13875       27.95314

 NSTEP =    35500   TIME(PS) =      71.000  TEMP(K) =   302.31  PRESS =   259.0
 Etot   =     -7876.9909  EKtot   =      1843.7135  EPtot      =     -9720.7044
 BOND   =         2.2964  ANGLE   =         6.1679  DIHED      =         3.9291
 UB     =         0.0000  IMP     =         0.0000  CMAP       =         0.0219
 1-4 NB =         1.9932  1-4 EEL =        43.9964  VDWAALS    =      1455.1868
 EELEC  =    -11238.0620  EHBOND  =         0.0000  RESTRAINT  =         3.7660
 EAMBER (non-restraint)  =     -9724.4704
 EKCMT  =       929.7897  VIRIAL  =       757.0652  VOLUME     =     30888.4852
                                                    Density    =         0.9899
 ------------------------------------------------------------------------------

wrapping first mol.:       11.42964       16.16396       27.99679
wrapping first mol.:       11.42964       16.16396       27.99679

 NSTEP =    36000   TIME(PS) =      72.000  TEMP(K) =   305.03  PRESS =  -109.3
 Etot   =     -7864.7151  EKtot   =      1860.2727  EPtot      =     -9724.9878
 BOND   =         2.2894  ANGLE   =        13.1889  DIHED      =         3.6511
 UB     =         0.0000  IMP     =         0.0000  CMAP       =         0.8100
 1-4 NB =         2.7855  1-4 EEL =        43.6354  VDWAALS    =      1420.4460
 EELEC  =    -11216.3616  EHBOND  =         0.0000  RESTRAINT  =         4.5676
 EAMBER (non-restraint)  =     -9729.5554
 EKCMT  =       913.9727  VIRIAL  =       987.2100  VOLUME     =     31034.4556
                                                    Density    =         0.9852
 ------------------------------------------------------------------------------

wrapping first mol.:       11.43118       16.16612       28.00054
wrapping first mol.:       11.43118       16.16612       28.00054

 NSTEP =    36500   TIME(PS) =      73.000  TEMP(K) =   302.07  PRESS =   515.1
 Etot   =     -7888.1773  EKtot   =      1842.2292  EPtot      =     -9730.4066
 BOND   =         8.2138  ANGLE   =         9.1563  DIHED      =         4.5211
 UB     =         0.0000  IMP     =         0.0000  CMAP       =        -0.3559
 1-4 NB =         3.8360  1-4 EEL =        42.1788  VDWAALS    =      1507.1347
 EELEC  =    -11311.0250  EHBOND  =         0.0000  RESTRAINT  =         5.9336
 EAMBER (non-restraint)  =     -9736.3402
 EKCMT  =       952.9074  VIRIAL  =       607.6414  VOLUME     =     31045.1980
                                                    Density    =         0.9849
 ------------------------------------------------------------------------------

wrapping first mol.:       11.44068       16.17957       28.02384
wrapping first mol.:       11.44068       16.17957       28.02384

 NSTEP =    37000   TIME(PS) =      74.000  TEMP(K) =   297.80  PRESS =   109.6
 Etot   =     -7826.5950  EKtot   =      1816.2097  EPtot      =     -9642.8048
 BOND   =         3.1181  ANGLE   =         9.1765  DIHED      =         3.7262
 UB     =         0.0000  IMP     =         0.0000  CMAP       =         0.5109
 1-4 NB =         3.9774  1-4 EEL =        45.6311  VDWAALS    =      1437.3426
 EELEC  =    -11149.4809  EHBOND  =         0.0000  RESTRAINT  =         3.1935
 EAMBER (non-restraint)  =     -9645.9982
 EKCMT  =       895.4600  VIRIAL  =       821.8180  VOLUME     =     31123.8674
                                                    Density    =         0.9824
 ------------------------------------------------------------------------------

wrapping first mol.:       11.45034       16.19323       28.04749
wrapping first mol.:       11.45034       16.19323       28.04749

 NSTEP =    37500   TIME(PS) =      75.000  TEMP(K) =   303.28  PRESS =   306.0
 Etot   =     -7844.0383  EKtot   =      1849.5869  EPtot      =     -9693.6252
 BOND   =         4.7002  ANGLE   =         8.9824  DIHED      =         4.9718
 UB     =         0.0000  IMP     =         0.0000  CMAP       =        -0.2336
 1-4 NB =         2.2363  1-4 EEL =        47.0562  VDWAALS    =      1482.5770
 EELEC  =    -11250.3787  EHBOND  =         0.0000  RESTRAINT  =         6.4632
 EAMBER (non-restraint)  =     -9700.0884
 EKCMT  =       950.0497  VIRIAL  =       743.8974  VOLUME     =     31202.1945
                                                    Density    =         0.9799
 ------------------------------------------------------------------------------

wrapping first mol.:       11.46343       16.21174       28.07956
wrapping first mol.:       11.46343       16.21174       28.07956

 NSTEP =    38000   TIME(PS) =      76.000  TEMP(K) =   299.98  PRESS =  -512.6
 Etot   =     -7872.7337  EKtot   =      1829.4612  EPtot      =     -9702.1949
 BOND   =         4.3424  ANGLE   =         5.4530  DIHED      =         4.8271
 UB     =         0.0000  IMP     =         0.0000  CMAP       =         0.1278
 1-4 NB =         2.7854  1-4 EEL =        43.9942  VDWAALS    =      1382.7938
 EELEC  =    -11151.8463  EHBOND  =         0.0000  RESTRAINT  =         5.3277
 EAMBER (non-restraint)  =     -9707.5226
 EKCMT  =       880.8131  VIRIAL  =      1227.3517  VOLUME     =     31311.6306
                                                    Density    =         0.9765
 ------------------------------------------------------------------------------

wrapping first mol.:       11.44321       16.18315       28.03003
wrapping first mol.:       11.44321       16.18315       28.03003

 NSTEP =    38500   TIME(PS) =      77.000  TEMP(K) =   294.71  PRESS =   320.2
 Etot   =     -7857.1594  EKtot   =      1797.3346  EPtot      =     -9654.4940
 BOND   =         1.0809  ANGLE   =         6.6364  DIHED      =         3.6605
 UB     =         0.0000  IMP     =         0.0000  CMAP       =         0.9326
 1-4 NB =         3.0103  1-4 EEL =        48.1099  VDWAALS    =      1464.2430
 EELEC  =    -11186.5331  EHBOND  =         0.0000  RESTRAINT  =         4.3654
 EAMBER (non-restraint)  =     -9658.8594
 EKCMT  =       914.4486  VIRIAL  =       699.1459  VOLUME     =     31143.9247
                                                    Density    =         0.9817
 ------------------------------------------------------------------------------

wrapping first mol.:       11.42539       16.15794       27.98637
wrapping first mol.:       11.42539       16.15794       27.98637

 NSTEP =    39000   TIME(PS) =      78.000  TEMP(K) =   301.44  PRESS =  -452.7
 Etot   =     -7852.2921  EKtot   =      1838.3676  EPtot      =     -9690.6597
 BOND   =         3.6909  ANGLE   =         9.1530  DIHED      =         3.2662
 UB     =         0.0000  IMP     =         0.0000  CMAP       =        -0.2046
 1-4 NB =         2.2816  1-4 EEL =        44.6629  VDWAALS    =      1352.1206
 EELEC  =    -11110.9085  EHBOND  =         0.0000  RESTRAINT  =         5.2784
 EAMBER (non-restraint)  =     -9695.9380
 EKCMT  =       907.9184  VIRIAL  =      1210.9627  VOLUME     =     31000.7542
                                                    Density    =         0.9863
 ------------------------------------------------------------------------------

wrapping first mol.:       11.44107       16.18012       28.02479
wrapping first mol.:       11.44107       16.18012       28.02479

 NSTEP =    39500   TIME(PS) =      79.000  TEMP(K) =   298.91  PRESS =   116.5
 Etot   =     -7901.9270  EKtot   =      1822.9625  EPtot      =     -9724.8895
 BOND   =         3.7782  ANGLE   =        10.4352  DIHED      =         3.0418
 UB     =         0.0000  IMP     =         0.0000  CMAP       =         0.4861
 1-4 NB =         1.8779  1-4 EEL =        43.1065  VDWAALS    =      1449.1684
 EELEC  =    -11240.1570  EHBOND  =         0.0000  RESTRAINT  =         3.3734
 EAMBER (non-restraint)  =     -9728.2629
 EKCMT  =       934.3388  VIRIAL  =       856.0725  VOLUME     =     31127.0299
                                                    Density    =         0.9823
 ------------------------------------------------------------------------------

wrapping first mol.:       11.46029       16.20729       28.07185
wrapping first mol.:       11.46029       16.20729       28.07185

 NSTEP =    40000   TIME(PS) =      80.000  TEMP(K) =   305.08  PRESS =   308.6
 Etot   =     -7858.9954  EKtot   =      1860.6005  EPtot      =     -9719.5959
 BOND   =         2.9903  ANGLE   =         7.1476  DIHED      =         3.9981
 UB     =         0.0000  IMP     =         0.0000  CMAP       =         0.9074
 1-4 NB =         2.6432  1-4 EEL =        48.2614  VDWAALS    =      1483.4723
 EELEC  =    -11274.9437  EHBOND  =         0.0000  RESTRAINT  =         5.9274
 EAMBER (non-restraint)  =     -9725.5233
 EKCMT  =       934.7553  VIRIAL  =       726.2870  VOLUME     =     31283.5596
                                                    Density    =         0.9774
 ------------------------------------------------------------------------------

wrapping first mol.:       11.45347       16.19765       28.05514
wrapping first mol.:       11.45347       16.19765       28.05514

 NSTEP =    40500   TIME(PS) =      81.000  TEMP(K) =   293.75  PRESS =   336.1
 Etot   =     -7896.3658  EKtot   =      1791.5167  EPtot      =     -9687.8826
 BOND   =         5.7807  ANGLE   =         9.0990  DIHED      =         3.7091
 UB     =         0.0000  IMP     =         0.0000  CMAP       =        -0.0088
 1-4 NB =         1.9683  1-4 EEL =        45.1093  VDWAALS    =      1486.1951
 EELEC  =    -11243.7584  EHBOND  =         0.0000  RESTRAINT  =         4.0233
 EAMBER (non-restraint)  =     -9691.9059
 EKCMT  =       896.5721  VIRIAL  =       669.9319  VOLUME     =     31227.6583
                                                    Density    =         0.9791
 ------------------------------------------------------------------------------

wrapping first mol.:       11.46501       16.21398       28.08343
wrapping first mol.:       11.46501       16.21398       28.08343

 NSTEP =    41000   TIME(PS) =      82.000  TEMP(K) =   317.42  PRESS =  -162.4
 Etot   =     -7709.0821  EKtot   =      1935.8748  EPtot      =     -9644.9568
 BOND   =         4.6039  ANGLE   =         7.8097  DIHED      =         3.8612
 UB     =         0.0000  IMP     =         0.0000  CMAP       =         0.1500
 1-4 NB =         3.8329  1-4 EEL =        43.3379  VDWAALS    =      1375.6829
 EELEC  =    -11091.1727  EHBOND  =         0.0000  RESTRAINT  =         6.9375
 EAMBER (non-restraint)  =     -9651.8943
 EKCMT  =       995.1770  VIRIAL  =      1105.0322  VOLUME     =     31323.6055
                                                    Density    =         0.9761
 ------------------------------------------------------------------------------

wrapping first mol.:       11.47668       16.23048       28.11201
wrapping first mol.:       11.47668       16.23048       28.11201

 NSTEP =    41500   TIME(PS) =      83.000  TEMP(K) =   302.72  PRESS =  -603.5
 Etot   =     -7761.8394  EKtot   =      1846.2196  EPtot      =     -9608.0590
 BOND   =         1.3943  ANGLE   =        11.0656  DIHED      =         4.4255
 UB     =         0.0000  IMP     =         0.0000  CMAP       =         0.4215
 1-4 NB =         2.8305  1-4 EEL =        45.8414  VDWAALS    =      1331.5877
 EELEC  =    -11009.2340  EHBOND  =         0.0000  RESTRAINT  =         3.6085
 EAMBER (non-restraint)  =     -9611.6675
 EKCMT  =       939.0791  VIRIAL  =      1348.5047  VOLUME     =     31420.5568
                                                    Density    =         0.9731
 ------------------------------------------------------------------------------

wrapping first mol.:       11.45331       16.19743       28.05477
wrapping first mol.:       11.45331       16.19743       28.05477

 NSTEP =    42000   TIME(PS) =      84.000  TEMP(K) =   293.64  PRESS =  -298.7
 Etot   =     -7881.0135  EKtot   =      1790.8344  EPtot      =     -9671.8478
 BOND   =         2.4760  ANGLE   =         9.3549  DIHED      =         3.2855
 UB     =         0.0000  IMP     =         0.0000  CMAP       =         0.1628
 1-4 NB =         3.0963  1-4 EEL =        47.5013  VDWAALS    =      1383.3467
 EELEC  =    -11123.5943  EHBOND  =         0.0000  RESTRAINT  =         2.5229
 EAMBER (non-restraint)  =     -9674.3707
 EKCMT  =       886.1332  VIRIAL  =      1087.5453  VOLUME     =     31228.1967
                                                    Density    =         0.9791
 ------------------------------------------------------------------------------

wrapping first mol.:       11.44829       16.19033       28.04247
wrapping first mol.:       11.44829       16.19033       28.04247

 NSTEP =    42500   TIME(PS) =      85.000  TEMP(K) =   300.77  PRESS =   167.9
 Etot   =     -7797.3913  EKtot   =      1834.2854  EPtot      =     -9631.6767
 BOND   =         3.3462  ANGLE   =         9.4639  DIHED      =         4.2162
 UB     =         0.0000  IMP     =         0.0000  CMAP       =         0.6141
 1-4 NB =         2.3744  1-4 EEL =        41.7222  VDWAALS    =      1433.6353
 EELEC  =    -11131.0011  EHBOND  =         0.0000  RESTRAINT  =         3.9522
 EAMBER (non-restraint)  =     -9635.6289
 EKCMT  =       914.5986  VIRIAL  =       801.5411  VOLUME     =     31185.8249
                                                    Density    =         0.9804
 ------------------------------------------------------------------------------

wrapping first mol.:       11.43886       16.17699       28.01936
wrapping first mol.:       11.43886       16.17699       28.01936

 NSTEP =    43000   TIME(PS) =      86.000  TEMP(K) =   304.85  PRESS =   407.1
 Etot   =     -7807.2436  EKtot   =      1859.2003  EPtot      =     -9666.4440
 BOND   =         1.6658  ANGLE   =         7.7823  DIHED      =         3.0186
 UB     =         0.0000  IMP     =         0.0000  CMAP       =         1.0427
 1-4 NB =         2.8937  1-4 EEL =        46.1638  VDWAALS    =      1479.8163
 EELEC  =    -11212.1964  EHBOND  =         0.0000  RESTRAINT  =         3.3693
 EAMBER (non-restraint)  =     -9669.8132
 EKCMT  =       917.2487  VIRIAL  =       643.7867  VOLUME     =     31108.1194
                                                    Density    =         0.9829
 ------------------------------------------------------------------------------

wrapping first mol.:       11.45332       16.19745       28.05480
wrapping first mol.:       11.45332       16.19745       28.05480

 NSTEP =    43500   TIME(PS) =      87.000  TEMP(K) =   295.50  PRESS =   381.0
 Etot   =     -7798.1461  EKtot   =      1802.1788  EPtot      =     -9600.3249
 BOND   =         3.6906  ANGLE   =        10.6011  DIHED      =         4.6206
 UB     =         0.0000  IMP     =         0.0000  CMAP       =         1.3173
 1-4 NB =         3.9741  1-4 EEL =        48.5319  VDWAALS    =      1459.4651
 EELEC  =    -11137.4332  EHBOND  =         0.0000  RESTRAINT  =         4.9075
 EAMBER (non-restraint)  =     -9605.2325
 EKCMT  =       895.2737  VIRIAL  =       638.3883  VOLUME     =     31226.3756
                                                    Density    =         0.9791
 ------------------------------------------------------------------------------

wrapping first mol.:       11.43809       16.17590       28.01749
wrapping first mol.:       11.43809       16.17590       28.01749

 NSTEP =    44000   TIME(PS) =      88.000  TEMP(K) =   305.24  PRESS =   250.8
 Etot   =     -7867.7421  EKtot   =      1861.5510  EPtot      =     -9729.2932
 BOND   =         3.3923  ANGLE   =         9.6834  DIHED      =         4.9796
 UB     =         0.0000  IMP     =         0.0000  CMAP       =         0.0071
 1-4 NB =         1.8789  1-4 EEL =        43.6944  VDWAALS    =      1472.0399
 EELEC  =    -11269.0770  EHBOND  =         0.0000  RESTRAINT  =         4.1082
 EAMBER (non-restraint)  =     -9733.4014
 EKCMT  =       924.5728  VIRIAL  =       756.1705  VOLUME     =     31102.3186
                                                    Density    =         0.9830
 ------------------------------------------------------------------------------

wrapping first mol.:       11.43256       16.16808       28.00394
wrapping first mol.:       11.43256       16.16808       28.00394

 NSTEP =    44500   TIME(PS) =      89.000  TEMP(K) =   291.76  PRESS =  -291.5
 Etot   =     -7870.3322  EKtot   =      1779.3376  EPtot      =     -9649.6698
 BOND   =         2.4515  ANGLE   =         6.9452  DIHED      =         4.0989
 UB     =         0.0000  IMP     =         0.0000  CMAP       =         0.6618
 1-4 NB =         2.5656  1-4 EEL =        44.4898  VDWAALS    =      1374.6850
 EELEC  =    -11093.7283  EHBOND  =         0.0000  RESTRAINT  =         8.1605
 EAMBER (non-restraint)  =     -9657.8304
 EKCMT  =       876.8774  VIRIAL  =      1072.3386  VOLUME     =     31058.7323
                                                    Density    =         0.9844
 ------------------------------------------------------------------------------

wrapping first mol.:       11.43050       16.16517       27.99889
wrapping first mol.:       11.43050       16.16517       27.99889

 NSTEP =    45000   TIME(PS) =      90.000  TEMP(K) =   302.78  PRESS =    72.4
 Etot   =     -7825.7699  EKtot   =      1846.5469  EPtot      =     -9672.3168
 BOND   =         3.4135  ANGLE   =         8.6335  DIHED      =         3.0309
 UB     =         0.0000  IMP     =         0.0000  CMAP       =         0.6797
 1-4 NB =         2.4980  1-4 EEL =        46.5085  VDWAALS    =      1415.5302
 EELEC  =    -11155.1901  EHBOND  =         0.0000  RESTRAINT  =         2.5790
 EAMBER (non-restraint)  =     -9674.8958
 EKCMT  =       905.4068  VIRIAL  =       856.8966  VOLUME     =     31040.9192
                                                    Density    =         0.9850
 ------------------------------------------------------------------------------

wrapping first mol.:       11.41007       16.13628       27.94885
wrapping first mol.:       11.41007       16.13628       27.94885

 NSTEP =    45500   TIME(PS) =      91.000  TEMP(K) =   293.51  PRESS =  -452.5
 Etot   =     -7953.4867  EKtot   =      1790.0015  EPtot      =     -9743.4881
 BOND   =         4.6534  ANGLE   =        10.6635  DIHED      =         3.9889
 UB     =         0.0000  IMP     =         0.0000  CMAP       =         1.2862
 1-4 NB =         2.4675  1-4 EEL =        44.7866  VDWAALS    =      1381.1259
 EELEC  =    -11195.7104  EHBOND  =         0.0000  RESTRAINT  =         3.2503
 EAMBER (non-restraint)  =     -9746.7384
 EKCMT  =       892.2029  VIRIAL  =      1193.8322  VOLUME     =     30876.2511
                                                    Density    =         0.9902
 ------------------------------------------------------------------------------

wrapping first mol.:       11.41476       16.14291       27.96034
wrapping first mol.:       11.41476       16.14291       27.96034

 NSTEP =    46000   TIME(PS) =      92.000  TEMP(K) =   298.24  PRESS =   454.9
 Etot   =     -7941.0397  EKtot   =      1818.8779  EPtot      =     -9759.9176
 BOND   =         7.4177  ANGLE   =         9.9028  DIHED      =         2.8470
 UB     =         0.0000  IMP     =         0.0000  CMAP       =         0.5167
 1-4 NB =         3.1195  1-4 EEL =        42.9940  VDWAALS    =      1507.2210
 EELEC  =    -11336.3694  EHBOND  =         0.0000  RESTRAINT  =         2.4331
 EAMBER (non-restraint)  =     -9762.3507
 EKCMT  =       909.8126  VIRIAL  =       606.2059  VOLUME     =     30911.8334
                                                    Density    =         0.9891
 ------------------------------------------------------------------------------

wrapping first mol.:       11.41092       16.13748       27.95094
wrapping first mol.:       11.41092       16.13748       27.95094

 NSTEP =    46500   TIME(PS) =      93.000  TEMP(K) =   297.54  PRESS =  -182.1
 Etot   =     -7915.6354  EKtot   =      1814.5867  EPtot      =     -9730.2221
 BOND   =         2.7130  ANGLE   =         9.4768  DIHED      =         3.1827
 UB     =         0.0000  IMP     =         0.0000  CMAP       =         0.4484
 1-4 NB =         3.6712  1-4 EEL =        49.3752  VDWAALS    =      1414.2826
 EELEC  =    -11217.9196  EHBOND  =         0.0000  RESTRAINT  =         4.5475
 EAMBER (non-restraint)  =     -9734.7696
 EKCMT  =       879.0858  VIRIAL  =      1000.4859  VOLUME     =     30882.4116
                                                    Density    =         0.9900
 ------------------------------------------------------------------------------

wrapping first mol.:       11.43014       16.16466       27.99801
wrapping first mol.:       11.43014       16.16466       27.99801

 NSTEP =    47000   TIME(PS) =      94.000  TEMP(K) =   289.96  PRESS =    73.4
 Etot   =     -8004.1188  EKtot   =      1768.3628  EPtot      =     -9772.4816
 BOND   =         4.0781  ANGLE   =         6.3453  DIHED      =         4.5677
 UB     =         0.0000  IMP     =         0.0000  CMAP       =         0.0194
 1-4 NB =         2.3355  1-4 EEL =        44.0832  VDWAALS    =      1481.4059
 EELEC  =    -11319.1384  EHBOND  =         0.0000  RESTRAINT  =         3.8217
 EAMBER (non-restraint)  =     -9776.3033
 EKCMT  =       878.9318  VIRIAL  =       829.7568  VOLUME     =     31037.9881
                                                    Density    =         0.9851
 ------------------------------------------------------------------------------

wrapping first mol.:       11.40999       16.13616       27.94865
wrapping first mol.:       11.40999       16.13616       27.94865

 NSTEP =    47500   TIME(PS) =      95.000  TEMP(K) =   291.79  PRESS =   110.5
 Etot   =     -7962.6298  EKtot   =      1779.5392  EPtot      =     -9742.1690
 BOND   =         1.6758  ANGLE   =         8.6163  DIHED      =         4.5521
 UB     =         0.0000  IMP     =         0.0000  CMAP       =         0.5322
 1-4 NB =         2.7783  1-4 EEL =        46.3683  VDWAALS    =      1462.5486
 EELEC  =    -11274.2804  EHBOND  =         0.0000  RESTRAINT  =         5.0397
 EAMBER (non-restraint)  =     -9747.2086
 EKCMT  =       876.9082  VIRIAL  =       803.2506  VOLUME     =     30874.0142
                                                    Density    =         0.9903
 ------------------------------------------------------------------------------

wrapping first mol.:       11.41099       16.13757       27.95109
wrapping first mol.:       11.41099       16.13757       27.95109

 NSTEP =    48000   TIME(PS) =      96.000  TEMP(K) =   303.37  PRESS =   672.8
 Etot   =     -7885.7984  EKtot   =      1850.1483  EPtot      =     -9735.9467
 BOND   =         3.4778  ANGLE   =         7.4756  DIHED      =         3.8383
 UB     =         0.0000  IMP     =         0.0000  CMAP       =         0.6883
 1-4 NB =         3.4467  1-4 EEL =        47.1654  VDWAALS    =      1519.7476
 EELEC  =    -11326.2995  EHBOND  =         0.0000  RESTRAINT  =         4.5131
 EAMBER (non-restraint)  =     -9740.4598
 EKCMT  =       914.8101  VIRIAL  =       466.2220  VOLUME     =     30880.5759
                                                    Density    =         0.9901
 ------------------------------------------------------------------------------

wrapping first mol.:       11.42206       16.15323       27.97822
wrapping first mol.:       11.42206       16.15323       27.97822

 NSTEP =    48500   TIME(PS) =      97.000  TEMP(K) =   291.35  PRESS =     1.7
 Etot   =     -7960.3924  EKtot   =      1776.8571  EPtot      =     -9737.2494
 BOND   =         4.0689  ANGLE   =         6.4644  DIHED      =         4.8989
 UB     =         0.0000  IMP     =         0.0000  CMAP       =         0.8417
 1-4 NB =         2.4422  1-4 EEL =        44.5912  VDWAALS    =      1431.3825
 EELEC  =    -11236.6412  EHBOND  =         0.0000  RESTRAINT  =         4.7020
 EAMBER (non-restraint)  =     -9741.9514
 EKCMT  =       921.7082  VIRIAL  =       920.5565  VOLUME     =     30972.4061
                                                    Density    =         0.9872
 ------------------------------------------------------------------------------

wrapping first mol.:       11.40799       16.13334       27.94375
wrapping first mol.:       11.40799       16.13334       27.94375

 NSTEP =    49000   TIME(PS) =      98.000  TEMP(K) =   287.65  PRESS =  -162.4
 Etot   =     -8000.2986  EKtot   =      1754.3157  EPtot      =     -9754.6143
 BOND   =         3.3198  ANGLE   =        12.2499  DIHED      =         3.1128
 UB     =         0.0000  IMP     =         0.0000  CMAP       =         0.5183
 1-4 NB =         2.2916  1-4 EEL =        44.8473  VDWAALS    =      1415.4285
 EELEC  =    -11240.4159  EHBOND  =         0.0000  RESTRAINT  =         4.0334
 EAMBER (non-restraint)  =     -9758.6477
 EKCMT  =       882.5179  VIRIAL  =       990.6902  VOLUME     =     30858.5527
                                                    Density    =         0.9908
 ------------------------------------------------------------------------------

wrapping first mol.:       11.41463       16.14273       27.96003
wrapping first mol.:       11.41463       16.14273       27.96003

 NSTEP =    49500   TIME(PS) =      99.000  TEMP(K) =   302.12  PRESS =  -627.9
 Etot   =     -7938.1837  EKtot   =      1842.5090  EPtot      =     -9780.6927
 BOND   =         2.4563  ANGLE   =         8.6101  DIHED      =         3.7007
 UB     =         0.0000  IMP     =         0.0000  CMAP       =         0.5763
 1-4 NB =         3.0458  1-4 EEL =        46.8771  VDWAALS    =      1375.2965
 EELEC  =    -11224.7444  EHBOND  =         0.0000  RESTRAINT  =         3.4888
 EAMBER (non-restraint)  =     -9784.1815
 EKCMT  =       892.1510  VIRIAL  =      1311.2565  VOLUME     =     30913.7757
                                                    Density    =         0.9890
 ------------------------------------------------------------------------------

wrapping first mol.:       11.42500       16.15740       27.98543
wrapping first mol.:       11.42500       16.15740       27.98543

 NSTEP =    50000   TIME(PS) =     100.000  TEMP(K) =   298.49  PRESS =   298.4
 Etot   =     -7966.3032  EKtot   =      1820.3765  EPtot      =     -9786.6797
 BOND   =         2.6034  ANGLE   =         7.8141  DIHED      =         4.1802
 UB     =         0.0000  IMP     =         0.0000  CMAP       =         0.0572
 1-4 NB =         2.2576  1-4 EEL =        46.7147  VDWAALS    =      1521.8619
 EELEC  =    -11374.6645  EHBOND  =         0.0000  RESTRAINT  =         2.4959
 EAMBER (non-restraint)  =     -9789.1755
 EKCMT  =       900.3319  VIRIAL  =       700.6368  VOLUME     =     30995.5428
                                                    Density    =         0.9864
 ------------------------------------------------------------------------------


      A V E R A G E S   O V E R     100 S T E P S


 NSTEP =    50000   TIME(PS) =     100.000  TEMP(K) =   299.78  PRESS =    22.6
 Etot   =     -7878.5614  EKtot   =      1828.2936  EPtot      =     -9706.8550
 BOND   =         3.3362  ANGLE   =         8.3605  DIHED      =         4.1358
 UB     =         0.0000  IMP     =         0.0000  CMAP       =         0.5669
 1-4 NB =         3.0033  1-4 EEL =        45.6396  VDWAALS    =      1436.7847
 EELEC  =    -11212.8598  EHBOND  =         0.0000  RESTRAINT  =         4.1778
 EAMBER (non-restraint)  =     -9711.0329
 EKCMT  =       908.3739  VIRIAL  =       893.3731  VOLUME     =     31061.1756
                                                    Density    =         0.9844
 ------------------------------------------------------------------------------


      R M S  F L U C T U A T I O N S


 NSTEP =    50000   TIME(PS) =     100.000  TEMP(K) =     5.65  PRESS =   304.0
 Etot   =        51.0236  EKtot   =        34.4841  EPtot      =        44.0101
 BOND   =         1.5853  ANGLE   =         2.1638  DIHED      =         0.8961
 UB     =         0.0000  IMP     =         0.0000  CMAP       =         0.4169
 1-4 NB =         0.6810  1-4 EEL =         1.9559  VDWAALS    =        45.2529
 EELEC  =        73.8936  EHBOND  =         0.0000  RESTRAINT  =         1.3908
 EAMBER (non-restraint)  =        42.6193
 EKCMT  =        25.1882  VIRIAL  =       205.6278  VOLUME     =       138.0392
                                                    Density    =         0.0044
 ------------------------------------------------------------------------------

--------------------------------------------------------------------------------
   5.  TIMINGS
--------------------------------------------------------------------------------

|  NonSetup CPU Time in Major Routines:
|
|     Routine           Sec        %
|     ------------------------------
|     Nonbond           8.77   74.56
|     Bond              0.00    0.00
|     Angle             0.00    0.00
|     Dihedral          0.00    0.00
|     Shake             0.16    1.38
|     RunMD             2.75   23.38
|     Other             0.08    0.68
|     ------------------------------
|     Total            11.76

|  PME Nonbond Pairlist CPU Time:
|
|     Routine              Sec        %
|     ---------------------------------
|     Set Up Cit           0.00    0.00
|     Build List           0.00    0.00
|     ---------------------------------
|     Total                0.00    0.00

|  PME Direct Force CPU Time:
|
|     Routine              Sec        %
|     ---------------------------------
|     NonBonded Calc       0.00    0.00
|     Exclude Masked       0.00    0.00
|     Other                0.05    0.44
|     ---------------------------------
|     Total                0.05    0.44

|  PME Reciprocal Force CPU Time:
|
|     Routine              Sec        %
|     ---------------------------------
|     1D bspline           0.00    0.00
|     Grid Charges         0.00    0.00
|     Scalar Sum           0.00    0.00
|     Gradient Sum         0.00    0.00
|     FFT                  0.00    0.00
|     ---------------------------------
|     Total                0.00    0.00

|  Final Performance Info:
|     -----------------------------------------------------
|     Average timings for last   50000 steps:
|     Elapsed(s) =      11.79 Per Step(ms) =       0.24
|         ns/day =     732.63   seconds/ns =     117.93
|
|     Average timings for all steps:
|     Elapsed(s) =      11.79 Per Step(ms) =       0.24
|         ns/day =     732.63   seconds/ns =     117.93
|     -----------------------------------------------------

|  Setup CPU time:            0.18 seconds
|  NonSetup CPU time:        11.76 seconds
|  Total CPU time:           11.94 seconds     0.00 hours

|  Setup wall time:           0    seconds
|  NonSetup wall time:       12    seconds
|  Total wall time:          12    seconds     0.00 hours
