
          -------------------------------------------------------
          Amber 24 PMEMD                              2024
          -------------------------------------------------------

| PMEMD implementation of SANDER, Release 24

|  Compiled date/time: Wed Aug 21 09:34:12 2024
| Run on 06/01/2026 at 23:20:19

|   Executable path: pmemd.cuda
| Working directory: /localscratch/kbui/NexusMol/examples
|          Hostname: Unknown
  [-O]verwriting output

File Assignments:
|   MDIN: /localscratch/kbui/NexusMol/examples/artifacts/AMBER_DiAla/eq4.in     
|  MDOUT: /localscratch/kbui/NexusMol/examples/artifacts/AMBER_DiAla/eq4.out    
| INPCRD: /localscratch/kbui/NexusMol/examples/artifacts/AMBER_DiAla/eq3.ncrst  
|   PARM: /localscratch/kbui/NexusMol/examples/ALA.prmtop                       
| RESTRT: /localscratch/kbui/NexusMol/examples/artifacts/AMBER_DiAla/eq4.ncrst  
|   REFC: /localscratch/kbui/NexusMol/examples/artifacts/AMBER_DiAla/eq3.ncrst  
|  MDVEL: mdvel                                                                 
|   MDEN: mden                                                                  
|  MDCRD: /localscratch/kbui/NexusMol/examples/artifacts/AMBER_DiAla/eq4.nc     
| MDINFO: /localscratch/kbui/NexusMol/examples/artifacts/AMBER_DiAla/eq4.info   
|  MDFRC: mdfrc                                                                 


 Here is the input file:

Equilibration                                                                  
&cntrl                                                                         
 imin=0, irest=0, ntx=1,                                                       
 ntpr=500, ntwx=500, ntwr=500, nstlim=50000,                                   
 dt=0.002, ntt=3, tempi=300.0,                                                 
 temp0=300.0, gamma_ln=1.0, ig=-1,                                             
 ntp=1, ntc=2, ntf=2, cut=10.0,                                                
 ntb=2, iwrap=1, ioutfm=1,                                                     
 ntr=1, restraint_wt=1.0, restraintmask=':1-3'                                 
/                                                                              


Note: ig = -1. Setting random seed to   221268 based on wallclock time in 
      microseconds.
| irandom = 1, using AMBER's internal random number generator (default).
 
|--------------------- INFORMATION ----------------------
| GPU (CUDA) Version of PMEMD in use: NVIDIA GPU IN USE.
|                    Version 18.0.0
| 
|                      03/25/2018
| 
| Implementation by:
|                    Ross C. Walker     (SDSC)
|                    Scott Le Grand     (nVIDIA)
| 
| Version 18 performance extensions by:
|                    David Cerutti     (Rutgers)
| 
| Precision model in use:
|      [SPFP] - Single Precision Forces, 64-bit Fixed Point
|               Accumulation. (Default)
| 
|--------------------------------------------------------
 
|----------------- CITATION INFORMATION -----------------
|
|    When publishing work that utilized the CUDA version
|    of AMBER, please cite the following in addition to
|    the regular AMBER citations:
|
|  - Romelia Salomon-Ferrer; Andreas W. Goetz; Duncan
|    Poole; Scott Le Grand; Ross C. Walker "Routine
|    microsecond molecular dynamics simulations with
|    AMBER - Part II: Particle Mesh Ewald", J. Chem.
|    Theory Comput., 2013, 9 (9), pp3878-3888,
|    DOI: 10.1021/ct400314y.
|
|  - Andreas W. Goetz; Mark J. Williamson; Dong Xu;
|    Duncan Poole; Scott Le Grand; Ross C. Walker
|    "Routine microsecond molecular dynamics simulations
|    with AMBER - Part I: Generalized Born", J. Chem.
|    Theory Comput., 2012, 8 (5), pp1542-1555.
|
|  - Scott Le Grand; Andreas W. Goetz; Ross C. Walker
|    "SPFP: Speed without compromise - a mixed precision
|    model for GPU accelerated molecular dynamics
|    simulations.", Comp. Phys. Comm., 2013, 184
|    pp374-380, DOI: 10.1016/j.cpc.2012.09.022
|
|--------------------------------------------------------
 
|------------------- GPU DEVICE INFO --------------------
|
|            CUDA_VISIBLE_DEVICES: not set
|   CUDA Capable Devices Detected:      1
|           CUDA Device ID in use:      0
|                CUDA Device Name: NVIDIA GeForce RTX 4090
|     CUDA Device Global Mem Size:  24079 MB
| CUDA Device Num Multiprocessors:    128
|           CUDA Device Core Freq:   2.62 GHz
|
|--------------------------------------------------------
 
 
| Conditional Compilation Defines Used:
| PUBFFT
| BINTRAJ
| CUDA
| EMIL

| Largest sphere to fit in unit cell has radius =    13.993

| New format PARM file being parsed.
| Version =    1.000 Date = 03/28/26 Time = 21:23:47

| Note: 1-4 EEL scale factors are being read from the topology file.

| Note: 1-4 VDW scale factors are being read from the topology file.
| Duplicated    0 dihedrals

| Duplicated    0 dihedrals

--------------------------------------------------------------------------------
   1.  RESOURCE   USE: 
--------------------------------------------------------------------------------

 getting box info from netcdf restart file
 NATOM  =    3064 NTYPES =       9 NBONH =    3054 MBONA  =       9
 NTHETH =      25 MTHETA =      11 NPHIH =      43 MPHIA  =      24
 NHPARM =       0 NPARM  =       0 NNB   =    4155 NRES   =    1017
 NBONA  =       9 NTHETA =      11 NPHIA =      24 NUMBND =      13
 NUMANG =      21 NPTRA  =      14 NATYP =      10 NPHB   =       0
 IFBOX  =       2 NMXRS  =      10 IFCAP =       0 NEXTRA =       0
 NCOPY  =       0

| Coordinate Index Table dimensions:     5    5    5
| Direct force subcell size =     6.8550    6.8550    6.8550

     BOX TYPE: TRUNCATED OCTAHEDRON

--------------------------------------------------------------------------------
   2.  CONTROL  DATA  FOR  THE  RUN
--------------------------------------------------------------------------------

ACE                                                                             

General flags:
     imin    =       0, nmropt  =       0

Nature and format of input:
     ntx     =       1, irest   =       0, ntrx    =       1

Nature and format of output:
     ntxo    =       2, ntpr    =     500, ntrx    =       1, ntwr    =     500
     iwrap   =       1, ntwx    =     500, ntwv    =       0, ntwe    =       0
     ioutfm  =       1, ntwprt  =       0, idecomp =       0, rbornstat=      0

Potential function:
     ntf     =       2, ntb     =       2, igb     =       0, nsnb    =      25
     ipol    =       0, gbsa    =       0, iesp    =       0
     dielc   =   1.00000, cut     =  10.00000, intdiel =   1.00000

Frozen or restrained atoms:
     ibelly  =       0, ntr     =       1
     restraint_wt =   1.00000

Molecular dynamics:
     nstlim  =     50000, nscm    =         0, nrespa  =         1
     t       =   0.00000, dt      =   0.00200, vlimit  =  -1.00000

Langevin dynamics temperature regulation:
     ig      =  221268
     temp0   = 300.00000, tempi   = 300.00000, gamma_ln=   1.00000

Pressure regulation:
     ntp     =       1
     pres0   =   1.00000, comp    =  44.60000, taup    =   1.00000

SHAKE:
     ntc     =       2, jfastw  =       0
     tol     =   0.00001

| Intermolecular bonds treatment:
|     no_intermolecular_bonds =       1

| Energy averages sample interval:
|     ene_avg_sampling =     500

Ewald parameters:
     verbose =       0, ew_type =       0, nbflag  =       1, use_pme =       1
     vdwmeth =       1, eedmeth =       1, netfrc  =       1
     Box X =   34.275   Box Y =   34.275   Box Z =   34.275
     Alpha =  109.471   Beta  =  109.471   Gamma =  109.471
     NFFT1 =   36       NFFT2 =   36       NFFT3 =   36
     Cutoff=   10.000   Tol   =0.100E-04
     Ewald Coefficient =  0.27511
     Interpolation order =    4

    LOADING THE CONSTRAINED ATOMS AS GROUPS


   5.  REFERENCE ATOM COORDINATES

  ACE                                                                             
     Mask :1-3; matches    22 atoms

--------------------------------------------------------------------------------
   3.  ATOMIC COORDINATES AND VELOCITIES
--------------------------------------------------------------------------------

ACE                                                                             
 begin time read from input coords =   100.000 ps

 
 Number of triangulated 3-point waters found:     1014

     Sum of charges from parm topology file =  -0.00000000
     Forcing neutrality...

| Dynamic Memory, Types Used:
| Reals              277614
| Integers            95816

| Nonbonded Pairs Initial Allocation:      926783

| GPU memory information (estimate):
| KB of GPU memory in use:     40901
| KB of CPU memory in use:     12785

--------------------------------------------------------------------------------
   4.  RESULTS
--------------------------------------------------------------------------------


 NSTEP =        0   TIME(PS) =       0.000  TEMP(K) =   456.76  PRESS =   339.8
 Etot   =     -7013.7294  EKtot   =      2785.6103  EPtot      =     -9799.3397
 BOND   =         2.4894  ANGLE   =         8.0434  DIHED      =         4.0893
 UB     =         0.0000  IMP     =         0.0000  CMAP       =         0.0681
 1-4 NB =         2.4411  1-4 EEL =        47.5749  VDWAALS    =      1527.6830
 EELEC  =    -11391.7290  EHBOND  =         0.0000  RESTRAINT  =         0.0000
 EKCMT  =       922.4473  VIRIAL  =       695.0349  VOLUME     =     30996.3650
                                                    Density    =         0.9864
 ------------------------------------------------------------------------------

wrapping first mol.:       11.42466       16.15691       27.98458
wrapping first mol.:       11.42466       16.15691       27.98458

 NSTEP =      500   TIME(PS) =       1.000  TEMP(K) =   297.47  PRESS =  -459.5
 Etot   =     -7916.7633  EKtot   =      1814.1741  EPtot      =     -9730.9374
 BOND   =         5.1079  ANGLE   =         6.5346  DIHED      =         5.0333
 UB     =         0.0000  IMP     =         0.0000  CMAP       =         0.3410
 1-4 NB =         3.7456  1-4 EEL =        48.3841  VDWAALS    =      1380.2201
 EELEC  =    -11184.6211  EHBOND  =         0.0000  RESTRAINT  =         4.3171
 EAMBER (non-restraint)  =     -9735.2545
 EKCMT  =       911.2063  VIRIAL  =      1218.7328  VOLUME     =     30994.8261
                                                    Density    =         0.9865
 ------------------------------------------------------------------------------

wrapping first mol.:       11.40890       16.13462       27.94598
wrapping first mol.:       11.40890       16.13462       27.94598

 NSTEP =     1000   TIME(PS) =       2.000  TEMP(K) =   302.12  PRESS =    -3.6
 Etot   =     -7923.8145  EKtot   =      1842.5144  EPtot      =     -9766.3289
 BOND   =         3.2427  ANGLE   =        11.3527  DIHED      =         4.1774
 UB     =         0.0000  IMP     =         0.0000  CMAP       =        -0.5680
 1-4 NB =         3.6992  1-4 EEL =        43.8690  VDWAALS    =      1446.2573
 EELEC  =    -11281.0772  EHBOND  =         0.0000  RESTRAINT  =         2.7179
 EAMBER (non-restraint)  =     -9769.0468
 EKCMT  =       931.1007  VIRIAL  =       933.4998  VOLUME     =     30865.4954
                                                    Density    =         0.9906
 ------------------------------------------------------------------------------

wrapping first mol.:       11.43298       16.16867       28.00496
wrapping first mol.:       11.43298       16.16867       28.00496

 NSTEP =     1500   TIME(PS) =       3.000  TEMP(K) =   291.59  PRESS =  -446.8
 Etot   =     -7875.4000  EKtot   =      1778.2937  EPtot      =     -9653.6937
 BOND   =         0.5649  ANGLE   =        10.1476  DIHED      =         3.8562
 UB     =         0.0000  IMP     =         0.0000  CMAP       =         0.0584
 1-4 NB =         1.7016  1-4 EEL =        46.8338  VDWAALS    =      1368.4975
 EELEC  =    -11087.9198  EHBOND  =         0.0000  RESTRAINT  =         2.5661
 EAMBER (non-restraint)  =     -9656.2597
 EKCMT  =       895.1259  VIRIAL  =      1194.7868  VOLUME     =     31062.5543
                                                    Density    =         0.9843
 ------------------------------------------------------------------------------

wrapping first mol.:       11.43632       16.17339       28.01314
wrapping first mol.:       11.43632       16.17339       28.01314

 NSTEP =     2000   TIME(PS) =       4.000  TEMP(K) =   310.21  PRESS =   110.0
 Etot   =     -7835.0618  EKtot   =      1891.8679  EPtot      =     -9726.9297
 BOND   =         0.7006  ANGLE   =         6.9750  DIHED      =         2.7323
 UB     =         0.0000  IMP     =         0.0000  CMAP       =        -0.2728
 1-4 NB =         3.3127  1-4 EEL =        46.5897  VDWAALS    =      1446.3028
 EELEC  =    -11236.9058  EHBOND  =         0.0000  RESTRAINT  =         3.6357
 EAMBER (non-restraint)  =     -9730.5654
 EKCMT  =       925.7392  VIRIAL  =       851.9248  VOLUME     =     31088.2224
                                                    Density    =         0.9835
 ------------------------------------------------------------------------------

wrapping first mol.:       11.42300       16.15456       27.98052
wrapping first mol.:       11.42300       16.15456       27.98052

 NSTEP =     2500   TIME(PS) =       5.000  TEMP(K) =   296.76  PRESS =   110.6
 Etot   =     -7864.4231  EKtot   =      1809.8655  EPtot      =     -9674.2886
 BOND   =         3.1733  ANGLE   =         9.2728  DIHED      =         3.9233
 UB     =         0.0000  IMP     =         0.0000  CMAP       =        -0.3440
 1-4 NB =         2.4089  1-4 EEL =        45.6188  VDWAALS    =      1448.7914
 EELEC  =    -11189.2633  EHBOND  =         0.0000  RESTRAINT  =         2.1301
 EAMBER (non-restraint)  =     -9676.4188
 EKCMT  =       914.7756  VIRIAL  =       840.7733  VOLUME     =     30979.7537
                                                    Density    =         0.9869
 ------------------------------------------------------------------------------

wrapping first mol.:       11.43222       16.16760       28.00309
wrapping first mol.:       11.43222       16.16760       28.00309

 NSTEP =     3000   TIME(PS) =       6.000  TEMP(K) =   300.67  PRESS =   299.9
 Etot   =     -7925.5431  EKtot   =      1833.7113  EPtot      =     -9759.2544
 BOND   =         4.1085  ANGLE   =         6.9654  DIHED      =         4.0311
 UB     =         0.0000  IMP     =         0.0000  CMAP       =         0.0353
 1-4 NB =         2.7549  1-4 EEL =        45.8646  VDWAALS    =      1482.7982
 EELEC  =    -11309.2798  EHBOND  =         0.0000  RESTRAINT  =         3.4676
 EAMBER (non-restraint)  =     -9762.7220
 EKCMT  =       928.1502  VIRIAL  =       727.0558  VOLUME     =     31054.2806
                                                    Density    =         0.9846
 ------------------------------------------------------------------------------

wrapping first mol.:       11.42942       16.16364       27.99625
wrapping first mol.:       11.42942       16.16364       27.99625

 NSTEP =     3500   TIME(PS) =       7.000  TEMP(K) =   297.01  PRESS =   238.3
 Etot   =     -7946.8297  EKtot   =      1811.3971  EPtot      =     -9758.2268
 BOND   =         5.0321  ANGLE   =         6.4689  DIHED      =         4.5507
 UB     =         0.0000  IMP     =         0.0000  CMAP       =         0.0716
 1-4 NB =         2.6950  1-4 EEL =        46.0787  VDWAALS    =      1485.0098
 EELEC  =    -11310.6696  EHBOND  =         0.0000  RESTRAINT  =         2.5359
 EAMBER (non-restraint)  =     -9760.7627
 EKCMT  =       902.8699  VIRIAL  =       743.2307  VOLUME     =     31031.6866
                                                    Density    =         0.9853
 ------------------------------------------------------------------------------

wrapping first mol.:       11.41949       16.14960       27.97192
wrapping first mol.:       11.41949       16.14960       27.97192

 NSTEP =     4000   TIME(PS) =       8.000  TEMP(K) =   290.08  PRESS =   173.6
 Etot   =     -7933.1525  EKtot   =      1769.1177  EPtot      =     -9702.2702
 BOND   =         2.7133  ANGLE   =         9.0896  DIHED      =         4.1062
 UB     =         0.0000  IMP     =         0.0000  CMAP       =        -0.5542
 1-4 NB =         5.9243  1-4 EEL =        47.8634  VDWAALS    =      1453.3121
 EELEC  =    -11230.4758  EHBOND  =         0.0000  RESTRAINT  =         5.7509
 EAMBER (non-restraint)  =     -9708.0210
 EKCMT  =       865.8429  VIRIAL  =       749.8409  VOLUME     =     30951.0459
                                                    Density    =         0.9879
 ------------------------------------------------------------------------------

wrapping first mol.:       11.42505       16.15747       27.98555
wrapping first mol.:       11.42505       16.15747       27.98555

 NSTEP =     4500   TIME(PS) =       9.000  TEMP(K) =   302.09  PRESS =   268.5
 Etot   =     -7899.7215  EKtot   =      1842.3474  EPtot      =     -9742.0689
 BOND   =         3.4826  ANGLE   =         5.9268  DIHED      =         4.6857
 UB     =         0.0000  IMP     =         0.0000  CMAP       =        -0.1938
 1-4 NB =         2.5112  1-4 EEL =        44.8818  VDWAALS    =      1464.5669
 EELEC  =    -11271.3873  EHBOND  =         0.0000  RESTRAINT  =         3.4572
 EAMBER (non-restraint)  =     -9745.5262
 EKCMT  =       929.4664  VIRIAL  =       749.7786  VOLUME     =     30996.0347
                                                    Density    =         0.9864
 ------------------------------------------------------------------------------

wrapping first mol.:       11.42135       16.15223       27.97648
wrapping first mol.:       11.42135       16.15223       27.97648

 NSTEP =     5000   TIME(PS) =      10.000  TEMP(K) =   302.74  PRESS =  -382.3
 Etot   =     -7856.5588  EKtot   =      1846.3225  EPtot      =     -9702.8813
 BOND   =         2.9911  ANGLE   =         6.6812  DIHED      =         5.2938
 UB     =         0.0000  IMP     =         0.0000  CMAP       =         0.1477
 1-4 NB =         3.7981  1-4 EEL =        46.3660  VDWAALS    =      1368.1848
 EELEC  =    -11139.8103  EHBOND  =         0.0000  RESTRAINT  =         3.4664
 EAMBER (non-restraint)  =     -9706.3476
 EKCMT  =       893.3208  VIRIAL  =      1148.9267  VOLUME     =     30967.7128
                                                    Density    =         0.9873
 ------------------------------------------------------------------------------

wrapping first mol.:       11.41303       16.14046       27.95610
wrapping first mol.:       11.41303       16.14046       27.95610

 NSTEP =     5500   TIME(PS) =      11.000  TEMP(K) =   301.67  PRESS =    40.5
 Etot   =     -7889.6740  EKtot   =      1839.8212  EPtot      =     -9729.4952
 BOND   =         2.5050  ANGLE   =         6.4439  DIHED      =         3.6096
 UB     =         0.0000  IMP     =         0.0000  CMAP       =        -0.1622
 1-4 NB =         3.1303  1-4 EEL =        45.4953  VDWAALS    =      1447.3730
 EELEC  =    -11241.4059  EHBOND  =         0.0000  RESTRAINT  =         3.5157
 EAMBER (non-restraint)  =     -9733.0109
 EKCMT  =       938.5561  VIRIAL  =       911.5658  VOLUME     =     30898.9200
                                                    Density    =         0.9895
 ------------------------------------------------------------------------------

wrapping first mol.:       11.40726       16.13230       27.94196
wrapping first mol.:       11.40726       16.13230       27.94196

 NSTEP =     6000   TIME(PS) =      12.000  TEMP(K) =   299.06  PRESS =   402.3
 Etot   =     -7807.6854  EKtot   =      1823.8745  EPtot      =     -9631.5599
 BOND   =         2.5629  ANGLE   =        12.8238  DIHED      =         6.6889
 UB     =         0.0000  IMP     =         0.0000  CMAP       =        -0.4144
 1-4 NB =         4.4427  1-4 EEL =        47.7491  VDWAALS    =      1449.1528
 EELEC  =    -11157.7206  EHBOND  =         0.0000  RESTRAINT  =         3.1549
 EAMBER (non-restraint)  =     -9634.7147
 EKCMT  =       900.9470  VIRIAL  =       632.9948  VOLUME     =     30851.0611
                                                    Density    =         0.9911
 ------------------------------------------------------------------------------

wrapping first mol.:       11.42731       16.16065       27.99107
wrapping first mol.:       11.42731       16.16065       27.99107

 NSTEP =     6500   TIME(PS) =      13.000  TEMP(K) =   301.42  PRESS =    78.1
 Etot   =     -7831.9461  EKtot   =      1838.2661  EPtot      =     -9670.2122
 BOND   =         4.6995  ANGLE   =         8.4272  DIHED      =         4.3965
 UB     =         0.0000  IMP     =         0.0000  CMAP       =         0.2168
 1-4 NB =         2.7365  1-4 EEL =        44.1043  VDWAALS    =      1434.5072
 EELEC  =    -11173.7727  EHBOND  =         0.0000  RESTRAINT  =         4.4724
 EAMBER (non-restraint)  =     -9674.6846
 EKCMT  =       925.0065  VIRIAL  =       872.6761  VOLUME     =     31014.9005
                                                    Density    =         0.9858
 ------------------------------------------------------------------------------

wrapping first mol.:       11.44751       16.18923       28.04057
wrapping first mol.:       11.44751       16.18923       28.04057

 NSTEP =     7000   TIME(PS) =      14.000  TEMP(K) =   313.99  PRESS =  -286.2
 Etot   =     -7786.3117  EKtot   =      1914.9104  EPtot      =     -9701.2221
 BOND   =         5.2863  ANGLE   =        12.6416  DIHED      =         4.2488
 UB     =         0.0000  IMP     =         0.0000  CMAP       =         0.0849
 1-4 NB =         3.8243  1-4 EEL =        44.5996  VDWAALS    =      1391.2693
 EELEC  =    -11166.3008  EHBOND  =         0.0000  RESTRAINT  =         3.1239
 EAMBER (non-restraint)  =     -9704.3460
 EKCMT  =       952.7705  VIRIAL  =      1145.4730  VOLUME     =     31180.7437
                                                    Density    =         0.9806
 ------------------------------------------------------------------------------

wrapping first mol.:       11.43482       16.17128       28.00948
wrapping first mol.:       11.43482       16.17128       28.00948

 NSTEP =     7500   TIME(PS) =      15.000  TEMP(K) =   298.70  PRESS =   442.5
 Etot   =     -7813.4661  EKtot   =      1821.7059  EPtot      =     -9635.1720
 BOND   =         3.9139  ANGLE   =        12.9599  DIHED      =         3.8791
 UB     =         0.0000  IMP     =         0.0000  CMAP       =         0.3606
 1-4 NB =         4.6627  1-4 EEL =        42.4224  VDWAALS    =      1465.0443
 EELEC  =    -11170.5420  EHBOND  =         0.0000  RESTRAINT  =         2.1271
 EAMBER (non-restraint)  =     -9637.2991
 EKCMT  =       913.8418  VIRIAL  =       616.9595  VOLUME     =     31075.1421
                                                    Density    =         0.9839
 ------------------------------------------------------------------------------

wrapping first mol.:       11.44322       16.18316       28.03005
wrapping first mol.:       11.44322       16.18316       28.03005

 NSTEP =     8000   TIME(PS) =      16.000  TEMP(K) =   302.59  PRESS =   212.5
 Etot   =     -7755.8028  EKtot   =      1845.3978  EPtot      =     -9601.2006
 BOND   =         4.2505  ANGLE   =        12.9813  DIHED      =         3.5623
 UB     =         0.0000  IMP     =         0.0000  CMAP       =         0.2217
 1-4 NB =         2.8978  1-4 EEL =        42.4790  VDWAALS    =      1432.4473
 EELEC  =    -11102.0059  EHBOND  =         0.0000  RESTRAINT  =         1.9653
 EAMBER (non-restraint)  =     -9603.1659
 EKCMT  =       891.7149  VIRIAL  =       748.7975  VOLUME     =     31144.2945
                                                    Density    =         0.9817
 ------------------------------------------------------------------------------

wrapping first mol.:       11.40803       16.13339       27.94385
wrapping first mol.:       11.40803       16.13339       27.94385

 NSTEP =     8500   TIME(PS) =      17.000  TEMP(K) =   301.00  PRESS =   170.1
 Etot   =     -7843.9557  EKtot   =      1835.6879  EPtot      =     -9679.6436
 BOND   =         2.4489  ANGLE   =         7.3784  DIHED      =         4.1952
 UB     =         0.0000  IMP     =         0.0000  CMAP       =        -0.5699
 1-4 NB =         2.9609  1-4 EEL =        46.7677  VDWAALS    =      1431.4022
 EELEC  =    -11176.3585  EHBOND  =         0.0000  RESTRAINT  =         2.1316
 EAMBER (non-restraint)  =     -9681.7752
 EKCMT  =       928.0161  VIRIAL  =       814.6935  VOLUME     =     30857.9438
                                                    Density    =         0.9908
 ------------------------------------------------------------------------------

wrapping first mol.:       11.41220       16.13929       27.95406
wrapping first mol.:       11.41220       16.13929       27.95406

 NSTEP =     9000   TIME(PS) =      18.000  TEMP(K) =   302.38  PRESS =    65.6
 Etot   =     -7859.4164  EKtot   =      1844.1443  EPtot      =     -9703.5607
 BOND   =         0.9963  ANGLE   =         7.7141  DIHED      =         3.0389
 UB     =         0.0000  IMP     =         0.0000  CMAP       =         1.3635
 1-4 NB =         3.5325  1-4 EEL =        47.4187  VDWAALS    =      1426.3182
 EELEC  =    -11200.0753  EHBOND  =         0.0000  RESTRAINT  =         6.1323
 EAMBER (non-restraint)  =     -9709.6930
 EKCMT  =       930.6031  VIRIAL  =       886.8391  VOLUME     =     30892.0847
                                                    Density    =         0.9897
 ------------------------------------------------------------------------------

wrapping first mol.:       11.40324       16.12661       27.93211
wrapping first mol.:       11.40324       16.12661       27.93211

 NSTEP =     9500   TIME(PS) =      19.000  TEMP(K) =   297.06  PRESS =    98.7
 Etot   =     -7818.9591  EKtot   =      1811.6584  EPtot      =     -9630.6176
 BOND   =         5.7308  ANGLE   =        14.2332  DIHED      =         4.6071
 UB     =         0.0000  IMP     =         0.0000  CMAP       =         0.4157
 1-4 NB =         2.4785  1-4 EEL =        44.3296  VDWAALS    =      1399.1224
 EELEC  =    -11105.1505  EHBOND  =         0.0000  RESTRAINT  =         3.6156
 EAMBER (non-restraint)  =     -9634.2332
 EKCMT  =       880.6435  VIRIAL  =       814.9461  VOLUME     =     30819.2879
                                                    Density    =         0.9921
 ------------------------------------------------------------------------------

wrapping first mol.:       11.40296       16.12622       27.93144
wrapping first mol.:       11.40296       16.12622       27.93144

 NSTEP =    10000   TIME(PS) =      20.000  TEMP(K) =   300.36  PRESS =  -172.4
 Etot   =     -7900.5656  EKtot   =      1831.7781  EPtot      =     -9732.3436
 BOND   =         3.1635  ANGLE   =         7.5135  DIHED      =         3.9626
 UB     =         0.0000  IMP     =         0.0000  CMAP       =        -0.2657
 1-4 NB =         3.3931  1-4 EEL =        48.8253  VDWAALS    =      1413.8118
 EELEC  =    -11215.6132  EHBOND  =         0.0000  RESTRAINT  =         2.8656
 EAMBER (non-restraint)  =     -9735.2092
 EKCMT  =       894.2520  VIRIAL  =      1008.9628  VOLUME     =     30817.7919
                                                    Density    =         0.9921
 ------------------------------------------------------------------------------

wrapping first mol.:       11.40597       16.13048       27.93881
wrapping first mol.:       11.40597       16.13048       27.93881

 NSTEP =    10500   TIME(PS) =      21.000  TEMP(K) =   308.38  PRESS =   115.2
 Etot   =     -7803.7722  EKtot   =      1880.7045  EPtot      =     -9684.4767
 BOND   =         1.5886  ANGLE   =         5.7400  DIHED      =         4.5561
 UB     =         0.0000  IMP     =         0.0000  CMAP       =        -0.3802
 1-4 NB =         2.6028  1-4 EEL =        44.0755  VDWAALS    =      1422.8831
 EELEC  =    -11167.7244  EHBOND  =         0.0000  RESTRAINT  =         2.1818
 EAMBER (non-restraint)  =     -9686.6585
 EKCMT  =       952.2088  VIRIAL  =       875.4836  VOLUME     =     30841.4212
                                                    Density    =         0.9914
 ------------------------------------------------------------------------------

wrapping first mol.:       11.41518       16.14350       27.96136
wrapping first mol.:       11.41518       16.14350       27.96136

 NSTEP =    11000   TIME(PS) =      22.000  TEMP(K) =   293.63  PRESS =   744.2
 Etot   =     -7932.0158  EKtot   =      1790.7639  EPtot      =     -9722.7797
 BOND   =         0.8623  ANGLE   =         6.3931  DIHED      =         5.2485
 UB     =         0.0000  IMP     =         0.0000  CMAP       =         0.1413
 1-4 NB =         2.8051  1-4 EEL =        46.4745  VDWAALS    =      1531.1003
 EELEC  =    -11319.8084  EHBOND  =         0.0000  RESTRAINT  =         4.0036
 EAMBER (non-restraint)  =     -9726.7833
 EKCMT  =       895.7227  VIRIAL  =       398.9945  VOLUME     =     30914.4218
                                                    Density    =         0.9890
 ------------------------------------------------------------------------------

wrapping first mol.:       11.41956       16.14970       27.97210
wrapping first mol.:       11.41956       16.14970       27.97210

 NSTEP =    11500   TIME(PS) =      23.000  TEMP(K) =   298.78  PRESS =  -645.2
 Etot   =     -7995.5454  EKtot   =      1822.1370  EPtot      =     -9817.6824
 BOND   =         4.7580  ANGLE   =         7.2654  DIHED      =         4.1264
 UB     =         0.0000  IMP     =         0.0000  CMAP       =         0.5292
 1-4 NB =         3.1223  1-4 EEL =        46.6233  VDWAALS    =      1391.2373
 EELEC  =    -11278.2766  EHBOND  =         0.0000  RESTRAINT  =         2.9323
 EAMBER (non-restraint)  =     -9820.6147
 EKCMT  =       895.6268  VIRIAL  =      1326.8425  VOLUME     =     30953.8833
                                                    Density    =         0.9878
 ------------------------------------------------------------------------------

wrapping first mol.:       11.42971       16.16405       27.99695
wrapping first mol.:       11.42971       16.16405       27.99695

 NSTEP =    12000   TIME(PS) =      24.000  TEMP(K) =   296.94  PRESS =     0.7
 Etot   =     -8076.8059  EKtot   =      1810.9684  EPtot      =     -9887.7742
 BOND   =         6.2449  ANGLE   =        11.6967  DIHED      =         3.3328
 UB     =         0.0000  IMP     =         0.0000  CMAP       =         0.1796
 1-4 NB =         2.8882  1-4 EEL =        45.2044  VDWAALS    =      1503.7412
 EELEC  =    -11463.7427  EHBOND  =         0.0000  RESTRAINT  =         2.6806
 EAMBER (non-restraint)  =     -9890.4549
 EKCMT  =       901.2313  VIRIAL  =       900.7924  VOLUME     =     31034.6611
                                                    Density    =         0.9852
 ------------------------------------------------------------------------------

wrapping first mol.:       11.41963       16.14980       27.97227
wrapping first mol.:       11.41963       16.14980       27.97227

 NSTEP =    12500   TIME(PS) =      25.000  TEMP(K) =   291.37  PRESS =   407.8
 Etot   =     -7976.4025  EKtot   =      1776.9861  EPtot      =     -9753.3886
 BOND   =         2.1025  ANGLE   =         4.4484  DIHED      =         4.0206
 UB     =         0.0000  IMP     =         0.0000  CMAP       =         0.2203
 1-4 NB =         4.3552  1-4 EEL =        47.4341  VDWAALS    =      1506.7124
 EELEC  =    -11324.6891  EHBOND  =         0.0000  RESTRAINT  =         2.0071
 EAMBER (non-restraint)  =     -9755.3957
 EKCMT  =       861.6759  VIRIAL  =       589.1377  VOLUME     =     30951.5516
                                                    Density    =         0.9878
 ------------------------------------------------------------------------------

wrapping first mol.:       11.43979       16.17830       28.02164
wrapping first mol.:       11.43979       16.17830       28.02164

 NSTEP =    13000   TIME(PS) =      26.000  TEMP(K) =   296.52  PRESS =   503.3
 Etot   =     -8003.6719  EKtot   =      1808.3584  EPtot      =     -9812.0303
 BOND   =         3.6051  ANGLE   =        10.7264  DIHED      =         3.4738
 UB     =         0.0000  IMP     =         0.0000  CMAP       =         0.9378
 1-4 NB =         2.7348  1-4 EEL =        44.4255  VDWAALS    =      1542.5151
 EELEC  =    -11423.4167  EHBOND  =         0.0000  RESTRAINT  =         2.9680
 EAMBER (non-restraint)  =     -9814.9982
 EKCMT  =       945.2719  VIRIAL  =       607.1521  VOLUME     =     31115.4592
                                                    Density    =         0.9826
 ------------------------------------------------------------------------------

wrapping first mol.:       11.44113       16.18020       28.02493
wrapping first mol.:       11.44113       16.18020       28.02493

 NSTEP =    13500   TIME(PS) =      27.000  TEMP(K) =   291.42  PRESS =    -4.6
 Etot   =     -7955.0546  EKtot   =      1777.2803  EPtot      =     -9732.3349
 BOND   =         2.6078  ANGLE   =         6.7093  DIHED      =         4.2388
 UB     =         0.0000  IMP     =         0.0000  CMAP       =        -0.3150
 1-4 NB =         3.7484  1-4 EEL =        45.1998  VDWAALS    =      1441.6916
 EELEC  =    -11240.2975  EHBOND  =         0.0000  RESTRAINT  =         4.0820
 EAMBER (non-restraint)  =     -9736.4169
 EKCMT  =       869.5163  VIRIAL  =       872.6096  VOLUME     =     31127.8312
                                                    Density    =         0.9822
 ------------------------------------------------------------------------------

wrapping first mol.:       11.45504       16.19987       28.05899
wrapping first mol.:       11.45504       16.19987       28.05899

 NSTEP =    14000   TIME(PS) =      28.000  TEMP(K) =   302.74  PRESS =   247.7
 Etot   =     -7884.0419  EKtot   =      1846.3461  EPtot      =     -9730.3880
 BOND   =         2.1696  ANGLE   =         7.0143  DIHED      =         6.4324
 UB     =         0.0000  IMP     =         0.0000  CMAP       =        -0.1240
 1-4 NB =         3.1200  1-4 EEL =        43.1806  VDWAALS    =      1490.0439
 EELEC  =    -11288.9483  EHBOND  =         0.0000  RESTRAINT  =         6.7236
 EAMBER (non-restraint)  =     -9737.1115
 EKCMT  =       925.2215  VIRIAL  =       758.1243  VOLUME     =     31240.7635
                                                    Density    =         0.9787
 ------------------------------------------------------------------------------

wrapping first mol.:       11.43101       16.16589       28.00014
wrapping first mol.:       11.43101       16.16589       28.00014

 NSTEP =    14500   TIME(PS) =      29.000  TEMP(K) =   304.64  PRESS =   208.3
 Etot   =     -7902.1181  EKtot   =      1857.9019  EPtot      =     -9760.0199
 BOND   =         4.6046  ANGLE   =        11.6007  DIHED      =         3.0296
 UB     =         0.0000  IMP     =         0.0000  CMAP       =        -0.0539
 1-4 NB =         3.3365  1-4 EEL =        46.9442  VDWAALS    =      1470.4404
 EELEC  =    -11302.7304  EHBOND  =         0.0000  RESTRAINT  =         2.8084
 EAMBER (non-restraint)  =     -9762.8283
 EKCMT  =       929.1236  VIRIAL  =       789.5024  VOLUME     =     31044.7216
                                                    Density    =         0.9849
 ------------------------------------------------------------------------------

wrapping first mol.:       11.43962       16.17806       28.02123
wrapping first mol.:       11.43962       16.17806       28.02123

 NSTEP =    15000   TIME(PS) =      30.000  TEMP(K) =   299.68  PRESS =  -331.2
 Etot   =     -7877.1816  EKtot   =      1827.6779  EPtot      =     -9704.8595
 BOND   =         2.4023  ANGLE   =         9.7511  DIHED      =         5.3461
 UB     =         0.0000  IMP     =         0.0000  CMAP       =        -0.1266
 1-4 NB =         3.4761  1-4 EEL =        48.6653  VDWAALS    =      1399.4394
 EELEC  =    -11178.7916  EHBOND  =         0.0000  RESTRAINT  =         4.9784
 EAMBER (non-restraint)  =     -9709.8379
 EKCMT  =       907.6936  VIRIAL  =      1130.1939  VOLUME     =     31116.3987
                                                    Density    =         0.9826
 ------------------------------------------------------------------------------

wrapping first mol.:       11.43237       16.16781       28.00347
wrapping first mol.:       11.43237       16.16781       28.00347

 NSTEP =    15500   TIME(PS) =      31.000  TEMP(K) =   306.98  PRESS =   -55.4
 Etot   =     -7710.1974  EKtot   =      1872.1981  EPtot      =     -9582.3955
 BOND   =         4.6357  ANGLE   =         8.5286  DIHED      =         3.4726
 UB     =         0.0000  IMP     =         0.0000  CMAP       =         0.0159
 1-4 NB =         3.0977  1-4 EEL =        46.3649  VDWAALS    =      1371.9627
 EELEC  =    -11023.9417  EHBOND  =         0.0000  RESTRAINT  =         3.4681
 EAMBER (non-restraint)  =     -9585.8635
 EKCMT  =       924.5195  VIRIAL  =       961.6925  VOLUME     =     31056.5243
                                                    Density    =         0.9845
 ------------------------------------------------------------------------------

wrapping first mol.:       11.45365       16.19790       28.05558
wrapping first mol.:       11.45365       16.19790       28.05558

 NSTEP =    16000   TIME(PS) =      32.000  TEMP(K) =   311.11  PRESS =  -106.5
 Etot   =     -7761.8374  EKtot   =      1897.3942  EPtot      =     -9659.2316
 BOND   =         2.3634  ANGLE   =        11.9565  DIHED      =         5.8405
 UB     =         0.0000  IMP     =         0.0000  CMAP       =         1.1118
 1-4 NB =         2.7318  1-4 EEL =        45.9949  VDWAALS    =      1406.7525
 EELEC  =    -11139.3377  EHBOND  =         0.0000  RESTRAINT  =         3.3547
 EAMBER (non-restraint)  =     -9662.5863
 EKCMT  =       972.5873  VIRIAL  =      1044.4318  VOLUME     =     31230.3670
                                                    Density    =         0.9790
 ------------------------------------------------------------------------------

wrapping first mol.:       11.46507       16.21406       28.08357
wrapping first mol.:       11.46507       16.21406       28.08357

 NSTEP =    16500   TIME(PS) =      33.000  TEMP(K) =   309.80  PRESS =  -330.4
 Etot   =     -7732.8408  EKtot   =      1889.3479  EPtot      =     -9622.1887
 BOND   =         1.9621  ANGLE   =        12.2053  DIHED      =         4.5808
 UB     =         0.0000  IMP     =         0.0000  CMAP       =        -0.1166
 1-4 NB =         2.1703  1-4 EEL =        45.9866  VDWAALS    =      1369.4724
 EELEC  =    -11062.5792  EHBOND  =         0.0000  RESTRAINT  =         4.1295
 EAMBER (non-restraint)  =     -9626.3182
 EKCMT  =       905.6414  VIRIAL  =      1129.0703  VOLUME     =     31324.5439
                                                    Density    =         0.9761
 ------------------------------------------------------------------------------

wrapping first mol.:       11.46678       16.21648       28.08776
wrapping first mol.:       11.46678       16.21648       28.08776

 NSTEP =    17000   TIME(PS) =      34.000  TEMP(K) =   306.91  PRESS =  -114.4
 Etot   =     -7762.7789  EKtot   =      1871.7408  EPtot      =     -9634.5197
 BOND   =         0.6879  ANGLE   =         6.8677  DIHED      =         6.4584
 UB     =         0.0000  IMP     =         0.0000  CMAP       =        -0.6360
 1-4 NB =         5.0044  1-4 EEL =        49.5236  VDWAALS    =      1410.5475
 EELEC  =    -11118.5970  EHBOND  =         0.0000  RESTRAINT  =         5.6238
 EAMBER (non-restraint)  =     -9640.1434
 EKCMT  =       930.7371  VIRIAL  =      1008.1142  VOLUME     =     31337.9558
                                                    Density    =         0.9757
 ------------------------------------------------------------------------------

wrapping first mol.:       11.44583       16.18684       28.03643
wrapping first mol.:       11.44583       16.18684       28.03643

 NSTEP =    17500   TIME(PS) =      35.000  TEMP(K) =   296.71  PRESS =  -174.9
 Etot   =     -7871.3942  EKtot   =      1809.5583  EPtot      =     -9680.9526
 BOND   =         4.1008  ANGLE   =         6.0732  DIHED      =         3.7592
 UB     =         0.0000  IMP     =         0.0000  CMAP       =        -0.4106
 1-4 NB =         3.8176  1-4 EEL =        47.7606  VDWAALS    =      1406.3631
 EELEC  =    -11157.4096  EHBOND  =         0.0000  RESTRAINT  =         4.9931
 EAMBER (non-restraint)  =     -9685.9456
 EKCMT  =       912.1381  VIRIAL  =      1029.8356  VOLUME     =     31166.6296
                                                    Density    =         0.9810
 ------------------------------------------------------------------------------

wrapping first mol.:       11.43392       16.17001       28.00727
wrapping first mol.:       11.43392       16.17001       28.00727

 NSTEP =    18000   TIME(PS) =      36.000  TEMP(K) =   289.40  PRESS =    34.3
 Etot   =     -7919.9534  EKtot   =      1764.9343  EPtot      =     -9684.8877
 BOND   =         4.1723  ANGLE   =        10.9084  DIHED      =         7.5053
 UB     =         0.0000  IMP     =         0.0000  CMAP       =         0.2053
 1-4 NB =         2.1228  1-4 EEL =        42.4996  VDWAALS    =      1439.6165
 EELEC  =    -11195.3508  EHBOND  =         0.0000  RESTRAINT  =         3.4329
 EAMBER (non-restraint)  =     -9688.3206
 EKCMT  =       863.8479  VIRIAL  =       840.8544  VOLUME     =     31068.9236
                                                    Density    =         0.9841
 ------------------------------------------------------------------------------

wrapping first mol.:       11.43641       16.17353       28.01337
wrapping first mol.:       11.43641       16.17353       28.01337

 NSTEP =    18500   TIME(PS) =      37.000  TEMP(K) =   298.51  PRESS =    17.1
 Etot   =     -7898.4424  EKtot   =      1820.5044  EPtot      =     -9718.9468
 BOND   =         5.4846  ANGLE   =         6.5123  DIHED      =         4.7358
 UB     =         0.0000  IMP     =         0.0000  CMAP       =         0.0687
 1-4 NB =         3.2581  1-4 EEL =        42.1241  VDWAALS    =      1435.4824
 EELEC  =    -11219.1691  EHBOND  =         0.0000  RESTRAINT  =         2.5564
 EAMBER (non-restraint)  =     -9721.5031
 EKCMT  =       909.2121  VIRIAL  =       897.7376  VOLUME     =     31089.2782
                                                    Density    =         0.9835
 ------------------------------------------------------------------------------

wrapping first mol.:       11.44436       16.18477       28.03284
wrapping first mol.:       11.44436       16.18477       28.03284

 NSTEP =    19000   TIME(PS) =      38.000  TEMP(K) =   306.98  PRESS =  -249.2
 Etot   =     -7878.4153  EKtot   =      1872.1721  EPtot      =     -9750.5874
 BOND   =         1.4807  ANGLE   =         5.1503  DIHED      =         4.2173
 UB     =         0.0000  IMP     =         0.0000  CMAP       =         0.4288
 1-4 NB =         3.7851  1-4 EEL =        46.5703  VDWAALS    =      1411.1153
 EELEC  =    -11230.0210  EHBOND  =         0.0000  RESTRAINT  =         6.6859
 EAMBER (non-restraint)  =     -9757.2733
 EKCMT  =       907.3117  VIRIAL  =      1074.9383  VOLUME     =     31154.8656
                                                    Density    =         0.9814
 ------------------------------------------------------------------------------

wrapping first mol.:       11.44770       16.18949       28.04102
wrapping first mol.:       11.44770       16.18949       28.04102

 NSTEP =    19500   TIME(PS) =      39.000  TEMP(K) =   301.86  PRESS =   -46.6
 Etot   =     -7859.5863  EKtot   =      1840.9683  EPtot      =     -9700.5545
 BOND   =         5.7004  ANGLE   =         5.8205  DIHED      =         5.2127
 UB     =         0.0000  IMP     =         0.0000  CMAP       =         0.4936
 1-4 NB =         2.7613  1-4 EEL =        48.7391  VDWAALS    =      1437.2746
 EELEC  =    -11210.1615  EHBOND  =         0.0000  RESTRAINT  =         3.6047
 EAMBER (non-restraint)  =     -9704.1592
 EKCMT  =       887.5979  VIRIAL  =       918.9751  VOLUME     =     31181.5741
                                                    Density    =         0.9805
 ------------------------------------------------------------------------------

wrapping first mol.:       11.42651       16.15953       27.98913
wrapping first mol.:       11.42651       16.15953       27.98913

 NSTEP =    20000   TIME(PS) =      40.000  TEMP(K) =   302.55  PRESS =  -343.9
 Etot   =     -7884.0687  EKtot   =      1845.1791  EPtot      =     -9729.2478
 BOND   =         2.4661  ANGLE   =         8.2993  DIHED      =         6.2024
 UB     =         0.0000  IMP     =         0.0000  CMAP       =         1.0734
 1-4 NB =         2.8584  1-4 EEL =        46.6135  VDWAALS    =      1385.1700
 EELEC  =    -11186.2019  EHBOND  =         0.0000  RESTRAINT  =         4.2709
 EAMBER (non-restraint)  =     -9733.5187
 EKCMT  =       925.8788  VIRIAL  =      1156.1047  VOLUME     =     31009.6138
                                                    Density    =         0.9860
 ------------------------------------------------------------------------------

wrapping first mol.:       11.45312       16.19715       28.05429
wrapping first mol.:       11.45312       16.19715       28.05429

 NSTEP =    20500   TIME(PS) =      41.000  TEMP(K) =   303.11  PRESS =   188.2
 Etot   =     -7802.5295  EKtot   =      1848.6017  EPtot      =     -9651.1311
 BOND   =         0.8774  ANGLE   =        10.0487  DIHED      =         5.2127
 UB     =         0.0000  IMP     =         0.0000  CMAP       =         0.5531
 1-4 NB =         3.1236  1-4 EEL =        47.4447  VDWAALS    =      1450.5359
 EELEC  =    -11175.3000  EHBOND  =         0.0000  RESTRAINT  =         6.3727
 EAMBER (non-restraint)  =     -9657.5039
 EKCMT  =       910.5491  VIRIAL  =       783.6557  VOLUME     =     31225.2090
                                                    Density    =         0.9792
 ------------------------------------------------------------------------------

wrapping first mol.:       11.43230       16.16771       28.00330
wrapping first mol.:       11.43230       16.16771       28.00330

 NSTEP =    21000   TIME(PS) =      42.000  TEMP(K) =   303.42  PRESS =  -220.1
 Etot   =     -7828.5748  EKtot   =      1850.4512  EPtot      =     -9679.0260
 BOND   =         1.9885  ANGLE   =         5.9812  DIHED      =         3.5500
 UB     =         0.0000  IMP     =         0.0000  CMAP       =         0.3916
 1-4 NB =         3.4990  1-4 EEL =        47.6508  VDWAALS    =      1393.7824
 EELEC  =    -11139.7951  EHBOND  =         0.0000  RESTRAINT  =         3.9258
 EAMBER (non-restraint)  =     -9682.9517
 EKCMT  =       917.7514  VIRIAL  =      1065.3500  VOLUME     =     31056.3964
                                                    Density    =         0.9845
 ------------------------------------------------------------------------------

wrapping first mol.:       11.42666       16.15974       27.98949
wrapping first mol.:       11.42666       16.15974       27.98949

 NSTEP =    21500   TIME(PS) =      43.000  TEMP(K) =   309.98  PRESS =   604.3
 Etot   =     -7919.4653  EKtot   =      1890.4794  EPtot      =     -9809.9447
 BOND   =         2.2347  ANGLE   =         7.4122  DIHED      =         4.9722
 UB     =         0.0000  IMP     =         0.0000  CMAP       =        -0.2065
 1-4 NB =         2.6821  1-4 EEL =        47.4753  VDWAALS    =      1544.9067
 EELEC  =    -11422.5291  EHBOND  =         0.0000  RESTRAINT  =         3.1077
 EAMBER (non-restraint)  =     -9813.0523
 EKCMT  =       945.0031  VIRIAL  =       540.4378  VOLUME     =     31008.2156
                                                    Density    =         0.9860
 ------------------------------------------------------------------------------

wrapping first mol.:       11.44539       16.18622       28.03536
wrapping first mol.:       11.44539       16.18622       28.03536

 NSTEP =    22000   TIME(PS) =      44.000  TEMP(K) =   294.92  PRESS =  -317.9
 Etot   =     -7892.7641  EKtot   =      1798.6365  EPtot      =     -9691.4005
 BOND   =         4.7588  ANGLE   =        14.8338  DIHED      =         3.8343
 UB     =         0.0000  IMP     =         0.0000  CMAP       =        -0.2471
 1-4 NB =         2.2621  1-4 EEL =        44.9525  VDWAALS    =      1389.6832
 EELEC  =    -11155.1302  EHBOND  =         0.0000  RESTRAINT  =         3.6520
 EAMBER (non-restraint)  =     -9695.0526
 EKCMT  =       881.9729  VIRIAL  =      1095.8911  VOLUME     =     31163.4597
                                                    Density    =         0.9811
 ------------------------------------------------------------------------------

wrapping first mol.:       11.42461       16.15684       27.98446
wrapping first mol.:       11.42461       16.15684       27.98446

 NSTEP =    22500   TIME(PS) =      45.000  TEMP(K) =   303.73  PRESS =   127.5
 Etot   =     -7876.7448  EKtot   =      1852.3423  EPtot      =     -9729.0871
 BOND   =         1.7768  ANGLE   =         9.0656  DIHED      =         5.3516
 UB     =         0.0000  IMP     =         0.0000  CMAP       =        -0.9963
 1-4 NB =         3.7625  1-4 EEL =        46.5864  VDWAALS    =      1457.9046
 EELEC  =    -11255.7821  EHBOND  =         0.0000  RESTRAINT  =         3.2437
 EAMBER (non-restraint)  =     -9732.3309
 EKCMT  =       912.0410  VIRIAL  =       826.6968  VOLUME     =     30992.8056
                                                    Density    =         0.9865
 ------------------------------------------------------------------------------

wrapping first mol.:       11.41709       16.14620       27.96604
wrapping first mol.:       11.41709       16.14620       27.96604

 NSTEP =    23000   TIME(PS) =      46.000  TEMP(K) =   294.30  PRESS =   291.5
 Etot   =     -7943.4645  EKtot   =      1794.8186  EPtot      =     -9738.2831
 BOND   =         1.7970  ANGLE   =        11.4233  DIHED      =         3.8637
 UB     =         0.0000  IMP     =         0.0000  CMAP       =         0.0823
 1-4 NB =         4.3866  1-4 EEL =        47.1781  VDWAALS    =      1467.5702
 EELEC  =    -11275.7230  EHBOND  =         0.0000  RESTRAINT  =         1.1388
 EAMBER (non-restraint)  =     -9739.4219
 EKCMT  =       909.1768  VIRIAL  =       714.5276  VOLUME     =     30931.1908
                                                    Density    =         0.9885
 ------------------------------------------------------------------------------

wrapping first mol.:       11.41535       16.14374       27.96177
wrapping first mol.:       11.41535       16.14374       27.96177

 NSTEP =    23500   TIME(PS) =      47.000  TEMP(K) =   300.39  PRESS =     9.9
 Etot   =     -7904.6971  EKtot   =      1831.9749  EPtot      =     -9736.6720
 BOND   =         3.3732  ANGLE   =        10.7118  DIHED      =         3.8446
 UB     =         0.0000  IMP     =         0.0000  CMAP       =         0.1982
 1-4 NB =         3.7976  1-4 EEL =        43.0669  VDWAALS    =      1437.7840
 EELEC  =    -11242.9761  EHBOND  =         0.0000  RESTRAINT  =         3.5279
 EAMBER (non-restraint)  =     -9740.1999
 EKCMT  =       900.4563  VIRIAL  =       893.8539  VOLUME     =     30917.7935
                                                    Density    =         0.9889
 ------------------------------------------------------------------------------

wrapping first mol.:       11.43778       16.17546       28.01671
wrapping first mol.:       11.43778       16.17546       28.01671

 NSTEP =    24000   TIME(PS) =      48.000  TEMP(K) =   300.31  PRESS =   575.3
 Etot   =     -7791.0295  EKtot   =      1831.4757  EPtot      =     -9622.5052
 BOND   =         4.3999  ANGLE   =        10.3278  DIHED      =         3.8906
 UB     =         0.0000  IMP     =         0.0000  CMAP       =         0.0282
 1-4 NB =         4.4608  1-4 EEL =        45.0392  VDWAALS    =      1485.0067
 EELEC  =    -11178.9195  EHBOND  =         0.0000  RESTRAINT  =         3.2611
 EAMBER (non-restraint)  =     -9625.7663
 EKCMT  =       940.6215  VIRIAL  =       554.3028  VOLUME     =     31098.8510
                                                    Density    =         0.9832
 ------------------------------------------------------------------------------

wrapping first mol.:       11.44125       16.18037       28.02523
wrapping first mol.:       11.44125       16.18037       28.02523

 NSTEP =    24500   TIME(PS) =      49.000  TEMP(K) =   299.41  PRESS =   -27.5
 Etot   =     -7836.2703  EKtot   =      1826.0135  EPtot      =     -9662.2838
 BOND   =         4.0624  ANGLE   =         5.4654  DIHED      =         4.1179
 UB     =         0.0000  IMP     =         0.0000  CMAP       =        -0.0846
 1-4 NB =         3.3839  1-4 EEL =        43.2574  VDWAALS    =      1415.5249
 EELEC  =    -11142.5792  EHBOND  =         0.0000  RESTRAINT  =         4.5681
 EAMBER (non-restraint)  =     -9666.8520
 EKCMT  =       884.6903  VIRIAL  =       903.1813  VOLUME     =     31128.8830
                                                    Density    =         0.9822
 ------------------------------------------------------------------------------

wrapping first mol.:       11.43898       16.17716       28.01967
wrapping first mol.:       11.43898       16.17716       28.01967

 NSTEP =    25000   TIME(PS) =      50.000  TEMP(K) =   298.02  PRESS =  -160.0
 Etot   =     -7866.9033  EKtot   =      1817.5283  EPtot      =     -9684.4317
 BOND   =         4.2892  ANGLE   =         5.8220  DIHED      =         4.2944
 UB     =         0.0000  IMP     =         0.0000  CMAP       =        -0.2370
 1-4 NB =         2.6575  1-4 EEL =        43.0618  VDWAALS    =      1399.0365
 EELEC  =    -11145.9330  EHBOND  =         0.0000  RESTRAINT  =         2.5769
 EAMBER (non-restraint)  =     -9687.0086
 EKCMT  =       920.7420  VIRIAL  =      1028.1933  VOLUME     =     31110.7308
                                                    Density    =         0.9828
 ------------------------------------------------------------------------------

wrapping first mol.:       11.42725       16.16057       27.99092
wrapping first mol.:       11.42725       16.16057       27.99092

 NSTEP =    25500   TIME(PS) =      51.000  TEMP(K) =   297.69  PRESS =     7.9
 Etot   =     -7889.4359  EKtot   =      1815.5117  EPtot      =     -9704.9476
 BOND   =         4.2662  ANGLE   =        10.2800  DIHED      =         3.3385
 UB     =         0.0000  IMP     =         0.0000  CMAP       =        -0.0252
 1-4 NB =         4.0071  1-4 EEL =        43.9265  VDWAALS    =      1429.0017
 EELEC  =    -11202.8176  EHBOND  =         0.0000  RESTRAINT  =         3.0752
 EAMBER (non-restraint)  =     -9708.0228
 EKCMT  =       914.4196  VIRIAL  =       909.1214  VOLUME     =     31014.6070
                                                    Density    =         0.9858
 ------------------------------------------------------------------------------

wrapping first mol.:       11.44690       16.18837       28.03907
wrapping first mol.:       11.44690       16.18837       28.03907

 NSTEP =    26000   TIME(PS) =      52.000  TEMP(K) =   303.73  PRESS =   135.2
 Etot   =     -7855.6591  EKtot   =      1852.3680  EPtot      =     -9708.0271
 BOND   =         3.4593  ANGLE   =         8.4026  DIHED      =         4.2711
 UB     =         0.0000  IMP     =         0.0000  CMAP       =        -0.2327
 1-4 NB =         2.4294  1-4 EEL =        42.2799  VDWAALS    =      1452.2357
 EELEC  =    -11225.3680  EHBOND  =         0.0000  RESTRAINT  =         4.4955
 EAMBER (non-restraint)  =     -9712.5227
 EKCMT  =       937.2616  VIRIAL  =       846.2630  VOLUME     =     31174.5758
                                                    Density    =         0.9808
 ------------------------------------------------------------------------------

wrapping first mol.:       11.43584       16.17272       28.01198
wrapping first mol.:       11.43584       16.17272       28.01198

 NSTEP =    26500   TIME(PS) =      53.000  TEMP(K) =   290.84  PRESS =   529.0
 Etot   =     -7849.5911  EKtot   =      1773.7701  EPtot      =     -9623.3612
 BOND   =         1.9501  ANGLE   =         9.2176  DIHED      =         5.4034
 UB     =         0.0000  IMP     =         0.0000  CMAP       =        -0.1455
 1-4 NB =         2.2640  1-4 EEL =        43.9714  VDWAALS    =      1486.0774
 EELEC  =    -11175.9033  EHBOND  =         0.0000  RESTRAINT  =         3.8037
 EAMBER (non-restraint)  =     -9627.1650
 EKCMT  =       880.1582  VIRIAL  =       525.1548  VOLUME     =     31083.2024
                                                    Density    =         0.9837
 ------------------------------------------------------------------------------

wrapping first mol.:       11.42873       16.16266       27.99455
wrapping first mol.:       11.42873       16.16266       27.99455

 NSTEP =    27000   TIME(PS) =      54.000  TEMP(K) =   301.28  PRESS =   264.4
 Etot   =     -7828.4614  EKtot   =      1837.4031  EPtot      =     -9665.8645
 BOND   =         2.3274  ANGLE   =         8.6901  DIHED      =         3.3356
 UB     =         0.0000  IMP     =         0.0000  CMAP       =         0.1137
 1-4 NB =         2.7519  1-4 EEL =        46.2850  VDWAALS    =      1452.1502
 EELEC  =    -11185.5803  EHBOND  =         0.0000  RESTRAINT  =         4.0619
 EAMBER (non-restraint)  =     -9669.9264
 EKCMT  =       911.1963  VIRIAL  =       734.0872  VOLUME     =     31025.9668
                                                    Density    =         0.9855
 ------------------------------------------------------------------------------

wrapping first mol.:       11.42076       16.15139       27.97503
wrapping first mol.:       11.42076       16.15139       27.97503

 NSTEP =    27500   TIME(PS) =      55.000  TEMP(K) =   297.90  PRESS =  -918.6
 Etot   =     -7876.9462  EKtot   =      1816.7830  EPtot      =     -9693.7292
 BOND   =         2.3396  ANGLE   =         9.7327  DIHED      =         3.6874
 UB     =         0.0000  IMP     =         0.0000  CMAP       =         0.5910
 1-4 NB =         3.6041  1-4 EEL =        46.9161  VDWAALS    =      1299.4595
 EELEC  =    -11065.1555  EHBOND  =         0.0000  RESTRAINT  =         5.0959
 EAMBER (non-restraint)  =     -9698.8250
 EKCMT  =       882.8690  VIRIAL  =      1497.0246  VOLUME     =     30964.3670
                                                    Density    =         0.9874
 ------------------------------------------------------------------------------

wrapping first mol.:       11.42223       16.15348       27.97864
wrapping first mol.:       11.42223       16.15348       27.97864

 NSTEP =    28000   TIME(PS) =      56.000  TEMP(K) =   313.41  PRESS =  -254.3
 Etot   =     -7717.9387  EKtot   =      1911.3994  EPtot      =     -9629.3381
 BOND   =         1.8665  ANGLE   =         7.8203  DIHED      =         4.2659
 UB     =         0.0000  IMP     =         0.0000  CMAP       =         0.8629
 1-4 NB =         2.6043  1-4 EEL =        43.2715  VDWAALS    =      1369.3628
 EELEC  =    -11065.3264  EHBOND  =         0.0000  RESTRAINT  =         5.9341
 EAMBER (non-restraint)  =     -9635.2722
 EKCMT  =       945.9844  VIRIAL  =      1116.0351  VOLUME     =     30974.5360
                                                    Density    =         0.9871
 ------------------------------------------------------------------------------

wrapping first mol.:       11.41895       16.14883       27.97060
wrapping first mol.:       11.41895       16.14883       27.97060

 NSTEP =    28500   TIME(PS) =      57.000  TEMP(K) =   302.38  PRESS =   501.5
 Etot   =     -7801.5967  EKtot   =      1844.0936  EPtot      =     -9645.6903
 BOND   =         4.8670  ANGLE   =        10.3536  DIHED      =         4.4843
 UB     =         0.0000  IMP     =         0.0000  CMAP       =         0.3410
 1-4 NB =         2.5784  1-4 EEL =        45.3492  VDWAALS    =      1471.5791
 EELEC  =    -11187.6027  EHBOND  =         0.0000  RESTRAINT  =         2.3599
 EAMBER (non-restraint)  =     -9648.0502
 EKCMT  =       932.7457  VIRIAL  =       597.6960  VOLUME     =     30945.7353
                                                    Density    =         0.9880
 ------------------------------------------------------------------------------

wrapping first mol.:       11.43975       16.17825       28.02155
wrapping first mol.:       11.43975       16.17825       28.02155

 NSTEP =    29000   TIME(PS) =      58.000  TEMP(K) =   298.50  PRESS =  -126.0
 Etot   =     -7864.9908  EKtot   =      1820.4703  EPtot      =     -9685.4611
 BOND   =         7.0173  ANGLE   =         5.4850  DIHED      =         3.3864
 UB     =         0.0000  IMP     =         0.0000  CMAP       =        -0.4890
 1-4 NB =         2.3459  1-4 EEL =        46.8415  VDWAALS    =      1410.2547
 EELEC  =    -11165.1665  EHBOND  =         0.0000  RESTRAINT  =         4.8635
 EAMBER (non-restraint)  =     -9690.3246
 EKCMT  =       930.3593  VIRIAL  =      1015.0315  VOLUME     =     31116.8937
                                                    Density    =         0.9826
 ------------------------------------------------------------------------------

wrapping first mol.:       11.40344       16.12689       27.93259
wrapping first mol.:       11.40344       16.12689       27.93259

 NSTEP =    29500   TIME(PS) =      59.000  TEMP(K) =   293.36  PRESS =  -526.8
 Etot   =     -7894.1982  EKtot   =      1789.1263  EPtot      =     -9683.3246
 BOND   =         3.5283  ANGLE   =         6.9874  DIHED      =         3.7230
 UB     =         0.0000  IMP     =         0.0000  CMAP       =         0.3695
 1-4 NB =         2.5874  1-4 EEL =        43.6806  VDWAALS    =      1329.4807
 EELEC  =    -11078.3563  EHBOND  =         0.0000  RESTRAINT  =         4.6748
 EAMBER (non-restraint)  =     -9687.9993
 EKCMT  =       877.6206  VIRIAL  =      1228.2202  VOLUME     =     30822.5978
                                                    Density    =         0.9920
 ------------------------------------------------------------------------------

wrapping first mol.:       11.41301       16.14043       27.95604
wrapping first mol.:       11.41301       16.14043       27.95604

 NSTEP =    30000   TIME(PS) =      60.000  TEMP(K) =   310.44  PRESS =  -149.9
 Etot   =     -7832.5179  EKtot   =      1893.2925  EPtot      =     -9725.8104
 BOND   =         2.6298  ANGLE   =         7.7369  DIHED      =         5.4057
 UB     =         0.0000  IMP     =         0.0000  CMAP       =        -0.0848
 1-4 NB =         2.5579  1-4 EEL =        46.6668  VDWAALS    =      1403.8726
 EELEC  =    -11197.8165  EHBOND  =         0.0000  RESTRAINT  =         3.2213
 EAMBER (non-restraint)  =     -9729.0317
 EKCMT  =       936.4029  VIRIAL  =      1036.4114  VOLUME     =     30899.2330
                                                    Density    =         0.9895
 ------------------------------------------------------------------------------

wrapping first mol.:       11.42871       16.16264       27.99452
wrapping first mol.:       11.42871       16.16264       27.99452

 NSTEP =    30500   TIME(PS) =      61.000  TEMP(K) =   308.65  PRESS =   602.8
 Etot   =     -7877.0470  EKtot   =      1882.3699  EPtot      =     -9759.4169
 BOND   =         3.5920  ANGLE   =         9.2298  DIHED      =         4.2695
 UB     =         0.0000  IMP     =         0.0000  CMAP       =        -0.0499
 1-4 NB =         3.5960  1-4 EEL =        46.2840  VDWAALS    =      1524.3891
 EELEC  =    -11352.6988  EHBOND  =         0.0000  RESTRAINT  =         1.9713
 EAMBER (non-restraint)  =     -9761.3882
 EKCMT  =       899.4483  VIRIAL  =       495.6768  VOLUME     =     31024.9118
                                                    Density    =         0.9855
 ------------------------------------------------------------------------------

wrapping first mol.:       11.44546       16.18632       28.03553
wrapping first mol.:       11.44546       16.18632       28.03553

 NSTEP =    31000   TIME(PS) =      62.000  TEMP(K) =   292.36  PRESS =   203.0
 Etot   =     -7859.3397  EKtot   =      1783.0312  EPtot      =     -9642.3710
 BOND   =         5.1641  ANGLE   =         8.0495  DIHED      =         3.2522
 UB     =         0.0000  IMP     =         0.0000  CMAP       =        -0.3005
 1-4 NB =         2.1223  1-4 EEL =        45.3366  VDWAALS    =      1453.9736
 EELEC  =    -11162.3731  EHBOND  =         0.0000  RESTRAINT  =         2.4043
 EAMBER (non-restraint)  =     -9644.7753
 EKCMT  =       851.3676  VIRIAL  =       714.7841  VOLUME     =     31162.5733
                                                    Density    =         0.9811
 ------------------------------------------------------------------------------

wrapping first mol.:       11.42899       16.16303       27.99518
wrapping first mol.:       11.42899       16.16303       27.99518

 NSTEP =    31500   TIME(PS) =      63.000  TEMP(K) =   302.00  PRESS =   230.5
 Etot   =     -7855.5299  EKtot   =      1841.7882  EPtot      =     -9697.3181
 BOND   =         1.4837  ANGLE   =         5.5995  DIHED      =         5.4124
 UB     =         0.0000  IMP     =         0.0000  CMAP       =        -0.8177
 1-4 NB =         3.8739  1-4 EEL =        46.6024  VDWAALS    =      1464.4607
 EELEC  =    -11228.4458  EHBOND  =         0.0000  RESTRAINT  =         4.5128
 EAMBER (non-restraint)  =     -9701.8309
 EKCMT  =       904.8922  VIRIAL  =       750.4449  VOLUME     =     31028.1564
                                                    Density    =         0.9854
 ------------------------------------------------------------------------------

wrapping first mol.:       11.43902       16.17722       28.01977
wrapping first mol.:       11.43902       16.17722       28.01977

 NSTEP =    32000   TIME(PS) =      64.000  TEMP(K) =   305.53  PRESS =  -222.1
 Etot   =     -7838.8318  EKtot   =      1863.3311  EPtot      =     -9702.1629
 BOND   =         1.0545  ANGLE   =         8.5988  DIHED      =         4.2549
 UB     =         0.0000  IMP     =         0.0000  CMAP       =        -0.2855
 1-4 NB =         2.5575  1-4 EEL =        46.9453  VDWAALS    =      1398.5930
 EELEC  =    -11168.1518  EHBOND  =         0.0000  RESTRAINT  =         4.2704
 EAMBER (non-restraint)  =     -9706.4333
 EKCMT  =       897.7579  VIRIAL  =      1046.9174  VOLUME     =     31111.2353
                                                    Density    =         0.9828
 ------------------------------------------------------------------------------

wrapping first mol.:       11.45737       16.20317       28.06470
wrapping first mol.:       11.45737       16.20317       28.06470

 NSTEP =    32500   TIME(PS) =      65.000  TEMP(K) =   298.29  PRESS =   186.1
 Etot   =     -7874.2810  EKtot   =      1819.1892  EPtot      =     -9693.4702
 BOND   =         2.9319  ANGLE   =        12.1635  DIHED      =         4.2003
 UB     =         0.0000  IMP     =         0.0000  CMAP       =        -0.1884
 1-4 NB =         2.8771  1-4 EEL =        47.0721  VDWAALS    =      1459.3576
 EELEC  =    -11226.3442  EHBOND  =         0.0000  RESTRAINT  =         4.4599
 EAMBER (non-restraint)  =     -9697.9302
 EKCMT  =       901.2132  VIRIAL  =       775.5840  VOLUME     =     31260.0152
                                                    Density    =         0.9781
 ------------------------------------------------------------------------------

wrapping first mol.:       11.44291       16.18271       28.02928
wrapping first mol.:       11.44291       16.18271       28.02928

 NSTEP =    33000   TIME(PS) =      66.000  TEMP(K) =   300.11  PRESS =    33.3
 Etot   =     -7844.6552  EKtot   =      1830.2681  EPtot      =     -9674.9233
 BOND   =         4.7541  ANGLE   =         9.7056  DIHED      =         4.5880
 UB     =         0.0000  IMP     =         0.0000  CMAP       =        -0.2491
 1-4 NB =         2.5965  1-4 EEL =        46.9255  VDWAALS    =      1434.1233
 EELEC  =    -11179.8468  EHBOND  =         0.0000  RESTRAINT  =         2.4796
 EAMBER (non-restraint)  =     -9677.4029
 EKCMT  =       897.2061  VIRIAL  =       874.8396  VOLUME     =     31142.2133
                                                    Density    =         0.9818
 ------------------------------------------------------------------------------

wrapping first mol.:       11.44792       16.18981       28.04157
wrapping first mol.:       11.44792       16.18981       28.04157

 NSTEP =    33500   TIME(PS) =      67.000  TEMP(K) =   293.40  PRESS =   464.4
 Etot   =     -7957.5459  EKtot   =      1789.3468  EPtot      =     -9746.8928
 BOND   =         3.4885  ANGLE   =        10.0600  DIHED      =         4.8387
 UB     =         0.0000  IMP     =         0.0000  CMAP       =        -0.9745
 1-4 NB =         3.5672  1-4 EEL =        42.8133  VDWAALS    =      1508.6382
 EELEC  =    -11324.1326  EHBOND  =         0.0000  RESTRAINT  =         4.8085
 EAMBER (non-restraint)  =     -9751.7012
 EKCMT  =       897.7898  VIRIAL  =       585.1598  VOLUME     =     31182.0034
                                                    Density    =         0.9805
 ------------------------------------------------------------------------------

wrapping first mol.:       11.44050       16.17931       28.02339
wrapping first mol.:       11.44050       16.17931       28.02339

 NSTEP =    34000   TIME(PS) =      68.000  TEMP(K) =   294.42  PRESS =  -157.5
 Etot   =     -7849.3124  EKtot   =      1795.5736  EPtot      =     -9644.8860
 BOND   =         3.1895  ANGLE   =         5.8796  DIHED      =         3.8768
 UB     =         0.0000  IMP     =         0.0000  CMAP       =         0.1396
 1-4 NB =         3.2006  1-4 EEL =        43.5376  VDWAALS    =      1397.4448
 EELEC  =    -11106.6438  EHBOND  =         0.0000  RESTRAINT  =         4.4893
 EAMBER (non-restraint)  =     -9649.3754
 EKCMT  =       883.1777  VIRIAL  =       989.0157  VOLUME     =     31123.1156
                                                    Density    =         0.9824
 ------------------------------------------------------------------------------

wrapping first mol.:       11.43091       16.16575       27.99990
wrapping first mol.:       11.43091       16.16575       27.99990

 NSTEP =    34500   TIME(PS) =      69.000  TEMP(K) =   294.97  PRESS =   237.5
 Etot   =     -7973.3204  EKtot   =      1798.9574  EPtot      =     -9772.2778
 BOND   =         4.2526  ANGLE   =         5.5699  DIHED      =         3.4451
 UB     =         0.0000  IMP     =         0.0000  CMAP       =         0.0323
 1-4 NB =         3.0290  1-4 EEL =        46.0453  VDWAALS    =      1497.0773
 EELEC  =    -11335.4816  EHBOND  =         0.0000  RESTRAINT  =         3.7523
 EAMBER (non-restraint)  =     -9776.0301
 EKCMT  =       869.5564  VIRIAL  =       710.3337  VOLUME     =     31043.8296
                                                    Density    =         0.9849
 ------------------------------------------------------------------------------

wrapping first mol.:       11.44469       16.18524       28.03366
wrapping first mol.:       11.44469       16.18524       28.03366

 NSTEP =    35000   TIME(PS) =      70.000  TEMP(K) =   295.33  PRESS =    32.2
 Etot   =     -7958.2685  EKtot   =      1801.1014  EPtot      =     -9759.3700
 BOND   =         1.9784  ANGLE   =         8.5458  DIHED      =         4.4117
 UB     =         0.0000  IMP     =         0.0000  CMAP       =        -0.2744
 1-4 NB =         4.0249  1-4 EEL =        47.6296  VDWAALS    =      1466.9086
 EELEC  =    -11297.5896  EHBOND  =         0.0000  RESTRAINT  =         4.9950
 EAMBER (non-restraint)  =     -9764.3649
 EKCMT  =       897.1751  VIRIAL  =       875.4863  VOLUME     =     31156.8116
                                                    Density    =         0.9813
 ------------------------------------------------------------------------------

wrapping first mol.:       11.44448       16.18495       28.03314
wrapping first mol.:       11.44448       16.18495       28.03314

 NSTEP =    35500   TIME(PS) =      71.000  TEMP(K) =   292.57  PRESS =    18.7
 Etot   =     -7885.6727  EKtot   =      1784.3103  EPtot      =     -9669.9830
 BOND   =         4.5582  ANGLE   =         7.4152  DIHED      =         3.1379
 UB     =         0.0000  IMP     =         0.0000  CMAP       =         0.3706
 1-4 NB =         5.6470  1-4 EEL =        49.5659  VDWAALS    =      1425.5014
 EELEC  =    -11169.1527  EHBOND  =         0.0000  RESTRAINT  =         2.9734
 EAMBER (non-restraint)  =     -9672.9564
 EKCMT  =       907.7319  VIRIAL  =       895.1654  VOLUME     =     31155.1420
                                                    Density    =         0.9814
 ------------------------------------------------------------------------------

wrapping first mol.:       11.45742       16.20324       28.06483
wrapping first mol.:       11.45742       16.20324       28.06483

 NSTEP =    36000   TIME(PS) =      72.000  TEMP(K) =   299.08  PRESS =   207.9
 Etot   =     -7863.2204  EKtot   =      1823.9960  EPtot      =     -9687.2164
 BOND   =         4.8289  ANGLE   =         9.1104  DIHED      =         3.6619
 UB     =         0.0000  IMP     =         0.0000  CMAP       =         0.8636
 1-4 NB =         2.0396  1-4 EEL =        44.3524  VDWAALS    =      1485.4014
 EELEC  =    -11245.6536  EHBOND  =         0.0000  RESTRAINT  =         8.1788
 EAMBER (non-restraint)  =     -9695.3952
 EKCMT  =       894.8363  VIRIAL  =       754.5053  VOLUME     =     31260.3810
                                                    Density    =         0.9781
 ------------------------------------------------------------------------------

wrapping first mol.:       11.45847       16.20472       28.06740
wrapping first mol.:       11.45847       16.20472       28.06740

 NSTEP =    36500   TIME(PS) =      73.000  TEMP(K) =   297.42  PRESS =   572.8
 Etot   =     -7933.2815  EKtot   =      1813.8525  EPtot      =     -9747.1341
 BOND   =         5.8751  ANGLE   =         5.7904  DIHED      =         2.7320
 UB     =         0.0000  IMP     =         0.0000  CMAP       =         0.3919
 1-4 NB =         2.4925  1-4 EEL =        45.2984  VDWAALS    =      1539.4941
 EELEC  =    -11351.9242  EHBOND  =         0.0000  RESTRAINT  =         2.7158
 EAMBER (non-restraint)  =     -9749.8499
 EKCMT  =       890.9968  VIRIAL  =       504.2600  VOLUME     =     31267.9396
                                                    Density    =         0.9778
 ------------------------------------------------------------------------------

wrapping first mol.:       11.48205       16.23807       28.12516
wrapping first mol.:       11.48205       16.23807       28.12516

 NSTEP =    37000   TIME(PS) =      74.000  TEMP(K) =   302.62  PRESS =   -57.4
 Etot   =     -7930.6322  EKtot   =      1845.5941  EPtot      =     -9776.2263
 BOND   =         7.2954  ANGLE   =         7.4001  DIHED      =         3.2895
 UB     =         0.0000  IMP     =         0.0000  CMAP       =         0.0652
 1-4 NB =         2.7525  1-4 EEL =        45.5811  VDWAALS    =      1470.7526
 EELEC  =    -11315.9160  EHBOND  =         0.0000  RESTRAINT  =         2.5533
 EAMBER (non-restraint)  =     -9778.7796
 EKCMT  =       934.0400  VIRIAL  =       973.0130  VOLUME     =     31463.1602
                                                    Density    =         0.9718
 ------------------------------------------------------------------------------

wrapping first mol.:       11.46508       16.21408       28.08360
wrapping first mol.:       11.46508       16.21408       28.08360

 NSTEP =    37500   TIME(PS) =      75.000  TEMP(K) =   309.70  PRESS =   430.6
 Etot   =     -7772.2798  EKtot   =      1888.7489  EPtot      =     -9661.0287
 BOND   =         4.0361  ANGLE   =         8.4834  DIHED      =         3.9915
 UB     =         0.0000  IMP     =         0.0000  CMAP       =        -0.2760
 1-4 NB =         3.0968  1-4 EEL =        45.3731  VDWAALS    =      1480.9238
 EELEC  =    -11210.2500  EHBOND  =         0.0000  RESTRAINT  =         3.5925
 EAMBER (non-restraint)  =     -9664.6213
 EKCMT  =       937.6435  VIRIAL  =       646.4013  VOLUME     =     31322.5194
                                                    Density    =         0.9761
 ------------------------------------------------------------------------------

wrapping first mol.:       11.45562       16.20070       28.06043
wrapping first mol.:       11.45562       16.20070       28.06043

 NSTEP =    38000   TIME(PS) =      76.000  TEMP(K) =   296.06  PRESS =  -384.1
 Etot   =     -7827.9532  EKtot   =      1805.5803  EPtot      =     -9633.5335
 BOND   =         3.3936  ANGLE   =        15.7432  DIHED      =         4.0355
 UB     =         0.0000  IMP     =         0.0000  CMAP       =         0.3734
 1-4 NB =         4.4051  1-4 EEL =        46.9357  VDWAALS    =      1381.4709
 EELEC  =    -11092.8577  EHBOND  =         0.0000  RESTRAINT  =         2.9668
 EAMBER (non-restraint)  =     -9636.5003
 EKCMT  =       877.7072  VIRIAL  =      1136.8271  VOLUME     =     31247.3342
                                                    Density    =         0.9785
 ------------------------------------------------------------------------------

wrapping first mol.:       11.44295       16.18278       28.02939
wrapping first mol.:       11.44295       16.18278       28.02939

 NSTEP =    38500   TIME(PS) =      77.000  TEMP(K) =   297.18  PRESS =    10.0
 Etot   =     -8003.6572  EKtot   =      1812.4255  EPtot      =     -9816.0827
 BOND   =         4.7829  ANGLE   =         7.8211  DIHED      =         4.3624
 UB     =         0.0000  IMP     =         0.0000  CMAP       =         0.2637
 1-4 NB =         2.5524  1-4 EEL =        45.9954  VDWAALS    =      1503.3792
 EELEC  =    -11389.3545  EHBOND  =         0.0000  RESTRAINT  =         4.1147
 EAMBER (non-restraint)  =     -9820.1974
 EKCMT  =       915.5884  VIRIAL  =       908.8787  VOLUME     =     31142.6483
                                                    Density    =         0.9818
 ------------------------------------------------------------------------------

wrapping first mol.:       11.43530       16.17196       28.01066
wrapping first mol.:       11.43530       16.17196       28.01066

 NSTEP =    39000   TIME(PS) =      78.000  TEMP(K) =   299.44  PRESS =    23.5
 Etot   =     -7938.6804  EKtot   =      1826.1805  EPtot      =     -9764.8609
 BOND   =         4.1727  ANGLE   =         7.9745  DIHED      =         4.5870
 UB     =         0.0000  IMP     =         0.0000  CMAP       =        -0.4204
 1-4 NB =         3.8254  1-4 EEL =        44.3015  VDWAALS    =      1464.1244
 EELEC  =    -11296.2421  EHBOND  =         0.0000  RESTRAINT  =         2.8161
 EAMBER (non-restraint)  =     -9767.6770
 EKCMT  =       910.1566  VIRIAL  =       894.3632  VOLUME     =     31080.2112
                                                    Density    =         0.9837
 ------------------------------------------------------------------------------

wrapping first mol.:       11.42169       16.15271       27.97731
wrapping first mol.:       11.42169       16.15271       27.97731

 NSTEP =    39500   TIME(PS) =      79.000  TEMP(K) =   292.97  PRESS =   120.1
 Etot   =     -8009.9936  EKtot   =      1786.7554  EPtot      =     -9796.7490
 BOND   =         1.9803  ANGLE   =         8.3734  DIHED      =         6.1399
 UB     =         0.0000  IMP     =         0.0000  CMAP       =         0.6955
 1-4 NB =         3.7561  1-4 EEL =        46.8121  VDWAALS    =      1468.1281
 EELEC  =    -11337.7576  EHBOND  =         0.0000  RESTRAINT  =         5.1233
 EAMBER (non-restraint)  =     -9801.8723
 EKCMT  =       931.2949  VIRIAL  =       851.0161  VOLUME     =     30969.0689
                                                    Density    =         0.9873
 ------------------------------------------------------------------------------

wrapping first mol.:       11.43905       16.17726       28.01984
wrapping first mol.:       11.43905       16.17726       28.01984

 NSTEP =    40000   TIME(PS) =      80.000  TEMP(K) =   302.99  PRESS =  -179.8
 Etot   =     -7928.9018  EKtot   =      1847.8223  EPtot      =     -9776.7241
 BOND   =         3.6748  ANGLE   =         5.1469  DIHED      =         4.8914
 UB     =         0.0000  IMP     =         0.0000  CMAP       =        -0.4377
 1-4 NB =         3.4760  1-4 EEL =        44.3937  VDWAALS    =      1434.7543
 EELEC  =    -11275.8972  EHBOND  =         0.0000  RESTRAINT  =         3.2736
 EAMBER (non-restraint)  =     -9779.9977
 EKCMT  =       930.3078  VIRIAL  =      1051.1097  VOLUME     =     31111.3550
                                                    Density    =         0.9828
 ------------------------------------------------------------------------------

wrapping first mol.:       11.44886       16.19114       28.04387
wrapping first mol.:       11.44886       16.19114       28.04387

 NSTEP =    40500   TIME(PS) =      81.000  TEMP(K) =   296.76  PRESS =   567.5
 Etot   =     -7914.6579  EKtot   =      1809.8745  EPtot      =     -9724.5324
 BOND   =         0.7782  ANGLE   =        10.8390  DIHED      =         3.8861
 UB     =         0.0000  IMP     =         0.0000  CMAP       =        -0.2893
 1-4 NB =         3.9498  1-4 EEL =        45.7660  VDWAALS    =      1548.0440
 EELEC  =    -11341.7866  EHBOND  =         0.0000  RESTRAINT  =         4.2804
 EAMBER (non-restraint)  =     -9728.8128
 EKCMT  =       891.9002  VIRIAL  =       509.7548  VOLUME     =     31189.3812
                                                    Density    =         0.9803
 ------------------------------------------------------------------------------

wrapping first mol.:       11.44184       16.18120       28.02666
wrapping first mol.:       11.44184       16.18120       28.02666

 NSTEP =    41000   TIME(PS) =      82.000  TEMP(K) =   299.34  PRESS =    31.9
 Etot   =     -7917.3274  EKtot   =      1825.5735  EPtot      =     -9742.9008
 BOND   =         4.3004  ANGLE   =         9.6652  DIHED      =         3.1169
 UB     =         0.0000  IMP     =         0.0000  CMAP       =         0.2438
 1-4 NB =         1.9818  1-4 EEL =        42.4590  VDWAALS    =      1456.3636
 EELEC  =    -11264.0704  EHBOND  =         0.0000  RESTRAINT  =         3.0387
 EAMBER (non-restraint)  =     -9745.9396
 EKCMT  =       899.8010  VIRIAL  =       878.3511  VOLUME     =     31133.4854
                                                    Density    =         0.9821
 ------------------------------------------------------------------------------

wrapping first mol.:       11.45487       16.19963       28.05858
wrapping first mol.:       11.45487       16.19963       28.05858

 NSTEP =    41500   TIME(PS) =      83.000  TEMP(K) =   301.12  PRESS =  -133.9
 Etot   =     -7905.4414  EKtot   =      1836.4304  EPtot      =     -9741.8718
 BOND   =         4.9369  ANGLE   =         7.5003  DIHED      =         5.3419
 UB     =         0.0000  IMP     =         0.0000  CMAP       =         0.4528
 1-4 NB =         2.8171  1-4 EEL =        47.9756  VDWAALS    =      1441.8276
 EELEC  =    -11256.6670  EHBOND  =         0.0000  RESTRAINT  =         3.9429
 EAMBER (non-restraint)  =     -9745.8147
 EKCMT  =       922.6767  VIRIAL  =      1012.9687  VOLUME     =     31240.4588
                                                    Density    =         0.9787
 ------------------------------------------------------------------------------

wrapping first mol.:       11.43725       16.17471       28.01542
wrapping first mol.:       11.43725       16.17471       28.01542

 NSTEP =    42000   TIME(PS) =      84.000  TEMP(K) =   290.08  PRESS =  -160.6
 Etot   =     -7963.6747  EKtot   =      1769.1333  EPtot      =     -9732.8080
 BOND   =         5.8804  ANGLE   =         5.6218  DIHED      =         3.6669
 UB     =         0.0000  IMP     =         0.0000  CMAP       =         0.0909
 1-4 NB =         2.9668  1-4 EEL =        46.9716  VDWAALS    =      1414.8853
 EELEC  =    -11217.1797  EHBOND  =         0.0000  RESTRAINT  =         4.2880
 EAMBER (non-restraint)  =     -9737.0960
 EKCMT  =       891.2748  VIRIAL  =       999.1169  VOLUME     =     31096.5759
                                                    Density    =         0.9832
 ------------------------------------------------------------------------------

wrapping first mol.:       11.45110       16.19431       28.04936
wrapping first mol.:       11.45110       16.19431       28.04936

 NSTEP =    42500   TIME(PS) =      85.000  TEMP(K) =   298.38  PRESS =  -464.6
 Etot   =     -7923.9515  EKtot   =      1819.7352  EPtot      =     -9743.6867
 BOND   =         1.3789  ANGLE   =        10.0357  DIHED      =         3.4769
 UB     =         0.0000  IMP     =         0.0000  CMAP       =         0.1673
 1-4 NB =         3.4598  1-4 EEL =        48.5067  VDWAALS    =      1366.5093
 EELEC  =    -11179.6125  EHBOND  =         0.0000  RESTRAINT  =         2.3912
 EAMBER (non-restraint)  =     -9746.0779
 EKCMT  =       931.1418  VIRIAL  =      1244.2005  VOLUME     =     31210.5810
                                                    Density    =         0.9796
 ------------------------------------------------------------------------------

wrapping first mol.:       11.44351       16.18357       28.03076
wrapping first mol.:       11.44351       16.18357       28.03076

 NSTEP =    43000   TIME(PS) =      86.000  TEMP(K) =   304.56  PRESS =   615.8
 Etot   =     -7915.1071  EKtot   =      1857.4441  EPtot      =     -9772.5512
 BOND   =         1.2852  ANGLE   =        14.0835  DIHED      =         6.4033
 UB     =         0.0000  IMP     =         0.0000  CMAP       =        -0.7786
 1-4 NB =         4.2843  1-4 EEL =        45.8681  VDWAALS    =      1545.1608
 EELEC  =    -11392.4619  EHBOND  =         0.0000  RESTRAINT  =         3.6042
 EAMBER (non-restraint)  =     -9776.1554
 EKCMT  =       950.0535  VIRIAL  =       535.9650  VOLUME     =     31145.5395
                                                    Density    =         0.9817
 ------------------------------------------------------------------------------

wrapping first mol.:       11.43711       16.17452       28.01509
wrapping first mol.:       11.43711       16.17452       28.01509

 NSTEP =    43500   TIME(PS) =      87.000  TEMP(K) =   306.08  PRESS =  -205.1
 Etot   =     -7810.7515  EKtot   =      1866.6614  EPtot      =     -9677.4129
 BOND   =         5.5905  ANGLE   =         5.8273  DIHED      =         5.2149
 UB     =         0.0000  IMP     =         0.0000  CMAP       =        -0.2841
 1-4 NB =         3.2016  1-4 EEL =        44.1989  VDWAALS    =      1411.5658
 EELEC  =    -11157.0773  EHBOND  =         0.0000  RESTRAINT  =         4.3495
 EAMBER (non-restraint)  =     -9681.7624
 EKCMT  =       909.4517  VIRIAL  =      1047.1470  VOLUME     =     31095.6008
                                                    Density    =         0.9833
 ------------------------------------------------------------------------------

wrapping first mol.:       11.43572       16.17255       28.01167
wrapping first mol.:       11.43572       16.17255       28.01167

 NSTEP =    44000   TIME(PS) =      88.000  TEMP(K) =   304.69  PRESS =    -7.6
 Etot   =     -7901.3230  EKtot   =      1858.1829  EPtot      =     -9759.5059
 BOND   =         1.8202  ANGLE   =        10.3882  DIHED      =         6.8736
 UB     =         0.0000  IMP     =         0.0000  CMAP       =        -0.8715
 1-4 NB =         2.6157  1-4 EEL =        45.4418  VDWAALS    =      1454.9870
 EELEC  =    -11286.4754  EHBOND  =         0.0000  RESTRAINT  =         5.7145
 EAMBER (non-restraint)  =     -9765.2204
 EKCMT  =       921.3753  VIRIAL  =       926.4633  VOLUME     =     31083.6870
                                                    Density    =         0.9836
 ------------------------------------------------------------------------------

wrapping first mol.:       11.44135       16.18051       28.02547
wrapping first mol.:       11.44135       16.18051       28.02547

 NSTEP =    44500   TIME(PS) =      89.000  TEMP(K) =   298.98  PRESS =   248.5
 Etot   =     -7879.9968  EKtot   =      1823.4014  EPtot      =     -9703.3981
 BOND   =         2.9512  ANGLE   =        11.4887  DIHED      =         5.9647
 UB     =         0.0000  IMP     =         0.0000  CMAP       =        -0.1317
 1-4 NB =         3.1864  1-4 EEL =        45.8452  VDWAALS    =      1464.3241
 EELEC  =    -11240.3384  EHBOND  =         0.0000  RESTRAINT  =         3.3118
 EAMBER (non-restraint)  =     -9706.7099
 EKCMT  =       915.7155  VIRIAL  =       748.7255  VOLUME     =     31128.9108
                                                    Density    =         0.9822
 ------------------------------------------------------------------------------

wrapping first mol.:       11.44598       16.18707       28.03682
wrapping first mol.:       11.44598       16.18707       28.03682

 NSTEP =    45000   TIME(PS) =      90.000  TEMP(K) =   301.18  PRESS =  -125.5
 Etot   =     -7873.0919  EKtot   =      1836.8153  EPtot      =     -9709.9072
 BOND   =         2.9795  ANGLE   =         7.3565  DIHED      =         4.0497
 UB     =         0.0000  IMP     =         0.0000  CMAP       =         0.0905
 1-4 NB =         3.3675  1-4 EEL =        45.8671  VDWAALS    =      1432.4168
 EELEC  =    -11211.3234  EHBOND  =         0.0000  RESTRAINT  =         5.2887
 EAMBER (non-restraint)  =     -9715.1959
 EKCMT  =       920.1450  VIRIAL  =      1004.5698  VOLUME     =     31167.7901
                                                    Density    =         0.9810
 ------------------------------------------------------------------------------

wrapping first mol.:       11.43199       16.16728       28.00255
wrapping first mol.:       11.43199       16.16728       28.00255

 NSTEP =    45500   TIME(PS) =      91.000  TEMP(K) =   292.85  PRESS =   228.8
 Etot   =     -7905.5650  EKtot   =      1785.9719  EPtot      =     -9691.5369
 BOND   =         1.1370  ANGLE   =         8.8966  DIHED      =         4.8770
 UB     =         0.0000  IMP     =         0.0000  CMAP       =         0.0430
 1-4 NB =         2.5089  1-4 EEL =        48.7675  VDWAALS    =      1442.4277
 EELEC  =    -11203.6206  EHBOND  =         0.0000  RESTRAINT  =         3.4259
 EAMBER (non-restraint)  =     -9694.9628
 EKCMT  =       907.0145  VIRIAL  =       753.6292  VOLUME     =     31052.6602
                                                    Density    =         0.9846
 ------------------------------------------------------------------------------

wrapping first mol.:       11.44181       16.18116       28.02658
wrapping first mol.:       11.44181       16.18116       28.02658

 NSTEP =    46000   TIME(PS) =      92.000  TEMP(K) =   309.50  PRESS =  -247.1
 Etot   =     -7844.8597  EKtot   =      1887.5747  EPtot      =     -9732.4344
 BOND   =         3.1137  ANGLE   =         7.8888  DIHED      =         4.5635
 UB     =         0.0000  IMP     =         0.0000  CMAP       =         0.2982
 1-4 NB =         2.1143  1-4 EEL =        46.9740  VDWAALS    =      1414.3830
 EELEC  =    -11215.4611  EHBOND  =         0.0000  RESTRAINT  =         3.6912
 EAMBER (non-restraint)  =     -9736.1256
 EKCMT  =       918.4783  VIRIAL  =      1084.5994  VOLUME     =     31134.0113
                                                    Density    =         0.9820
 ------------------------------------------------------------------------------

wrapping first mol.:       11.42283       16.15432       27.98011
wrapping first mol.:       11.42283       16.15432       27.98011

 NSTEP =    46500   TIME(PS) =      93.000  TEMP(K) =   297.34  PRESS =   162.6
 Etot   =     -7861.4952  EKtot   =      1813.3923  EPtot      =     -9674.8875
 BOND   =         6.3773  ANGLE   =         8.0616  DIHED      =         4.1768
 UB     =         0.0000  IMP     =         0.0000  CMAP       =         0.6248
 1-4 NB =         2.9941  1-4 EEL =        47.2991  VDWAALS    =      1441.6106
 EELEC  =    -11190.0680  EHBOND  =         0.0000  RESTRAINT  =         4.0363
 EAMBER (non-restraint)  =     -9678.9238
 EKCMT  =       894.9125  VIRIAL  =       786.1377  VOLUME     =     30978.2503
                                                    Density    =         0.9870
 ------------------------------------------------------------------------------

wrapping first mol.:       11.43809       16.17591       28.01749
wrapping first mol.:       11.43809       16.17591       28.01749

 NSTEP =    47000   TIME(PS) =      94.000  TEMP(K) =   302.23  PRESS =   188.0
 Etot   =     -7844.4055  EKtot   =      1843.2161  EPtot      =     -9687.6216
 BOND   =         4.5241  ANGLE   =        10.6770  DIHED      =         3.3954
 UB     =         0.0000  IMP     =         0.0000  CMAP       =        -0.9741
 1-4 NB =         2.5620  1-4 EEL =        45.2170  VDWAALS    =      1450.7609
 EELEC  =    -11207.4241  EHBOND  =         0.0000  RESTRAINT  =         3.6401
 EAMBER (non-restraint)  =     -9691.2617
 EKCMT  =       908.8811  VIRIAL  =       782.6619  VOLUME     =     31102.4996
                                                    Density    =         0.9830
 ------------------------------------------------------------------------------

wrapping first mol.:       11.45005       16.19281       28.04676
wrapping first mol.:       11.45005       16.19281       28.04676

 NSTEP =    47500   TIME(PS) =      95.000  TEMP(K) =   300.93  PRESS =   142.1
 Etot   =     -7816.3134  EKtot   =      1835.2965  EPtot      =     -9651.6099
 BOND   =         2.5562  ANGLE   =        10.8622  DIHED      =         3.5509
 UB     =         0.0000  IMP     =         0.0000  CMAP       =         0.2315
 1-4 NB =         2.8826  1-4 EEL =        49.5881  VDWAALS    =      1429.0725
 EELEC  =    -11153.9188  EHBOND  =         0.0000  RESTRAINT  =         3.5649
 EAMBER (non-restraint)  =     -9655.1748
 EKCMT  =       918.9469  VIRIAL  =       823.2292  VOLUME     =     31200.2313
                                                    Density    =         0.9800
 ------------------------------------------------------------------------------

wrapping first mol.:       11.44292       16.18273       28.02931
wrapping first mol.:       11.44292       16.18273       28.02931

 NSTEP =    48000   TIME(PS) =      96.000  TEMP(K) =   309.88  PRESS =  -192.9
 Etot   =     -7855.8663  EKtot   =      1889.8392  EPtot      =     -9745.7055
 BOND   =         2.4987  ANGLE   =        11.4021  DIHED      =         3.8188
 UB     =         0.0000  IMP     =         0.0000  CMAP       =         0.1316
 1-4 NB =         3.8121  1-4 EEL =        45.9350  VDWAALS    =      1427.2744
 EELEC  =    -11245.4288  EHBOND  =         0.0000  RESTRAINT  =         4.8504
 EAMBER (non-restraint)  =     -9750.5560
 EKCMT  =       949.3314  VIRIAL  =      1079.0421  VOLUME     =     31142.9387
                                                    Density    =         0.9818
 ------------------------------------------------------------------------------

wrapping first mol.:       11.48932       16.24834       28.14296
wrapping first mol.:       11.48932       16.24834       28.14296

 NSTEP =    48500   TIME(PS) =      97.000  TEMP(K) =   310.19  PRESS =    71.3
 Etot   =     -7754.4608  EKtot   =      1891.7329  EPtot      =     -9646.1937
 BOND   =         3.8221  ANGLE   =         7.9891  DIHED      =         3.9379
 UB     =         0.0000  IMP     =         0.0000  CMAP       =        -0.4502
 1-4 NB =         3.1669  1-4 EEL =        44.9650  VDWAALS    =      1440.6676
 EELEC  =    -11152.7542  EHBOND  =         0.0000  RESTRAINT  =         2.4619
 EAMBER (non-restraint)  =     -9648.6556
 EKCMT  =       935.6129  VIRIAL  =       887.0788  VOLUME     =     31522.5533
                                                    Density    =         0.9699
 ------------------------------------------------------------------------------

wrapping first mol.:       11.46866       16.21914       28.09237
wrapping first mol.:       11.46866       16.21914       28.09237

 NSTEP =    49000   TIME(PS) =      98.000  TEMP(K) =   304.71  PRESS =    73.5
 Etot   =     -7807.6905  EKtot   =      1858.3521  EPtot      =     -9666.0426
 BOND   =         4.0880  ANGLE   =        14.6166  DIHED      =         3.6705
 UB     =         0.0000  IMP     =         0.0000  CMAP       =        -0.2941
 1-4 NB =         2.6065  1-4 EEL =        47.4626  VDWAALS    =      1463.3113
 EELEC  =    -11207.6503  EHBOND  =         0.0000  RESTRAINT  =         6.1464
 EAMBER (non-restraint)  =     -9672.1890
 EKCMT  =       951.0995  VIRIAL  =       901.3458  VOLUME     =     31352.8533
                                                    Density    =         0.9752
 ------------------------------------------------------------------------------

wrapping first mol.:       11.44709       16.18863       28.03953
wrapping first mol.:       11.44709       16.18863       28.03953

 NSTEP =    49500   TIME(PS) =      99.000  TEMP(K) =   301.45  PRESS =    78.8
 Etot   =     -7835.3946  EKtot   =      1838.4617  EPtot      =     -9673.8563
 BOND   =         2.3984  ANGLE   =        15.0977  DIHED      =         3.8328
 UB     =         0.0000  IMP     =         0.0000  CMAP       =        -0.2749
 1-4 NB =         2.1671  1-4 EEL =        46.7053  VDWAALS    =      1426.3592
 EELEC  =    -11173.4749  EHBOND  =         0.0000  RESTRAINT  =         3.3331
 EAMBER (non-restraint)  =     -9677.1894
 EKCMT  =       917.7642  VIRIAL  =       864.6904  VOLUME     =     31176.2795
                                                    Density    =         0.9807
 ------------------------------------------------------------------------------

wrapping first mol.:       11.47229       16.22427       28.10126
wrapping first mol.:       11.47229       16.22427       28.10126

 NSTEP =    50000   TIME(PS) =     100.000  TEMP(K) =   295.81  PRESS =  -125.4
 Etot   =     -7871.4600  EKtot   =      1804.0703  EPtot      =     -9675.5303
 BOND   =         3.3777  ANGLE   =         9.6421  DIHED      =         6.5582
 UB     =         0.0000  IMP     =         0.0000  CMAP       =        -0.4623
 1-4 NB =         3.8881  1-4 EEL =        46.6482  VDWAALS    =      1422.0433
 EELEC  =    -11171.9093  EHBOND  =         0.0000  RESTRAINT  =         4.6837
 EAMBER (non-restraint)  =     -9680.2140
 EKCMT  =       908.4629  VIRIAL  =       993.4416  VOLUME     =     31383.1936
                                                    Density    =         0.9742
 ------------------------------------------------------------------------------


      A V E R A G E S   O V E R     100 S T E P S


 NSTEP =    50000   TIME(PS) =     100.000  TEMP(K) =   300.42  PRESS =    44.9
 Etot   =     -7874.3019  EKtot   =      1832.1790  EPtot      =     -9706.4809
 BOND   =         3.3677  ANGLE   =         8.8660  DIHED      =         4.3836
 UB     =         0.0000  IMP     =         0.0000  CMAP       =         0.0048
 1-4 NB =         3.1818  1-4 EEL =        45.8811  VDWAALS    =      1441.0605
 EELEC  =    -11217.0073  EHBOND  =         0.0000  RESTRAINT  =         3.7809
 EAMBER (non-restraint)  =     -9710.2619
 EKCMT  =       911.4266  VIRIAL  =       881.3108  VOLUME     =     31089.5253
                                                    Density    =         0.9835
 ------------------------------------------------------------------------------


      R M S  F L U C T U A T I O N S


 NSTEP =    50000   TIME(PS) =     100.000  TEMP(K) =     5.58  PRESS =   299.3
 Etot   =        65.1800  EKtot   =        34.0289  EPtot      =        53.0535
 BOND   =         1.5341  ANGLE   =         2.5586  DIHED      =         0.9720
 UB     =         0.0000  IMP     =         0.0000  CMAP       =         0.4506
 1-4 NB =         0.7684  1-4 EEL =         1.7720  VDWAALS    =        46.5709
 EELEC  =        83.9260  EHBOND  =         0.0000  RESTRAINT  =         1.2187
 EAMBER (non-restraint)  =        51.8348
 EKCMT  =        22.9752  VIRIAL  =       200.6142  VOLUME     =       136.7814
                                                    Density    =         0.0043
 ------------------------------------------------------------------------------

--------------------------------------------------------------------------------
   5.  TIMINGS
--------------------------------------------------------------------------------

|  NonSetup CPU Time in Major Routines:
|
|     Routine           Sec        %
|     ------------------------------
|     Nonbond           8.75   74.54
|     Bond              0.00    0.00
|     Angle             0.00    0.00
|     Dihedral          0.00    0.00
|     Shake             0.16    1.35
|     RunMD             2.75   23.43
|     Other             0.08    0.68
|     ------------------------------
|     Total            11.74

|  PME Nonbond Pairlist CPU Time:
|
|     Routine              Sec        %
|     ---------------------------------
|     Set Up Cit           0.00    0.00
|     Build List           0.00    0.00
|     ---------------------------------
|     Total                0.00    0.00

|  PME Direct Force CPU Time:
|
|     Routine              Sec        %
|     ---------------------------------
|     NonBonded Calc       0.00    0.00
|     Exclude Masked       0.00    0.00
|     Other                0.05    0.44
|     ---------------------------------
|     Total                0.05    0.44

|  PME Reciprocal Force CPU Time:
|
|     Routine              Sec        %
|     ---------------------------------
|     1D bspline           0.00    0.00
|     Grid Charges         0.00    0.00
|     Scalar Sum           0.00    0.00
|     Gradient Sum         0.00    0.00
|     FFT                  0.00    0.00
|     ---------------------------------
|     Total                0.00    0.00

|  Final Performance Info:
|     -----------------------------------------------------
|     Average timings for last   50000 steps:
|     Elapsed(s) =      11.78 Per Step(ms) =       0.24
|         ns/day =     733.60   seconds/ns =     117.77
|
|     Average timings for all steps:
|     Elapsed(s) =      11.78 Per Step(ms) =       0.24
|         ns/day =     733.60   seconds/ns =     117.77
|     -----------------------------------------------------

|  Setup CPU time:            0.19 seconds
|  NonSetup CPU time:        11.74 seconds
|  Total CPU time:           11.93 seconds     0.00 hours

|  Setup wall time:           0    seconds
|  NonSetup wall time:       12    seconds
|  Total wall time:          12    seconds     0.00 hours
