
          -------------------------------------------------------
          Amber 24 PMEMD                              2024
          -------------------------------------------------------

| PMEMD implementation of SANDER, Release 24

|  Compiled date/time: Wed Aug 21 09:34:12 2024
| Run on 06/01/2026 at 23:20:43

|   Executable path: pmemd.cuda
| Working directory: /localscratch/kbui/NexusMol/examples
|          Hostname: Unknown
  [-O]verwriting output

File Assignments:
|   MDIN: /localscratch/kbui/NexusMol/examples/artifacts/AMBER_DiAla/eq6.in     
|  MDOUT: /localscratch/kbui/NexusMol/examples/artifacts/AMBER_DiAla/eq6.out    
| INPCRD: /localscratch/kbui/NexusMol/examples/artifacts/AMBER_DiAla/eq5.ncrst  
|   PARM: /localscratch/kbui/NexusMol/examples/ALA.prmtop                       
| RESTRT: /localscratch/kbui/NexusMol/examples/artifacts/AMBER_DiAla/eq6.ncrst  
|   REFC: /localscratch/kbui/NexusMol/examples/artifacts/AMBER_DiAla/eq5.ncrst  
|  MDVEL: mdvel                                                                 
|   MDEN: mden                                                                  
|  MDCRD: /localscratch/kbui/NexusMol/examples/artifacts/AMBER_DiAla/eq6.nc     
| MDINFO: /localscratch/kbui/NexusMol/examples/artifacts/AMBER_DiAla/eq6.info   
|  MDFRC: mdfrc                                                                 


 Here is the input file:

Equilibration                                                                  
&cntrl                                                                         
 imin=0, irest=0, ntx=1,                                                       
 ntpr=500, ntwx=500, ntwr=500, nstlim=50000,                                   
 dt=0.002, ntt=3, tempi=300.0,                                                 
 temp0=300.0, gamma_ln=1.0, ig=-1,                                             
 ntp=1, ntc=2, ntf=2, cut=10.0,                                                
 ntb=2, iwrap=1, ioutfm=1,                                                     
 ntr=1, restraint_wt=0.1, restraintmask=':1-3'                                 
/                                                                              


Note: ig = -1. Setting random seed to   350960 based on wallclock time in 
      microseconds.
| irandom = 1, using AMBER's internal random number generator (default).
 
|--------------------- INFORMATION ----------------------
| GPU (CUDA) Version of PMEMD in use: NVIDIA GPU IN USE.
|                    Version 18.0.0
| 
|                      03/25/2018
| 
| Implementation by:
|                    Ross C. Walker     (SDSC)
|                    Scott Le Grand     (nVIDIA)
| 
| Version 18 performance extensions by:
|                    David Cerutti     (Rutgers)
| 
| Precision model in use:
|      [SPFP] - Single Precision Forces, 64-bit Fixed Point
|               Accumulation. (Default)
| 
|--------------------------------------------------------
 
|----------------- CITATION INFORMATION -----------------
|
|    When publishing work that utilized the CUDA version
|    of AMBER, please cite the following in addition to
|    the regular AMBER citations:
|
|  - Romelia Salomon-Ferrer; Andreas W. Goetz; Duncan
|    Poole; Scott Le Grand; Ross C. Walker "Routine
|    microsecond molecular dynamics simulations with
|    AMBER - Part II: Particle Mesh Ewald", J. Chem.
|    Theory Comput., 2013, 9 (9), pp3878-3888,
|    DOI: 10.1021/ct400314y.
|
|  - Andreas W. Goetz; Mark J. Williamson; Dong Xu;
|    Duncan Poole; Scott Le Grand; Ross C. Walker
|    "Routine microsecond molecular dynamics simulations
|    with AMBER - Part I: Generalized Born", J. Chem.
|    Theory Comput., 2012, 8 (5), pp1542-1555.
|
|  - Scott Le Grand; Andreas W. Goetz; Ross C. Walker
|    "SPFP: Speed without compromise - a mixed precision
|    model for GPU accelerated molecular dynamics
|    simulations.", Comp. Phys. Comm., 2013, 184
|    pp374-380, DOI: 10.1016/j.cpc.2012.09.022
|
|--------------------------------------------------------
 
|------------------- GPU DEVICE INFO --------------------
|
|            CUDA_VISIBLE_DEVICES: not set
|   CUDA Capable Devices Detected:      1
|           CUDA Device ID in use:      0
|                CUDA Device Name: NVIDIA GeForce RTX 4090
|     CUDA Device Global Mem Size:  24079 MB
| CUDA Device Num Multiprocessors:    128
|           CUDA Device Core Freq:   2.62 GHz
|
|--------------------------------------------------------
 
 
| Conditional Compilation Defines Used:
| PUBFFT
| BINTRAJ
| CUDA
| EMIL

| Largest sphere to fit in unit cell has radius =    13.974

| New format PARM file being parsed.
| Version =    1.000 Date = 03/28/26 Time = 21:23:47

| Note: 1-4 EEL scale factors are being read from the topology file.

| Note: 1-4 VDW scale factors are being read from the topology file.
| Duplicated    0 dihedrals

| Duplicated    0 dihedrals

--------------------------------------------------------------------------------
   1.  RESOURCE   USE: 
--------------------------------------------------------------------------------

 getting box info from netcdf restart file
 NATOM  =    3064 NTYPES =       9 NBONH =    3054 MBONA  =       9
 NTHETH =      25 MTHETA =      11 NPHIH =      43 MPHIA  =      24
 NHPARM =       0 NPARM  =       0 NNB   =    4155 NRES   =    1017
 NBONA  =       9 NTHETA =      11 NPHIA =      24 NUMBND =      13
 NUMANG =      21 NPTRA  =      14 NATYP =      10 NPHB   =       0
 IFBOX  =       2 NMXRS  =      10 IFCAP =       0 NEXTRA =       0
 NCOPY  =       0

| Coordinate Index Table dimensions:     5    5    5
| Direct force subcell size =     6.8461    6.8461    6.8461

     BOX TYPE: TRUNCATED OCTAHEDRON

--------------------------------------------------------------------------------
   2.  CONTROL  DATA  FOR  THE  RUN
--------------------------------------------------------------------------------

ACE                                                                             

General flags:
     imin    =       0, nmropt  =       0

Nature and format of input:
     ntx     =       1, irest   =       0, ntrx    =       1

Nature and format of output:
     ntxo    =       2, ntpr    =     500, ntrx    =       1, ntwr    =     500
     iwrap   =       1, ntwx    =     500, ntwv    =       0, ntwe    =       0
     ioutfm  =       1, ntwprt  =       0, idecomp =       0, rbornstat=      0

Potential function:
     ntf     =       2, ntb     =       2, igb     =       0, nsnb    =      25
     ipol    =       0, gbsa    =       0, iesp    =       0
     dielc   =   1.00000, cut     =  10.00000, intdiel =   1.00000

Frozen or restrained atoms:
     ibelly  =       0, ntr     =       1
     restraint_wt =   0.10000

Molecular dynamics:
     nstlim  =     50000, nscm    =         0, nrespa  =         1
     t       =   0.00000, dt      =   0.00200, vlimit  =  -1.00000

Langevin dynamics temperature regulation:
     ig      =  350960
     temp0   = 300.00000, tempi   = 300.00000, gamma_ln=   1.00000

Pressure regulation:
     ntp     =       1
     pres0   =   1.00000, comp    =  44.60000, taup    =   1.00000

SHAKE:
     ntc     =       2, jfastw  =       0
     tol     =   0.00001

| Intermolecular bonds treatment:
|     no_intermolecular_bonds =       1

| Energy averages sample interval:
|     ene_avg_sampling =     500

Ewald parameters:
     verbose =       0, ew_type =       0, nbflag  =       1, use_pme =       1
     vdwmeth =       1, eedmeth =       1, netfrc  =       1
     Box X =   34.230   Box Y =   34.230   Box Z =   34.230
     Alpha =  109.471   Beta  =  109.471   Gamma =  109.471
     NFFT1 =   36       NFFT2 =   36       NFFT3 =   36
     Cutoff=   10.000   Tol   =0.100E-04
     Ewald Coefficient =  0.27511
     Interpolation order =    4

    LOADING THE CONSTRAINED ATOMS AS GROUPS


   5.  REFERENCE ATOM COORDINATES

  ACE                                                                             
     Mask :1-3; matches    22 atoms

--------------------------------------------------------------------------------
   3.  ATOMIC COORDINATES AND VELOCITIES
--------------------------------------------------------------------------------

ACE                                                                             
 begin time read from input coords =   100.000 ps

 
 Number of triangulated 3-point waters found:     1014

     Sum of charges from parm topology file =  -0.00000000
     Forcing neutrality...

| Dynamic Memory, Types Used:
| Reals              277614
| Integers            95816

| Nonbonded Pairs Initial Allocation:      926783

| GPU memory information (estimate):
| KB of GPU memory in use:     40901
| KB of CPU memory in use:     12785

--------------------------------------------------------------------------------
   4.  RESULTS
--------------------------------------------------------------------------------


 NSTEP =        0   TIME(PS) =       0.000  TEMP(K) =   451.60  PRESS =  -579.9
 Etot   =     -7095.8680  EKtot   =      2754.1443  EPtot      =     -9850.0123
 BOND   =         1.4727  ANGLE   =         7.9843  DIHED      =         4.8380
 UB     =         0.0000  IMP     =         0.0000  CMAP       =        -0.5661
 1-4 NB =         3.3589  1-4 EEL =        49.0101  VDWAALS    =      1394.6034
 EELEC  =    -11310.7137  EHBOND  =         0.0000  RESTRAINT  =         0.0000
 EKCMT  =       917.1795  VIRIAL  =      1303.7907  VOLUME     =     30875.1947
                                                    Density    =         0.9903
 ------------------------------------------------------------------------------

wrapping first mol.:       11.42112       16.15191       27.97592
wrapping first mol.:       11.42112       16.15191       27.97592

 NSTEP =      500   TIME(PS) =       1.000  TEMP(K) =   293.24  PRESS =   408.4
 Etot   =     -7968.8047  EKtot   =      1788.3547  EPtot      =     -9757.1594
 BOND   =         1.0278  ANGLE   =         7.9738  DIHED      =         5.9390
 UB     =         0.0000  IMP     =         0.0000  CMAP       =        -0.6445
 1-4 NB =         4.4438  1-4 EEL =        48.5882  VDWAALS    =      1509.9840
 EELEC  =    -11335.0772  EHBOND  =         0.0000  RESTRAINT  =         0.6056
 EAMBER (non-restraint)  =     -9757.7650
 EKCMT  =       899.9209  VIRIAL  =       626.8656  VOLUME     =     30963.6719
                                                    Density    =         0.9874
 ------------------------------------------------------------------------------

wrapping first mol.:       11.44277       16.18251       28.02893
wrapping first mol.:       11.44277       16.18251       28.02893

 NSTEP =     1000   TIME(PS) =       2.000  TEMP(K) =   298.01  PRESS =   214.6
 Etot   =     -7888.5156  EKtot   =      1817.4788  EPtot      =     -9705.9944
 BOND   =         4.5252  ANGLE   =         9.4820  DIHED      =         5.9096
 UB     =         0.0000  IMP     =         0.0000  CMAP       =         0.1197
 1-4 NB =         4.0233  1-4 EEL =        49.4537  VDWAALS    =      1466.4308
 EELEC  =    -11247.1321  EHBOND  =         0.0000  RESTRAINT  =         1.1935
 EAMBER (non-restraint)  =     -9707.1878
 EKCMT  =       929.0046  VIRIAL  =       784.7255  VOLUME     =     31140.5633
                                                    Density    =         0.9818
 ------------------------------------------------------------------------------

wrapping first mol.:       11.43872       16.17679       28.01902
wrapping first mol.:       11.43872       16.17679       28.01902

 NSTEP =     1500   TIME(PS) =       3.000  TEMP(K) =   298.65  PRESS =   245.0
 Etot   =     -7963.3113  EKtot   =      1821.3943  EPtot      =     -9784.7056
 BOND   =         2.0575  ANGLE   =         9.8407  DIHED      =         3.1172
 UB     =         0.0000  IMP     =         0.0000  CMAP       =        -0.4591
 1-4 NB =         3.5026  1-4 EEL =        41.8835  VDWAALS    =      1498.7156
 EELEC  =    -11345.9019  EHBOND  =         0.0000  RESTRAINT  =         2.5383
 EAMBER (non-restraint)  =     -9787.2439
 EKCMT  =       879.5159  VIRIAL  =       714.9710  VOLUME     =     31107.4482
                                                    Density    =         0.9829
 ------------------------------------------------------------------------------

wrapping first mol.:      -22.85460       16.16064       27.99105
wrapping first mol.:      -22.85460       16.16064       27.99105

 NSTEP =     2000   TIME(PS) =       4.000  TEMP(K) =   292.90  PRESS =   -72.0
 Etot   =     -7962.5510  EKtot   =      1786.2975  EPtot      =     -9748.8484
 BOND   =         4.8060  ANGLE   =         7.6570  DIHED      =         3.7969
 UB     =         0.0000  IMP     =         0.0000  CMAP       =        -0.1095
 1-4 NB =         4.2664  1-4 EEL =        44.7842  VDWAALS    =      1457.7831
 EELEC  =    -11274.8836  EHBOND  =         0.0000  RESTRAINT  =         3.0512
 EAMBER (non-restraint)  =     -9751.8996
 EKCMT  =       869.4649  VIRIAL  =       917.6587  VOLUME     =     31015.2709
                                                    Density    =         0.9858
 ------------------------------------------------------------------------------

wrapping first mol.:      -22.77717       16.10589       27.89622
wrapping first mol.:      -22.77717       16.10589       27.89622

 NSTEP =     2500   TIME(PS) =       5.000  TEMP(K) =   298.43  PRESS =  -170.1
 Etot   =     -7927.5646  EKtot   =      1820.0308  EPtot      =     -9747.5954
 BOND   =         1.3371  ANGLE   =         9.4145  DIHED      =         5.2937
 UB     =         0.0000  IMP     =         0.0000  CMAP       =        -1.0577
 1-4 NB =         3.0669  1-4 EEL =        47.3598  VDWAALS    =      1403.3592
 EELEC  =    -11219.1972  EHBOND  =         0.0000  RESTRAINT  =         2.8283
 EAMBER (non-restraint)  =     -9750.4237
 EKCMT  =       907.5389  VIRIAL  =      1020.3100  VOLUME     =     30701.3796
                                                    Density    =         0.9959
 ------------------------------------------------------------------------------

wrapping first mol.:       11.39437       16.11407       27.91039
wrapping first mol.:       11.39437       16.11407       27.91039

 NSTEP =     3000   TIME(PS) =       6.000  TEMP(K) =   302.86  PRESS =  -329.3
 Etot   =     -7896.7783  EKtot   =      1847.0430  EPtot      =     -9743.8212
 BOND   =         1.5329  ANGLE   =        11.0943  DIHED      =         3.7723
 UB     =         0.0000  IMP     =         0.0000  CMAP       =        -0.5551
 1-4 NB =         4.0545  1-4 EEL =        44.8071  VDWAALS    =      1387.8907
 EELEC  =    -11199.6754  EHBOND  =         0.0000  RESTRAINT  =         3.2575
 EAMBER (non-restraint)  =     -9747.0787
 EKCMT  =       929.2742  VIRIAL  =      1147.8779  VOLUME     =     30748.6012
                                                    Density    =         0.9944
 ------------------------------------------------------------------------------

wrapping first mol.:       11.39925       16.12098       27.92235
wrapping first mol.:       11.39925       16.12098       27.92235

 NSTEP =     3500   TIME(PS) =       7.000  TEMP(K) =   297.22  PRESS =   339.3
 Etot   =     -7851.5575  EKtot   =      1812.6270  EPtot      =     -9664.1844
 BOND   =         1.5604  ANGLE   =         7.9883  DIHED      =         3.4584
 UB     =         0.0000  IMP     =         0.0000  CMAP       =        -0.6089
 1-4 NB =         2.6066  1-4 EEL =        45.5400  VDWAALS    =      1446.7197
 EELEC  =    -11176.4509  EHBOND  =         0.0000  RESTRAINT  =         5.0021
 EAMBER (non-restraint)  =     -9669.1865
 EKCMT  =       921.7665  VIRIAL  =       696.1966  VOLUME     =     30786.3052
                                                    Density    =         0.9931
 ------------------------------------------------------------------------------

wrapping first mol.:       11.41654       16.14542       27.96469
wrapping first mol.:       11.41654       16.14542       27.96469

 NSTEP =     4000   TIME(PS) =       8.000  TEMP(K) =   303.73  PRESS =  -300.9
 Etot   =     -7826.9040  EKtot   =      1852.3650  EPtot      =     -9679.2690
 BOND   =         2.4753  ANGLE   =         8.0526  DIHED      =         4.1351
 UB     =         0.0000  IMP     =         0.0000  CMAP       =        -0.1567
 1-4 NB =         5.7484  1-4 EEL =        50.4532  VDWAALS    =      1367.4414
 EELEC  =    -11119.2523  EHBOND  =         0.0000  RESTRAINT  =         1.8339
 EAMBER (non-restraint)  =     -9681.1030
 EKCMT  =       889.7535  VIRIAL  =      1090.6895  VOLUME     =     30928.3579
                                                    Density    =         0.9886
 ------------------------------------------------------------------------------

wrapping first mol.:       11.43672       16.17396       28.01412
wrapping first mol.:       11.43672       16.17396       28.01412

 NSTEP =     4500   TIME(PS) =       9.000  TEMP(K) =   292.37  PRESS =   186.1
 Etot   =     -7915.0901  EKtot   =      1783.0444  EPtot      =     -9698.1345
 BOND   =         3.8432  ANGLE   =        11.3270  DIHED      =         5.3350
 UB     =         0.0000  IMP     =         0.0000  CMAP       =        -0.7979
 1-4 NB =         2.0257  1-4 EEL =        47.7289  VDWAALS    =      1447.5255
 EELEC  =    -11217.0432  EHBOND  =         0.0000  RESTRAINT  =         1.9213
 EAMBER (non-restraint)  =     -9700.0558
 EKCMT  =       878.6120  VIRIAL  =       753.6634  VOLUME     =     31091.3029
                                                    Density    =         0.9834
 ------------------------------------------------------------------------------

wrapping first mol.:       11.44642       16.18768       28.03789
wrapping first mol.:       11.44642       16.18768       28.03789

 NSTEP =     5000   TIME(PS) =      10.000  TEMP(K) =   295.23  PRESS =  -302.2
 Etot   =     -7931.9477  EKtot   =      1800.4988  EPtot      =     -9732.4465
 BOND   =         0.8062  ANGLE   =         6.5823  DIHED      =         5.4122
 UB     =         0.0000  IMP     =         0.0000  CMAP       =         0.1672
 1-4 NB =         3.5845  1-4 EEL =        49.1708  VDWAALS    =      1414.4087
 EELEC  =    -11216.6419  EHBOND  =         0.0000  RESTRAINT  =         4.0635
 EAMBER (non-restraint)  =     -9736.5100
 EKCMT  =       868.9367  VIRIAL  =      1072.3626  VOLUME     =     31171.8576
                                                    Density    =         0.9809
 ------------------------------------------------------------------------------

wrapping first mol.:       11.41051       16.13689       27.94991
wrapping first mol.:       11.41051       16.13689       27.94991

 NSTEP =     5500   TIME(PS) =      11.000  TEMP(K) =   288.34  PRESS =   -90.0
 Etot   =     -8040.9577  EKtot   =      1758.5074  EPtot      =     -9799.4651
 BOND   =         1.3163  ANGLE   =         7.8453  DIHED      =         4.2424
 UB     =         0.0000  IMP     =         0.0000  CMAP       =        -0.0721
 1-4 NB =         2.5850  1-4 EEL =        47.3317  VDWAALS    =      1451.7321
 EELEC  =    -11317.8548  EHBOND  =         0.0000  RESTRAINT  =         3.4090
 EAMBER (non-restraint)  =     -9802.8741
 EKCMT  =       869.1296  VIRIAL  =       929.1204  VOLUME     =     30878.7660
                                                    Density    =         0.9902
 ------------------------------------------------------------------------------

wrapping first mol.:       11.42146       16.15239       27.97675
wrapping first mol.:       11.42146       16.15239       27.97675

 NSTEP =     6000   TIME(PS) =      12.000  TEMP(K) =   298.35  PRESS =  -192.4
 Etot   =     -7928.7342  EKtot   =      1819.5190  EPtot      =     -9748.2533
 BOND   =         1.9701  ANGLE   =         8.8782  DIHED      =         4.6059
 UB     =         0.0000  IMP     =         0.0000  CMAP       =         0.7003
 1-4 NB =         2.1571  1-4 EEL =        46.5341  VDWAALS    =      1421.1313
 EELEC  =    -11239.2125  EHBOND  =         0.0000  RESTRAINT  =         4.9823
 EAMBER (non-restraint)  =     -9753.2356
 EKCMT  =       936.4889  VIRIAL  =      1065.1374  VOLUME     =     30968.0842
                                                    Density    =         0.9873
 ------------------------------------------------------------------------------

wrapping first mol.:       11.43111       16.16603       28.00039
wrapping first mol.:       11.43111       16.16603       28.00039

 NSTEP =     6500   TIME(PS) =      13.000  TEMP(K) =   297.95  PRESS =   175.0
 Etot   =     -7836.0011  EKtot   =      1817.1246  EPtot      =     -9653.1257
 BOND   =         2.2199  ANGLE   =        10.3934  DIHED      =         8.0142
 UB     =         0.0000  IMP     =         0.0000  CMAP       =         0.7353
 1-4 NB =         5.7916  1-4 EEL =        51.4107  VDWAALS    =      1433.7952
 EELEC  =    -11167.9235  EHBOND  =         0.0000  RESTRAINT  =         2.4375
 EAMBER (non-restraint)  =     -9655.5632
 EKCMT  =       899.6025  VIRIAL  =       782.3237  VOLUME     =     31045.6300
                                                    Density    =         0.9848
 ------------------------------------------------------------------------------

wrapping first mol.:       11.44892       16.19122       28.04402
wrapping first mol.:       11.44892       16.19122       28.04402

 NSTEP =     7000   TIME(PS) =      14.000  TEMP(K) =   301.78  PRESS =  -305.4
 Etot   =     -7879.1145  EKtot   =      1840.4764  EPtot      =     -9719.5910
 BOND   =         2.2563  ANGLE   =         9.0216  DIHED      =         3.5124
 UB     =         0.0000  IMP     =         0.0000  CMAP       =         0.4504
 1-4 NB =         3.7536  1-4 EEL =        48.8394  VDWAALS    =      1391.4348
 EELEC  =    -11180.6625  EHBOND  =         0.0000  RESTRAINT  =         1.8030
 EAMBER (non-restraint)  =     -9721.3940
 EKCMT  =       941.4404  VIRIAL  =      1147.0950  VOLUME     =     31192.3190
                                                    Density    =         0.9802
 ------------------------------------------------------------------------------

wrapping first mol.:       11.43045       16.16509       27.99876
wrapping first mol.:       11.43045       16.16509       27.99876

 NSTEP =     7500   TIME(PS) =      15.000  TEMP(K) =   298.38  PRESS =    -9.6
 Etot   =     -7881.0560  EKtot   =      1819.7360  EPtot      =     -9700.7919
 BOND   =         3.7712  ANGLE   =         6.8072  DIHED      =         5.9477
 UB     =         0.0000  IMP     =         0.0000  CMAP       =         0.4335
 1-4 NB =         4.0258  1-4 EEL =        46.7392  VDWAALS    =      1430.4473
 EELEC  =    -11204.5561  EHBOND  =         0.0000  RESTRAINT  =         5.5924
 EAMBER (non-restraint)  =     -9706.3843
 EKCMT  =       922.7362  VIRIAL  =       929.1467  VOLUME     =     31040.7056
                                                    Density    =         0.9850
 ------------------------------------------------------------------------------

wrapping first mol.:      -22.85900       16.16376       27.99645
wrapping first mol.:      -22.85900       16.16376       27.99645

 NSTEP =     8000   TIME(PS) =      16.000  TEMP(K) =   308.16  PRESS =   307.8
 Etot   =     -7895.3327  EKtot   =      1879.3628  EPtot      =     -9774.6955
 BOND   =         2.1384  ANGLE   =        10.0138  DIHED      =         3.8818
 UB     =         0.0000  IMP     =         0.0000  CMAP       =         0.2933
 1-4 NB =         3.2317  1-4 EEL =        46.4729  VDWAALS    =      1494.3718
 EELEC  =    -11340.2754  EHBOND  =         0.0000  RESTRAINT  =         5.1762
 EAMBER (non-restraint)  =     -9779.8716
 EKCMT  =       917.3681  VIRIAL  =       711.1308  VOLUME     =     31032.1430
                                                    Density    =         0.9853
 ------------------------------------------------------------------------------

wrapping first mol.:       11.44589       16.18693       28.03659
wrapping first mol.:       11.44589       16.18693       28.03659

 NSTEP =     8500   TIME(PS) =      17.000  TEMP(K) =   295.78  PRESS =   102.6
 Etot   =     -7915.9436  EKtot   =      1803.8981  EPtot      =     -9719.8416
 BOND   =         4.4785  ANGLE   =         7.8132  DIHED      =         4.5012
 UB     =         0.0000  IMP     =         0.0000  CMAP       =         0.3422
 1-4 NB =         2.7501  1-4 EEL =        49.1607  VDWAALS    =      1472.3267
 EELEC  =    -11265.1444  EHBOND  =         0.0000  RESTRAINT  =         3.9302
 EAMBER (non-restraint)  =     -9723.7718
 EKCMT  =       898.2060  VIRIAL  =       829.1890  VOLUME     =     31166.3886
                                                    Density    =         0.9810
 ------------------------------------------------------------------------------

wrapping first mol.:      -22.83243       16.14497       27.96390
wrapping first mol.:      -22.83243       16.14497       27.96390

 NSTEP =     9000   TIME(PS) =      18.000  TEMP(K) =   303.37  PRESS =  -258.7
 Etot   =     -7811.2874  EKtot   =      1850.1682  EPtot      =     -9661.4556
 BOND   =         1.4248  ANGLE   =         8.0070  DIHED      =         4.5655
 UB     =         0.0000  IMP     =         0.0000  CMAP       =        -0.2995
 1-4 NB =         3.5955  1-4 EEL =        45.1101  VDWAALS    =      1376.1063
 EELEC  =    -11102.8703  EHBOND  =         0.0000  RESTRAINT  =         2.9050
 EAMBER (non-restraint)  =     -9664.3606
 EKCMT  =       930.4478  VIRIAL  =      1103.1702  VOLUME     =     30925.6077
                                                    Density    =         0.9887
 ------------------------------------------------------------------------------

wrapping first mol.:       11.42592       16.15869       27.98766
wrapping first mol.:       11.42592       16.15869       27.98766

 NSTEP =     9500   TIME(PS) =      19.000  TEMP(K) =   306.21  PRESS =   281.9
 Etot   =     -7789.3256  EKtot   =      1867.5071  EPtot      =     -9656.8327
 BOND   =         1.8210  ANGLE   =        10.2784  DIHED      =         4.9236
 UB     =         0.0000  IMP     =         0.0000  CMAP       =        -0.3068
 1-4 NB =         3.3410  1-4 EEL =        49.6577  VDWAALS    =      1442.0206
 EELEC  =    -11172.3456  EHBOND  =         0.0000  RESTRAINT  =         3.7773
 EAMBER (non-restraint)  =     -9660.6100
 EKCMT  =       924.5196  VIRIAL  =       735.8499  VOLUME     =     31003.0209
                                                    Density    =         0.9862
 ------------------------------------------------------------------------------

wrapping first mol.:       11.43146       16.16652       28.00124
wrapping first mol.:       11.43146       16.16652       28.00124

 NSTEP =    10000   TIME(PS) =      20.000  TEMP(K) =   299.86  PRESS =   237.0
 Etot   =     -7818.5511  EKtot   =      1828.7300  EPtot      =     -9647.2811
 BOND   =         2.5463  ANGLE   =         9.9932  DIHED      =         4.5329
 UB     =         0.0000  IMP     =         0.0000  CMAP       =        -0.3502
 1-4 NB =         3.8919  1-4 EEL =        45.1463  VDWAALS    =      1449.6319
 EELEC  =    -11166.8330  EHBOND  =         0.0000  RESTRAINT  =         4.1595
 EAMBER (non-restraint)  =     -9651.4406
 EKCMT  =       907.3442  VIRIAL  =       748.4801  VOLUME     =     31048.2801
                                                    Density    =         0.9848
 ------------------------------------------------------------------------------

wrapping first mol.:       11.43743       16.17497       28.01587
wrapping first mol.:       11.43743       16.17497       28.01587

 NSTEP =    10500   TIME(PS) =      21.000  TEMP(K) =   306.11  PRESS =  -272.8
 Etot   =     -7813.4828  EKtot   =      1866.8479  EPtot      =     -9680.3307
 BOND   =         1.3182  ANGLE   =         5.3537  DIHED      =         6.7742
 UB     =         0.0000  IMP     =         0.0000  CMAP       =        -0.0887
 1-4 NB =         3.7589  1-4 EEL =        47.0954  VDWAALS    =      1388.5211
 EELEC  =    -11136.4604  EHBOND  =         0.0000  RESTRAINT  =         3.3968
 EAMBER (non-restraint)  =     -9683.7275
 EKCMT  =       932.2486  VIRIAL  =      1115.4008  VOLUME     =     31098.4014
                                                    Density    =         0.9832
 ------------------------------------------------------------------------------

wrapping first mol.:       11.43063       16.16535       27.99921
wrapping first mol.:       11.43063       16.16535       27.99921

 NSTEP =    11000   TIME(PS) =      22.000  TEMP(K) =   307.38  PRESS =  -121.8
 Etot   =     -7809.0771  EKtot   =      1874.5919  EPtot      =     -9683.6690
 BOND   =         4.9478  ANGLE   =        13.2544  DIHED      =         5.0388
 UB     =         0.0000  IMP     =         0.0000  CMAP       =         1.3464
 1-4 NB =         2.1352  1-4 EEL =        46.3624  VDWAALS    =      1401.4538
 EELEC  =    -11163.0163  EHBOND  =         0.0000  RESTRAINT  =         4.8085
 EAMBER (non-restraint)  =     -9688.4775
 EKCMT  =       964.5589  VIRIAL  =      1046.1879  VOLUME     =     31042.5357
                                                    Density    =         0.9849
 ------------------------------------------------------------------------------

wrapping first mol.:       11.44374       16.18390       28.03133
wrapping first mol.:       11.44374       16.18390       28.03133

 NSTEP =    11500   TIME(PS) =      23.000  TEMP(K) =   302.18  PRESS =   115.5
 Etot   =     -7814.3542  EKtot   =      1842.8843  EPtot      =     -9657.2385
 BOND   =         2.1014  ANGLE   =         9.9828  DIHED      =         4.4384
 UB     =         0.0000  IMP     =         0.0000  CMAP       =         0.6702
 1-4 NB =         4.0027  1-4 EEL =        44.2007  VDWAALS    =      1434.4569
 EELEC  =    -11161.8435  EHBOND  =         0.0000  RESTRAINT  =         4.7520
 EAMBER (non-restraint)  =     -9661.9905
 EKCMT  =       902.5302  VIRIAL  =       824.8655  VOLUME     =     31148.8115
                                                    Density    =         0.9816
 ------------------------------------------------------------------------------

wrapping first mol.:       11.46885       16.21941       28.09283
wrapping first mol.:       11.46885       16.21941       28.09283

 NSTEP =    12000   TIME(PS) =      24.000  TEMP(K) =   298.89  PRESS =   657.2
 Etot   =     -7898.1207  EKtot   =      1822.8171  EPtot      =     -9720.9378
 BOND   =         6.2017  ANGLE   =        14.6430  DIHED      =         4.8620
 UB     =         0.0000  IMP     =         0.0000  CMAP       =        -0.2545
 1-4 NB =         2.4500  1-4 EEL =        42.0425  VDWAALS    =      1535.4969
 EELEC  =    -11327.6153  EHBOND  =         0.0000  RESTRAINT  =         1.2358
 EAMBER (non-restraint)  =     -9722.1736
 EKCMT  =       915.7783  VIRIAL  =       470.9194  VOLUME     =     31352.7828
                                                    Density    =         0.9752
 ------------------------------------------------------------------------------

wrapping first mol.:       11.43957       16.17799       28.02110
wrapping first mol.:       11.43957       16.17799       28.02110

 NSTEP =    12500   TIME(PS) =      25.000  TEMP(K) =   311.01  PRESS =  -471.5
 Etot   =     -7837.0503  EKtot   =      1896.7716  EPtot      =     -9733.8219
 BOND   =         2.9454  ANGLE   =         8.8445  DIHED      =         3.6567
 UB     =         0.0000  IMP     =         0.0000  CMAP       =        -0.6092
 1-4 NB =         3.1757  1-4 EEL =        46.0980  VDWAALS    =      1365.6284
 EELEC  =    -11164.9163  EHBOND  =         0.0000  RESTRAINT  =         1.3549
 EAMBER (non-restraint)  =     -9735.1768
 EKCMT  =       942.5087  VIRIAL  =      1259.2682  VOLUME     =     31116.3541
                                                    Density    =         0.9826
 ------------------------------------------------------------------------------

wrapping first mol.:       11.42281       16.15430       27.98006
wrapping first mol.:       11.42281       16.15430       27.98006

 NSTEP =    13000   TIME(PS) =      26.000  TEMP(K) =   294.12  PRESS =   457.0
 Etot   =     -7943.1879  EKtot   =      1793.7729  EPtot      =     -9736.9609
 BOND   =         2.9824  ANGLE   =         6.8307  DIHED      =         6.6954
 UB     =         0.0000  IMP     =         0.0000  CMAP       =        -0.0756
 1-4 NB =         4.1581  1-4 EEL =        48.6978  VDWAALS    =      1505.5143
 EELEC  =    -11314.7491  EHBOND  =         0.0000  RESTRAINT  =         2.9852
 EAMBER (non-restraint)  =     -9739.9461
 EKCMT  =       884.3920  VIRIAL  =       578.7032  VOLUME     =     30977.2850
                                                    Density    =         0.9870
 ------------------------------------------------------------------------------

wrapping first mol.:       11.43825       16.17613       28.01788
wrapping first mol.:       11.43825       16.17613       28.01788

 NSTEP =    13500   TIME(PS) =      27.000  TEMP(K) =   296.21  PRESS =   400.7
 Etot   =     -7901.8976  EKtot   =      1806.5129  EPtot      =     -9708.4105
 BOND   =         1.1465  ANGLE   =        11.1497  DIHED      =         5.2414
 UB     =         0.0000  IMP     =         0.0000  CMAP       =        -0.3614
 1-4 NB =         2.7736  1-4 EEL =        45.6408  VDWAALS    =      1475.0479
 EELEC  =    -11251.1111  EHBOND  =         0.0000  RESTRAINT  =         2.0622
 EAMBER (non-restraint)  =     -9710.4728
 EKCMT  =       909.1575  VIRIAL  =       640.0699  VOLUME     =     31103.2036
                                                    Density    =         0.9830
 ------------------------------------------------------------------------------

wrapping first mol.:       11.44474       16.18530       28.03376
wrapping first mol.:       11.44474       16.18530       28.03376

 NSTEP =    14000   TIME(PS) =      28.000  TEMP(K) =   292.95  PRESS =  -302.5
 Etot   =     -7898.8384  EKtot   =      1786.6144  EPtot      =     -9685.4527
 BOND   =         7.6028  ANGLE   =         6.3530  DIHED      =         3.6283
 UB     =         0.0000  IMP     =         0.0000  CMAP       =         0.8027
 1-4 NB =         4.2074  1-4 EEL =        48.7468  VDWAALS    =      1388.5905
 EELEC  =    -11147.0189  EHBOND  =         0.0000  RESTRAINT  =         1.6347
 EAMBER (non-restraint)  =     -9687.0874
 EKCMT  =       886.8735  VIRIAL  =      1090.3861  VOLUME     =     31158.0910
                                                    Density    =         0.9813
 ------------------------------------------------------------------------------

wrapping first mol.:       11.43212       16.16745       28.00285
wrapping first mol.:       11.43212       16.16745       28.00285

 NSTEP =    14500   TIME(PS) =      29.000  TEMP(K) =   307.70  PRESS =   359.4
 Etot   =     -7846.3165  EKtot   =      1876.5513  EPtot      =     -9722.8678
 BOND   =         3.3545  ANGLE   =        12.8682  DIHED      =         5.1252
 UB     =         0.0000  IMP     =         0.0000  CMAP       =        -0.2598
 1-4 NB =         2.6399  1-4 EEL =        46.9825  VDWAALS    =      1498.8599
 EELEC  =    -11294.5606  EHBOND  =         0.0000  RESTRAINT  =         2.1223
 EAMBER (non-restraint)  =     -9724.9901
 EKCMT  =       946.6309  VIRIAL  =       705.6909  VOLUME     =     31053.2954
                                                    Density    =         0.9846
 ------------------------------------------------------------------------------

wrapping first mol.:       11.43729       16.17477       28.01552
wrapping first mol.:       11.43729       16.17477       28.01552

 NSTEP =    15000   TIME(PS) =      30.000  TEMP(K) =   298.66  PRESS =  -119.7
 Etot   =     -7864.8543  EKtot   =      1821.4189  EPtot      =     -9686.2732
 BOND   =         2.9890  ANGLE   =         9.4431  DIHED      =         6.5604
 UB     =         0.0000  IMP     =         0.0000  CMAP       =        -1.1648
 1-4 NB =         2.7670  1-4 EEL =        45.6821  VDWAALS    =      1425.6952
 EELEC  =    -11179.6698  EHBOND  =         0.0000  RESTRAINT  =         1.4245
 EAMBER (non-restraint)  =     -9687.6978
 EKCMT  =       914.5958  VIRIAL  =       994.9371  VOLUME     =     31096.7884
                                                    Density    =         0.9832
 ------------------------------------------------------------------------------

wrapping first mol.:       11.43642       16.17355       28.01340
wrapping first mol.:       11.43642       16.17355       28.01340

 NSTEP =    15500   TIME(PS) =      31.000  TEMP(K) =   306.16  PRESS =  -189.6
 Etot   =     -7837.6691  EKtot   =      1867.1909  EPtot      =     -9704.8600
 BOND   =         2.2865  ANGLE   =         7.9954  DIHED      =         4.9068
 UB     =         0.0000  IMP     =         0.0000  CMAP       =        -0.6489
 1-4 NB =         2.9369  1-4 EEL =        46.4207  VDWAALS    =      1416.4673
 EELEC  =    -11188.0174  EHBOND  =         0.0000  RESTRAINT  =         2.7926
 EAMBER (non-restraint)  =     -9707.6526
 EKCMT  =       909.7689  VIRIAL  =      1037.0116  VOLUME     =     31089.9407
                                                    Density    =         0.9834
 ------------------------------------------------------------------------------

wrapping first mol.:       11.42933       16.16351       27.99601
wrapping first mol.:       11.42933       16.16351       27.99601

 NSTEP =    16000   TIME(PS) =      32.000  TEMP(K) =   308.86  PRESS =   345.6
 Etot   =     -7813.2888  EKtot   =      1883.6215  EPtot      =     -9696.9103
 BOND   =         1.5538  ANGLE   =         6.4914  DIHED      =         4.7549
 UB     =         0.0000  IMP     =         0.0000  CMAP       =        -1.3182
 1-4 NB =         3.8701  1-4 EEL =        46.8459  VDWAALS    =      1458.3566
 EELEC  =    -11220.4054  EHBOND  =         0.0000  RESTRAINT  =         2.9405
 EAMBER (non-restraint)  =     -9699.8508
 EKCMT  =       966.4031  VIRIAL  =       734.8713  VOLUME     =     31030.5997
                                                    Density    =         0.9853
 ------------------------------------------------------------------------------

wrapping first mol.:       11.47537       16.22862       28.10880
wrapping first mol.:       11.47537       16.22862       28.10880

 NSTEP =    16500   TIME(PS) =      33.000  TEMP(K) =   292.82  PRESS =  -104.9
 Etot   =     -7892.0858  EKtot   =      1785.8268  EPtot      =     -9677.9126
 BOND   =         3.8802  ANGLE   =         7.1066  DIHED      =         7.6234
 UB     =         0.0000  IMP     =         0.0000  CMAP       =        -0.3781
 1-4 NB =         2.7213  1-4 EEL =        44.9363  VDWAALS    =      1426.8970
 EELEC  =    -11172.5565  EHBOND  =         0.0000  RESTRAINT  =         1.8573
 EAMBER (non-restraint)  =     -9679.7699
 EKCMT  =       906.5019  VIRIAL  =       977.6273  VOLUME     =     31408.4105
                                                    Density    =         0.9735
 ------------------------------------------------------------------------------

wrapping first mol.:       11.45105       16.19423       28.04922
wrapping first mol.:       11.45105       16.19423       28.04922

 NSTEP =    17000   TIME(PS) =      34.000  TEMP(K) =   295.44  PRESS =  -159.7
 Etot   =     -7938.8585  EKtot   =      1801.8057  EPtot      =     -9740.6641
 BOND   =         2.4056  ANGLE   =         7.1826  DIHED      =         3.6039
 UB     =         0.0000  IMP     =         0.0000  CMAP       =        -0.5808
 1-4 NB =         3.3692  1-4 EEL =        46.9075  VDWAALS    =      1440.6762
 EELEC  =    -11245.7539  EHBOND  =         0.0000  RESTRAINT  =         1.5255
 EAMBER (non-restraint)  =     -9742.1897
 EKCMT  =       908.2093  VIRIAL  =      1015.8488  VOLUME     =     31209.2690
                                                    Density    =         0.9797
 ------------------------------------------------------------------------------

wrapping first mol.:       11.44293       16.18275       28.02934
wrapping first mol.:       11.44293       16.18275       28.02934

 NSTEP =    17500   TIME(PS) =      35.000  TEMP(K) =   299.27  PRESS =   -35.5
 Etot   =     -7852.1938  EKtot   =      1825.1267  EPtot      =     -9677.3205
 BOND   =         3.6874  ANGLE   =         7.0217  DIHED      =         5.5888
 UB     =         0.0000  IMP     =         0.0000  CMAP       =         0.2476
 1-4 NB =         2.5099  1-4 EEL =        44.4808  VDWAALS    =      1417.7561
 EELEC  =    -11159.7037  EHBOND  =         0.0000  RESTRAINT  =         1.0910
 EAMBER (non-restraint)  =     -9678.4115
 EKCMT  =       919.2173  VIRIAL  =       943.1213  VOLUME     =     31142.6208
                                                    Density    =         0.9818
 ------------------------------------------------------------------------------

wrapping first mol.:       11.44131       16.18045       28.02536
wrapping first mol.:       11.44131       16.18045       28.02536

 NSTEP =    18000   TIME(PS) =      36.000  TEMP(K) =   299.64  PRESS =   331.8
 Etot   =     -7962.1323  EKtot   =      1827.4037  EPtot      =     -9789.5360
 BOND   =         3.0949  ANGLE   =         6.9928  DIHED      =         4.7537
 UB     =         0.0000  IMP     =         0.0000  CMAP       =        -0.8838
 1-4 NB =         3.8322  1-4 EEL =        45.3989  VDWAALS    =      1515.8795
 EELEC  =    -11371.1797  EHBOND  =         0.0000  RESTRAINT  =         2.5756
 EAMBER (non-restraint)  =     -9792.1115
 EKCMT  =       930.4969  VIRIAL  =       707.4872  VOLUME     =     31128.3121
                                                    Density    =         0.9822
 ------------------------------------------------------------------------------

wrapping first mol.:       11.44413       16.18444       28.03227
wrapping first mol.:       11.44413       16.18444       28.03227

 NSTEP =    18500   TIME(PS) =      37.000  TEMP(K) =   298.64  PRESS =   238.4
 Etot   =     -7945.7729  EKtot   =      1821.3334  EPtot      =     -9767.1063
 BOND   =         5.2216  ANGLE   =         7.2332  DIHED      =         4.9649
 UB     =         0.0000  IMP     =         0.0000  CMAP       =        -0.4785
 1-4 NB =         2.3494  1-4 EEL =        43.5446  VDWAALS    =      1494.4577
 EELEC  =    -11327.5221  EHBOND  =         0.0000  RESTRAINT  =         3.1230
 EAMBER (non-restraint)  =     -9770.2293
 EKCMT  =       925.5090  VIRIAL  =       765.1570  VOLUME     =     31151.6064
                                                    Density    =         0.9815
 ------------------------------------------------------------------------------

wrapping first mol.:       11.44227       16.18181       28.02771
wrapping first mol.:       11.44227       16.18181       28.02771

 NSTEP =    19000   TIME(PS) =      38.000  TEMP(K) =   300.55  PRESS =   252.8
 Etot   =     -7913.2087  EKtot   =      1832.9448  EPtot      =     -9746.1535
 BOND   =         2.5990  ANGLE   =         7.4640  DIHED      =         3.6095
 UB     =         0.0000  IMP     =         0.0000  CMAP       =        -0.8705
 1-4 NB =         4.3389  1-4 EEL =        48.2011  VDWAALS    =      1488.8839
 EELEC  =    -11302.7674  EHBOND  =         0.0000  RESTRAINT  =         2.3880
 EAMBER (non-restraint)  =     -9748.5416
 EKCMT  =       912.8413  VIRIAL  =       742.8770  VOLUME     =     31136.3681
                                                    Density    =         0.9820
 ------------------------------------------------------------------------------

wrapping first mol.:       11.44101       16.18002       28.02462
wrapping first mol.:       11.44101       16.18002       28.02462

 NSTEP =    19500   TIME(PS) =      39.000  TEMP(K) =   297.56  PRESS =   233.8
 Etot   =     -7917.5532  EKtot   =      1814.7490  EPtot      =     -9732.3022
 BOND   =         2.6765  ANGLE   =         9.7345  DIHED      =         5.2119
 UB     =         0.0000  IMP     =         0.0000  CMAP       =         0.9045
 1-4 NB =         2.3801  1-4 EEL =        46.0641  VDWAALS    =      1492.6517
 EELEC  =    -11297.0883  EHBOND  =         0.0000  RESTRAINT  =         5.1627
 EAMBER (non-restraint)  =     -9737.4650
 EKCMT  =       913.4491  VIRIAL  =       756.3007  VOLUME     =     31126.1379
                                                    Density    =         0.9823
 ------------------------------------------------------------------------------

wrapping first mol.:      -22.91677       16.20461       28.06720
wrapping first mol.:      -22.91677       16.20461       28.06720

 NSTEP =    20000   TIME(PS) =      40.000  TEMP(K) =   298.56  PRESS =    52.6
 Etot   =     -7872.6678  EKtot   =      1820.7966  EPtot      =     -9693.4645
 BOND   =         2.3329  ANGLE   =         9.4983  DIHED      =         4.8127
 UB     =         0.0000  IMP     =         0.0000  CMAP       =         0.2899
 1-4 NB =         3.6573  1-4 EEL =        43.8230  VDWAALS    =      1462.1332
 EELEC  =    -11223.0703  EHBOND  =         0.0000  RESTRAINT  =         3.0584
 EAMBER (non-restraint)  =     -9696.5229
 EKCMT  =       903.9644  VIRIAL  =       868.4224  VOLUME     =     31268.7219
                                                    Density    =         0.9778
 ------------------------------------------------------------------------------

wrapping first mol.:       11.45501       16.19983       28.05893
wrapping first mol.:       11.45501       16.19983       28.05893

 NSTEP =    20500   TIME(PS) =      41.000  TEMP(K) =   301.38  PRESS =  -150.5
 Etot   =     -7916.8225  EKtot   =      1838.0369  EPtot      =     -9754.8593
 BOND   =         6.6671  ANGLE   =         9.7615  DIHED      =         5.8322
 UB     =         0.0000  IMP     =         0.0000  CMAP       =        -0.3241
 1-4 NB =         3.4977  1-4 EEL =        41.0901  VDWAALS    =      1445.2158
 EELEC  =    -11268.4357  EHBOND  =         0.0000  RESTRAINT  =         1.8361
 EAMBER (non-restraint)  =     -9756.6955
 EKCMT  =       962.4609  VIRIAL  =      1063.9737  VOLUME     =     31241.6629
                                                    Density    =         0.9787
 ------------------------------------------------------------------------------

wrapping first mol.:       11.44765       16.18942       28.04089
wrapping first mol.:       11.44765       16.18942       28.04089

 NSTEP =    21000   TIME(PS) =      42.000  TEMP(K) =   306.46  PRESS =  -353.5
 Etot   =     -7857.0082  EKtot   =      1869.0160  EPtot      =     -9726.0242
 BOND   =         2.8490  ANGLE   =        13.1196  DIHED      =         3.7076
 UB     =         0.0000  IMP     =         0.0000  CMAP       =         0.1735
 1-4 NB =         3.3344  1-4 EEL =        46.7968  VDWAALS    =      1397.0892
 EELEC  =    -11195.1460  EHBOND  =         0.0000  RESTRAINT  =         2.0516
 EAMBER (non-restraint)  =     -9728.0759
 EKCMT  =       916.2758  VIRIAL  =      1154.2897  VOLUME     =     31182.0119
                                                    Density    =         0.9805
 ------------------------------------------------------------------------------

wrapping first mol.:       11.44100       16.18002       28.02461
wrapping first mol.:       11.44100       16.18002       28.02461

 NSTEP =    21500   TIME(PS) =      43.000  TEMP(K) =   300.73  PRESS =  -181.6
 Etot   =     -7833.3462  EKtot   =      1834.0421  EPtot      =     -9667.3884
 BOND   =         1.9231  ANGLE   =         5.8662  DIHED      =         4.7848
 UB     =         0.0000  IMP     =         0.0000  CMAP       =        -0.9605
 1-4 NB =         3.8076  1-4 EEL =        46.8314  VDWAALS    =      1411.9236
 EELEC  =    -11143.0502  EHBOND  =         0.0000  RESTRAINT  =         1.4857
 EAMBER (non-restraint)  =     -9668.8740
 EKCMT  =       881.5684  VIRIAL  =      1003.6060  VOLUME     =     31127.2540
                                                    Density    =         0.9823
 ------------------------------------------------------------------------------

wrapping first mol.:       11.43310       16.16884       28.00526
wrapping first mol.:       11.43310       16.16884       28.00526

 NSTEP =    22000   TIME(PS) =      44.000  TEMP(K) =   300.27  PRESS =  -113.6
 Etot   =     -7864.7236  EKtot   =      1831.2751  EPtot      =     -9695.9987
 BOND   =         6.0846  ANGLE   =         8.8176  DIHED      =         2.8706
 UB     =         0.0000  IMP     =         0.0000  CMAP       =         0.4450
 1-4 NB =         3.1385  1-4 EEL =        42.3039  VDWAALS    =      1405.1773
 EELEC  =    -11167.0713  EHBOND  =         0.0000  RESTRAINT  =         2.2350
 EAMBER (non-restraint)  =     -9698.2337
 EKCMT  =       924.5700  VIRIAL  =      1000.7745  VOLUME     =     31062.6194
                                                    Density    =         0.9843
 ------------------------------------------------------------------------------

wrapping first mol.:       11.41659       16.14549       27.96481
wrapping first mol.:       11.41659       16.14549       27.96481

 NSTEP =    22500   TIME(PS) =      45.000  TEMP(K) =   310.32  PRESS =   174.2
 Etot   =     -7778.2165  EKtot   =      1892.5526  EPtot      =     -9670.7691
 BOND   =         1.1427  ANGLE   =         8.0626  DIHED      =         5.9197
 UB     =         0.0000  IMP     =         0.0000  CMAP       =         0.2639
 1-4 NB =         4.4995  1-4 EEL =        52.7934  VDWAALS    =      1436.4086
 EELEC  =    -11181.9915  EHBOND  =         0.0000  RESTRAINT  =         2.1320
 EAMBER (non-restraint)  =     -9672.9011
 EKCMT  =       933.2368  VIRIAL  =       816.8917  VOLUME     =     30927.4431
                                                    Density    =         0.9886
 ------------------------------------------------------------------------------

wrapping first mol.:       11.41394       16.14174       27.95832
wrapping first mol.:       11.41394       16.14174       27.95832

 NSTEP =    23000   TIME(PS) =      46.000  TEMP(K) =   306.05  PRESS =   190.3
 Etot   =     -7778.7271  EKtot   =      1866.5093  EPtot      =     -9645.2364
 BOND   =         2.1958  ANGLE   =        10.6114  DIHED      =         5.0958
 UB     =         0.0000  IMP     =         0.0000  CMAP       =         1.2103
 1-4 NB =         2.9807  1-4 EEL =        49.6104  VDWAALS    =      1419.7840
 EELEC  =    -11139.4897  EHBOND  =         0.0000  RESTRAINT  =         2.7649
 EAMBER (non-restraint)  =     -9648.0014
 EKCMT  =       920.8587  VIRIAL  =       793.8526  VOLUME     =     30905.8598
                                                    Density    =         0.9893
 ------------------------------------------------------------------------------

wrapping first mol.:       11.43064       16.16537       27.99924
wrapping first mol.:       11.43064       16.16537       27.99924

 NSTEP =    23500   TIME(PS) =      47.000  TEMP(K) =   299.27  PRESS =   230.3
 Etot   =     -7815.1210  EKtot   =      1825.1520  EPtot      =     -9640.2730
 BOND   =         2.0836  ANGLE   =        11.0260  DIHED      =         3.9003
 UB     =         0.0000  IMP     =         0.0000  CMAP       =         0.5658
 1-4 NB =         2.7817  1-4 EEL =        48.1516  VDWAALS    =      1436.8354
 EELEC  =    -11150.6275  EHBOND  =         0.0000  RESTRAINT  =         5.0101
 EAMBER (non-restraint)  =     -9645.2831
 EKCMT  =       892.4889  VIRIAL  =       738.1167  VOLUME     =     31041.6505
                                                    Density    =         0.9850
 ------------------------------------------------------------------------------

wrapping first mol.:       11.41205       16.13908       27.95370
wrapping first mol.:       11.41205       16.13908       27.95370

 NSTEP =    24000   TIME(PS) =      48.000  TEMP(K) =   294.64  PRESS =  -238.0
 Etot   =     -7929.2277  EKtot   =      1796.9171  EPtot      =     -9726.1448
 BOND   =         2.1635  ANGLE   =         8.8223  DIHED      =         7.4915
 UB     =         0.0000  IMP     =         0.0000  CMAP       =         0.6711
 1-4 NB =         3.1919  1-4 EEL =        48.2946  VDWAALS    =      1402.6606
 EELEC  =    -11203.5858  EHBOND  =         0.0000  RESTRAINT  =         4.1456
 EAMBER (non-restraint)  =     -9730.2904
 EKCMT  =       870.8377  VIRIAL  =      1029.5962  VOLUME     =     30891.7132
                                                    Density    =         0.9897
 ------------------------------------------------------------------------------

wrapping first mol.:       11.40183       16.12462       27.92866
wrapping first mol.:       11.40183       16.12462       27.92866

 NSTEP =    24500   TIME(PS) =      49.000  TEMP(K) =   302.28  PRESS =   -36.0
 Etot   =     -7908.4633  EKtot   =      1843.5404  EPtot      =     -9752.0037
 BOND   =         2.8619  ANGLE   =        10.4608  DIHED      =         4.1837
 UB     =         0.0000  IMP     =         0.0000  CMAP       =         0.0358
 1-4 NB =         3.9823  1-4 EEL =        49.9262  VDWAALS    =      1434.5262
 EELEC  =    -11261.5859  EHBOND  =         0.0000  RESTRAINT  =         3.6052
 EAMBER (non-restraint)  =     -9755.6088
 EKCMT  =       912.7067  VIRIAL  =       936.6320  VOLUME     =     30808.2339
                                                    Density    =         0.9924
 ------------------------------------------------------------------------------

wrapping first mol.:       11.42195       16.15308       27.97795
wrapping first mol.:       11.42195       16.15308       27.97795

 NSTEP =    25000   TIME(PS) =      50.000  TEMP(K) =   298.94  PRESS =     2.9
 Etot   =     -7984.0047  EKtot   =      1823.1580  EPtot      =     -9807.1627
 BOND   =         1.9820  ANGLE   =         6.9644  DIHED      =         5.6155
 UB     =         0.0000  IMP     =         0.0000  CMAP       =        -0.5708
 1-4 NB =         5.4786  1-4 EEL =        47.0238  VDWAALS    =      1471.6485
 EELEC  =    -11348.9521  EHBOND  =         0.0000  RESTRAINT  =         3.6473
 EAMBER (non-restraint)  =     -9810.8100
 EKCMT  =       896.8567  VIRIAL  =       894.9241  VOLUME     =     30971.5098
                                                    Density    =         0.9872
 ------------------------------------------------------------------------------

wrapping first mol.:       11.43640       16.17351       28.01334
wrapping first mol.:       11.43640       16.17351       28.01334

 NSTEP =    25500   TIME(PS) =      51.000  TEMP(K) =   303.25  PRESS =   328.8
 Etot   =     -7808.2894  EKtot   =      1849.4564  EPtot      =     -9657.7458
 BOND   =         2.0760  ANGLE   =         6.9687  DIHED      =         4.6452
 UB     =         0.0000  IMP     =         0.0000  CMAP       =         1.0090
 1-4 NB =         3.0675  1-4 EEL =        46.6219  VDWAALS    =      1450.1907
 EELEC  =    -11176.3010  EHBOND  =         0.0000  RESTRAINT  =         3.9763
 EAMBER (non-restraint)  =     -9661.7221
 EKCMT  =       927.4225  VIRIAL  =       706.7346  VOLUME     =     31088.2930
                                                    Density    =         0.9835
 ------------------------------------------------------------------------------

wrapping first mol.:       11.45631       16.20167       28.06211
wrapping first mol.:       11.45631       16.20167       28.06211

 NSTEP =    26000   TIME(PS) =      52.000  TEMP(K) =   297.84  PRESS =   499.8
 Etot   =     -7869.5211  EKtot   =      1816.4055  EPtot      =     -9685.9266
 BOND   =         4.8843  ANGLE   =         6.1796  DIHED      =         6.1596
 UB     =         0.0000  IMP     =         0.0000  CMAP       =        -0.5364
 1-4 NB =         3.2912  1-4 EEL =        45.4142  VDWAALS    =      1514.4771
 EELEC  =    -11270.3350  EHBOND  =         0.0000  RESTRAINT  =         4.5387
 EAMBER (non-restraint)  =     -9690.4654
 EKCMT  =       907.1729  VIRIAL  =       569.9062  VOLUME     =     31250.4681
                                                    Density    =         0.9784
 ------------------------------------------------------------------------------

wrapping first mol.:       11.43943       16.17779       28.02076
wrapping first mol.:       11.43943       16.17779       28.02076

 NSTEP =    26500   TIME(PS) =      53.000  TEMP(K) =   308.23  PRESS =  -336.5
 Etot   =     -7851.4764  EKtot   =      1879.8243  EPtot      =     -9731.3007
 BOND   =         3.2138  ANGLE   =        10.9459  DIHED      =         2.8821
 UB     =         0.0000  IMP     =         0.0000  CMAP       =        -0.8112
 1-4 NB =         1.6330  1-4 EEL =        41.9583  VDWAALS    =      1412.6153
 EELEC  =    -11205.9849  EHBOND  =         0.0000  RESTRAINT  =         2.2471
 EAMBER (non-restraint)  =     -9733.5478
 EKCMT  =       919.7036  VIRIAL  =      1145.7926  VOLUME     =     31114.8489
                                                    Density    =         0.9827
 ------------------------------------------------------------------------------

wrapping first mol.:      -22.85341       16.15980       27.98960
wrapping first mol.:      -22.85341       16.15980       27.98960

 NSTEP =    27000   TIME(PS) =      54.000  TEMP(K) =   304.31  PRESS =   -41.1
 Etot   =     -7783.8161  EKtot   =      1855.8647  EPtot      =     -9639.6808
 BOND   =         3.3114  ANGLE   =         6.6056  DIHED      =         4.4801
 UB     =         0.0000  IMP     =         0.0000  CMAP       =         0.5752
 1-4 NB =         3.6661  1-4 EEL =        45.8009  VDWAALS    =      1393.4081
 EELEC  =    -11102.3044  EHBOND  =         0.0000  RESTRAINT  =         4.7762
 EAMBER (non-restraint)  =     -9644.4570
 EKCMT  =       910.2671  VIRIAL  =       937.8106  VOLUME     =     31010.3489
                                                    Density    =         0.9860
 ------------------------------------------------------------------------------

wrapping first mol.:       11.43470       16.17111       28.00919
wrapping first mol.:       11.43470       16.17111       28.00919

 NSTEP =    27500   TIME(PS) =      55.000  TEMP(K) =   303.29  PRESS =   298.8
 Etot   =     -7814.0870  EKtot   =      1849.6906  EPtot      =     -9663.7776
 BOND   =         3.0425  ANGLE   =         9.2092  DIHED      =         4.8861
 UB     =         0.0000  IMP     =         0.0000  CMAP       =        -0.0874
 1-4 NB =         2.2565  1-4 EEL =        47.3966  VDWAALS    =      1458.0699
 EELEC  =    -11191.6467  EHBOND  =         0.0000  RESTRAINT  =         3.0959
 EAMBER (non-restraint)  =     -9666.8735
 EKCMT  =       928.0605  VIRIAL  =       727.6152  VOLUME     =     31074.5612
                                                    Density    =         0.9839
 ------------------------------------------------------------------------------

wrapping first mol.:       11.43098       16.16585       28.00007
wrapping first mol.:       11.43098       16.16585       28.00007

 NSTEP =    28000   TIME(PS) =      56.000  TEMP(K) =   299.18  PRESS =  -356.6
 Etot   =     -7901.3174  EKtot   =      1824.6151  EPtot      =     -9725.9325
 BOND   =         5.8098  ANGLE   =        10.2182  DIHED      =         4.8947
 UB     =         0.0000  IMP     =         0.0000  CMAP       =        -0.5608
 1-4 NB =         4.9981  1-4 EEL =        51.0350  VDWAALS    =      1397.4325
 EELEC  =    -11201.4800  EHBOND  =         0.0000  RESTRAINT  =         1.7201
 EAMBER (non-restraint)  =     -9727.6526
 EKCMT  =       907.6746  VIRIAL  =      1146.7071  VOLUME     =     31046.0282
                                                    Density    =         0.9848
 ------------------------------------------------------------------------------

wrapping first mol.:       11.42833       16.16210       27.99358
wrapping first mol.:       11.42833       16.16210       27.99358

 NSTEP =    28500   TIME(PS) =      57.000  TEMP(K) =   305.68  PRESS =   217.9
 Etot   =     -7890.9111  EKtot   =      1864.2592  EPtot      =     -9755.1702
 BOND   =         1.3401  ANGLE   =        11.2392  DIHED      =         4.2791
 UB     =         0.0000  IMP     =         0.0000  CMAP       =         1.0591
 1-4 NB =         4.2857  1-4 EEL =        48.6492  VDWAALS    =      1467.4214
 EELEC  =    -11296.9308  EHBOND  =         0.0000  RESTRAINT  =         3.4867
 EAMBER (non-restraint)  =     -9758.6569
 EKCMT  =       961.0205  VIRIAL  =       815.0622  VOLUME     =     31022.8619
                                                    Density    =         0.9856
 ------------------------------------------------------------------------------

wrapping first mol.:       11.42723       16.16054       27.99087
wrapping first mol.:       11.42723       16.16054       27.99087

 NSTEP =    29000   TIME(PS) =      58.000  TEMP(K) =   299.60  PRESS =    93.3
 Etot   =     -7819.2449  EKtot   =      1827.1819  EPtot      =     -9646.4267
 BOND   =         3.2817  ANGLE   =         7.0092  DIHED      =         3.4901
 UB     =         0.0000  IMP     =         0.0000  CMAP       =        -0.8548
 1-4 NB =         3.0042  1-4 EEL =        44.0688  VDWAALS    =      1414.9682
 EELEC  =    -11122.5945  EHBOND  =         0.0000  RESTRAINT  =         1.2003
 EAMBER (non-restraint)  =     -9647.6271
 EKCMT  =       925.0599  VIRIAL  =       862.6016  VOLUME     =     31014.2141
                                                    Density    =         0.9858
 ------------------------------------------------------------------------------

wrapping first mol.:       11.42590       16.15867       27.98763
wrapping first mol.:       11.42590       16.15867       27.98763

 NSTEP =    29500   TIME(PS) =      59.000  TEMP(K) =   293.98  PRESS =  -459.7
 Etot   =     -7915.4701  EKtot   =      1792.8840  EPtot      =     -9708.3542
 BOND   =         1.9393  ANGLE   =        12.1193  DIHED      =         5.0137
 UB     =         0.0000  IMP     =         0.0000  CMAP       =        -0.2852
 1-4 NB =         3.0044  1-4 EEL =        46.2147  VDWAALS    =      1376.9197
 EELEC  =    -11155.8469  EHBOND  =         0.0000  RESTRAINT  =         2.5667
 EAMBER (non-restraint)  =     -9710.9209
 EKCMT  =       875.1860  VIRIAL  =      1182.9343  VOLUME     =     31004.9534
                                                    Density    =         0.9861
 ------------------------------------------------------------------------------

wrapping first mol.:       11.41409       16.14196       27.95870
wrapping first mol.:       11.41409       16.14196       27.95870

 NSTEP =    30000   TIME(PS) =      60.000  TEMP(K) =   297.95  PRESS =   771.8
 Etot   =     -7873.9165  EKtot   =      1817.1150  EPtot      =     -9691.0315
 BOND   =         2.2617  ANGLE   =         6.8457  DIHED      =         4.7743
 UB     =         0.0000  IMP     =         0.0000  CMAP       =        -0.9132
 1-4 NB =         3.2740  1-4 EEL =        47.5139  VDWAALS    =      1518.2888
 EELEC  =    -11277.2999  EHBOND  =         0.0000  RESTRAINT  =         4.2231
 EAMBER (non-restraint)  =     -9695.2547
 EKCMT  =       878.6283  VIRIAL  =       363.6277  VOLUME     =     30905.5087
                                                    Density    =         0.9893
 ------------------------------------------------------------------------------

wrapping first mol.:       11.43230       16.16771       28.00329
wrapping first mol.:       11.43230       16.16771       28.00329

 NSTEP =    30500   TIME(PS) =      61.000  TEMP(K) =   307.24  PRESS =    47.6
 Etot   =     -7852.7170  EKtot   =      1873.7798  EPtot      =     -9726.4967
 BOND   =         2.0126  ANGLE   =         9.8396  DIHED      =         3.5445
 UB     =         0.0000  IMP     =         0.0000  CMAP       =         0.3762
 1-4 NB =         2.9165  1-4 EEL =        43.0252  VDWAALS    =      1440.9199
 EELEC  =    -11233.2725  EHBOND  =         0.0000  RESTRAINT  =         4.1412
 EAMBER (non-restraint)  =     -9730.6379
 EKCMT  =       936.0501  VIRIAL  =       904.1183  VOLUME     =     31055.6432
                                                    Density    =         0.9845
 ------------------------------------------------------------------------------

wrapping first mol.:       11.45302       16.19702       28.05406
wrapping first mol.:       11.45302       16.19702       28.05406

 NSTEP =    31000   TIME(PS) =      62.000  TEMP(K) =   307.18  PRESS =  -451.7
 Etot   =     -7792.8940  EKtot   =      1873.3730  EPtot      =     -9666.2670
 BOND   =         1.6680  ANGLE   =         9.4895  DIHED      =         2.9137
 UB     =         0.0000  IMP     =         0.0000  CMAP       =         0.0501
 1-4 NB =         3.1321  1-4 EEL =        45.6281  VDWAALS    =      1358.0079
 EELEC  =    -11089.6353  EHBOND  =         0.0000  RESTRAINT  =         2.4789
 EAMBER (non-restraint)  =     -9668.7460
 EKCMT  =       924.5671  VIRIAL  =      1229.0919  VOLUME     =     31226.2322
                                                    Density    =         0.9791
 ------------------------------------------------------------------------------

wrapping first mol.:       11.45642       16.20183       28.06239
wrapping first mol.:       11.45642       16.20183       28.06239

 NSTEP =    31500   TIME(PS) =      63.000  TEMP(K) =   296.91  PRESS =   675.0
 Etot   =     -7807.2180  EKtot   =      1810.7566  EPtot      =     -9617.9746
 BOND   =         4.9259  ANGLE   =        12.3962  DIHED      =         5.0727
 UB     =         0.0000  IMP     =         0.0000  CMAP       =         0.9063
 1-4 NB =         2.1438  1-4 EEL =        41.7112  VDWAALS    =      1517.5503
 EELEC  =    -11207.0119  EHBOND  =         0.0000  RESTRAINT  =         4.3310
 EAMBER (non-restraint)  =     -9622.3056
 EKCMT  =       899.0037  VIRIAL  =       443.5716  VOLUME     =     31250.9142
                                                    Density    =         0.9784
 ------------------------------------------------------------------------------

wrapping first mol.:       11.44913       16.19151       28.04452
wrapping first mol.:       11.44913       16.19151       28.04452

 NSTEP =    32000   TIME(PS) =      64.000  TEMP(K) =   297.60  PRESS =  -568.6
 Etot   =     -7808.6594  EKtot   =      1814.9811  EPtot      =     -9623.6405
 BOND   =         4.4640  ANGLE   =         6.0769  DIHED      =         3.7280
 UB     =         0.0000  IMP     =         0.0000  CMAP       =         0.2003
 1-4 NB =         4.1145  1-4 EEL =        44.2976  VDWAALS    =      1326.5150
 EELEC  =    -11016.1530  EHBOND  =         0.0000  RESTRAINT  =         3.1162
 EAMBER (non-restraint)  =     -9626.7566
 EKCMT  =       917.6385  VIRIAL  =      1300.5991  VOLUME     =     31194.7149
                                                    Density    =         0.9801
 ------------------------------------------------------------------------------

wrapping first mol.:       11.45935       16.20597       28.06956
wrapping first mol.:       11.45935       16.20597       28.06956

 NSTEP =    32500   TIME(PS) =      65.000  TEMP(K) =   312.10  PRESS =  -517.1
 Etot   =     -7871.5721  EKtot   =      1903.4230  EPtot      =     -9774.9951
 BOND   =         5.0773  ANGLE   =        11.4203  DIHED      =         4.3221
 UB     =         0.0000  IMP     =         0.0000  CMAP       =        -1.0601
 1-4 NB =         2.1857  1-4 EEL =        45.0295  VDWAALS    =      1398.2237
 EELEC  =    -11242.5336  EHBOND  =         0.0000  RESTRAINT  =         2.3399
 EAMBER (non-restraint)  =     -9777.3350
 EKCMT  =       930.0239  VIRIAL  =      1279.2311  VOLUME     =     31278.2205
                                                    Density    =         0.9775
 ------------------------------------------------------------------------------

wrapping first mol.:       11.44069       16.17958       28.02385
wrapping first mol.:       11.44069       16.17958       28.02385

 NSTEP =    33000   TIME(PS) =      66.000  TEMP(K) =   296.84  PRESS =   105.0
 Etot   =     -7928.2726  EKtot   =      1810.3623  EPtot      =     -9738.6349
 BOND   =         2.1361  ANGLE   =         5.8584  DIHED      =         4.3996
 UB     =         0.0000  IMP     =         0.0000  CMAP       =         1.2769
 1-4 NB =         2.6939  1-4 EEL =        46.7713  VDWAALS    =      1455.3694
 EELEC  =    -11261.9740  EHBOND  =         0.0000  RESTRAINT  =         4.8335
 EAMBER (non-restraint)  =     -9743.4685
 EKCMT  =       917.1023  VIRIAL  =       846.5553  VOLUME     =     31123.9179
                                                    Density    =         0.9824
 ------------------------------------------------------------------------------

wrapping first mol.:       11.44954       16.19209       28.04552
wrapping first mol.:       11.44954       16.19209       28.04552

 NSTEP =    33500   TIME(PS) =      67.000  TEMP(K) =   294.97  PRESS =    32.3
 Etot   =     -7948.8065  EKtot   =      1798.9404  EPtot      =     -9747.7469
 BOND   =         4.1354  ANGLE   =         5.2197  DIHED      =         4.7742
 UB     =         0.0000  IMP     =         0.0000  CMAP       =         0.9301
 1-4 NB =         4.0591  1-4 EEL =        48.7813  VDWAALS    =      1471.9023
 EELEC  =    -11289.0699  EHBOND  =         0.0000  RESTRAINT  =         1.5210
 EAMBER (non-restraint)  =     -9749.2678
 EKCMT  =       912.1287  VIRIAL  =       890.3404  VOLUME     =     31196.3733
                                                    Density    =         0.9801
 ------------------------------------------------------------------------------

wrapping first mol.:       11.44501       16.18569       28.03443
wrapping first mol.:       11.44501       16.18569       28.03443

 NSTEP =    34000   TIME(PS) =      68.000  TEMP(K) =   302.96  PRESS =   203.2
 Etot   =     -7851.4033  EKtot   =      1847.6489  EPtot      =     -9699.0523
 BOND   =         2.0251  ANGLE   =         6.5117  DIHED      =         8.7198
 UB     =         0.0000  IMP     =         0.0000  CMAP       =        -0.4326
 1-4 NB =         6.3211  1-4 EEL =        49.5573  VDWAALS    =      1467.0507
 EELEC  =    -11240.2723  EHBOND  =         0.0000  RESTRAINT  =         1.4669
 EAMBER (non-restraint)  =     -9700.5192
 EKCMT  =       902.2020  VIRIAL  =       765.4693  VOLUME     =     31158.9099
                                                    Density    =         0.9813
 ------------------------------------------------------------------------------

wrapping first mol.:       11.44220       16.18172       28.02755
wrapping first mol.:       11.44220       16.18172       28.02755

 NSTEP =    34500   TIME(PS) =      69.000  TEMP(K) =   306.99  PRESS =  -535.2
 Etot   =     -7838.3279  EKtot   =      1872.2377  EPtot      =     -9710.5655
 BOND   =         2.3608  ANGLE   =         7.5321  DIHED      =         3.8434
 UB     =         0.0000  IMP     =         0.0000  CMAP       =        -0.5180
 1-4 NB =         5.2945  1-4 EEL =        44.6272  VDWAALS    =      1370.1922
 EELEC  =    -11147.3242  EHBOND  =         0.0000  RESTRAINT  =         3.4266
 EAMBER (non-restraint)  =     -9713.9921
 EKCMT  =       908.8308  VIRIAL  =      1268.6678  VOLUME     =     31138.0324
                                                    Density    =         0.9819
 ------------------------------------------------------------------------------

wrapping first mol.:       11.42674       16.15985       27.98969
wrapping first mol.:       11.42674       16.15985       27.98969

 NSTEP =    35000   TIME(PS) =      70.000  TEMP(K) =   310.65  PRESS =  -240.4
 Etot   =     -7834.3950  EKtot   =      1894.5608  EPtot      =     -9728.9558
 BOND   =         2.9417  ANGLE   =        16.6189  DIHED      =         5.4144
 UB     =         0.0000  IMP     =         0.0000  CMAP       =        -0.2204
 1-4 NB =         3.5726  1-4 EEL =        41.9014  VDWAALS    =      1405.8454
 EELEC  =    -11207.3423  EHBOND  =         0.0000  RESTRAINT  =         2.3125
 EAMBER (non-restraint)  =     -9731.2683
 EKCMT  =       928.3948  VIRIAL  =      1089.3380  VOLUME     =     31011.1851
                                                    Density    =         0.9859
 ------------------------------------------------------------------------------

wrapping first mol.:       11.42030       16.15075       27.97391
wrapping first mol.:       11.42030       16.15075       27.97391

 NSTEP =    35500   TIME(PS) =      71.000  TEMP(K) =   302.84  PRESS =   312.7
 Etot   =     -7841.4608  EKtot   =      1846.8990  EPtot      =     -9688.3599
 BOND   =         0.9403  ANGLE   =        11.1897  DIHED      =         3.8981
 UB     =         0.0000  IMP     =         0.0000  CMAP       =         0.0024
 1-4 NB =         2.0147  1-4 EEL =        44.5107  VDWAALS    =      1453.2735
 EELEC  =    -11206.6429  EHBOND  =         0.0000  RESTRAINT  =         2.4537
 EAMBER (non-restraint)  =     -9690.8135
 EKCMT  =       964.7790  VIRIAL  =       755.7636  VOLUME     =     30957.2500
                                                    Density    =         0.9877
 ------------------------------------------------------------------------------

wrapping first mol.:       11.42795       16.16156       27.99264
wrapping first mol.:       11.42795       16.16156       27.99264

 NSTEP =    36000   TIME(PS) =      72.000  TEMP(K) =   296.42  PRESS =  -313.0
 Etot   =     -7900.4547  EKtot   =      1807.7831  EPtot      =     -9708.2378
 BOND   =         2.7017  ANGLE   =         8.9415  DIHED      =         4.8112
 UB     =         0.0000  IMP     =         0.0000  CMAP       =        -0.0244
 1-4 NB =         3.6895  1-4 EEL =        48.2486  VDWAALS    =      1391.4315
 EELEC  =    -11172.5610  EHBOND  =         0.0000  RESTRAINT  =         4.5235
 EAMBER (non-restraint)  =     -9712.7613
 EKCMT  =       875.7442  VIRIAL  =      1085.4198  VOLUME     =     31021.2237
                                                    Density    =         0.9856
 ------------------------------------------------------------------------------

wrapping first mol.:       11.42550       16.15810       27.98664
wrapping first mol.:       11.42550       16.15810       27.98664

 NSTEP =    36500   TIME(PS) =      73.000  TEMP(K) =   305.55  PRESS =   153.5
 Etot   =     -7813.3954  EKtot   =      1863.4451  EPtot      =     -9676.8405
 BOND   =         1.6333  ANGLE   =        10.5623  DIHED      =         4.2918
 UB     =         0.0000  IMP     =         0.0000  CMAP       =         0.1952
 1-4 NB =         3.0373  1-4 EEL =        48.0466  VDWAALS    =      1431.2640
 EELEC  =    -11180.5699  EHBOND  =         0.0000  RESTRAINT  =         4.6989
 EAMBER (non-restraint)  =     -9681.5394
 EKCMT  =       933.4845  VIRIAL  =       830.7567  VOLUME     =     30999.9848
                                                    Density    =         0.9863
 ------------------------------------------------------------------------------

wrapping first mol.:       11.43169       16.16685       28.00181
wrapping first mol.:       11.43169       16.16685       28.00181

 NSTEP =    37000   TIME(PS) =      74.000  TEMP(K) =   301.23  PRESS =   364.1
 Etot   =     -7838.3911  EKtot   =      1837.1343  EPtot      =     -9675.5253
 BOND   =         3.3000  ANGLE   =         7.6944  DIHED      =         2.9538
 UB     =         0.0000  IMP     =         0.0000  CMAP       =        -0.3966
 1-4 NB =         3.1910  1-4 EEL =        45.6664  VDWAALS    =      1455.0564
 EELEC  =    -11195.1148  EHBOND  =         0.0000  RESTRAINT  =         2.1241
 EAMBER (non-restraint)  =     -9677.6494
 EKCMT  =       940.8945  VIRIAL  =       696.8111  VOLUME     =     31049.8166
                                                    Density    =         0.9847
 ------------------------------------------------------------------------------

wrapping first mol.:       11.47420       16.22696       28.10593
wrapping first mol.:       11.47420       16.22696       28.10593

 NSTEP =    37500   TIME(PS) =      75.000  TEMP(K) =   307.94  PRESS =   100.5
 Etot   =     -7810.8109  EKtot   =      1878.0095  EPtot      =     -9688.8205
 BOND   =         2.4304  ANGLE   =         7.2794  DIHED      =         4.1343
 UB     =         0.0000  IMP     =         0.0000  CMAP       =         0.2148
 1-4 NB =         2.7595  1-4 EEL =        46.1282  VDWAALS    =      1447.9671
 EELEC  =    -11201.5442  EHBOND  =         0.0000  RESTRAINT  =         1.8101
 EAMBER (non-restraint)  =     -9690.6306
 EKCMT  =       925.9011  VIRIAL  =       857.7955  VOLUME     =     31398.2014
                                                    Density    =         0.9738
 ------------------------------------------------------------------------------

wrapping first mol.:       11.47376       16.22635       28.10485
wrapping first mol.:       11.47376       16.22635       28.10485

 NSTEP =    38000   TIME(PS) =      76.000  TEMP(K) =   293.06  PRESS =   -10.2
 Etot   =     -7823.0699  EKtot   =      1787.3010  EPtot      =     -9610.3709
 BOND   =         4.7612  ANGLE   =        10.0119  DIHED      =         3.6017
 UB     =         0.0000  IMP     =         0.0000  CMAP       =         0.2073
 1-4 NB =         3.3909  1-4 EEL =        44.9268  VDWAALS    =      1415.1356
 EELEC  =    -11094.3718  EHBOND  =         0.0000  RESTRAINT  =         1.9653
 EAMBER (non-restraint)  =     -9612.3362
 EKCMT  =       901.5130  VIRIAL  =       908.4012  VOLUME     =     31394.9180
                                                    Density    =         0.9739
 ------------------------------------------------------------------------------

wrapping first mol.:       11.45401       16.19842       28.05648
wrapping first mol.:       11.45401       16.19842       28.05648

 NSTEP =    38500   TIME(PS) =      77.000  TEMP(K) =   298.88  PRESS =  -169.4
 Etot   =     -7908.1139  EKtot   =      1822.7930  EPtot      =     -9730.9068
 BOND   =         1.6393  ANGLE   =         8.8016  DIHED      =         5.4676
 UB     =         0.0000  IMP     =         0.0000  CMAP       =         1.2016
 1-4 NB =         3.1984  1-4 EEL =        48.6357  VDWAALS    =      1434.7645
 EELEC  =    -11236.8512  EHBOND  =         0.0000  RESTRAINT  =         2.2357
 EAMBER (non-restraint)  =     -9733.1425
 EKCMT  =       878.1757  VIRIAL  =       992.4090  VOLUME     =     31233.5464
                                                    Density    =         0.9789
 ------------------------------------------------------------------------------

wrapping first mol.:       11.42226       16.15351       27.97870
wrapping first mol.:       11.42226       16.15351       27.97870

 NSTEP =    39000   TIME(PS) =      78.000  TEMP(K) =   289.43  PRESS =  -138.8
 Etot   =     -7887.2635  EKtot   =      1765.1464  EPtot      =     -9652.4099
 BOND   =         4.7662  ANGLE   =         5.7267  DIHED      =         2.8954
 UB     =         0.0000  IMP     =         0.0000  CMAP       =        -0.0181
 1-4 NB =         3.5514  1-4 EEL =        46.8194  VDWAALS    =      1397.7048
 EELEC  =    -11115.7412  EHBOND  =         0.0000  RESTRAINT  =         1.8855
 EAMBER (non-restraint)  =     -9654.2954
 EKCMT  =       879.5402  VIRIAL  =       972.3532  VOLUME     =     30974.4037
                                                    Density    =         0.9871
 ------------------------------------------------------------------------------

wrapping first mol.:       11.41420       16.14212       27.95897
wrapping first mol.:       11.41420       16.14212       27.95897

 NSTEP =    39500   TIME(PS) =      79.000  TEMP(K) =   293.37  PRESS =   -93.5
 Etot   =     -7874.9487  EKtot   =      1789.1970  EPtot      =     -9664.1458
 BOND   =         0.8260  ANGLE   =         7.0338  DIHED      =         7.7383
 UB     =         0.0000  IMP     =         0.0000  CMAP       =        -0.0313
 1-4 NB =         3.4633  1-4 EEL =        49.3352  VDWAALS    =      1405.2216
 EELEC  =    -11141.3434  EHBOND  =         0.0000  RESTRAINT  =         3.6107
 EAMBER (non-restraint)  =     -9667.7565
 EKCMT  =       882.2505  VIRIAL  =       944.6696  VOLUME     =     30908.8054
                                                    Density    =         0.9892
 ------------------------------------------------------------------------------

wrapping first mol.:       11.41899       16.14889       27.97069
wrapping first mol.:       11.41899       16.14889       27.97069

 NSTEP =    40000   TIME(PS) =      80.000  TEMP(K) =   306.53  PRESS =   208.2
 Etot   =     -7881.0105  EKtot   =      1869.4070  EPtot      =     -9750.4174
 BOND   =         0.9507  ANGLE   =         7.8088  DIHED      =         3.1101
 UB     =         0.0000  IMP     =         0.0000  CMAP       =         0.1679
 1-4 NB =         2.4925  1-4 EEL =        47.3757  VDWAALS    =      1465.1469
 EELEC  =    -11281.4142  EHBOND  =         0.0000  RESTRAINT  =         3.9441
 EAMBER (non-restraint)  =     -9754.3616
 EKCMT  =       918.4367  VIRIAL  =       779.3091  VOLUME     =     30946.8524
                                                    Density    =         0.9880
 ------------------------------------------------------------------------------

wrapping first mol.:       11.44189       16.18127       28.02679
wrapping first mol.:       11.44189       16.18127       28.02679

 NSTEP =    40500   TIME(PS) =      81.000  TEMP(K) =   301.15  PRESS =  -112.9
 Etot   =     -7926.5278  EKtot   =      1836.6071  EPtot      =     -9763.1348
 BOND   =         4.8824  ANGLE   =         9.4658  DIHED      =         4.5193
 UB     =         0.0000  IMP     =         0.0000  CMAP       =         0.3802
 1-4 NB =         2.7068  1-4 EEL =        51.4961  VDWAALS    =      1425.4321
 EELEC  =    -11266.9816  EHBOND  =         0.0000  RESTRAINT  =         4.9641
 EAMBER (non-restraint)  =     -9768.0990
 EKCMT  =       917.1272  VIRIAL  =       993.0538  VOLUME     =     31134.3113
                                                    Density    =         0.9820
 ------------------------------------------------------------------------------

wrapping first mol.:      -22.90764       16.19815       28.05602
wrapping first mol.:      -22.90764       16.19815       28.05602

 NSTEP =    41000   TIME(PS) =      82.000  TEMP(K) =   296.01  PRESS =   623.9
 Etot   =     -7869.6770  EKtot   =      1805.2877  EPtot      =     -9674.9648
 BOND   =         5.0677  ANGLE   =         8.5686  DIHED      =         4.6878
 UB     =         0.0000  IMP     =         0.0000  CMAP       =         0.3832
 1-4 NB =         3.7060  1-4 EEL =        52.1587  VDWAALS    =      1523.6044
 EELEC  =    -11276.9733  EHBOND  =         0.0000  RESTRAINT  =         3.8321
 EAMBER (non-restraint)  =     -9678.7969
 EKCMT  =       887.0075  VIRIAL  =       466.3478  VOLUME     =     31229.7750
                                                    Density    =         0.9790
 ------------------------------------------------------------------------------

wrapping first mol.:       11.44653       16.18784       28.03816
wrapping first mol.:       11.44653       16.18784       28.03816

 NSTEP =    41500   TIME(PS) =      83.000  TEMP(K) =   299.82  PRESS =  -139.3
 Etot   =     -7971.6570  EKtot   =      1828.5197  EPtot      =     -9800.1767
 BOND   =         2.2750  ANGLE   =        11.2745  DIHED      =         3.7773
 UB     =         0.0000  IMP     =         0.0000  CMAP       =         0.4278
 1-4 NB =         2.7775  1-4 EEL =        48.9663  VDWAALS    =      1467.4308
 EELEC  =    -11340.9080  EHBOND  =         0.0000  RESTRAINT  =         3.8022
 EAMBER (non-restraint)  =     -9803.9789
 EKCMT  =       914.8863  VIRIAL  =      1008.6530  VOLUME     =     31172.3157
                                                    Density    =         0.9808
 ------------------------------------------------------------------------------

wrapping first mol.:       11.42270       16.15414       27.97979
wrapping first mol.:       11.42270       16.15414       27.97979

 NSTEP =    42000   TIME(PS) =      84.000  TEMP(K) =   305.29  PRESS =   109.9
 Etot   =     -7826.9476  EKtot   =      1861.8929  EPtot      =     -9688.8406
 BOND   =         0.7595  ANGLE   =         7.1220  DIHED      =         3.8613
 UB     =         0.0000  IMP     =         0.0000  CMAP       =         0.3556
 1-4 NB =         3.6917  1-4 EEL =        51.8620  VDWAALS    =      1446.5105
 EELEC  =    -11207.2123  EHBOND  =         0.0000  RESTRAINT  =         4.2091
 EAMBER (non-restraint)  =     -9693.0497
 EKCMT  =       929.9154  VIRIAL  =       856.4181  VOLUME     =     30977.3398
                                                    Density    =         0.9870
 ------------------------------------------------------------------------------

wrapping first mol.:       11.41539       16.14379       27.96187
wrapping first mol.:       11.41539       16.14379       27.96187

 NSTEP =    42500   TIME(PS) =      85.000  TEMP(K) =   299.61  PRESS =   109.4
 Etot   =     -7809.3059  EKtot   =      1827.2520  EPtot      =     -9636.5579
 BOND   =         2.3221  ANGLE   =         8.2337  DIHED      =         5.6606
 UB     =         0.0000  IMP     =         0.0000  CMAP       =         0.0207
 1-4 NB =         2.5882  1-4 EEL =        47.5756  VDWAALS    =      1404.1251
 EELEC  =    -11110.2771  EHBOND  =         0.0000  RESTRAINT  =         3.1931
 EAMBER (non-restraint)  =     -9639.7510
 EKCMT  =       897.3644  VIRIAL  =       824.3286  VOLUME     =     30917.8527
                                                    Density    =         0.9889
 ------------------------------------------------------------------------------

wrapping first mol.:       11.42497       16.15734       27.98534
wrapping first mol.:       11.42497       16.15734       27.98534

 NSTEP =    43000   TIME(PS) =      86.000  TEMP(K) =   295.49  PRESS =   168.7
 Etot   =     -7846.0467  EKtot   =      1802.0906  EPtot      =     -9648.1373
 BOND   =         2.7421  ANGLE   =        12.3431  DIHED      =         3.2142
 UB     =         0.0000  IMP     =         0.0000  CMAP       =        -0.0736
 1-4 NB =         2.2158  1-4 EEL =        46.5551  VDWAALS    =      1418.1311
 EELEC  =    -11136.4218  EHBOND  =         0.0000  RESTRAINT  =         3.1567
 EAMBER (non-restraint)  =     -9651.2940
 EKCMT  =       918.8330  VIRIAL  =       805.9197  VOLUME     =     30995.6080
                                                    Density    =         0.9864
 ------------------------------------------------------------------------------

wrapping first mol.:       11.40987       16.13599       27.94836
wrapping first mol.:       11.40987       16.13599       27.94836

 NSTEP =    43500   TIME(PS) =      87.000  TEMP(K) =   298.58  PRESS =  -342.9
 Etot   =     -7964.1052  EKtot   =      1820.9717  EPtot      =     -9785.0769
 BOND   =         3.2465  ANGLE   =        13.7758  DIHED      =         3.7488
 UB     =         0.0000  IMP     =         0.0000  CMAP       =         0.8420
 1-4 NB =         1.8810  1-4 EEL =        47.7896  VDWAALS    =      1415.3503
 EELEC  =    -11274.6301  EHBOND  =         0.0000  RESTRAINT  =         2.9192
 EAMBER (non-restraint)  =     -9787.9962
 EKCMT  =       849.6180  VIRIAL  =      1078.1709  VOLUME     =     30874.3093
                                                    Density    =         0.9903
 ------------------------------------------------------------------------------

wrapping first mol.:       11.43027       16.16484       27.99832
wrapping first mol.:       11.43027       16.16484       27.99832

 NSTEP =    44000   TIME(PS) =      88.000  TEMP(K) =   295.10  PRESS =    16.2
 Etot   =     -7930.5963  EKtot   =      1799.7498  EPtot      =     -9730.3460
 BOND   =         1.7428  ANGLE   =         7.7872  DIHED      =         4.3718
 UB     =         0.0000  IMP     =         0.0000  CMAP       =         0.4522
 1-4 NB =         3.2762  1-4 EEL =        48.7836  VDWAALS    =      1461.4317
 EELEC  =    -11262.6074  EHBOND  =         0.0000  RESTRAINT  =         4.4158
 EAMBER (non-restraint)  =     -9734.7619
 EKCMT  =       875.8320  VIRIAL  =       864.9429  VOLUME     =     31039.1745
                                                    Density    =         0.9850
 ------------------------------------------------------------------------------

wrapping first mol.:       11.44619       16.18736       28.03733
wrapping first mol.:       11.44619       16.18736       28.03733

 NSTEP =    44500   TIME(PS) =      89.000  TEMP(K) =   300.15  PRESS =  -182.0
 Etot   =     -7861.5707  EKtot   =      1830.5176  EPtot      =     -9692.0883
 BOND   =         1.3028  ANGLE   =        10.6281  DIHED      =         5.4605
 UB     =         0.0000  IMP     =         0.0000  CMAP       =         0.6349
 1-4 NB =         2.5999  1-4 EEL =        46.1643  VDWAALS    =      1412.8573
 EELEC  =    -11175.5673  EHBOND  =         0.0000  RESTRAINT  =         3.8312
 EAMBER (non-restraint)  =     -9695.9195
 EKCMT  =       878.3221  VIRIAL  =      1000.8306  VOLUME     =     31169.6543
                                                    Density    =         0.9809
 ------------------------------------------------------------------------------

wrapping first mol.:       11.42191       16.15302       27.97785
wrapping first mol.:       11.42191       16.15302       27.97785

 NSTEP =    45000   TIME(PS) =      90.000  TEMP(K) =   302.93  PRESS =   -95.4
 Etot   =     -7885.1392  EKtot   =      1847.4923  EPtot      =     -9732.6315
 BOND   =         2.9211  ANGLE   =        13.9985  DIHED      =         3.3315
 UB     =         0.0000  IMP     =         0.0000  CMAP       =         0.2828
 1-4 NB =         2.2278  1-4 EEL =        46.7589  VDWAALS    =      1417.9925
 EELEC  =    -11223.6716  EHBOND  =         0.0000  RESTRAINT  =         3.5271
 EAMBER (non-restraint)  =     -9736.1586
 EKCMT  =       944.9541  VIRIAL  =      1008.7261  VOLUME     =     30971.4460
                                                    Density    =         0.9872
 ------------------------------------------------------------------------------

wrapping first mol.:       11.40667       16.13147       27.94053
wrapping first mol.:       11.40667       16.13147       27.94053

 NSTEP =    45500   TIME(PS) =      91.000  TEMP(K) =   296.10  PRESS =  -440.8
 Etot   =     -7947.6393  EKtot   =      1805.8125  EPtot      =     -9753.4518
 BOND   =         1.7119  ANGLE   =         9.8194  DIHED      =         6.7252
 UB     =         0.0000  IMP     =         0.0000  CMAP       =         1.2055
 1-4 NB =         2.1753  1-4 EEL =        48.1740  VDWAALS    =      1391.3790
 EELEC  =    -11219.6616  EHBOND  =         0.0000  RESTRAINT  =         5.0195
 EAMBER (non-restraint)  =     -9758.4713
 EKCMT  =       909.4625  VIRIAL  =      1203.0518  VOLUME     =     30848.6279
                                                    Density    =         0.9911
 ------------------------------------------------------------------------------

wrapping first mol.:      -22.85191       16.15874       27.98776
wrapping first mol.:      -22.85191       16.15874       27.98776

 NSTEP =    46000   TIME(PS) =      92.000  TEMP(K) =   304.02  PRESS =   142.6
 Etot   =     -7845.4734  EKtot   =      1854.1208  EPtot      =     -9699.5942
 BOND   =         2.0069  ANGLE   =         9.7895  DIHED      =         5.5341
 UB     =         0.0000  IMP     =         0.0000  CMAP       =         1.0693
 1-4 NB =         5.8000  1-4 EEL =        50.0414  VDWAALS    =      1447.6912
 EELEC  =    -11224.9583  EHBOND  =         0.0000  RESTRAINT  =         3.4317
 EAMBER (non-restraint)  =     -9703.0259
 EKCMT  =       917.5074  VIRIAL  =       822.0609  VOLUME     =     31003.7169
                                                    Density    =         0.9862
 ------------------------------------------------------------------------------

wrapping first mol.:      -22.85492       16.16087       27.99145
wrapping first mol.:      -22.85492       16.16087       27.99145

 NSTEP =    46500   TIME(PS) =      93.000  TEMP(K) =   305.37  PRESS =  -204.9
 Etot   =     -7838.6326  EKtot   =      1862.3589  EPtot      =     -9700.9915
 BOND   =         1.5612  ANGLE   =         6.1129  DIHED      =         4.2722
 UB     =         0.0000  IMP     =         0.0000  CMAP       =         1.3192
 1-4 NB =         3.6991  1-4 EEL =        52.1246  VDWAALS    =      1389.2074
 EELEC  =    -11162.7952  EHBOND  =         0.0000  RESTRAINT  =         3.5073
 EAMBER (non-restraint)  =     -9704.4988
 EKCMT  =       927.2557  VIRIAL  =      1064.4778  VOLUME     =     31016.9456
                                                    Density    =         0.9858
 ------------------------------------------------------------------------------

wrapping first mol.:       11.44241       16.18202       28.02807
wrapping first mol.:       11.44241       16.18202       28.02807

 NSTEP =    47000   TIME(PS) =      94.000  TEMP(K) =   305.58  PRESS =   -72.7
 Etot   =     -7873.8386  EKtot   =      1863.6610  EPtot      =     -9737.4996
 BOND   =         2.5770  ANGLE   =         5.9639  DIHED      =         3.6834
 UB     =         0.0000  IMP     =         0.0000  CMAP       =         0.4657
 1-4 NB =         4.6208  1-4 EEL =        48.5226  VDWAALS    =      1432.1741
 EELEC  =    -11238.1680  EHBOND  =         0.0000  RESTRAINT  =         2.6607
 EAMBER (non-restraint)  =     -9740.1604
 EKCMT  =       906.5419  VIRIAL  =       955.4369  VOLUME     =     31138.4872
                                                    Density    =         0.9819
 ------------------------------------------------------------------------------

wrapping first mol.:       11.42838       16.16217       27.99370
wrapping first mol.:       11.42838       16.16217       27.99370

 NSTEP =    47500   TIME(PS) =      95.000  TEMP(K) =   303.00  PRESS =   -77.5
 Etot   =     -7868.5786  EKtot   =      1847.9131  EPtot      =     -9716.4917
 BOND   =         4.4093  ANGLE   =         5.8751  DIHED      =         4.0944
 UB     =         0.0000  IMP     =         0.0000  CMAP       =        -0.0512
 1-4 NB =         2.8490  1-4 EEL =        46.2967  VDWAALS    =      1423.2021
 EELEC  =    -11205.0623  EHBOND  =         0.0000  RESTRAINT  =         1.8951
 EAMBER (non-restraint)  =     -9718.3869
 EKCMT  =       910.5147  VIRIAL  =       962.3974  VOLUME     =     31024.0839
                                                    Density    =         0.9855
 ------------------------------------------------------------------------------

wrapping first mol.:      -22.83790       16.14884       27.97061
wrapping first mol.:      -22.83790       16.14884       27.97061

 NSTEP =    48000   TIME(PS) =      96.000  TEMP(K) =   307.16  PRESS =    -1.8
 Etot   =     -7798.6085  EKtot   =      1873.2911  EPtot      =     -9671.8997
 BOND   =         2.5140  ANGLE   =        10.1475  DIHED      =         4.0391
 UB     =         0.0000  IMP     =         0.0000  CMAP       =        -0.4856
 1-4 NB =         3.6934  1-4 EEL =        49.4245  VDWAALS    =      1416.0168
 EELEC  =    -11160.5242  EHBOND  =         0.0000  RESTRAINT  =         3.2748
 EAMBER (non-restraint)  =     -9675.1745
 EKCMT  =       927.6714  VIRIAL  =       928.8724  VOLUME     =     30947.1588
                                                    Density    =         0.9880
 ------------------------------------------------------------------------------

wrapping first mol.:       11.41994       16.15024       27.97303
wrapping first mol.:       11.41994       16.15024       27.97303

 NSTEP =    48500   TIME(PS) =      97.000  TEMP(K) =   304.04  PRESS =   348.1
 Etot   =     -7857.8873  EKtot   =      1854.2412  EPtot      =     -9712.1285
 BOND   =         5.4578  ANGLE   =         8.1641  DIHED      =         5.3271
 UB     =         0.0000  IMP     =         0.0000  CMAP       =        -0.4246
 1-4 NB =         3.8047  1-4 EEL =        44.8759  VDWAALS    =      1469.7408
 EELEC  =    -11251.0161  EHBOND  =         0.0000  RESTRAINT  =         1.9419
 EAMBER (non-restraint)  =     -9714.0704
 EKCMT  =       929.6792  VIRIAL  =       697.0200  VOLUME     =     30954.2296
                                                    Density    =         0.9877
 ------------------------------------------------------------------------------

wrapping first mol.:       11.44168       16.18097       28.02627
wrapping first mol.:       11.44168       16.18097       28.02627

 NSTEP =    49000   TIME(PS) =      98.000  TEMP(K) =   297.56  PRESS =   -61.5
 Etot   =     -7886.3719  EKtot   =      1814.7236  EPtot      =     -9701.0955
 BOND   =         4.6425  ANGLE   =        14.1458  DIHED      =         3.4355
 UB     =         0.0000  IMP     =         0.0000  CMAP       =         0.8667
 1-4 NB =         2.1699  1-4 EEL =        45.2787  VDWAALS    =      1421.6148
 EELEC  =    -11197.0470  EHBOND  =         0.0000  RESTRAINT  =         3.7976
 EAMBER (non-restraint)  =     -9704.8931
 EKCMT  =       931.5355  VIRIAL  =       972.8739  VOLUME     =     31132.4353
                                                    Density    =         0.9821
 ------------------------------------------------------------------------------

wrapping first mol.:       11.43454       16.17088       28.00878
wrapping first mol.:       11.43454       16.17088       28.00878

 NSTEP =    49500   TIME(PS) =      99.000  TEMP(K) =   293.36  PRESS =   271.8
 Etot   =     -7906.5978  EKtot   =      1789.1394  EPtot      =     -9695.7372
 BOND   =         2.7028  ANGLE   =         9.3407  DIHED      =         4.0236
 UB     =         0.0000  IMP     =         0.0000  CMAP       =        -0.0210
 1-4 NB =         2.3407  1-4 EEL =        45.9709  VDWAALS    =      1469.6909
 EELEC  =    -11233.0692  EHBOND  =         0.0000  RESTRAINT  =         3.2834
 EAMBER (non-restraint)  =     -9699.0206
 EKCMT  =       892.7624  VIRIAL  =       710.4011  VOLUME     =     31073.2653
                                                    Density    =         0.9840
 ------------------------------------------------------------------------------

wrapping first mol.:       11.45683       16.20240       28.06337
wrapping first mol.:       11.45683       16.20240       28.06337

 NSTEP =    50000   TIME(PS) =     100.000  TEMP(K) =   297.81  PRESS =   728.8
 Etot   =     -7883.3139  EKtot   =      1816.2551  EPtot      =     -9699.5690
 BOND   =         2.1148  ANGLE   =         6.8757  DIHED      =         4.7976
 UB     =         0.0000  IMP     =         0.0000  CMAP       =        -0.1766
 1-4 NB =         3.8414  1-4 EEL =        47.4680  VDWAALS    =      1532.8788
 EELEC  =    -11301.5221  EHBOND  =         0.0000  RESTRAINT  =         4.1533
 EAMBER (non-restraint)  =     -9703.7224
 EKCMT  =       909.5519  VIRIAL  =       417.7697  VOLUME     =     31254.0610
                                                    Density    =         0.9783
 ------------------------------------------------------------------------------


      A V E R A G E S   O V E R     100 S T E P S


 NSTEP =    50000   TIME(PS) =     100.000  TEMP(K) =   300.54  PRESS =    26.3
 Etot   =     -7874.0735  EKtot   =      1832.9032  EPtot      =     -9706.9767
 BOND   =         2.8701  ANGLE   =         9.0021  DIHED      =         4.6986
 UB     =         0.0000  IMP     =         0.0000  CMAP       =         0.0472
 1-4 NB =         3.3554  1-4 EEL =        46.8915  VDWAALS    =      1437.5675
 EELEC  =    -11214.4844  EHBOND  =         0.0000  RESTRAINT  =         3.0754
 EAMBER (non-restraint)  =     -9710.0521
 EKCMT  =       912.2177  VIRIAL  =       894.5499  VOLUME     =     31068.8123
                                                    Density    =         0.9841
 ------------------------------------------------------------------------------


      R M S  F L U C T U A T I O N S


 NSTEP =    50000   TIME(PS) =     100.000  TEMP(K) =     5.11  PRESS =   294.4
 Etot   =        53.3075  EKtot   =        31.1883  EPtot      =        43.1245
 BOND   =         1.4466  ANGLE   =         2.2989  DIHED      =         1.1742
 UB     =         0.0000  IMP     =         0.0000  CMAP       =         0.6249
 1-4 NB =         0.9249  1-4 EEL =         2.4680  VDWAALS    =        42.0457
 EELEC  =        67.7037  EHBOND  =         0.0000  RESTRAINT  =         1.1670
 EAMBER (non-restraint)  =        41.9575
 EKCMT  =        23.4185  VIRIAL  =       197.3448  VOLUME     =       133.5714
                                                    Density    =         0.0042
 ------------------------------------------------------------------------------

--------------------------------------------------------------------------------
   5.  TIMINGS
--------------------------------------------------------------------------------

|  NonSetup CPU Time in Major Routines:
|
|     Routine           Sec        %
|     ------------------------------
|     Nonbond           8.75   74.51
|     Bond              0.00    0.00
|     Angle             0.00    0.00
|     Dihedral          0.00    0.00
|     Shake             0.16    1.36
|     RunMD             2.75   23.44
|     Other             0.08    0.69
|     ------------------------------
|     Total            11.75

|  PME Nonbond Pairlist CPU Time:
|
|     Routine              Sec        %
|     ---------------------------------
|     Set Up Cit           0.00    0.00
|     Build List           0.00    0.00
|     ---------------------------------
|     Total                0.00    0.00

|  PME Direct Force CPU Time:
|
|     Routine              Sec        %
|     ---------------------------------
|     NonBonded Calc       0.00    0.00
|     Exclude Masked       0.00    0.00
|     Other                0.05    0.44
|     ---------------------------------
|     Total                0.05    0.44

|  PME Reciprocal Force CPU Time:
|
|     Routine              Sec        %
|     ---------------------------------
|     1D bspline           0.00    0.00
|     Grid Charges         0.00    0.00
|     Scalar Sum           0.00    0.00
|     Gradient Sum         0.00    0.00
|     FFT                  0.00    0.00
|     ---------------------------------
|     Total                0.00    0.00

|  Final Performance Info:
|     -----------------------------------------------------
|     Average timings for last   50000 steps:
|     Elapsed(s) =      11.79 Per Step(ms) =       0.24
|         ns/day =     733.13   seconds/ns =     117.85
|
|     Average timings for all steps:
|     Elapsed(s) =      11.79 Per Step(ms) =       0.24
|         ns/day =     733.13   seconds/ns =     117.85
|     -----------------------------------------------------

|  Setup CPU time:            0.19 seconds
|  NonSetup CPU time:        11.75 seconds
|  Total CPU time:           11.94 seconds     0.00 hours

|  Setup wall time:           1    seconds
|  NonSetup wall time:       11    seconds
|  Total wall time:          12    seconds     0.00 hours
