
          -------------------------------------------------------
          Amber 24 PMEMD                              2024
          -------------------------------------------------------

| PMEMD implementation of SANDER, Release 24

|  Compiled date/time: Wed Aug 21 09:34:12 2024
| Run on 06/01/2026 at 23:17:47

|   Executable path: pmemd.cuda
| Working directory: /localscratch/kbui/NexusMol/examples
|          Hostname: Unknown
  [-O]verwriting output

File Assignments:
|   MDIN: /localscratch/kbui/NexusMol/examples/artifacts/AMBER_DiAla/heat.in    
|  MDOUT: /localscratch/kbui/NexusMol/examples/artifacts/AMBER_DiAla/heat.out   
| INPCRD: /localscratch/kbui/NexusMol/examples/artifacts/AMBER_DiAla/min7.ncrst 
|   PARM: /localscratch/kbui/NexusMol/examples/ALA.prmtop                       
| RESTRT: /localscratch/kbui/NexusMol/examples/artifacts/AMBER_DiAla/heat.ncrst 
|   REFC: /localscratch/kbui/NexusMol/examples/artifacts/AMBER_DiAla/min7.ncrst 
|  MDVEL: mdvel                                                                 
|   MDEN: mden                                                                  
|  MDCRD: /localscratch/kbui/NexusMol/examples/artifacts/AMBER_DiAla/heat.nc    
| MDINFO: /localscratch/kbui/NexusMol/examples/artifacts/AMBER_DiAla/heat.info  
|  MDFRC: mdfrc                                                                 


 Here is the input file:

Explicit solvent initial heating mdin                                          
 &cntrl                                                                        
   imin=0, irest=0, ntx=1,                                                     
   ntpr=5000, ntwx=5000, ntwr=5000, nstlim=500000,                             
   dt=0.002, ntt=3, gamma_ln=5.0, ig=-1,                                       
   ntc=2, ntf=2, cut=10.0, ntb=2, ntp=1,                                       
   iwrap=1, ioutfm=1, nmropt=1,                                                
   ntr=1, restraint_wt=10.0, restraintmask=':1-3'                              
 /                                                                             
 &wt                                                                           
   TYPE='TEMP0', ISTEP1=0, ISTEP2=50000,                                       
   VALUE1=10.0, VALUE2=100.0,                                                  
 /                                                                             
 &wt                                                                           
   TYPE='TEMP0', ISTEP1=50001, ISTEP2=250000,                                  
   VALUE1=100.0, VALUE2=300.0,                                                 
 /                                                                             
 &wt TYPE='END' /                                                              


Note: ig = -1. Setting random seed to   849024 based on wallclock time in 
      microseconds.
| irandom = 1, using AMBER's internal random number generator (default).
 
|--------------------- INFORMATION ----------------------
| GPU (CUDA) Version of PMEMD in use: NVIDIA GPU IN USE.
|                    Version 18.0.0
| 
|                      03/25/2018
| 
| Implementation by:
|                    Ross C. Walker     (SDSC)
|                    Scott Le Grand     (nVIDIA)
| 
| Version 18 performance extensions by:
|                    David Cerutti     (Rutgers)
| 
| Precision model in use:
|      [SPFP] - Single Precision Forces, 64-bit Fixed Point
|               Accumulation. (Default)
| 
|--------------------------------------------------------
 
|----------------- CITATION INFORMATION -----------------
|
|    When publishing work that utilized the CUDA version
|    of AMBER, please cite the following in addition to
|    the regular AMBER citations:
|
|  - Romelia Salomon-Ferrer; Andreas W. Goetz; Duncan
|    Poole; Scott Le Grand; Ross C. Walker "Routine
|    microsecond molecular dynamics simulations with
|    AMBER - Part II: Particle Mesh Ewald", J. Chem.
|    Theory Comput., 2013, 9 (9), pp3878-3888,
|    DOI: 10.1021/ct400314y.
|
|  - Andreas W. Goetz; Mark J. Williamson; Dong Xu;
|    Duncan Poole; Scott Le Grand; Ross C. Walker
|    "Routine microsecond molecular dynamics simulations
|    with AMBER - Part I: Generalized Born", J. Chem.
|    Theory Comput., 2012, 8 (5), pp1542-1555.
|
|  - Scott Le Grand; Andreas W. Goetz; Ross C. Walker
|    "SPFP: Speed without compromise - a mixed precision
|    model for GPU accelerated molecular dynamics
|    simulations.", Comp. Phys. Comm., 2013, 184
|    pp374-380, DOI: 10.1016/j.cpc.2012.09.022
|
|--------------------------------------------------------
 
|------------------- GPU DEVICE INFO --------------------
|
|            CUDA_VISIBLE_DEVICES: not set
|   CUDA Capable Devices Detected:      1
|           CUDA Device ID in use:      0
|                CUDA Device Name: NVIDIA GeForce RTX 4090
|     CUDA Device Global Mem Size:  24079 MB
| CUDA Device Num Multiprocessors:    128
|           CUDA Device Core Freq:   2.62 GHz
|
|--------------------------------------------------------
 
 
| Conditional Compilation Defines Used:
| PUBFFT
| BINTRAJ
| CUDA
| EMIL

| Largest sphere to fit in unit cell has radius =    14.010

| New format PARM file being parsed.
| Version =    1.000 Date = 03/28/26 Time = 21:23:47

| Note: 1-4 EEL scale factors are being read from the topology file.

| Note: 1-4 VDW scale factors are being read from the topology file.
| Duplicated    0 dihedrals

| Duplicated    0 dihedrals

--------------------------------------------------------------------------------
   1.  RESOURCE   USE: 
--------------------------------------------------------------------------------

 getting box info from netcdf restart file
 NATOM  =    3064 NTYPES =       9 NBONH =    3054 MBONA  =       9
 NTHETH =      25 MTHETA =      11 NPHIH =      43 MPHIA  =      24
 NHPARM =       0 NPARM  =       0 NNB   =    4155 NRES   =    1017
 NBONA  =       9 NTHETA =      11 NPHIA =      24 NUMBND =      13
 NUMANG =      21 NPTRA  =      14 NATYP =      10 NPHB   =       0
 IFBOX  =       2 NMXRS  =      10 IFCAP =       0 NEXTRA =       0
 NCOPY  =       0

| Coordinate Index Table dimensions:     5    5    5
| Direct force subcell size =     6.8634    6.8634    6.8634

     BOX TYPE: TRUNCATED OCTAHEDRON

--------------------------------------------------------------------------------
   2.  CONTROL  DATA  FOR  THE  RUN
--------------------------------------------------------------------------------

ACE                                                                             

General flags:
     imin    =       0, nmropt  =       1

Nature and format of input:
     ntx     =       1, irest   =       0, ntrx    =       1

Nature and format of output:
     ntxo    =       2, ntpr    =    5000, ntrx    =       1, ntwr    =    5000
     iwrap   =       1, ntwx    =    5000, ntwv    =       0, ntwe    =       0
     ioutfm  =       1, ntwprt  =       0, idecomp =       0, rbornstat=      0

Potential function:
     ntf     =       2, ntb     =       2, igb     =       0, nsnb    =      25
     ipol    =       0, gbsa    =       0, iesp    =       0
     dielc   =   1.00000, cut     =  10.00000, intdiel =   1.00000

Frozen or restrained atoms:
     ibelly  =       0, ntr     =       1
     restraint_wt =  10.00000

Molecular dynamics:
     nstlim  =    500000, nscm    =         0, nrespa  =         1
     t       =   0.00000, dt      =   0.00200, vlimit  =  -1.00000

Langevin dynamics temperature regulation:
     ig      =  849024
     temp0   = 300.00000, tempi   =   0.00000, gamma_ln=   5.00000

Pressure regulation:
     ntp     =       1
     pres0   =   1.00000, comp    =  44.60000, taup    =   1.00000

SHAKE:
     ntc     =       2, jfastw  =       0
     tol     =   0.00001

NMR refinement options:
     iscale  =       0, noeskp  =       1, ipnlty  =       1, mxsub   =       1
     scalm   = 100.00000, pencut  =   0.10000, tausw   =   0.10000

| Intermolecular bonds treatment:
|     no_intermolecular_bonds =       1

| Energy averages sample interval:
|     ene_avg_sampling =    5000

Ewald parameters:
     verbose =       0, ew_type =       0, nbflag  =       1, use_pme =       1
     vdwmeth =       1, eedmeth =       1, netfrc  =       1
     Box X =   34.317   Box Y =   34.317   Box Z =   34.317
     Alpha =  109.471   Beta  =  109.471   Gamma =  109.471
     NFFT1 =   36       NFFT2 =   36       NFFT3 =   36
     Cutoff=   10.000   Tol   =0.100E-04
     Ewald Coefficient =  0.27511
     Interpolation order =    4

    LOADING THE CONSTRAINED ATOMS AS GROUPS


   5.  REFERENCE ATOM COORDINATES

  ACE                                                                             
     Mask :1-3; matches    22 atoms

--------------------------------------------------------------------------------
   3.  ATOMIC COORDINATES AND VELOCITIES
--------------------------------------------------------------------------------

ACE                                                                             
 begin time read from input coords =     0.000 ps



           Begin reading energy term weight changes/NMR restraints
 WEIGHT CHANGES:
 TEMP0         0  50000   10.000000  100.000000      0      0
 TEMP0     50001 250000  100.000000  300.000000      0      0

 RESTRAINTS:
                          ** No restraint defined **

                  Done reading weight changes/NMR restraints


 
 Number of triangulated 3-point waters found:     1014

     Sum of charges from parm topology file =  -0.00000000
     Forcing neutrality...

| Dynamic Memory, Types Used:
| Reals              277638
| Integers            95881

| Nonbonded Pairs Initial Allocation:      926783

| GPU memory information (estimate):
| KB of GPU memory in use:     40901
| KB of CPU memory in use:     12785

--------------------------------------------------------------------------------
   4.  RESULTS
--------------------------------------------------------------------------------


 NSTEP =        0   TIME(PS) =       0.000  TEMP(K) =     0.00  PRESS = -4958.8
 Etot   =    -14325.4261  EKtot   =         0.0000  EPtot      =    -14325.4261
 BOND   =         0.3992  ANGLE   =         0.8249  DIHED      =         2.4622
 UB     =         0.0000  IMP     =         0.0000  CMAP       =         0.5298
 1-4 NB =         2.4611  1-4 EEL =        45.4606  VDWAALS    =      2702.9236
 EELEC  =    -17080.4876  EHBOND  =         0.0000  RESTRAINT  =         0.0000
 EKCMT  =         0.0000  VIRIAL  =      3330.9160  VOLUME     =     31110.5889
                                                    Density    =         0.9828
 ------------------------------------------------------------------------------

 NMR restraints: Bond =    0.000   Angle =     0.000   Torsion =     0.000
===============================================================================

 NSTEP =     5000   TIME(PS) =      10.000  TEMP(K) =    17.98  PRESS =    81.6
 Etot   =    -12195.4255  EKtot   =       109.6292  EPtot      =    -12305.0546
 BOND   =         0.2749  ANGLE   =         1.1102  DIHED      =         2.4614
 UB     =         0.0000  IMP     =         0.0000  CMAP       =         0.5550
 1-4 NB =         2.7679  1-4 EEL =        46.1034  VDWAALS    =      2551.4930
 EELEC  =    -14910.0359  EHBOND  =         0.0000  RESTRAINT  =         0.2154
 EAMBER (non-restraint)  =    -12305.2700
 EKCMT  =        56.0032  VIRIAL  =         4.3415  VOLUME     =     29310.7651
                                                    Density    =         1.0431
 ------------------------------------------------------------------------------

 NMR restraints: Bond =    0.000   Angle =     0.000   Torsion =     0.000
===============================================================================

 NSTEP =    10000   TIME(PS) =      20.000  TEMP(K) =    28.44  PRESS =    20.6
 Etot   =    -12086.5442  EKtot   =       173.4169  EPtot      =    -12259.9610
 BOND   =         0.6190  ANGLE   =         1.1267  DIHED      =         2.5668
 UB     =         0.0000  IMP     =         0.0000  CMAP       =         0.4722
 1-4 NB =         2.8027  1-4 EEL =        45.2830  VDWAALS    =      2512.5703
 EELEC  =    -14826.2400  EHBOND  =         0.0000  RESTRAINT  =         0.8382
 EAMBER (non-restraint)  =    -12260.7992
 EKCMT  =        85.3834  VIRIAL  =        72.3470  VOLUME     =     29254.7190
                                                    Density    =         1.0451
 ------------------------------------------------------------------------------

 NMR restraints: Bond =    0.000   Angle =     0.000   Torsion =     0.000
===============================================================================

 NSTEP =    15000   TIME(PS) =      30.000  TEMP(K) =    37.19  PRESS =    46.5
 Etot   =    -11988.4009  EKtot   =       226.7850  EPtot      =    -12215.1860
 BOND   =         1.1941  ANGLE   =         1.8664  DIHED      =         2.4849
 UB     =         0.0000  IMP     =         0.0000  CMAP       =         0.5221
 1-4 NB =         2.6432  1-4 EEL =        45.2503  VDWAALS    =      2484.6066
 EELEC  =    -14754.2755  EHBOND  =         0.0000  RESTRAINT  =         0.5219
 EAMBER (non-restraint)  =    -12215.7079
 EKCMT  =       113.7096  VIRIAL  =        84.4462  VOLUME     =     29173.3760
                                                    Density    =         1.0480
 ------------------------------------------------------------------------------

 NMR restraints: Bond =    0.000   Angle =     0.000   Torsion =     0.000
===============================================================================

 NSTEP =    20000   TIME(PS) =      40.000  TEMP(K) =    46.88  PRESS =  -189.2
 Etot   =    -11893.6521  EKtot   =       285.9144  EPtot      =    -12179.5664
 BOND   =         0.7367  ANGLE   =         1.9297  DIHED      =         2.5860
 UB     =         0.0000  IMP     =         0.0000  CMAP       =         0.4805
 1-4 NB =         2.6022  1-4 EEL =        46.9938  VDWAALS    =      2436.0904
 EELEC  =    -14672.2982  EHBOND  =         0.0000  RESTRAINT  =         1.3124
 EAMBER (non-restraint)  =    -12180.8788
 EKCMT  =       139.0301  VIRIAL  =       258.3948  VOLUME     =     29221.9778
                                                    Density    =         1.0463
 ------------------------------------------------------------------------------

 NMR restraints: Bond =    0.000   Angle =     0.000   Torsion =     0.000
===============================================================================

 NSTEP =    25000   TIME(PS) =      50.000  TEMP(K) =    54.71  PRESS =     3.4
 Etot   =    -11839.6950  EKtot   =       333.6377  EPtot      =    -12173.3327
 BOND   =         0.5705  ANGLE   =         2.0983  DIHED      =         2.6502
 UB     =         0.0000  IMP     =         0.0000  CMAP       =         0.4924
 1-4 NB =         2.6672  1-4 EEL =        46.5448  VDWAALS    =      2456.8173
 EELEC  =    -14686.3397  EHBOND  =         0.0000  RESTRAINT  =         1.1664
 EAMBER (non-restraint)  =    -12174.4991
 EKCMT  =       168.2244  VIRIAL  =       166.0591  VOLUME     =     29247.2914
                                                    Density    =         1.0454
 ------------------------------------------------------------------------------

 NMR restraints: Bond =    0.000   Angle =     0.000   Torsion =     0.000
===============================================================================

 NSTEP =    30000   TIME(PS) =      60.000  TEMP(K) =    63.01  PRESS =   -48.2
 Etot   =    -11743.3100  EKtot   =       384.2863  EPtot      =    -12127.5962
 BOND   =         0.2148  ANGLE   =         2.0156  DIHED      =         2.7105
 UB     =         0.0000  IMP     =         0.0000  CMAP       =         0.4574
 1-4 NB =         2.7585  1-4 EEL =        46.5590  VDWAALS    =      2434.1222
 EELEC  =    -14617.5915  EHBOND  =         0.0000  RESTRAINT  =         1.1573
 EAMBER (non-restraint)  =    -12128.7535
 EKCMT  =       192.6091  VIRIAL  =       223.1475  VOLUME     =     29327.0298
                                                    Density    =         1.0426
 ------------------------------------------------------------------------------

 NMR restraints: Bond =    0.000   Angle =     0.000   Torsion =     0.000
===============================================================================

 NSTEP =    35000   TIME(PS) =      70.000  TEMP(K) =    73.42  PRESS =   115.8
 Etot   =    -11624.5741  EKtot   =       447.7516  EPtot      =    -12072.3257
 BOND   =         1.3655  ANGLE   =         2.4926  DIHED      =         2.8032
 UB     =         0.0000  IMP     =         0.0000  CMAP       =         0.3981
 1-4 NB =         2.6459  1-4 EEL =        45.2418  VDWAALS    =      2429.3227
 EELEC  =    -14557.5457  EHBOND  =         0.0000  RESTRAINT  =         0.9501
 EAMBER (non-restraint)  =    -12073.2758
 EKCMT  =       222.0282  VIRIAL  =       148.6845  VOLUME     =     29321.8279
                                                    Density    =         1.0427
 ------------------------------------------------------------------------------

 NMR restraints: Bond =    0.000   Angle =     0.000   Torsion =     0.000
===============================================================================

 NSTEP =    40000   TIME(PS) =      80.000  TEMP(K) =    78.06  PRESS =    69.1
 Etot   =    -11551.5271  EKtot   =       476.0364  EPtot      =    -12027.5635
 BOND   =         1.6669  ANGLE   =         1.7649  DIHED      =         2.9282
 UB     =         0.0000  IMP     =         0.0000  CMAP       =         0.6024
 1-4 NB =         2.6833  1-4 EEL =        45.3053  VDWAALS    =      2394.2356
 EELEC  =    -14478.2930  EHBOND  =         0.0000  RESTRAINT  =         1.5430
 EAMBER (non-restraint)  =    -12029.1065
 EKCMT  =       241.2225  VIRIAL  =       197.5738  VOLUME     =     29264.0079
                                                    Density    =         1.0448
 ------------------------------------------------------------------------------

 NMR restraints: Bond =    0.000   Angle =     0.000   Torsion =     0.000
===============================================================================

 NSTEP =    45000   TIME(PS) =      90.000  TEMP(K) =    88.70  PRESS =   113.5
 Etot   =    -11456.7783  EKtot   =       540.9294  EPtot      =    -11997.7077
 BOND   =         1.3282  ANGLE   =         3.6558  DIHED      =         3.0363
 UB     =         0.0000  IMP     =         0.0000  CMAP       =         0.3433
 1-4 NB =         2.4454  1-4 EEL =        43.7879  VDWAALS    =      2380.4091
 EELEC  =    -14435.4101  EHBOND  =         0.0000  RESTRAINT  =         2.6966
 EAMBER (non-restraint)  =    -12000.4042
 EKCMT  =       271.4561  VIRIAL  =       199.7857  VOLUME     =     29255.5674
                                                    Density    =         1.0451
 ------------------------------------------------------------------------------

 NMR restraints: Bond =    0.000   Angle =     0.000   Torsion =     0.000
===============================================================================

 NSTEP =    50000   TIME(PS) =     100.000  TEMP(K) =    97.48  PRESS =  -245.9
 Etot   =    -11345.6514  EKtot   =       594.4968  EPtot      =    -11940.1482
 BOND   =         1.6075  ANGLE   =         2.2826  DIHED      =         3.5875
 UB     =         0.0000  IMP     =         0.0000  CMAP       =         0.4957
 1-4 NB =         3.1262  1-4 EEL =        46.3745  VDWAALS    =      2298.2427
 EELEC  =    -14298.3960  EHBOND  =         0.0000  RESTRAINT  =         2.5311
 EAMBER (non-restraint)  =    -11942.6793
 EKCMT  =       298.0041  VIRIAL  =       453.0589  VOLUME     =     29204.6760
                                                    Density    =         1.0469
 ------------------------------------------------------------------------------

 NMR restraints: Bond =    0.000   Angle =     0.000   Torsion =     0.000
===============================================================================

 NSTEP =    55000   TIME(PS) =     110.000  TEMP(K) =   105.71  PRESS =   -76.3
 Etot   =    -11260.3866  EKtot   =       644.7101  EPtot      =    -11905.0967
 BOND   =         1.3274  ANGLE   =         2.1433  DIHED      =         3.1923
 UB     =         0.0000  IMP     =         0.0000  CMAP       =         0.4526
 1-4 NB =         2.6052  1-4 EEL =        45.0825  VDWAALS    =      2309.8617
 EELEC  =    -14271.4029  EHBOND  =         0.0000  RESTRAINT  =         1.6413
 EAMBER (non-restraint)  =    -11906.7380
 EKCMT  =       323.2271  VIRIAL  =       371.3689  VOLUME     =     29233.5221
                                                    Density    =         1.0459
 ------------------------------------------------------------------------------

 NMR restraints: Bond =    0.000   Angle =     0.000   Torsion =     0.000
===============================================================================

 NSTEP =    60000   TIME(PS) =     120.000  TEMP(K) =   108.03  PRESS =    99.5
 Etot   =    -11263.3055  EKtot   =       658.8413  EPtot      =    -11922.1468
 BOND   =         1.1804  ANGLE   =         3.6643  DIHED      =         2.7916
 UB     =         0.0000  IMP     =         0.0000  CMAP       =         0.4961
 1-4 NB =         2.3194  1-4 EEL =        44.9122  VDWAALS    =      2341.4408
 EELEC  =    -14321.6359  EHBOND  =         0.0000  RESTRAINT  =         2.6843
 EAMBER (non-restraint)  =    -11924.8311
 EKCMT  =       334.7168  VIRIAL  =       272.0809  VOLUME     =     29148.3879
                                                    Density    =         1.0489
 ------------------------------------------------------------------------------

 NMR restraints: Bond =    0.000   Angle =     0.000   Torsion =     0.000
===============================================================================

 NSTEP =    65000   TIME(PS) =     130.000  TEMP(K) =   115.95  PRESS =   204.5
 Etot   =    -11176.6702  EKtot   =       707.1508  EPtot      =    -11883.8211
 BOND   =         0.6816  ANGLE   =         4.5090  DIHED      =         2.6996
 UB     =         0.0000  IMP     =         0.0000  CMAP       =         0.6239
 1-4 NB =         3.2545  1-4 EEL =        43.9684  VDWAALS    =      2331.5491
 EELEC  =    -14272.4148  EHBOND  =         0.0000  RESTRAINT  =         1.3075
 EAMBER (non-restraint)  =    -11885.1286
 EKCMT  =       363.5160  VIRIAL  =       234.3497  VOLUME     =     29253.6742
                                                    Density    =         1.0452
 ------------------------------------------------------------------------------

 NMR restraints: Bond =    0.000   Angle =     0.000   Torsion =     0.000
===============================================================================

 NSTEP =    70000   TIME(PS) =     140.000  TEMP(K) =   121.48  PRESS =   327.8
 Etot   =    -11117.1217  EKtot   =       740.8790  EPtot      =    -11858.0008
 BOND   =         1.7743  ANGLE   =         3.1615  DIHED      =         2.6861
 UB     =         0.0000  IMP     =         0.0000  CMAP       =         0.5177
 1-4 NB =         2.3786  1-4 EEL =        45.8535  VDWAALS    =      2340.6011
 EELEC  =    -14257.3256  EHBOND  =         0.0000  RESTRAINT  =         2.3520
 EAMBER (non-restraint)  =    -11860.3527
 EKCMT  =       367.4560  VIRIAL  =       160.3806  VOLUME     =     29258.6410
                                                    Density    =         1.0450
 ------------------------------------------------------------------------------

 NMR restraints: Bond =    0.000   Angle =     0.000   Torsion =     0.000
===============================================================================

 NSTEP =    75000   TIME(PS) =     150.000  TEMP(K) =   127.22  PRESS =   -58.4
 Etot   =    -11116.2675  EKtot   =       775.8773  EPtot      =    -11892.1449
 BOND   =         1.6178  ANGLE   =         3.7659  DIHED      =         3.3715
 UB     =         0.0000  IMP     =         0.0000  CMAP       =         0.6730
 1-4 NB =         2.5461  1-4 EEL =        45.1159  VDWAALS    =      2305.8916
 EELEC  =    -14257.1029  EHBOND  =         0.0000  RESTRAINT  =         1.9762
 EAMBER (non-restraint)  =    -11894.1211
 EKCMT  =       382.5878  VIRIAL  =       419.5295  VOLUME     =     29276.5942
                                                    Density    =         1.0444
 ------------------------------------------------------------------------------

 NMR restraints: Bond =    0.000   Angle =     0.000   Torsion =     0.000
===============================================================================

 NSTEP =    80000   TIME(PS) =     160.000  TEMP(K) =   127.61  PRESS =   125.8
 Etot   =    -11086.0376  EKtot   =       778.2286  EPtot      =    -11864.2662
 BOND   =         1.0173  ANGLE   =         3.1637  DIHED      =         3.3791
 UB     =         0.0000  IMP     =         0.0000  CMAP       =         0.6597
 1-4 NB =         2.6060  1-4 EEL =        44.9655  VDWAALS    =      2318.3841
 EELEC  =    -14240.5212  EHBOND  =         0.0000  RESTRAINT  =         2.0796
 EAMBER (non-restraint)  =    -11866.3457
 EKCMT  =       388.0832  VIRIAL  =       308.4690  VOLUME     =     29304.3164
                                                    Density    =         1.0434
 ------------------------------------------------------------------------------

 NMR restraints: Bond =    0.000   Angle =     0.000   Torsion =     0.000
===============================================================================

 NSTEP =    85000   TIME(PS) =     170.000  TEMP(K) =   137.76  PRESS =   272.7
 Etot   =    -10984.4876  EKtot   =       840.1292  EPtot      =    -11824.6167
 BOND   =         0.9431  ANGLE   =         2.6241  DIHED      =         2.8134
 UB     =         0.0000  IMP     =         0.0000  CMAP       =         0.5518
 1-4 NB =         2.9433  1-4 EEL =        46.7264  VDWAALS    =      2311.2174
 EELEC  =    -14194.6977  EHBOND  =         0.0000  RESTRAINT  =         2.2616
 EAMBER (non-restraint)  =    -11826.8783
 EKCMT  =       408.9175  VIRIAL  =       236.2240  VOLUME     =     29333.2306
                                                    Density    =         1.0423
 ------------------------------------------------------------------------------

 NMR restraints: Bond =    0.000   Angle =     0.000   Torsion =     0.000
===============================================================================

 NSTEP =    90000   TIME(PS) =     180.000  TEMP(K) =   140.34  PRESS =   128.7
 Etot   =    -10951.1742  EKtot   =       855.9186  EPtot      =    -11807.0927
 BOND   =         0.7778  ANGLE   =         4.0636  DIHED      =         3.3196
 UB     =         0.0000  IMP     =         0.0000  CMAP       =         0.4371
 1-4 NB =         2.5105  1-4 EEL =        45.7057  VDWAALS    =      2289.6267
 EELEC  =    -14155.3691  EHBOND  =         0.0000  RESTRAINT  =         1.8353
 EAMBER (non-restraint)  =    -11808.9281
 EKCMT  =       432.3196  VIRIAL  =       350.6703  VOLUME     =     29374.7069
                                                    Density    =         1.0409
 ------------------------------------------------------------------------------

 NMR restraints: Bond =    0.000   Angle =     0.000   Torsion =     0.000
===============================================================================

 NSTEP =    95000   TIME(PS) =     190.000  TEMP(K) =   140.36  PRESS =   -63.3
 Etot   =    -10902.8883  EKtot   =       856.0248  EPtot      =    -11758.9131
 BOND   =         1.4849  ANGLE   =         7.0585  DIHED      =         3.1865
 UB     =         0.0000  IMP     =         0.0000  CMAP       =         0.2738
 1-4 NB =         2.1118  1-4 EEL =        43.8053  VDWAALS    =      2254.1882
 EELEC  =    -14075.5260  EHBOND  =         0.0000  RESTRAINT  =         4.5039
 EAMBER (non-restraint)  =    -11763.4170
 EKCMT  =       415.4207  VIRIAL  =       455.5663  VOLUME     =     29384.2791
                                                    Density    =         1.0405
 ------------------------------------------------------------------------------

 NMR restraints: Bond =    0.000   Angle =     0.000   Torsion =     0.000
===============================================================================

 NSTEP =   100000   TIME(PS) =     200.000  TEMP(K) =   150.00  PRESS =   243.6
 Etot   =    -10794.6643  EKtot   =       914.8322  EPtot      =    -11709.4965
 BOND   =         1.2892  ANGLE   =         6.3697  DIHED      =         2.8685
 UB     =         0.0000  IMP     =         0.0000  CMAP       =         0.5281
 1-4 NB =         2.3872  1-4 EEL =        46.5641  VDWAALS    =      2265.2822
 EELEC  =    -14037.5264  EHBOND  =         0.0000  RESTRAINT  =         2.7409
 EAMBER (non-restraint)  =    -11712.2373
 EKCMT  =       467.1956  VIRIAL  =       312.8113  VOLUME     =     29353.0670
                                                    Density    =         1.0416
 ------------------------------------------------------------------------------

 NMR restraints: Bond =    0.000   Angle =     0.000   Torsion =     0.000
===============================================================================

 NSTEP =   105000   TIME(PS) =     210.000  TEMP(K) =   154.84  PRESS =  -129.9
 Etot   =    -10755.2273  EKtot   =       944.2986  EPtot      =    -11699.5258
 BOND   =         0.9566  ANGLE   =         4.5058  DIHED      =         3.1645
 UB     =         0.0000  IMP     =         0.0000  CMAP       =         0.5140
 1-4 NB =         2.5673  1-4 EEL =        43.9534  VDWAALS    =      2215.3333
 EELEC  =    -13973.1673  EHBOND  =         0.0000  RESTRAINT  =         2.6465
 EAMBER (non-restraint)  =    -11702.1723
 EKCMT  =       468.4542  VIRIAL  =       551.0551  VOLUME     =     29439.8463
                                                    Density    =         1.0386
 ------------------------------------------------------------------------------

 NMR restraints: Bond =    0.000   Angle =     0.000   Torsion =     0.000
===============================================================================

 NSTEP =   110000   TIME(PS) =     220.000  TEMP(K) =   159.79  PRESS =  -144.3
 Etot   =    -10702.9884  EKtot   =       974.4816  EPtot      =    -11677.4700
 BOND   =         1.0902  ANGLE   =         5.7928  DIHED      =         2.5862
 UB     =         0.0000  IMP     =         0.0000  CMAP       =         0.5933
 1-4 NB =         2.8028  1-4 EEL =        44.5391  VDWAALS    =      2194.0127
 EELEC  =    -13930.6288  EHBOND  =         0.0000  RESTRAINT  =         1.7416
 EAMBER (non-restraint)  =    -11679.2116
 EKCMT  =       498.1004  VIRIAL  =       589.7008  VOLUME     =     29400.4712
                                                    Density    =         1.0400
 ------------------------------------------------------------------------------

 NMR restraints: Bond =    0.000   Angle =     0.000   Torsion =     0.000
===============================================================================

 NSTEP =   115000   TIME(PS) =     230.000  TEMP(K) =   164.15  PRESS =   205.6
 Etot   =    -10600.2458  EKtot   =      1001.1130  EPtot      =    -11601.3588
 BOND   =         1.7277  ANGLE   =         3.6324  DIHED      =         2.8060
 UB     =         0.0000  IMP     =         0.0000  CMAP       =         0.5807
 1-4 NB =         2.8125  1-4 EEL =        44.4564  VDWAALS    =      2214.1725
 EELEC  =    -13874.2612  EHBOND  =         0.0000  RESTRAINT  =         2.7142
 EAMBER (non-restraint)  =    -11604.0730
 EKCMT  =       502.7868  VIRIAL  =       371.5907  VOLUME     =     29553.2154
                                                    Density    =         1.0346
 ------------------------------------------------------------------------------

 NMR restraints: Bond =    0.000   Angle =     0.000   Torsion =     0.000
===============================================================================

 NSTEP =   120000   TIME(PS) =     240.000  TEMP(K) =   166.81  PRESS =    95.3
 Etot   =    -10526.9905  EKtot   =      1017.3495  EPtot      =    -11544.3399
 BOND   =         1.1891  ANGLE   =         4.3498  DIHED      =         3.6698
 UB     =         0.0000  IMP     =         0.0000  CMAP       =         0.4072
 1-4 NB =         2.7104  1-4 EEL =        43.6664  VDWAALS    =      2162.3647
 EELEC  =    -13764.8044  EHBOND  =         0.0000  RESTRAINT  =         2.1071
 EAMBER (non-restraint)  =    -11546.4471
 EKCMT  =       501.1833  VIRIAL  =       440.6643  VOLUME     =     29396.7704
                                                    Density    =         1.0401
 ------------------------------------------------------------------------------

 NMR restraints: Bond =    0.000   Angle =     0.000   Torsion =     0.000
===============================================================================

 NSTEP =   125000   TIME(PS) =     250.000  TEMP(K) =   179.10  PRESS =  -155.6
 Etot   =    -10449.3078  EKtot   =      1092.2982  EPtot      =    -11541.6060
 BOND   =         2.2348  ANGLE   =         6.8379  DIHED      =         3.0545
 UB     =         0.0000  IMP     =         0.0000  CMAP       =         0.4045
 1-4 NB =         2.9529  1-4 EEL =        44.5814  VDWAALS    =      2129.4047
 EELEC  =    -13734.9787  EHBOND  =         0.0000  RESTRAINT  =         3.9020
 EAMBER (non-restraint)  =    -11545.5080
 EKCMT  =       534.8920  VIRIAL  =       633.2544  VOLUME     =     29285.9137
                                                    Density    =         1.0440
 ------------------------------------------------------------------------------

 NMR restraints: Bond =    0.000   Angle =     0.000   Torsion =     0.000
===============================================================================

 NSTEP =   130000   TIME(PS) =     260.000  TEMP(K) =   175.71  PRESS =   153.4
 Etot   =    -10406.8883  EKtot   =      1071.6071  EPtot      =    -11478.4954
 BOND   =         5.5934  ANGLE   =         5.8806  DIHED      =         2.8954
 UB     =         0.0000  IMP     =         0.0000  CMAP       =         0.4380
 1-4 NB =         2.6495  1-4 EEL =        43.7472  VDWAALS    =      2137.4079
 EELEC  =    -13678.8899  EHBOND  =         0.0000  RESTRAINT  =         1.7824
 EAMBER (non-restraint)  =    -11480.2778
 EKCMT  =       551.2319  VIRIAL  =       453.8266  VOLUME     =     29401.5788
                                                    Density    =         1.0399
 ------------------------------------------------------------------------------

 NMR restraints: Bond =    0.000   Angle =     0.000   Torsion =     0.000
===============================================================================

 NSTEP =   135000   TIME(PS) =     270.000  TEMP(K) =   185.69  PRESS =    89.7
 Etot   =    -10267.6079  EKtot   =      1132.4690  EPtot      =    -11400.0769
 BOND   =         1.3304  ANGLE   =         4.6664  DIHED      =         3.2599
 UB     =         0.0000  IMP     =         0.0000  CMAP       =         0.6023
 1-4 NB =         3.0937  1-4 EEL =        46.1234  VDWAALS    =      2110.1242
 EELEC  =    -13571.1660  EHBOND  =         0.0000  RESTRAINT  =         1.8888
 EAMBER (non-restraint)  =    -11401.9656
 EKCMT  =       557.2770  VIRIAL  =       499.7175  VOLUME     =     29704.1001
                                                    Density    =         1.0293
 ------------------------------------------------------------------------------

 NMR restraints: Bond =    0.000   Angle =     0.000   Torsion =     0.000
===============================================================================

 NSTEP =   140000   TIME(PS) =     280.000  TEMP(K) =   190.62  PRESS =    27.0
 Etot   =    -10214.0621  EKtot   =      1162.5140  EPtot      =    -11376.5762
 BOND   =         1.3997  ANGLE   =         3.1123  DIHED      =         2.9211
 UB     =         0.0000  IMP     =         0.0000  CMAP       =         0.7320
 1-4 NB =         3.0404  1-4 EEL =        45.0506  VDWAALS    =      2085.5528
 EELEC  =    -13520.4664  EHBOND  =         0.0000  RESTRAINT  =         2.0813
 EAMBER (non-restraint)  =    -11378.6575
 EKCMT  =       578.4325  VIRIAL  =       561.2059  VOLUME     =     29589.9653
                                                    Density    =         1.0333
 ------------------------------------------------------------------------------

 NMR restraints: Bond =    0.000   Angle =     0.000   Torsion =     0.000
===============================================================================

 NSTEP =   145000   TIME(PS) =     290.000  TEMP(K) =   192.63  PRESS =   -48.1
 Etot   =    -10091.3602  EKtot   =      1174.7616  EPtot      =    -11266.1218
 BOND   =         5.5566  ANGLE   =         4.4368  DIHED      =         3.1152
 UB     =         0.0000  IMP     =         0.0000  CMAP       =         0.5017
 1-4 NB =         2.3944  1-4 EEL =        45.2190  VDWAALS    =      2026.8325
 EELEC  =    -13360.5445  EHBOND  =         0.0000  RESTRAINT  =         6.3665
 EAMBER (non-restraint)  =    -11272.4883
 EKCMT  =       579.7540  VIRIAL  =       610.4432  VOLUME     =     29551.1756
                                                    Density    =         1.0346
 ------------------------------------------------------------------------------

 NMR restraints: Bond =    0.000   Angle =     0.000   Torsion =     0.000
===============================================================================

 NSTEP =   150000   TIME(PS) =     300.000  TEMP(K) =   201.83  PRESS =   193.3
 Etot   =    -10045.9279  EKtot   =      1230.9208  EPtot      =    -11276.8487
 BOND   =         1.7754  ANGLE   =         4.6869  DIHED      =         3.0740
 UB     =         0.0000  IMP     =         0.0000  CMAP       =         0.2234
 1-4 NB =         3.8571  1-4 EEL =        49.0175  VDWAALS    =      2064.9032
 EELEC  =    -13408.3206  EHBOND  =         0.0000  RESTRAINT  =         3.9345
 EAMBER (non-restraint)  =    -11280.7831
 EKCMT  =       616.4988  VIRIAL  =       492.1659  VOLUME     =     29789.6893
                                                    Density    =         1.0264
 ------------------------------------------------------------------------------

 NMR restraints: Bond =    0.000   Angle =     0.000   Torsion =     0.000
===============================================================================

 NSTEP =   155000   TIME(PS) =     310.000  TEMP(K) =   199.35  PRESS =   145.6
 Etot   =     -9827.4435  EKtot   =      1215.7838  EPtot      =    -11043.2273
 BOND   =         2.8877  ANGLE   =         6.2848  DIHED      =         3.0332
 UB     =         0.0000  IMP     =         0.0000  CMAP       =         0.4205
 1-4 NB =         2.1150  1-4 EEL =        45.6420  VDWAALS    =      1941.2862
 EELEC  =    -13048.6535  EHBOND  =         0.0000  RESTRAINT  =         3.7568
 EAMBER (non-restraint)  =    -11046.9841
 EKCMT  =       601.1763  VIRIAL  =       508.5744  VOLUME     =     29461.0338
                                                    Density    =         1.0378
 ------------------------------------------------------------------------------

 NMR restraints: Bond =    0.000   Angle =     0.000   Torsion =     0.000
===============================================================================

 NSTEP =   160000   TIME(PS) =     320.000  TEMP(K) =   207.30  PRESS =   257.1
 Etot   =     -9691.2702  EKtot   =      1264.2615  EPtot      =    -10955.5317
 BOND   =         1.8893  ANGLE   =         6.1585  DIHED      =         3.5878
 UB     =         0.0000  IMP     =         0.0000  CMAP       =         0.6687
 1-4 NB =         2.8896  1-4 EEL =        44.5517  VDWAALS    =      1920.5689
 EELEC  =    -12940.2169  EHBOND  =         0.0000  RESTRAINT  =         4.3706
 EAMBER (non-restraint)  =    -10959.9023
 EKCMT  =       642.2942  VIRIAL  =       478.6997  VOLUME     =     29465.0321
                                                    Density    =         1.0377
 ------------------------------------------------------------------------------

 NMR restraints: Bond =    0.000   Angle =     0.000   Torsion =     0.000
===============================================================================

 NSTEP =   165000   TIME(PS) =     330.000  TEMP(K) =   217.98  PRESS =   -44.6
 Etot   =     -9632.6375  EKtot   =      1329.3921  EPtot      =    -10962.0296
 BOND   =         4.2226  ANGLE   =         5.6013  DIHED      =         3.2145
 UB     =         0.0000  IMP     =         0.0000  CMAP       =         0.5662
 1-4 NB =         2.1286  1-4 EEL =        45.2851  VDWAALS    =      1876.8970
 EELEC  =    -12903.7601  EHBOND  =         0.0000  RESTRAINT  =         3.8151
 EAMBER (non-restraint)  =    -10965.8447
 EKCMT  =       663.8698  VIRIAL  =       692.2971  VOLUME     =     29541.0200
                                                    Density    =         1.0350
 ------------------------------------------------------------------------------

 NMR restraints: Bond =    0.000   Angle =     0.000   Torsion =     0.000
===============================================================================

 NSTEP =   170000   TIME(PS) =     340.000  TEMP(K) =   224.68  PRESS =  -116.3
 Etot   =     -9502.7745  EKtot   =      1370.2295  EPtot      =    -10873.0040
 BOND   =         2.6450  ANGLE   =         4.1842  DIHED      =         2.9877
 UB     =         0.0000  IMP     =         0.0000  CMAP       =         0.5941
 1-4 NB =         2.7321  1-4 EEL =        46.8581  VDWAALS    =      1832.5207
 EELEC  =    -12767.5519  EHBOND  =         0.0000  RESTRAINT  =         2.0260
 EAMBER (non-restraint)  =    -10875.0300
 EKCMT  =       669.2131  VIRIAL  =       743.5438  VOLUME     =     29609.6567
                                                    Density    =         1.0326
 ------------------------------------------------------------------------------

 NMR restraints: Bond =    0.000   Angle =     0.000   Torsion =     0.000
===============================================================================

 NSTEP =   175000   TIME(PS) =     350.000  TEMP(K) =   229.72  PRESS =    28.7
 Etot   =     -9412.3670  EKtot   =      1401.0081  EPtot      =    -10813.3750
 BOND   =         1.3399  ANGLE   =         5.1041  DIHED      =         3.1424
 UB     =         0.0000  IMP     =         0.0000  CMAP       =         0.4993
 1-4 NB =         3.1614  1-4 EEL =        45.0197  VDWAALS    =      1832.3404
 EELEC  =    -12706.8256  EHBOND  =         0.0000  RESTRAINT  =         2.8433
 EAMBER (non-restraint)  =    -10816.2184
 EKCMT  =       719.4626  VIRIAL  =       701.1436  VOLUME     =     29603.5555
                                                    Density    =         1.0328
 ------------------------------------------------------------------------------

 NMR restraints: Bond =    0.000   Angle =     0.000   Torsion =     0.000
===============================================================================

 NSTEP =   180000   TIME(PS) =     360.000  TEMP(K) =   234.87  PRESS =   474.3
 Etot   =     -9257.8996  EKtot   =      1432.3766  EPtot      =    -10690.2762
 BOND   =         2.0502  ANGLE   =         3.3528  DIHED      =         2.7480
 UB     =         0.0000  IMP     =         0.0000  CMAP       =         0.3268
 1-4 NB =         2.5089  1-4 EEL =        45.6734  VDWAALS    =      1831.6622
 EELEC  =    -12582.4878  EHBOND  =         0.0000  RESTRAINT  =         3.8893
 EAMBER (non-restraint)  =    -10694.1655
 EKCMT  =       698.8688  VIRIAL  =       395.9302  VOLUME     =     29582.9934
                                                    Density    =         1.0335
 ------------------------------------------------------------------------------

 NMR restraints: Bond =    0.000   Angle =     0.000   Torsion =     0.000
===============================================================================

 NSTEP =   185000   TIME(PS) =     370.000  TEMP(K) =   235.27  PRESS =  -442.4
 Etot   =     -9202.7578  EKtot   =      1434.8134  EPtot      =    -10637.5711
 BOND   =         2.3675  ANGLE   =         5.1417  DIHED      =         3.2499
 UB     =         0.0000  IMP     =         0.0000  CMAP       =         0.2896
 1-4 NB =         2.2104  1-4 EEL =        46.0215  VDWAALS    =      1705.8654
 EELEC  =    -12407.5604  EHBOND  =         0.0000  RESTRAINT  =         4.8432
 EAMBER (non-restraint)  =    -10642.4144
 EKCMT  =       708.9676  VIRIAL  =       994.6341  VOLUME     =     29906.5150
                                                    Density    =         1.0224
 ------------------------------------------------------------------------------

 NMR restraints: Bond =    0.000   Angle =     0.000   Torsion =     0.000
===============================================================================

 NSTEP =   190000   TIME(PS) =     380.000  TEMP(K) =   236.55  PRESS =   -94.0
 Etot   =     -9134.4737  EKtot   =      1442.6416  EPtot      =    -10577.1153
 BOND   =         3.6722  ANGLE   =         6.5596  DIHED      =         2.9316
 UB     =         0.0000  IMP     =         0.0000  CMAP       =         0.4018
 1-4 NB =         2.9906  1-4 EEL =        47.2509  VDWAALS    =      1727.8341
 EELEC  =    -12372.1444  EHBOND  =         0.0000  RESTRAINT  =         3.3883
 EAMBER (non-restraint)  =    -10580.5036
 EKCMT  =       712.6598  VIRIAL  =       773.2769  VOLUME     =     29871.1088
                                                    Density    =         1.0236
 ------------------------------------------------------------------------------

 NMR restraints: Bond =    0.000   Angle =     0.000   Torsion =     0.000
===============================================================================

 NSTEP =   195000   TIME(PS) =     390.000  TEMP(K) =   236.57  PRESS =    92.3
 Etot   =     -9030.3969  EKtot   =      1442.7960  EPtot      =    -10473.1929
 BOND   =         3.7783  ANGLE   =         4.8150  DIHED      =         4.0978
 UB     =         0.0000  IMP     =         0.0000  CMAP       =         0.7092
 1-4 NB =         2.5400  1-4 EEL =        47.5702  VDWAALS    =      1705.6239
 EELEC  =    -12245.7460  EHBOND  =         0.0000  RESTRAINT  =         3.4189
 EAMBER (non-restraint)  =    -10476.6118
 EKCMT  =       711.0269  VIRIAL  =       651.4822  VOLUME     =     29891.7957
                                                    Density    =         1.0229
 ------------------------------------------------------------------------------

 NMR restraints: Bond =    0.000   Angle =     0.000   Torsion =     0.000
===============================================================================

 NSTEP =   200000   TIME(PS) =     400.000  TEMP(K) =   244.25  PRESS =    54.6
 Etot   =     -8934.2749  EKtot   =      1489.5923  EPtot      =    -10423.8672
 BOND   =         1.7894  ANGLE   =         5.9091  DIHED      =         3.8967
 UB     =         0.0000  IMP     =         0.0000  CMAP       =         0.2223
 1-4 NB =         3.1894  1-4 EEL =        47.9161  VDWAALS    =      1660.4383
 EELEC  =    -12152.9183  EHBOND  =         0.0000  RESTRAINT  =         5.6898
 EAMBER (non-restraint)  =    -10429.5569
 EKCMT  =       755.5792  VIRIAL  =       720.4487  VOLUME     =     29787.6665
                                                    Density    =         1.0264
 ------------------------------------------------------------------------------

 NMR restraints: Bond =    0.000   Angle =     0.000   Torsion =     0.000
===============================================================================

 NSTEP =   205000   TIME(PS) =     410.000  TEMP(K) =   251.13  PRESS =   -16.3
 Etot   =     -8823.0433  EKtot   =      1531.5383  EPtot      =    -10354.5817
 BOND   =         2.6668  ANGLE   =         7.4804  DIHED      =         3.2140
 UB     =         0.0000  IMP     =         0.0000  CMAP       =         0.5812
 1-4 NB =         2.5266  1-4 EEL =        46.3353  VDWAALS    =      1665.3787
 EELEC  =    -12087.8936  EHBOND  =         0.0000  RESTRAINT  =         5.1289
 EAMBER (non-restraint)  =    -10359.7105
 EKCMT  =       785.4865  VIRIAL  =       796.0681  VOLUME     =     30138.4316
                                                    Density    =         1.0145
 ------------------------------------------------------------------------------

 NMR restraints: Bond =    0.000   Angle =     0.000   Torsion =     0.000
===============================================================================

 NSTEP =   210000   TIME(PS) =     420.000  TEMP(K) =   256.56  PRESS =  -301.1
 Etot   =     -8757.5822  EKtot   =      1564.6700  EPtot      =    -10322.2522
 BOND   =         1.1519  ANGLE   =         5.6757  DIHED      =         2.9758
 UB     =         0.0000  IMP     =         0.0000  CMAP       =         0.6493
 1-4 NB =         2.2571  1-4 EEL =        47.0880  VDWAALS    =      1610.3127
 EELEC  =    -11997.0849  EHBOND  =         0.0000  RESTRAINT  =         4.7220
 EAMBER (non-restraint)  =    -10326.9743
 EKCMT  =       801.1329  VIRIAL  =       997.1439  VOLUME     =     30155.0985
                                                    Density    =         1.0139
 ------------------------------------------------------------------------------

 NMR restraints: Bond =    0.000   Angle =     0.000   Torsion =     0.000
===============================================================================

 NSTEP =   215000   TIME(PS) =     430.000  TEMP(K) =   265.01  PRESS =  -152.8
 Etot   =     -8603.9517  EKtot   =      1616.2220  EPtot      =    -10220.1737
 BOND   =         3.1036  ANGLE   =         7.6271  DIHED      =         2.9268
 UB     =         0.0000  IMP     =         0.0000  CMAP       =         0.5954
 1-4 NB =         3.2754  1-4 EEL =        45.2109  VDWAALS    =      1553.9659
 EELEC  =    -11838.5662  EHBOND  =         0.0000  RESTRAINT  =         1.6873
 EAMBER (non-restraint)  =    -10221.8610
 EKCMT  =       816.7927  VIRIAL  =       915.6234  VOLUME     =     29947.3661
                                                    Density    =         1.0210
 ------------------------------------------------------------------------------

 NMR restraints: Bond =    0.000   Angle =     0.000   Torsion =     0.000
===============================================================================

 NSTEP =   220000   TIME(PS) =     440.000  TEMP(K) =   265.45  PRESS =  -391.1
 Etot   =     -8504.7152  EKtot   =      1618.9127  EPtot      =    -10123.6280
 BOND   =         4.7964  ANGLE   =         6.5821  DIHED      =         3.6662
 UB     =         0.0000  IMP     =         0.0000  CMAP       =         0.7454
 1-4 NB =         2.9647  1-4 EEL =        44.5287  VDWAALS    =      1518.3115
 EELEC  =    -11710.2821  EHBOND  =         0.0000  RESTRAINT  =         5.0591
 EAMBER (non-restraint)  =    -10128.6870
 EKCMT  =       808.9282  VIRIAL  =      1065.7401  VOLUME     =     30411.3645
                                                    Density    =         1.0054
 ------------------------------------------------------------------------------

 NMR restraints: Bond =    0.000   Angle =     0.000   Torsion =     0.000
===============================================================================

 NSTEP =   225000   TIME(PS) =     450.000  TEMP(K) =   268.65  PRESS =   190.3
 Etot   =     -8476.3773  EKtot   =      1638.4410  EPtot      =    -10114.8183
 BOND   =         2.0008  ANGLE   =         7.0898  DIHED      =         3.8552
 UB     =         0.0000  IMP     =         0.0000  CMAP       =         0.3511
 1-4 NB =         1.9473  1-4 EEL =        43.9735  VDWAALS    =      1603.2220
 EELEC  =    -11781.6089  EHBOND  =         0.0000  RESTRAINT  =         4.3510
 EAMBER (non-restraint)  =    -10119.1693
 EKCMT  =       790.3607  VIRIAL  =       665.8613  VOLUME     =     30295.8126
                                                    Density    =         1.0092
 ------------------------------------------------------------------------------

 NMR restraints: Bond =    0.000   Angle =     0.000   Torsion =     0.000
===============================================================================

 NSTEP =   230000   TIME(PS) =     460.000  TEMP(K) =   285.63  PRESS =  -631.6
 Etot   =     -8199.7353  EKtot   =      1741.9498  EPtot      =     -9941.6851
 BOND   =         2.1529  ANGLE   =         5.5127  DIHED      =         3.0600
 UB     =         0.0000  IMP     =         0.0000  CMAP       =         0.4598
 1-4 NB =         2.6578  1-4 EEL =        46.7061  VDWAALS    =      1396.3895
 EELEC  =    -11403.8661  EHBOND  =         0.0000  RESTRAINT  =         5.2421
 EAMBER (non-restraint)  =     -9946.9272
 EKCMT  =       841.5970  VIRIAL  =      1254.8002  VOLUME     =     30298.4454
                                                    Density    =         1.0091
 ------------------------------------------------------------------------------

 NMR restraints: Bond =    0.000   Angle =     0.000   Torsion =     0.000
===============================================================================

 NSTEP =   235000   TIME(PS) =     470.000  TEMP(K) =   282.40  PRESS =    87.8
 Etot   =     -8196.9566  EKtot   =      1722.2759  EPtot      =     -9919.2325
 BOND   =         3.8880  ANGLE   =         8.8089  DIHED      =         3.2795
 UB     =         0.0000  IMP     =         0.0000  CMAP       =         0.6360
 1-4 NB =         2.5690  1-4 EEL =        44.2841  VDWAALS    =      1525.1337
 EELEC  =    -11512.1833  EHBOND  =         0.0000  RESTRAINT  =         4.3516
 EAMBER (non-restraint)  =     -9923.5841
 EKCMT  =       848.2798  VIRIAL  =       790.0230  VOLUME     =     30739.8174
                                                    Density    =         0.9946
 ------------------------------------------------------------------------------

 NMR restraints: Bond =    0.000   Angle =     0.000   Torsion =     0.000
===============================================================================

 NSTEP =   240000   TIME(PS) =     480.000  TEMP(K) =   285.69  PRESS =   348.3
 Etot   =     -8152.7424  EKtot   =      1742.3198  EPtot      =     -9895.0622
 BOND   =         3.0463  ANGLE   =         9.1286  DIHED      =         3.4583
 UB     =         0.0000  IMP     =         0.0000  CMAP       =         0.2799
 1-4 NB =         2.6815  1-4 EEL =        45.4664  VDWAALS    =      1542.7688
 EELEC  =    -11507.5320  EHBOND  =         0.0000  RESTRAINT  =         5.6401
 EAMBER (non-restraint)  =     -9900.7023
 EKCMT  =       846.9959  VIRIAL  =       616.6478  VOLUME     =     30634.8095
                                                    Density    =         0.9980
 ------------------------------------------------------------------------------

 NMR restraints: Bond =    0.000   Angle =     0.000   Torsion =     0.000
===============================================================================

 NSTEP =   245000   TIME(PS) =     490.000  TEMP(K) =   289.97  PRESS =  -143.3
 Etot   =     -8055.2923  EKtot   =      1768.4207  EPtot      =     -9823.7130
 BOND   =         4.1445  ANGLE   =         9.2485  DIHED      =         3.9297
 UB     =         0.0000  IMP     =         0.0000  CMAP       =         0.6637
 1-4 NB =         1.9575  1-4 EEL =        44.7622  VDWAALS    =      1454.4135
 EELEC  =    -11348.4418  EHBOND  =         0.0000  RESTRAINT  =         5.6092
 EAMBER (non-restraint)  =     -9829.3222
 EKCMT  =       842.4360  VIRIAL  =       937.8681  VOLUME     =     30842.4922
                                                    Density    =         0.9913
 ------------------------------------------------------------------------------

 NMR restraints: Bond =    0.000   Angle =     0.000   Torsion =     0.000
===============================================================================

 NSTEP =   250000   TIME(PS) =     500.000  TEMP(K) =   290.09  PRESS =    12.3
 Etot   =     -7971.0520  EKtot   =      1769.1663  EPtot      =     -9740.2182
 BOND   =         4.3853  ANGLE   =         7.7090  DIHED      =         4.5387
 UB     =         0.0000  IMP     =         0.0000  CMAP       =         0.6247
 1-4 NB =         2.6299  1-4 EEL =        43.2119  VDWAALS    =      1431.4028
 EELEC  =    -11238.5535  EHBOND  =         0.0000  RESTRAINT  =         3.8329
 EAMBER (non-restraint)  =     -9744.0512
 EKCMT  =       928.7877  VIRIAL  =       920.5437  VOLUME     =     30986.3755
                                                    Density    =         0.9867
 ------------------------------------------------------------------------------

 NMR restraints: Bond =    0.000   Angle =     0.000   Torsion =     0.000
===============================================================================

 NSTEP =   255000   TIME(PS) =     510.000  TEMP(K) =   307.18  PRESS =   372.2
 Etot   =     -7801.5884  EKtot   =      1873.3818  EPtot      =     -9674.9703
 BOND   =         1.8522  ANGLE   =        10.0456  DIHED      =         3.6801
 UB     =         0.0000  IMP     =         0.0000  CMAP       =         0.7142
 1-4 NB =         2.5131  1-4 EEL =        44.9954  VDWAALS    =      1461.6553
 EELEC  =    -11205.2520  EHBOND  =         0.0000  RESTRAINT  =         4.8259
 EAMBER (non-restraint)  =     -9679.7961
 EKCMT  =       950.1818  VIRIAL  =       701.7316  VOLUME     =     30915.5814
                                                    Density    =         0.9890
 ------------------------------------------------------------------------------

 NMR restraints: Bond =    0.000   Angle =     0.000   Torsion =     0.000
===============================================================================

 NSTEP =   260000   TIME(PS) =     520.000  TEMP(K) =   296.78  PRESS =   -75.7
 Etot   =     -7903.6267  EKtot   =      1809.9602  EPtot      =     -9713.5869
 BOND   =         2.2893  ANGLE   =         9.6597  DIHED      =         3.8394
 UB     =         0.0000  IMP     =         0.0000  CMAP       =         0.4671
 1-4 NB =         2.3429  1-4 EEL =        47.0923  VDWAALS    =      1440.3962
 EELEC  =    -11223.4501  EHBOND  =         0.0000  RESTRAINT  =         3.7763
 EAMBER (non-restraint)  =     -9717.3632
 EKCMT  =       887.3263  VIRIAL  =       938.0956  VOLUME     =     31070.4974
                                                    Density    =         0.9841
 ------------------------------------------------------------------------------

 NMR restraints: Bond =    0.000   Angle =     0.000   Torsion =     0.000
===============================================================================

 NSTEP =   265000   TIME(PS) =     530.000  TEMP(K) =   304.43  PRESS =  -161.5
 Etot   =     -7862.3350  EKtot   =      1856.6305  EPtot      =     -9718.9655
 BOND   =         4.1002  ANGLE   =         5.8004  DIHED      =         3.7941
 UB     =         0.0000  IMP     =         0.0000  CMAP       =         0.4882
 1-4 NB =         2.6006  1-4 EEL =        43.5841  VDWAALS    =      1420.7715
 EELEC  =    -11205.0470  EHBOND  =         0.0000  RESTRAINT  =         4.9424
 EAMBER (non-restraint)  =     -9723.9079
 EKCMT  =       909.9591  VIRIAL  =      1019.0795  VOLUME     =     31292.5864
                                                    Density    =         0.9771
 ------------------------------------------------------------------------------

 NMR restraints: Bond =    0.000   Angle =     0.000   Torsion =     0.000
===============================================================================

 NSTEP =   270000   TIME(PS) =     540.000  TEMP(K) =   288.88  PRESS =   211.0
 Etot   =     -8016.3873  EKtot   =      1761.7988  EPtot      =     -9778.1861
 BOND   =         2.8986  ANGLE   =         6.8302  DIHED      =         2.6679
 UB     =         0.0000  IMP     =         0.0000  CMAP       =         0.6563
 1-4 NB =         2.5470  1-4 EEL =        45.9290  VDWAALS    =      1492.6415
 EELEC  =    -11336.9485  EHBOND  =         0.0000  RESTRAINT  =         4.5917
 EAMBER (non-restraint)  =     -9782.7779
 EKCMT  =       889.5117  VIRIAL  =       747.8102  VOLUME     =     31099.4340
                                                    Density    =         0.9831
 ------------------------------------------------------------------------------

 NMR restraints: Bond =    0.000   Angle =     0.000   Torsion =     0.000
===============================================================================

 NSTEP =   275000   TIME(PS) =     550.000  TEMP(K) =   301.85  PRESS =  -293.0
 Etot   =     -7939.0065  EKtot   =      1840.8761  EPtot      =     -9779.8826
 BOND   =         1.4946  ANGLE   =         8.0983  DIHED      =         4.2296
 UB     =         0.0000  IMP     =         0.0000  CMAP       =         0.5932
 1-4 NB =         3.1087  1-4 EEL =        46.2007  VDWAALS    =      1419.9478
 EELEC  =    -11267.1394  EHBOND  =         0.0000  RESTRAINT  =         3.5837
 EAMBER (non-restraint)  =     -9783.4664
 EKCMT  =       904.9209  VIRIAL  =      1100.9901  VOLUME     =     30998.1732
                                                    Density    =         0.9863
 ------------------------------------------------------------------------------

 NMR restraints: Bond =    0.000   Angle =     0.000   Torsion =     0.000
===============================================================================

 NSTEP =   280000   TIME(PS) =     560.000  TEMP(K) =   313.53  PRESS =  -342.6
 Etot   =     -7772.5572  EKtot   =      1912.1182  EPtot      =     -9684.6754
 BOND   =         3.3185  ANGLE   =         6.3283  DIHED      =         3.1738
 UB     =         0.0000  IMP     =         0.0000  CMAP       =         0.6904
 1-4 NB =         2.6124  1-4 EEL =        46.7787  VDWAALS    =      1369.3404
 EELEC  =    -11122.4920  EHBOND  =         0.0000  RESTRAINT  =         5.5741
 EAMBER (non-restraint)  =     -9690.2494
 EKCMT  =       961.5350  VIRIAL  =      1190.6420  VOLUME     =     30970.6725
                                                    Density    =         0.9872
 ------------------------------------------------------------------------------

 NMR restraints: Bond =    0.000   Angle =     0.000   Torsion =     0.000
===============================================================================

 NSTEP =   285000   TIME(PS) =     570.000  TEMP(K) =   304.87  PRESS =   -99.1
 Etot   =     -7888.2078  EKtot   =      1859.3337  EPtot      =     -9747.5416
 BOND   =         3.7108  ANGLE   =         7.5943  DIHED      =         4.2187
 UB     =         0.0000  IMP     =         0.0000  CMAP       =         0.2381
 1-4 NB =         2.6367  1-4 EEL =        44.0990  VDWAALS    =      1431.2464
 EELEC  =    -11246.0986  EHBOND  =         0.0000  RESTRAINT  =         4.8130
 EAMBER (non-restraint)  =     -9752.3546
 EKCMT  =       915.3254  VIRIAL  =       981.6939  VOLUME     =     31029.8790
                                                    Density    =         0.9853
 ------------------------------------------------------------------------------

 NMR restraints: Bond =    0.000   Angle =     0.000   Torsion =     0.000
===============================================================================

 NSTEP =   290000   TIME(PS) =     580.000  TEMP(K) =   293.15  PRESS =   313.0
 Etot   =     -7865.0219  EKtot   =      1787.8516  EPtot      =     -9652.8735
 BOND   =         2.2879  ANGLE   =         7.9580  DIHED      =         3.9885
 UB     =         0.0000  IMP     =         0.0000  CMAP       =         0.4572
 1-4 NB =         3.0578  1-4 EEL =        45.0870  VDWAALS    =      1477.0990
 EELEC  =    -11200.9842  EHBOND  =         0.0000  RESTRAINT  =         8.1754
 EAMBER (non-restraint)  =     -9661.0489
 EKCMT  =       898.2434  VIRIAL  =       686.6736  VOLUME     =     31304.9285
                                                    Density    =         0.9767
 ------------------------------------------------------------------------------

 NMR restraints: Bond =    0.000   Angle =     0.000   Torsion =     0.000
===============================================================================

 NSTEP =   295000   TIME(PS) =     590.000  TEMP(K) =   300.30  PRESS =    99.1
 Etot   =     -7897.2695  EKtot   =      1831.4307  EPtot      =     -9728.7002
 BOND   =         4.2779  ANGLE   =         5.7054  DIHED      =         2.9972
 UB     =         0.0000  IMP     =         0.0000  CMAP       =         0.6299
 1-4 NB =         2.9786  1-4 EEL =        45.5584  VDWAALS    =      1457.0237
 EELEC  =    -11253.6977  EHBOND  =         0.0000  RESTRAINT  =         5.8264
 EAMBER (non-restraint)  =     -9734.5265
 EKCMT  =       909.4371  VIRIAL  =       842.8854  VOLUME     =     31101.2071
                                                    Density    =         0.9831
 ------------------------------------------------------------------------------

 NMR restraints: Bond =    0.000   Angle =     0.000   Torsion =     0.000
===============================================================================

 NSTEP =   300000   TIME(PS) =     600.000  TEMP(K) =   301.82  PRESS =    57.9
 Etot   =     -7912.4122  EKtot   =      1840.7134  EPtot      =     -9753.1256
 BOND   =         9.5680  ANGLE   =        14.5967  DIHED      =         3.5148
 UB     =         0.0000  IMP     =         0.0000  CMAP       =         0.6331
 1-4 NB =         3.1243  1-4 EEL =        47.0971  VDWAALS    =      1458.2462
 EELEC  =    -11295.2070  EHBOND  =         0.0000  RESTRAINT  =         5.3012
 EAMBER (non-restraint)  =     -9758.4268
 EKCMT  =       925.3166  VIRIAL  =       886.5208  VOLUME     =     31026.3695
                                                    Density    =         0.9855
 ------------------------------------------------------------------------------

 NMR restraints: Bond =    0.000   Angle =     0.000   Torsion =     0.000
===============================================================================

 NSTEP =   305000   TIME(PS) =     610.000  TEMP(K) =   292.34  PRESS =    21.6
 Etot   =     -7860.5389  EKtot   =      1782.8832  EPtot      =     -9643.4221
 BOND   =         1.8381  ANGLE   =         8.6888  DIHED      =         4.1695
 UB     =         0.0000  IMP     =         0.0000  CMAP       =         0.1956
 1-4 NB =         2.9419  1-4 EEL =        46.0862  VDWAALS    =      1429.4841
 EELEC  =    -11141.2271  EHBOND  =         0.0000  RESTRAINT  =         4.4009
 EAMBER (non-restraint)  =     -9647.8230
 EKCMT  =       887.5328  VIRIAL  =       873.0342  VOLUME     =     31144.0011
                                                    Density    =         0.9817
 ------------------------------------------------------------------------------

 NMR restraints: Bond =    0.000   Angle =     0.000   Torsion =     0.000
===============================================================================

 NSTEP =   310000   TIME(PS) =     620.000  TEMP(K) =   293.25  PRESS =   240.7
 Etot   =     -7973.0767  EKtot   =      1788.4683  EPtot      =     -9761.5449
 BOND   =         3.2302  ANGLE   =         6.3992  DIHED      =         4.6437
 UB     =         0.0000  IMP     =         0.0000  CMAP       =         0.2615
 1-4 NB =         2.2125  1-4 EEL =        46.3045  VDWAALS    =      1483.9931
 EELEC  =    -11314.5321  EHBOND  =         0.0000  RESTRAINT  =         5.9424
 EAMBER (non-restraint)  =     -9767.4873
 EKCMT  =       879.7133  VIRIAL  =       719.0975  VOLUME     =     30909.1935
                                                    Density    =         0.9892
 ------------------------------------------------------------------------------

 NMR restraints: Bond =    0.000   Angle =     0.000   Torsion =     0.000
===============================================================================

 NSTEP =   315000   TIME(PS) =     630.000  TEMP(K) =   298.07  PRESS =  -831.3
 Etot   =     -7867.6686  EKtot   =      1817.8370  EPtot      =     -9685.5056
 BOND   =         1.5548  ANGLE   =         7.0352  DIHED      =         2.9776
 UB     =         0.0000  IMP     =         0.0000  CMAP       =         0.8455
 1-4 NB =         3.3419  1-4 EEL =        46.1246  VDWAALS    =      1291.5848
 EELEC  =    -11043.0378  EHBOND  =         0.0000  RESTRAINT  =         4.0677
 EAMBER (non-restraint)  =     -9689.5733
 EKCMT  =       911.5242  VIRIAL  =      1464.0507  VOLUME     =     30784.7537
                                                    Density    =         0.9932
 ------------------------------------------------------------------------------

 NMR restraints: Bond =    0.000   Angle =     0.000   Torsion =     0.000
===============================================================================

 NSTEP =   320000   TIME(PS) =     640.000  TEMP(K) =   295.95  PRESS =  -250.4
 Etot   =     -7845.5998  EKtot   =      1804.8911  EPtot      =     -9650.4910
 BOND   =         2.3044  ANGLE   =         6.4309  DIHED      =         3.2771
 UB     =         0.0000  IMP     =         0.0000  CMAP       =         1.0484
 1-4 NB =         3.3628  1-4 EEL =        47.2594  VDWAALS    =      1376.3075
 EELEC  =    -11097.7689  EHBOND  =         0.0000  RESTRAINT  =         7.2873
 EAMBER (non-restraint)  =     -9657.7782
 EKCMT  =       904.6949  VIRIAL  =      1072.2583  VOLUME     =     30998.8021
                                                    Density    =         0.9863
 ------------------------------------------------------------------------------

 NMR restraints: Bond =    0.000   Angle =     0.000   Torsion =     0.000
===============================================================================

 NSTEP =   325000   TIME(PS) =     650.000  TEMP(K) =   303.27  PRESS =  -256.7
 Etot   =     -7880.2888  EKtot   =      1849.5293  EPtot      =     -9729.8181
 BOND   =         3.8607  ANGLE   =        10.0412  DIHED      =         2.8767
 UB     =         0.0000  IMP     =         0.0000  CMAP       =         0.5670
 1-4 NB =         3.1512  1-4 EEL =        47.5088  VDWAALS    =      1418.6244
 EELEC  =    -11220.1826  EHBOND  =         0.0000  RESTRAINT  =         3.7345
 EAMBER (non-restraint)  =     -9733.5526
 EKCMT  =       866.1388  VIRIAL  =      1038.1931  VOLUME     =     31039.5893
                                                    Density    =         0.9850
 ------------------------------------------------------------------------------

 NMR restraints: Bond =    0.000   Angle =     0.000   Torsion =     0.000
===============================================================================

 NSTEP =   330000   TIME(PS) =     660.000  TEMP(K) =   294.77  PRESS =   500.4
 Etot   =     -7952.0247  EKtot   =      1797.7391  EPtot      =     -9749.7638
 BOND   =         4.8279  ANGLE   =         8.3659  DIHED      =         3.3177
 UB     =         0.0000  IMP     =         0.0000  CMAP       =         0.6788
 1-4 NB =         3.3958  1-4 EEL =        45.6060  VDWAALS    =      1503.3124
 EELEC  =    -11325.7559  EHBOND  =         0.0000  RESTRAINT  =         6.4874
 EAMBER (non-restraint)  =     -9756.2513
 EKCMT  =       894.9874  VIRIAL  =       562.2279  VOLUME     =     30801.2825
                                                    Density    =         0.9927
 ------------------------------------------------------------------------------

 NMR restraints: Bond =    0.000   Angle =     0.000   Torsion =     0.000
===============================================================================

 NSTEP =   335000   TIME(PS) =     670.000  TEMP(K) =   291.08  PRESS =     3.0
 Etot   =     -8023.7381  EKtot   =      1775.2299  EPtot      =     -9798.9680
 BOND   =         1.3559  ANGLE   =         7.5453  DIHED      =         3.3495
 UB     =         0.0000  IMP     =         0.0000  CMAP       =         0.7376
 1-4 NB =         2.9271  1-4 EEL =        46.4411  VDWAALS    =      1473.0295
 EELEC  =    -11341.5104  EHBOND  =         0.0000  RESTRAINT  =         7.1564
 EAMBER (non-restraint)  =     -9806.1244
 EKCMT  =       889.3920  VIRIAL  =       887.3951  VOLUME     =     30995.2744
                                                    Density    =         0.9864
 ------------------------------------------------------------------------------

 NMR restraints: Bond =    0.000   Angle =     0.000   Torsion =     0.000
===============================================================================

 NSTEP =   340000   TIME(PS) =     680.000  TEMP(K) =   303.01  PRESS =   -51.0
 Etot   =     -7813.7685  EKtot   =      1847.9512  EPtot      =     -9661.7196
 BOND   =         3.6504  ANGLE   =         4.8979  DIHED      =         4.1479
 UB     =         0.0000  IMP     =         0.0000  CMAP       =         0.7230
 1-4 NB =         2.2542  1-4 EEL =        46.7271  VDWAALS    =      1384.9016
 EELEC  =    -11111.8719  EHBOND  =         0.0000  RESTRAINT  =         2.8502
 EAMBER (non-restraint)  =     -9664.5699
 EKCMT  =       925.3419  VIRIAL  =       959.3645  VOLUME     =     30898.7249
                                                    Density    =         0.9895
 ------------------------------------------------------------------------------

 NMR restraints: Bond =    0.000   Angle =     0.000   Torsion =     0.000
===============================================================================

 NSTEP =   345000   TIME(PS) =     690.000  TEMP(K) =   299.81  PRESS =  -228.4
 Etot   =     -7943.2032  EKtot   =      1828.4714  EPtot      =     -9771.6747
 BOND   =         2.4880  ANGLE   =        10.2296  DIHED      =         5.3657
 UB     =         0.0000  IMP     =         0.0000  CMAP       =         0.5923
 1-4 NB =         3.1628  1-4 EEL =        41.8791  VDWAALS    =      1438.2445
 EELEC  =    -11278.8243  EHBOND  =         0.0000  RESTRAINT  =         5.1877
 EAMBER (non-restraint)  =     -9776.8624
 EKCMT  =       898.8079  VIRIAL  =      1051.2722  VOLUME     =     30914.0694
                                                    Density    =         0.9890
 ------------------------------------------------------------------------------

 NMR restraints: Bond =    0.000   Angle =     0.000   Torsion =     0.000
===============================================================================

 NSTEP =   350000   TIME(PS) =     700.000  TEMP(K) =   296.96  PRESS =   107.5
 Etot   =     -7828.8586  EKtot   =      1811.0625  EPtot      =     -9639.9211
 BOND   =         2.2439  ANGLE   =         9.2701  DIHED      =         2.8695
 UB     =         0.0000  IMP     =         0.0000  CMAP       =         0.5496
 1-4 NB =         4.0702  1-4 EEL =        48.8763  VDWAALS    =      1433.9163
 EELEC  =    -11145.3904  EHBOND  =         0.0000  RESTRAINT  =         3.6734
 EAMBER (non-restraint)  =     -9643.5945
 EKCMT  =       915.0325  VIRIAL  =       842.7225  VOLUME     =     31152.7343
                                                    Density    =         0.9815
 ------------------------------------------------------------------------------

 NMR restraints: Bond =    0.000   Angle =     0.000   Torsion =     0.000
===============================================================================

 NSTEP =   355000   TIME(PS) =     710.000  TEMP(K) =   306.39  PRESS =   156.8
 Etot   =     -7903.7853  EKtot   =      1868.5894  EPtot      =     -9772.3746
 BOND   =         2.8278  ANGLE   =         5.3109  DIHED      =         3.4698
 UB     =         0.0000  IMP     =         0.0000  CMAP       =         0.6938
 1-4 NB =         2.5193  1-4 EEL =        43.9942  VDWAALS    =      1482.2673
 EELEC  =    -11318.7339  EHBOND  =         0.0000  RESTRAINT  =         5.2762
 EAMBER (non-restraint)  =     -9777.6508
 EKCMT  =       936.3331  VIRIAL  =       831.2618  VOLUME     =     31044.2647
                                                    Density    =         0.9849
 ------------------------------------------------------------------------------

 NMR restraints: Bond =    0.000   Angle =     0.000   Torsion =     0.000
===============================================================================

 NSTEP =   360000   TIME(PS) =     720.000  TEMP(K) =   304.71  PRESS =  -220.3
 Etot   =     -7901.3718  EKtot   =      1858.3583  EPtot      =     -9759.7300
 BOND   =         4.7468  ANGLE   =         5.8888  DIHED      =         3.8728
 UB     =         0.0000  IMP     =         0.0000  CMAP       =         0.5774
 1-4 NB =         2.8798  1-4 EEL =        47.7248  VDWAALS    =      1429.4373
 EELEC  =    -11261.1603  EHBOND  =         0.0000  RESTRAINT  =         6.3026
 EAMBER (non-restraint)  =     -9766.0326
 EKCMT  =       913.7555  VIRIAL  =      1061.8483  VOLUME     =     31134.7848
                                                    Density    =         0.9820
 ------------------------------------------------------------------------------

 NMR restraints: Bond =    0.000   Angle =     0.000   Torsion =     0.000
===============================================================================

 NSTEP =   365000   TIME(PS) =     730.000  TEMP(K) =   300.03  PRESS =   -94.5
 Etot   =     -7929.7256  EKtot   =      1829.7856  EPtot      =     -9759.5113
 BOND   =         5.5873  ANGLE   =         6.9684  DIHED      =         4.4757
 UB     =         0.0000  IMP     =         0.0000  CMAP       =         0.7280
 1-4 NB =         2.1998  1-4 EEL =        46.0420  VDWAALS    =      1428.0839
 EELEC  =    -11255.9485  EHBOND  =         0.0000  RESTRAINT  =         2.3522
 EAMBER (non-restraint)  =     -9761.8634
 EKCMT  =       923.6282  VIRIAL  =       986.7660  VOLUME     =     30937.3245
                                                    Density    =         0.9883
 ------------------------------------------------------------------------------

 NMR restraints: Bond =    0.000   Angle =     0.000   Torsion =     0.000
===============================================================================

 NSTEP =   370000   TIME(PS) =     740.000  TEMP(K) =   292.96  PRESS =    38.9
 Etot   =     -7962.7550  EKtot   =      1786.6730  EPtot      =     -9749.4280
 BOND   =         3.4132  ANGLE   =         7.2928  DIHED      =         4.3532
 UB     =         0.0000  IMP     =         0.0000  CMAP       =         0.1805
 1-4 NB =         3.6653  1-4 EEL =        46.5903  VDWAALS    =      1452.9321
 EELEC  =    -11272.6314  EHBOND  =         0.0000  RESTRAINT  =         4.7762
 EAMBER (non-restraint)  =     -9754.2042
 EKCMT  =       875.9486  VIRIAL  =       849.9432  VOLUME     =     30936.4006
                                                    Density    =         0.9883
 ------------------------------------------------------------------------------

 NMR restraints: Bond =    0.000   Angle =     0.000   Torsion =     0.000
===============================================================================

 NSTEP =   375000   TIME(PS) =     750.000  TEMP(K) =   294.55  PRESS =  -296.9
 Etot   =     -7976.3327  EKtot   =      1796.3477  EPtot      =     -9772.6803
 BOND   =         1.6482  ANGLE   =         9.2934  DIHED      =         4.1619
 UB     =         0.0000  IMP     =         0.0000  CMAP       =         0.3960
 1-4 NB =         2.7372  1-4 EEL =        46.8361  VDWAALS    =      1404.3194
 EELEC  =    -11248.1566  EHBOND  =         0.0000  RESTRAINT  =         6.0842
 EAMBER (non-restraint)  =     -9778.7645
 EKCMT  =       896.0567  VIRIAL  =      1093.6225  VOLUME     =     30818.4774
                                                    Density    =         0.9921
 ------------------------------------------------------------------------------

 NMR restraints: Bond =    0.000   Angle =     0.000   Torsion =     0.000
===============================================================================

 NSTEP =   380000   TIME(PS) =     760.000  TEMP(K) =   295.84  PRESS =    22.1
 Etot   =     -7826.7740  EKtot   =      1804.2142  EPtot      =     -9630.9883
 BOND   =         1.1734  ANGLE   =         3.6696  DIHED      =         3.7973
 UB     =         0.0000  IMP     =         0.0000  CMAP       =         0.7040
 1-4 NB =         3.0304  1-4 EEL =        45.5391  VDWAALS    =      1388.9182
 EELEC  =    -11081.8222  EHBOND  =         0.0000  RESTRAINT  =         4.0020
 EAMBER (non-restraint)  =     -9634.9903
 EKCMT  =       916.9150  VIRIAL  =       902.1408  VOLUME     =     30893.5600
                                                    Density    =         0.9897
 ------------------------------------------------------------------------------

 NMR restraints: Bond =    0.000   Angle =     0.000   Torsion =     0.000
===============================================================================

 NSTEP =   385000   TIME(PS) =     770.000  TEMP(K) =   302.66  PRESS =   -84.5
 Etot   =     -7824.3972  EKtot   =      1845.8264  EPtot      =     -9670.2236
 BOND   =         4.0613  ANGLE   =         8.0422  DIHED      =         3.8321
 UB     =         0.0000  IMP     =         0.0000  CMAP       =         0.8795
 1-4 NB =         3.2852  1-4 EEL =        45.3591  VDWAALS    =      1411.7818
 EELEC  =    -11153.0119  EHBOND  =         0.0000  RESTRAINT  =         5.5472
 EAMBER (non-restraint)  =     -9675.7707
 EKCMT  =       923.2461  VIRIAL  =       980.0328  VOLUME     =     31119.8510
                                                    Density    =         0.9825
 ------------------------------------------------------------------------------

 NMR restraints: Bond =    0.000   Angle =     0.000   Torsion =     0.000
===============================================================================

 NSTEP =   390000   TIME(PS) =     780.000  TEMP(K) =   306.14  PRESS =    69.5
 Etot   =     -7888.1953  EKtot   =      1867.0540  EPtot      =     -9755.2493
 BOND   =         2.2962  ANGLE   =         7.3712  DIHED      =         3.6620
 UB     =         0.0000  IMP     =         0.0000  CMAP       =         1.1820
 1-4 NB =         2.6524  1-4 EEL =        43.8688  VDWAALS    =      1445.1688
 EELEC  =    -11267.7538  EHBOND  =         0.0000  RESTRAINT  =         6.3030
 EAMBER (non-restraint)  =     -9761.5522
 EKCMT  =       928.0335  VIRIAL  =       881.7427  VOLUME     =     30859.3585
                                                    Density    =         0.9908
 ------------------------------------------------------------------------------

 NMR restraints: Bond =    0.000   Angle =     0.000   Torsion =     0.000
===============================================================================

 NSTEP =   395000   TIME(PS) =     790.000  TEMP(K) =   307.98  PRESS =     2.8
 Etot   =     -7833.5400  EKtot   =      1878.2880  EPtot      =     -9711.8280
 BOND   =         2.9629  ANGLE   =         7.4356  DIHED      =         3.8017
 UB     =         0.0000  IMP     =         0.0000  CMAP       =         0.4679
 1-4 NB =         2.6409  1-4 EEL =        45.6255  VDWAALS    =      1424.1379
 EELEC  =    -11205.2013  EHBOND  =         0.0000  RESTRAINT  =         6.3010
 EAMBER (non-restraint)  =     -9718.1289
 EKCMT  =       940.0994  VIRIAL  =       938.2075  VOLUME     =     30868.7648
                                                    Density    =         0.9905
 ------------------------------------------------------------------------------

 NMR restraints: Bond =    0.000   Angle =     0.000   Torsion =     0.000
===============================================================================

 NSTEP =   400000   TIME(PS) =     800.000  TEMP(K) =   299.60  PRESS =  -235.6
 Etot   =     -7844.0908  EKtot   =      1827.1635  EPtot      =     -9671.2543
 BOND   =         0.7173  ANGLE   =         9.5657  DIHED      =         3.4637
 UB     =         0.0000  IMP     =         0.0000  CMAP       =         0.5367
 1-4 NB =         3.2089  1-4 EEL =        48.5771  VDWAALS    =      1380.5143
 EELEC  =    -11122.0463  EHBOND  =         0.0000  RESTRAINT  =         4.2083
 EAMBER (non-restraint)  =     -9675.4626
 EKCMT  =       906.1052  VIRIAL  =      1063.6280  VOLUME     =     30963.8829
                                                    Density    =         0.9874
 ------------------------------------------------------------------------------

 NMR restraints: Bond =    0.000   Angle =     0.000   Torsion =     0.000
===============================================================================

 NSTEP =   405000   TIME(PS) =     810.000  TEMP(K) =   295.86  PRESS =   -38.3
 Etot   =     -7961.3282  EKtot   =      1804.3571  EPtot      =     -9765.6853
 BOND   =         2.9691  ANGLE   =        10.8526  DIHED      =         2.8996
 UB     =         0.0000  IMP     =         0.0000  CMAP       =         0.6923
 1-4 NB =         3.2388  1-4 EEL =        44.3894  VDWAALS    =      1461.3959
 EELEC  =    -11298.7245  EHBOND  =         0.0000  RESTRAINT  =         6.6014
 EAMBER (non-restraint)  =     -9772.2867
 EKCMT  =       915.2558  VIRIAL  =       940.9626  VOLUME     =     31101.8764
                                                    Density    =         0.9831
 ------------------------------------------------------------------------------

 NMR restraints: Bond =    0.000   Angle =     0.000   Torsion =     0.000
===============================================================================

 NSTEP =   410000   TIME(PS) =     820.000  TEMP(K) =   305.19  PRESS =   162.3
 Etot   =     -7797.8129  EKtot   =      1861.2561  EPtot      =     -9659.0690
 BOND   =         1.8940  ANGLE   =         9.8386  DIHED      =         3.6500
 UB     =         0.0000  IMP     =         0.0000  CMAP       =         0.3109
 1-4 NB =         2.8603  1-4 EEL =        45.5421  VDWAALS    =      1438.4242
 EELEC  =    -11165.2511  EHBOND  =         0.0000  RESTRAINT  =         3.6620
 EAMBER (non-restraint)  =     -9662.7311
 EKCMT  =       920.8710  VIRIAL  =       811.7296  VOLUME     =     31141.4068
                                                    Density    =         0.9818
 ------------------------------------------------------------------------------

 NMR restraints: Bond =    0.000   Angle =     0.000   Torsion =     0.000
===============================================================================

 NSTEP =   415000   TIME(PS) =     830.000  TEMP(K) =   308.95  PRESS =   -77.1
 Etot   =     -7833.2325  EKtot   =      1884.2050  EPtot      =     -9717.4375
 BOND   =         2.4693  ANGLE   =         9.2695  DIHED      =         2.9998
 UB     =         0.0000  IMP     =         0.0000  CMAP       =         0.7120
 1-4 NB =         3.1171  1-4 EEL =        44.6942  VDWAALS    =      1425.6335
 EELEC  =    -11210.3022  EHBOND  =         0.0000  RESTRAINT  =         3.9692
 EAMBER (non-restraint)  =     -9721.4067
 EKCMT  =       957.5688  VIRIAL  =      1009.5823  VOLUME     =     31261.7981
                                                    Density    =         0.9780
 ------------------------------------------------------------------------------

 NMR restraints: Bond =    0.000   Angle =     0.000   Torsion =     0.000
===============================================================================

 NSTEP =   420000   TIME(PS) =     840.000  TEMP(K) =   293.25  PRESS =    34.5
 Etot   =     -7883.6307  EKtot   =      1788.4419  EPtot      =     -9672.0726
 BOND   =         1.6453  ANGLE   =         6.7154  DIHED      =         3.6066
 UB     =         0.0000  IMP     =         0.0000  CMAP       =         0.5950
 1-4 NB =         3.3304  1-4 EEL =        45.4795  VDWAALS    =      1438.2419
 EELEC  =    -11175.0527  EHBOND  =         0.0000  RESTRAINT  =         3.3658
 EAMBER (non-restraint)  =     -9675.4384
 EKCMT  =       893.3693  VIRIAL  =       870.1689  VOLUME     =     31125.0269
                                                    Density    =         0.9823
 ------------------------------------------------------------------------------

 NMR restraints: Bond =    0.000   Angle =     0.000   Torsion =     0.000
===============================================================================

 NSTEP =   425000   TIME(PS) =     850.000  TEMP(K) =   295.84  PRESS =  -526.4
 Etot   =     -7937.7758  EKtot   =      1804.2109  EPtot      =     -9741.9868
 BOND   =         2.3106  ANGLE   =         8.8223  DIHED      =         2.8377
 UB     =         0.0000  IMP     =         0.0000  CMAP       =         0.5401
 1-4 NB =         3.3732  1-4 EEL =        45.1827  VDWAALS    =      1384.1467
 EELEC  =    -11199.4060  EHBOND  =         0.0000  RESTRAINT  =        10.2058
 EAMBER (non-restraint)  =     -9752.1926
 EKCMT  =       894.1717  VIRIAL  =      1247.9139  VOLUME     =     31121.7318
                                                    Density    =         0.9824
 ------------------------------------------------------------------------------

 NMR restraints: Bond =    0.000   Angle =     0.000   Torsion =     0.000
===============================================================================

 NSTEP =   430000   TIME(PS) =     860.000  TEMP(K) =   294.69  PRESS =   175.6
 Etot   =     -7939.5831  EKtot   =      1797.2358  EPtot      =     -9736.8189
 BOND   =         5.0969  ANGLE   =         9.6362  DIHED      =         3.3159
 UB     =         0.0000  IMP     =         0.0000  CMAP       =         0.4723
 1-4 NB =         2.2567  1-4 EEL =        41.5114  VDWAALS    =      1450.8415
 EELEC  =    -11253.8261  EHBOND  =         0.0000  RESTRAINT  =         3.8763
 EAMBER (non-restraint)  =     -9740.6952
 EKCMT  =       887.1277  VIRIAL  =       770.4056  VOLUME     =     30780.8613
                                                    Density    =         0.9933
 ------------------------------------------------------------------------------

 NMR restraints: Bond =    0.000   Angle =     0.000   Torsion =     0.000
===============================================================================

 NSTEP =   435000   TIME(PS) =     870.000  TEMP(K) =   298.36  PRESS =  -260.6
 Etot   =     -7939.1262  EKtot   =      1819.5974  EPtot      =     -9758.7236
 BOND   =         4.5788  ANGLE   =         6.9051  DIHED      =         4.2308
 UB     =         0.0000  IMP     =         0.0000  CMAP       =         0.3044
 1-4 NB =         2.4136  1-4 EEL =        44.5007  VDWAALS    =      1416.0077
 EELEC  =    -11241.5231  EHBOND  =         0.0000  RESTRAINT  =         3.8585
 EAMBER (non-restraint)  =     -9762.5821
 EKCMT  =       910.4696  VIRIAL  =      1084.2734  VOLUME     =     30892.4064
                                                    Density    =         0.9897
 ------------------------------------------------------------------------------

 NMR restraints: Bond =    0.000   Angle =     0.000   Torsion =     0.000
===============================================================================

 NSTEP =   440000   TIME(PS) =     880.000  TEMP(K) =   303.57  PRESS =  -671.4
 Etot   =     -7858.5159  EKtot   =      1851.3762  EPtot      =     -9709.8922
 BOND   =         2.1527  ANGLE   =         6.3193  DIHED      =         3.1225
 UB     =         0.0000  IMP     =         0.0000  CMAP       =         0.6361
 1-4 NB =         3.2677  1-4 EEL =        44.8513  VDWAALS    =      1333.8031
 EELEC  =    -11107.8433  EHBOND  =         0.0000  RESTRAINT  =         3.7984
 EAMBER (non-restraint)  =     -9713.6906
 EKCMT  =       904.1150  VIRIAL  =      1352.1052  VOLUME     =     30903.1059
                                                    Density    =         0.9894
 ------------------------------------------------------------------------------

 NMR restraints: Bond =    0.000   Angle =     0.000   Torsion =     0.000
===============================================================================

 NSTEP =   445000   TIME(PS) =     890.000  TEMP(K) =   295.89  PRESS =   295.2
 Etot   =     -7905.7694  EKtot   =      1804.5232  EPtot      =     -9710.2926
 BOND   =         2.6434  ANGLE   =         9.5111  DIHED      =         4.0722
 UB     =         0.0000  IMP     =         0.0000  CMAP       =         0.2121
 1-4 NB =         2.6521  1-4 EEL =        44.8155  VDWAALS    =      1489.1135
 EELEC  =    -11268.0580  EHBOND  =         0.0000  RESTRAINT  =         4.7456
 EAMBER (non-restraint)  =     -9715.0381
 EKCMT  =       896.3133  VIRIAL  =       698.6272  VOLUME     =     31018.4762
                                                    Density    =         0.9857
 ------------------------------------------------------------------------------

 NMR restraints: Bond =    0.000   Angle =     0.000   Torsion =     0.000
===============================================================================

 NSTEP =   450000   TIME(PS) =     900.000  TEMP(K) =   295.33  PRESS =  -468.4
 Etot   =     -7917.2476  EKtot   =      1801.1285  EPtot      =     -9718.3761
 BOND   =         1.6153  ANGLE   =         6.6330  DIHED      =         3.5722
 UB     =         0.0000  IMP     =         0.0000  CMAP       =         0.5492
 1-4 NB =         3.3777  1-4 EEL =        45.4370  VDWAALS    =      1373.1207
 EELEC  =    -11155.9204  EHBOND  =         0.0000  RESTRAINT  =         3.2392
 EAMBER (non-restraint)  =     -9721.6153
 EKCMT  =       905.5368  VIRIAL  =      1219.9338  VOLUME     =     31086.9168
                                                    Density    =         0.9835
 ------------------------------------------------------------------------------

 NMR restraints: Bond =    0.000   Angle =     0.000   Torsion =     0.000
===============================================================================

 NSTEP =   455000   TIME(PS) =     910.000  TEMP(K) =   313.41  PRESS =   -69.6
 Etot   =     -7888.7786  EKtot   =      1911.4124  EPtot      =     -9800.1910
 BOND   =         5.6043  ANGLE   =         7.9004  DIHED      =         2.7242
 UB     =         0.0000  IMP     =         0.0000  CMAP       =         0.5863
 1-4 NB =         2.5311  1-4 EEL =        43.8387  VDWAALS    =      1473.7403
 EELEC  =    -11339.2282  EHBOND  =         0.0000  RESTRAINT  =         2.1120
 EAMBER (non-restraint)  =     -9802.3030
 EKCMT  =       964.3917  VIRIAL  =      1011.2436  VOLUME     =     31159.5750
                                                    Density    =         0.9812
 ------------------------------------------------------------------------------

 NMR restraints: Bond =    0.000   Angle =     0.000   Torsion =     0.000
===============================================================================

 NSTEP =   460000   TIME(PS) =     920.000  TEMP(K) =   305.19  PRESS =   154.2
 Etot   =     -7874.5555  EKtot   =      1861.2319  EPtot      =     -9735.7875
 BOND   =         4.6646  ANGLE   =        10.9383  DIHED      =         4.1650
 UB     =         0.0000  IMP     =         0.0000  CMAP       =         0.7820
 1-4 NB =         2.7911  1-4 EEL =        46.3049  VDWAALS    =      1479.7789
 EELEC  =    -11290.1991  EHBOND  =         0.0000  RESTRAINT  =         4.9870
 EAMBER (non-restraint)  =     -9740.7744
 EKCMT  =       943.5264  VIRIAL  =       839.1652  VOLUME     =     31354.1338
                                                    Density    =         0.9752
 ------------------------------------------------------------------------------

 NMR restraints: Bond =    0.000   Angle =     0.000   Torsion =     0.000
===============================================================================

 NSTEP =   465000   TIME(PS) =     930.000  TEMP(K) =   302.63  PRESS =  -343.7
 Etot   =     -7854.3943  EKtot   =      1845.6210  EPtot      =     -9700.0153
 BOND   =         2.1726  ANGLE   =        10.2334  DIHED      =         4.8887
 UB     =         0.0000  IMP     =         0.0000  CMAP       =         0.6652
 1-4 NB =         3.8320  1-4 EEL =        46.3528  VDWAALS    =      1375.8838
 EELEC  =    -11151.1953  EHBOND  =         0.0000  RESTRAINT  =         7.1515
 EAMBER (non-restraint)  =     -9707.1668
 EKCMT  =       947.9651  VIRIAL  =      1177.4742  VOLUME     =     30931.7328
                                                    Density    =         0.9885
 ------------------------------------------------------------------------------

 NMR restraints: Bond =    0.000   Angle =     0.000   Torsion =     0.000
===============================================================================

 NSTEP =   470000   TIME(PS) =     940.000  TEMP(K) =   299.25  PRESS =  -599.7
 Etot   =     -7888.2401  EKtot   =      1825.0317  EPtot      =     -9713.2719
 BOND   =         0.9445  ANGLE   =         9.0407  DIHED      =         3.8637
 UB     =         0.0000  IMP     =         0.0000  CMAP       =         0.7615
 1-4 NB =         2.9554  1-4 EEL =        48.4989  VDWAALS    =      1361.2365
 EELEC  =    -11145.9082  EHBOND  =         0.0000  RESTRAINT  =         5.3352
 EAMBER (non-restraint)  =     -9718.6070
 EKCMT  =       938.8099  VIRIAL  =      1342.6875  VOLUME     =     31191.6054
                                                    Density    =         0.9802
 ------------------------------------------------------------------------------

 NMR restraints: Bond =    0.000   Angle =     0.000   Torsion =     0.000
===============================================================================

 NSTEP =   475000   TIME(PS) =     950.000  TEMP(K) =   304.06  PRESS =  -235.6
 Etot   =     -7823.7702  EKtot   =      1854.3899  EPtot      =     -9678.1601
 BOND   =         3.9988  ANGLE   =         6.4528  DIHED      =         3.9059
 UB     =         0.0000  IMP     =         0.0000  CMAP       =         1.0878
 1-4 NB =         2.6603  1-4 EEL =        47.7841  VDWAALS    =      1386.9718
 EELEC  =    -11138.8486  EHBOND  =         0.0000  RESTRAINT  =         7.8270
 EAMBER (non-restraint)  =     -9685.9872
 EKCMT  =       925.2289  VIRIAL  =      1082.8341  VOLUME     =     30980.4095
                                                    Density    =         0.9869
 ------------------------------------------------------------------------------

 NMR restraints: Bond =    0.000   Angle =     0.000   Torsion =     0.000
===============================================================================

 NSTEP =   480000   TIME(PS) =     960.000  TEMP(K) =   293.18  PRESS =  -169.8
 Etot   =     -7903.4983  EKtot   =      1788.0016  EPtot      =     -9691.4999
 BOND   =         4.7722  ANGLE   =         8.2199  DIHED      =         3.3872
 UB     =         0.0000  IMP     =         0.0000  CMAP       =        -0.0101
 1-4 NB =         2.5895  1-4 EEL =        43.8801  VDWAALS    =      1407.1645
 EELEC  =    -11168.2716  EHBOND  =         0.0000  RESTRAINT  =         6.7683
 EAMBER (non-restraint)  =     -9698.2682
 EKCMT  =       905.8380  VIRIAL  =      1019.7053  VOLUME     =     31050.4109
                                                    Density    =         0.9847
 ------------------------------------------------------------------------------

 NMR restraints: Bond =    0.000   Angle =     0.000   Torsion =     0.000
===============================================================================

 NSTEP =   485000   TIME(PS) =     970.000  TEMP(K) =   294.88  PRESS =    60.8
 Etot   =     -7883.7963  EKtot   =      1798.4125  EPtot      =     -9682.2088
 BOND   =         1.6545  ANGLE   =         6.0341  DIHED      =         3.2820
 UB     =         0.0000  IMP     =         0.0000  CMAP       =         0.6210
 1-4 NB =         2.8795  1-4 EEL =        46.3161  VDWAALS    =      1458.7766
 EELEC  =    -11207.8845  EHBOND  =         0.0000  RESTRAINT  =         6.1119
 EAMBER (non-restraint)  =     -9688.3206
 EKCMT  =       868.7544  VIRIAL  =       827.3718  VOLUME     =     31519.6564
                                                    Density    =         0.9700
 ------------------------------------------------------------------------------

 NMR restraints: Bond =    0.000   Angle =     0.000   Torsion =     0.000
===============================================================================

 NSTEP =   490000   TIME(PS) =     980.000  TEMP(K) =   294.71  PRESS =  -453.7
 Etot   =     -7849.6045  EKtot   =      1797.3469  EPtot      =     -9646.9515
 BOND   =         7.5664  ANGLE   =         8.2066  DIHED      =         3.1990
 UB     =         0.0000  IMP     =         0.0000  CMAP       =         0.1300
 1-4 NB =         2.3909  1-4 EEL =        44.7051  VDWAALS    =      1350.5246
 EELEC  =    -11071.0583  EHBOND  =         0.0000  RESTRAINT  =         7.3842
 EAMBER (non-restraint)  =     -9654.3357
 EKCMT  =       888.4921  VIRIAL  =      1191.1482  VOLUME     =     30898.1318
                                                    Density    =         0.9895
 ------------------------------------------------------------------------------

 NMR restraints: Bond =    0.000   Angle =     0.000   Torsion =     0.000
===============================================================================

 NSTEP =   495000   TIME(PS) =     990.000  TEMP(K) =   300.28  PRESS =  -255.9
 Etot   =     -7898.2046  EKtot   =      1831.2854  EPtot      =     -9729.4900
 BOND   =         3.2826  ANGLE   =        13.4018  DIHED      =         5.4869
 UB     =         0.0000  IMP     =         0.0000  CMAP       =         0.4570
 1-4 NB =         2.7236  1-4 EEL =        45.2920  VDWAALS    =      1386.7842
 EELEC  =    -11191.7857  EHBOND  =         0.0000  RESTRAINT  =         4.8677
 EAMBER (non-restraint)  =     -9734.3577
 EKCMT  =       926.6822  VIRIAL  =      1097.5660  VOLUME     =     30925.9432
                                                    Density    =         0.9887
 ------------------------------------------------------------------------------

 NMR restraints: Bond =    0.000   Angle =     0.000   Torsion =     0.000
===============================================================================

 NSTEP =   500000   TIME(PS) =    1000.000  TEMP(K) =   304.24  PRESS =    52.8
 Etot   =     -7882.1756  EKtot   =      1855.4805  EPtot      =     -9737.6561
 BOND   =         2.6044  ANGLE   =         9.0514  DIHED      =         2.5794
 UB     =         0.0000  IMP     =         0.0000  CMAP       =         0.6320
 1-4 NB =         1.9474  1-4 EEL =        44.3966  VDWAALS    =      1441.7667
 EELEC  =    -11243.6314  EHBOND  =         0.0000  RESTRAINT  =         2.9974
 EAMBER (non-restraint)  =     -9740.6535
 EKCMT  =       921.5000  VIRIAL  =       886.1766  VOLUME     =     31002.1492
                                                    Density    =         0.9862
 ------------------------------------------------------------------------------

 NMR restraints: Bond =    0.000   Angle =     0.000   Torsion =     0.000
===============================================================================

      A V E R A G E S   O V E R     100 S T E P S


 NSTEP =   500000   TIME(PS) =    1000.000  TEMP(K) =   236.30  PRESS =   -37.2
 Etot   =     -9042.6610  EKtot   =      1441.0910  EPtot      =    -10483.7520
 BOND   =         2.5973  ANGLE   =         6.4308  DIHED      =         3.4024
 UB     =         0.0000  IMP     =         0.0000  CMAP       =         0.5417
 1-4 NB =         2.7797  1-4 EEL =        45.5702  VDWAALS    =      1733.6508
 EELEC  =    -12282.7786  EHBOND  =         0.0000  RESTRAINT  =         4.0536
 EAMBER (non-restraint)  =    -10487.8056
 EKCMT  =       718.5467  VIRIAL  =       743.8927  VOLUME     =     30332.5655
                                                    Density    =         1.0087
 ------------------------------------------------------------------------------

 NMR restraints: Bond =    0.000   Angle =     0.000   Torsion =     0.000
===============================================================================

      R M S  F L U C T U A T I O N S


 NSTEP =   500000   TIME(PS) =    1000.000  TEMP(K) =    83.78  PRESS =   243.5
 Etot   =      1446.5660  EKtot   =       510.9635  EPtot      =       942.6757
 BOND   =         1.6025  ANGLE   =         2.6696  DIHED      =         0.6143
 UB     =         0.0000  IMP     =         0.0000  CMAP       =         0.1926
 1-4 NB =         0.4160  1-4 EEL =         1.3733  VDWAALS    =       392.6226
 EELEC  =      1329.1492  EHBOND  =         0.0000  RESTRAINT  =         1.9016
 EAMBER (non-restraint)  =       940.7741
 EKCMT  =       254.7398  VIRIAL  =       331.0962  VOLUME     =       778.6986
                                                    Density    =         0.0261
 ------------------------------------------------------------------------------


 NMR restraints on final step:

--------------------------------------------------------------------------------
   5.  TIMINGS
--------------------------------------------------------------------------------

|  NonSetup CPU Time in Major Routines:
|
|     Routine           Sec        %
|     ------------------------------
|     Nonbond          85.00   74.27
|     Bond              0.00    0.00
|     Angle             0.00    0.00
|     Dihedral          0.00    0.00
|     Shake             1.61    1.41
|     RunMD            27.03   23.61
|     Other             0.82    0.71
|     ------------------------------
|     Total           114.45

|  PME Nonbond Pairlist CPU Time:
|
|     Routine              Sec        %
|     ---------------------------------
|     Set Up Cit           0.00    0.00
|     Build List           0.00    0.00
|     ---------------------------------
|     Total                0.00    0.00

|  PME Direct Force CPU Time:
|
|     Routine              Sec        %
|     ---------------------------------
|     NonBonded Calc       0.00    0.00
|     Exclude Masked       0.00    0.00
|     Other                0.54    0.47
|     ---------------------------------
|     Total                0.54    0.47

|  PME Reciprocal Force CPU Time:
|
|     Routine              Sec        %
|     ---------------------------------
|     1D bspline           0.00    0.00
|     Grid Charges         0.00    0.00
|     Scalar Sum           0.00    0.00
|     Gradient Sum         0.00    0.00
|     FFT                  0.00    0.00
|     ---------------------------------
|     Total                0.00    0.00

|  Final Performance Info:
|     -----------------------------------------------------
|     Average timings for last  230000 steps:
|     Elapsed(s) =      53.75 Per Step(ms) =       0.23
|         ns/day =     739.41   seconds/ns =     116.85
|
|     Average timings for all steps:
|     Elapsed(s) =     114.78 Per Step(ms) =       0.23
|         ns/day =     752.74   seconds/ns =     114.78
|     -----------------------------------------------------

|  Setup CPU time:            0.18 seconds
|  NonSetup CPU time:       114.45 seconds
|  Total CPU time:          114.64 seconds     0.03 hours

|  Setup wall time:           0    seconds
|  NonSetup wall time:      115    seconds
|  Total wall time:         115    seconds     0.03 hours
