
          -------------------------------------------------------
          Amber 24 PMEMD                              2024
          -------------------------------------------------------

| PMEMD implementation of SANDER, Release 24

|  Compiled date/time: Wed Aug 21 09:34:12 2024
| Run on 06/01/2026 at 23:21:07

|   Executable path: pmemd.cuda
| Working directory: /localscratch/kbui/NexusMol/examples
|          Hostname: Unknown
  [-O]verwriting output

File Assignments:
|   MDIN: /localscratch/kbui/NexusMol/examples/artifacts/AMBER_DiAla/seed1.in   
|  MDOUT: /localscratch/kbui/NexusMol/examples/artifacts/AMBER_DiAla/seed1.out  
| INPCRD: /localscratch/kbui/NexusMol/examples/artifacts/AMBER_DiAla/eq7.ncrst  
|   PARM: /localscratch/kbui/NexusMol/examples/ALA.prmtop                       
| RESTRT: /localscratch/kbui/NexusMol/examples/artifacts/AMBER_DiAla/seed1.ncrst
|   REFC: /localscratch/kbui/NexusMol/examples/artifacts/AMBER_DiAla/eq7.ncrst  
|  MDVEL: mdvel                                                                 
|   MDEN: mden                                                                  
|  MDCRD: /localscratch/kbui/NexusMol/examples/artifacts/AMBER_DiAla/seed1.nc   
| MDINFO: /localscratch/kbui/NexusMol/examples/artifacts/AMBER_DiAla/seed1.info 
|  MDFRC: mdfrc                                                                 


 Here is the input file:

Randomize velocities for seed                                                  
&cntrl                                                                         
 imin=0, irest=0, ntx=1,                                                       
 ntpr=100, ntwx=100, ntwr=100, nstlim=100000,                                  
 dt=0.002, ntt=3, tempi=300.0,                                                 
 temp0=300.0, gamma_ln=1.0, ig=-1,                                             
 ntp=1, ntc=2, ntf=2, cut=10.0,                                                
 ntb=2, iwrap=1, ioutfm=1,                                                     
/                                                                              


Note: ig = -1. Setting random seed to   552814 based on wallclock time in 
      microseconds.
| irandom = 1, using AMBER's internal random number generator (default).
 
|--------------------- INFORMATION ----------------------
| GPU (CUDA) Version of PMEMD in use: NVIDIA GPU IN USE.
|                    Version 18.0.0
| 
|                      03/25/2018
| 
| Implementation by:
|                    Ross C. Walker     (SDSC)
|                    Scott Le Grand     (nVIDIA)
| 
| Version 18 performance extensions by:
|                    David Cerutti     (Rutgers)
| 
| Precision model in use:
|      [SPFP] - Single Precision Forces, 64-bit Fixed Point
|               Accumulation. (Default)
| 
|--------------------------------------------------------
 
|----------------- CITATION INFORMATION -----------------
|
|    When publishing work that utilized the CUDA version
|    of AMBER, please cite the following in addition to
|    the regular AMBER citations:
|
|  - Romelia Salomon-Ferrer; Andreas W. Goetz; Duncan
|    Poole; Scott Le Grand; Ross C. Walker "Routine
|    microsecond molecular dynamics simulations with
|    AMBER - Part II: Particle Mesh Ewald", J. Chem.
|    Theory Comput., 2013, 9 (9), pp3878-3888,
|    DOI: 10.1021/ct400314y.
|
|  - Andreas W. Goetz; Mark J. Williamson; Dong Xu;
|    Duncan Poole; Scott Le Grand; Ross C. Walker
|    "Routine microsecond molecular dynamics simulations
|    with AMBER - Part I: Generalized Born", J. Chem.
|    Theory Comput., 2012, 8 (5), pp1542-1555.
|
|  - Scott Le Grand; Andreas W. Goetz; Ross C. Walker
|    "SPFP: Speed without compromise - a mixed precision
|    model for GPU accelerated molecular dynamics
|    simulations.", Comp. Phys. Comm., 2013, 184
|    pp374-380, DOI: 10.1016/j.cpc.2012.09.022
|
|--------------------------------------------------------
 
|------------------- GPU DEVICE INFO --------------------
|
|            CUDA_VISIBLE_DEVICES: not set
|   CUDA Capable Devices Detected:      1
|           CUDA Device ID in use:      0
|                CUDA Device Name: NVIDIA GeForce RTX 4090
|     CUDA Device Global Mem Size:  24079 MB
| CUDA Device Num Multiprocessors:    128
|           CUDA Device Core Freq:   2.62 GHz
|
|--------------------------------------------------------
 
 
| Conditional Compilation Defines Used:
| PUBFFT
| BINTRAJ
| CUDA
| EMIL

| Largest sphere to fit in unit cell has radius =    13.960

| New format PARM file being parsed.
| Version =    1.000 Date = 03/28/26 Time = 21:23:47

| Note: 1-4 EEL scale factors are being read from the topology file.

| Note: 1-4 VDW scale factors are being read from the topology file.
| Duplicated    0 dihedrals

| Duplicated    0 dihedrals

--------------------------------------------------------------------------------
   1.  RESOURCE   USE: 
--------------------------------------------------------------------------------

 getting box info from netcdf restart file
 NATOM  =    3064 NTYPES =       9 NBONH =    3054 MBONA  =       9
 NTHETH =      25 MTHETA =      11 NPHIH =      43 MPHIA  =      24
 NHPARM =       0 NPARM  =       0 NNB   =    4155 NRES   =    1017
 NBONA  =       9 NTHETA =      11 NPHIA =      24 NUMBND =      13
 NUMANG =      21 NPTRA  =      14 NATYP =      10 NPHB   =       0
 IFBOX  =       2 NMXRS  =      10 IFCAP =       0 NEXTRA =       0
 NCOPY  =       0

| Coordinate Index Table dimensions:     5    5    5
| Direct force subcell size =     6.8391    6.8391    6.8391

     BOX TYPE: TRUNCATED OCTAHEDRON

--------------------------------------------------------------------------------
   2.  CONTROL  DATA  FOR  THE  RUN
--------------------------------------------------------------------------------

ACE                                                                             

General flags:
     imin    =       0, nmropt  =       0

Nature and format of input:
     ntx     =       1, irest   =       0, ntrx    =       1

Nature and format of output:
     ntxo    =       2, ntpr    =     100, ntrx    =       1, ntwr    =     100
     iwrap   =       1, ntwx    =     100, ntwv    =       0, ntwe    =       0
     ioutfm  =       1, ntwprt  =       0, idecomp =       0, rbornstat=      0

Potential function:
     ntf     =       2, ntb     =       2, igb     =       0, nsnb    =      25
     ipol    =       0, gbsa    =       0, iesp    =       0
     dielc   =   1.00000, cut     =  10.00000, intdiel =   1.00000

Frozen or restrained atoms:
     ibelly  =       0, ntr     =       0

Molecular dynamics:
     nstlim  =    100000, nscm    =      1000, nrespa  =         1
     t       =   0.00000, dt      =   0.00200, vlimit  =  -1.00000

Langevin dynamics temperature regulation:
     ig      =  552814
     temp0   = 300.00000, tempi   = 300.00000, gamma_ln=   1.00000

Pressure regulation:
     ntp     =       1
     pres0   =   1.00000, comp    =  44.60000, taup    =   1.00000

SHAKE:
     ntc     =       2, jfastw  =       0
     tol     =   0.00001

| Intermolecular bonds treatment:
|     no_intermolecular_bonds =       1

| Energy averages sample interval:
|     ene_avg_sampling =     100

Ewald parameters:
     verbose =       0, ew_type =       0, nbflag  =       1, use_pme =       1
     vdwmeth =       1, eedmeth =       1, netfrc  =       1
     Box X =   34.196   Box Y =   34.196   Box Z =   34.196
     Alpha =  109.471   Beta  =  109.471   Gamma =  109.471
     NFFT1 =   36       NFFT2 =   36       NFFT3 =   36
     Cutoff=   10.000   Tol   =0.100E-04
     Ewald Coefficient =  0.27511
     Interpolation order =    4

--------------------------------------------------------------------------------
   3.  ATOMIC COORDINATES AND VELOCITIES
--------------------------------------------------------------------------------

ACE                                                                             
 begin time read from input coords =   100.000 ps

 
 Number of triangulated 3-point waters found:     1014

     Sum of charges from parm topology file =  -0.00000000
     Forcing neutrality...

| Dynamic Memory, Types Used:
| Reals              277614
| Integers            95816

| Nonbonded Pairs Initial Allocation:      926783

| GPU memory information (estimate):
| KB of GPU memory in use:     40898
| KB of CPU memory in use:     12782

--------------------------------------------------------------------------------
   4.  RESULTS
--------------------------------------------------------------------------------


 NSTEP =        0   TIME(PS) =       0.000  TEMP(K) =   440.37  PRESS =  -460.6
 Etot   =     -7158.1792  EKtot   =      2685.6669  EPtot      =     -9843.8462
 BOND   =         2.1974  ANGLE   =         9.0335  DIHED      =         5.8178
 UB     =         0.0000  IMP     =         0.0000  CMAP       =        -0.1607
 1-4 NB =         3.6596  1-4 EEL =        49.5486  VDWAALS    =      1410.0860
 EELEC  =    -11324.0285  EHBOND  =         0.0000  RESTRAINT  =         0.0000
 EKCMT  =       894.1772  VIRIAL  =      1200.3089  VOLUME     =     30781.7137
                                                    Density    =         0.9933
 ------------------------------------------------------------------------------

wrapping first mol.:       11.40020       16.12232       27.92468
wrapping first mol.:       11.40020       16.12232       27.92468

 NSTEP =      100   TIME(PS) =       0.200  TEMP(K) =   286.30  PRESS =   334.1
 Etot   =     -8028.0484  EKtot   =      1746.0750  EPtot      =     -9774.1233
 BOND   =         2.3371  ANGLE   =         6.1520  DIHED      =         5.9129
 UB     =         0.0000  IMP     =         0.0000  CMAP       =         0.4479
 1-4 NB =         3.4714  1-4 EEL =        47.5928  VDWAALS    =      1480.1068
 EELEC  =    -11320.1441  EHBOND  =         0.0000  RESTRAINT  =         0.0000
 EKCMT  =       891.1374  VIRIAL  =       668.9964  VOLUME     =     30794.0273
                                                    Density    =         0.9929
 ------------------------------------------------------------------------------

wrapping first mol.:       11.40836       16.13385       27.94465
wrapping first mol.:       11.40836       16.13385       27.94465

 NSTEP =      200   TIME(PS) =       0.400  TEMP(K) =   302.14  PRESS =   385.3
 Etot   =     -7995.7773  EKtot   =      1842.6664  EPtot      =     -9838.4437
 BOND   =         3.6128  ANGLE   =         8.3505  DIHED      =         4.8794
 UB     =         0.0000  IMP     =         0.0000  CMAP       =         0.6942
 1-4 NB =         2.8323  1-4 EEL =        49.5038  VDWAALS    =      1517.3229
 EELEC  =    -11425.6397  EHBOND  =         0.0000  RESTRAINT  =         0.0000
 EKCMT  =       925.7361  VIRIAL  =       669.0284  VOLUME     =     30860.0137
                                                    Density    =         0.9908
 ------------------------------------------------------------------------------

wrapping first mol.:       11.41511       16.14340       27.96119
wrapping first mol.:       11.41511       16.14340       27.96119

 NSTEP =      300   TIME(PS) =       0.600  TEMP(K) =   289.25  PRESS =   262.8
 Etot   =     -7972.9784  EKtot   =      1764.0342  EPtot      =     -9737.0125
 BOND   =         3.7327  ANGLE   =        11.3682  DIHED      =         4.2007
 UB     =         0.0000  IMP     =         0.0000  CMAP       =         0.8103
 1-4 NB =         3.6980  1-4 EEL =        45.1986  VDWAALS    =      1469.3268
 EELEC  =    -11275.3480  EHBOND  =         0.0000  RESTRAINT  =         0.0000
 EKCMT  =       901.2292  VIRIAL  =       725.7827  VOLUME     =     30915.1939
                                                    Density    =         0.9890
 ------------------------------------------------------------------------------

wrapping first mol.:       11.41390       16.14169       27.95822
wrapping first mol.:       11.41390       16.14169       27.95822

 NSTEP =      400   TIME(PS) =       0.800  TEMP(K) =   296.97  PRESS =  -580.6
 Etot   =     -7966.2548  EKtot   =      1811.1162  EPtot      =     -9777.3710
 BOND   =         3.3973  ANGLE   =        12.1799  DIHED      =         3.6699
 UB     =         0.0000  IMP     =         0.0000  CMAP       =         0.2387
 1-4 NB =         3.5353  1-4 EEL =        47.0286  VDWAALS    =      1355.7749
 EELEC  =    -11203.1956  EHBOND  =         0.0000  RESTRAINT  =         0.0000
 EKCMT  =       911.7763  VIRIAL  =      1299.2099  VOLUME     =     30907.6464
                                                    Density    =         0.9892
 ------------------------------------------------------------------------------

wrapping first mol.:       11.41995       16.15024       27.97304
wrapping first mol.:       11.41995       16.15024       27.97304

 NSTEP =      500   TIME(PS) =       1.000  TEMP(K) =   309.33  PRESS =    64.1
 Etot   =     -7929.8538  EKtot   =      1886.5349  EPtot      =     -9816.3887
 BOND   =         3.3671  ANGLE   =        13.6272  DIHED      =         3.5822
 UB     =         0.0000  IMP     =         0.0000  CMAP       =         0.1106
 1-4 NB =         3.5885  1-4 EEL =        48.6488  VDWAALS    =      1465.6213
 EELEC  =    -11354.9345  EHBOND  =         0.0000  RESTRAINT  =         0.0000
 EKCMT  =       965.3216  VIRIAL  =       922.5031  VOLUME     =     30955.0499
                                                    Density    =         0.9877
 ------------------------------------------------------------------------------

wrapping first mol.:       11.44154       16.18078       28.02593
wrapping first mol.:       11.44154       16.18078       28.02593

 NSTEP =      600   TIME(PS) =       1.200  TEMP(K) =   302.98  PRESS =   260.7
 Etot   =     -7966.0279  EKtot   =      1847.7839  EPtot      =     -9813.8118
 BOND   =         2.4507  ANGLE   =        11.4298  DIHED      =         3.1599
 UB     =         0.0000  IMP     =         0.0000  CMAP       =         0.3912
 1-4 NB =         3.8497  1-4 EEL =        47.3812  VDWAALS    =      1512.6630
 EELEC  =    -11395.1373  EHBOND  =         0.0000  RESTRAINT  =         0.0000
 EKCMT  =       942.4085  VIRIAL  =       767.1892  VOLUME     =     31130.4275
                                                    Density    =         0.9822
 ------------------------------------------------------------------------------

wrapping first mol.:       11.44570       16.18666       28.03611
wrapping first mol.:       11.44570       16.18666       28.03611

 NSTEP =      700   TIME(PS) =       1.400  TEMP(K) =   302.80  PRESS =   638.2
 Etot   =     -7937.8498  EKtot   =      1846.6567  EPtot      =     -9784.5065
 BOND   =         4.7374  ANGLE   =        12.4230  DIHED      =         6.8087
 UB     =         0.0000  IMP     =         0.0000  CMAP       =         0.4414
 1-4 NB =         2.3227  1-4 EEL =        46.0233  VDWAALS    =      1547.2444
 EELEC  =    -11404.5073  EHBOND  =         0.0000  RESTRAINT  =         0.0000
 EKCMT  =       926.0173  VIRIAL  =       496.5741  VOLUME     =     31163.3075
                                                    Density    =         0.9811
 ------------------------------------------------------------------------------

wrapping first mol.:       11.44276       16.18250       28.02892
wrapping first mol.:       11.44276       16.18250       28.02892

 NSTEP =      800   TIME(PS) =       1.600  TEMP(K) =   297.61  PRESS =  -382.2
 Etot   =     -7903.6655  EKtot   =      1815.0450  EPtot      =     -9718.7105
 BOND   =        10.3413  ANGLE   =        10.5743  DIHED      =         5.3269
 UB     =         0.0000  IMP     =         0.0000  CMAP       =        -0.1772
 1-4 NB =         3.1703  1-4 EEL =        46.9802  VDWAALS    =      1382.7066
 EELEC  =    -11177.6329  EHBOND  =         0.0000  RESTRAINT  =         0.0000
 EKCMT  =       929.1504  VIRIAL  =      1186.1484  VOLUME     =     31142.1660
                                                    Density    =         0.9818
 ------------------------------------------------------------------------------

wrapping first mol.:       11.44231       16.18188       28.02783
wrapping first mol.:       11.44231       16.18188       28.02783

 NSTEP =      900   TIME(PS) =       1.800  TEMP(K) =   300.68  PRESS =  -213.2
 Etot   =     -7951.3558  EKtot   =      1833.7820  EPtot      =     -9785.1378
 BOND   =         2.9724  ANGLE   =         7.8170  DIHED      =         5.2807
 UB     =         0.0000  IMP     =         0.0000  CMAP       =        -0.1578
 1-4 NB =         3.0696  1-4 EEL =        49.4416  VDWAALS    =      1435.0194
 EELEC  =    -11288.5806  EHBOND  =         0.0000  RESTRAINT  =         0.0000
 EKCMT  =       930.1030  VIRIAL  =      1073.4464  VOLUME     =     31138.0647
                                                    Density    =         0.9819
 ------------------------------------------------------------------------------

wrapping first mol.:       11.43649       16.17363       28.01355
wrapping first mol.:       11.43649       16.17363       28.01355

 NSTEP =     1000   TIME(PS) =       2.000  TEMP(K) =   294.32  PRESS =  -311.7
 Etot   =     -7996.8497  EKtot   =      1794.9805  EPtot      =     -9791.8301
 BOND   =         4.4738  ANGLE   =        10.2463  DIHED      =         6.4336
 UB     =         0.0000  IMP     =         0.0000  CMAP       =        -0.1507
 1-4 NB =         2.2690  1-4 EEL =        49.2241  VDWAALS    =      1427.8995
 EELEC  =    -11292.2258  EHBOND  =         0.0000  RESTRAINT  =         0.0000
 EKCMT  =       889.8411  VIRIAL  =      1099.1065  VOLUME     =     31090.7858
                                                    Density    =         0.9834
 ------------------------------------------------------------------------------

wrapping first mol.:       11.42455       16.15675       27.98431
wrapping first mol.:       11.42455       16.15675       27.98431

 NSTEP =     1100   TIME(PS) =       2.200  TEMP(K) =   293.01  PRESS =  -670.0
 Etot   =     -8008.5106  EKtot   =      1786.9976  EPtot      =     -9795.5082
 BOND   =         3.0323  ANGLE   =        10.5679  DIHED      =         4.0342
 UB     =         0.0000  IMP     =         0.0000  CMAP       =         0.0959
 1-4 NB =         3.2330  1-4 EEL =        50.0422  VDWAALS    =      1390.5502
 EELEC  =    -11257.0638  EHBOND  =         0.0000  RESTRAINT  =         0.0000
 EKCMT  =       851.4832  VIRIAL  =      1299.8473  VOLUME     =     30994.5003
                                                    Density    =         0.9865
 ------------------------------------------------------------------------------

wrapping first mol.:       11.42764       16.16113       27.99189
wrapping first mol.:       11.42764       16.16113       27.99189

 NSTEP =     1200   TIME(PS) =       2.400  TEMP(K) =   291.88  PRESS =   481.7
 Etot   =     -7987.7934  EKtot   =      1780.0719  EPtot      =     -9767.8653
 BOND   =         6.1649  ANGLE   =         8.0900  DIHED      =         3.9072
 UB     =         0.0000  IMP     =         0.0000  CMAP       =         0.4253
 1-4 NB =         2.4834  1-4 EEL =        46.4180  VDWAALS    =      1525.3215
 EELEC  =    -11360.6755  EHBOND  =         0.0000  RESTRAINT  =         0.0000
 EKCMT  =       872.1073  VIRIAL  =       549.5047  VOLUME     =     31016.5258
                                                    Density    =         0.9858
 ------------------------------------------------------------------------------

wrapping first mol.:       11.42686       16.16002       27.98997
wrapping first mol.:       11.42686       16.16002       27.98997

 NSTEP =     1300   TIME(PS) =       2.600  TEMP(K) =   291.40  PRESS =  -163.0
 Etot   =     -7997.9238  EKtot   =      1777.1375  EPtot      =     -9775.0612
 BOND   =         2.8833  ANGLE   =         9.8811  DIHED      =         4.3182
 UB     =         0.0000  IMP     =         0.0000  CMAP       =        -0.0950
 1-4 NB =         2.9895  1-4 EEL =        48.6983  VDWAALS    =      1442.2674
 EELEC  =    -11286.0041  EHBOND  =         0.0000  RESTRAINT  =         0.0000
 EKCMT  =       885.2667  VIRIAL  =       994.4244  VOLUME     =     31011.9037
                                                    Density    =         0.9859
 ------------------------------------------------------------------------------

wrapping first mol.:       11.42796       16.16158       27.99267
wrapping first mol.:       11.42796       16.16158       27.99267

 NSTEP =     1400   TIME(PS) =       2.800  TEMP(K) =   299.58  PRESS =   -43.1
 Etot   =     -7997.6849  EKtot   =      1827.0161  EPtot      =     -9824.7010
 BOND   =         2.9416  ANGLE   =         8.6766  DIHED      =         5.7455
 UB     =         0.0000  IMP     =         0.0000  CMAP       =         0.6973
 1-4 NB =         1.9349  1-4 EEL =        46.8795  VDWAALS    =      1474.1776
 EELEC  =    -11365.7539  EHBOND  =         0.0000  RESTRAINT  =         0.0000
 EKCMT  =       905.9713  VIRIAL  =       934.8174  VOLUME     =     31020.5616
                                                    Density    =         0.9856
 ------------------------------------------------------------------------------

wrapping first mol.:       11.42874       16.16269       27.99459
wrapping first mol.:       11.42874       16.16269       27.99459

 NSTEP =     1500   TIME(PS) =       3.000  TEMP(K) =   293.59  PRESS =    67.6
 Etot   =     -7984.1053  EKtot   =      1790.5017  EPtot      =     -9774.6070
 BOND   =         4.6034  ANGLE   =         5.7624  DIHED      =         5.1599
 UB     =         0.0000  IMP     =         0.0000  CMAP       =         0.1059
 1-4 NB =         3.2705  1-4 EEL =        50.6158  VDWAALS    =      1469.0218
 EELEC  =    -11313.1469  EHBOND  =         0.0000  RESTRAINT  =         0.0000
 EKCMT  =       877.0589  VIRIAL  =       831.7615  VOLUME     =     31026.6374
                                                    Density    =         0.9854
 ------------------------------------------------------------------------------

wrapping first mol.:       11.43192       16.16718       28.00237
wrapping first mol.:       11.43192       16.16718       28.00237

 NSTEP =     1600   TIME(PS) =       3.200  TEMP(K) =   296.43  PRESS =   266.6
 Etot   =     -7939.3578  EKtot   =      1807.8357  EPtot      =     -9747.1935
 BOND   =         2.8564  ANGLE   =        10.1499  DIHED      =         3.2428
 UB     =         0.0000  IMP     =         0.0000  CMAP       =         0.5284
 1-4 NB =         1.7048  1-4 EEL =        46.4329  VDWAALS    =      1483.9362
 EELEC  =    -11296.0450  EHBOND  =         0.0000  RESTRAINT  =         0.0000
 EKCMT  =       884.1125  VIRIAL  =       705.3963  VOLUME     =     31051.9651
                                                    Density    =         0.9846
 ------------------------------------------------------------------------------

wrapping first mol.:       11.42961       16.16391       27.99672
wrapping first mol.:       11.42961       16.16391       27.99672

 NSTEP =     1700   TIME(PS) =       3.400  TEMP(K) =   294.76  PRESS =     4.1
 Etot   =     -7975.2240  EKtot   =      1797.6588  EPtot      =     -9772.8828
 BOND   =         3.0957  ANGLE   =        10.8128  DIHED      =         4.0345
 UB     =         0.0000  IMP     =         0.0000  CMAP       =         0.8450
 1-4 NB =         3.1811  1-4 EEL =        47.1029  VDWAALS    =      1467.6977
 EELEC  =    -11309.6524  EHBOND  =         0.0000  RESTRAINT  =         0.0000
 EKCMT  =       899.8517  VIRIAL  =       897.1328  VOLUME     =     31033.8813
                                                    Density    =         0.9852
 ------------------------------------------------------------------------------

wrapping first mol.:       11.42111       16.15189       27.97589
wrapping first mol.:       11.42111       16.15189       27.97589

 NSTEP =     1800   TIME(PS) =       3.600  TEMP(K) =   294.61  PRESS =  -165.9
 Etot   =     -7963.8826  EKtot   =      1796.7576  EPtot      =     -9760.6402
 BOND   =         2.3030  ANGLE   =        11.5369  DIHED      =         5.1059
 UB     =         0.0000  IMP     =         0.0000  CMAP       =         0.2476
 1-4 NB =         4.1820  1-4 EEL =        51.3926  VDWAALS    =      1433.5406
 EELEC  =    -11268.9487  EHBOND  =         0.0000  RESTRAINT  =         0.0000
 EKCMT  =       901.4176  VIRIAL  =      1012.3214  VOLUME     =     30965.1576
                                                    Density    =         0.9874
 ------------------------------------------------------------------------------

wrapping first mol.:       11.41801       16.14751       27.96830
wrapping first mol.:       11.41801       16.14751       27.96830

 NSTEP =     1900   TIME(PS) =       3.800  TEMP(K) =   296.19  PRESS =   -71.4
 Etot   =     -7946.4892  EKtot   =      1806.3667  EPtot      =     -9752.8559
 BOND   =         3.2088  ANGLE   =        10.8495  DIHED      =         5.0740
 UB     =         0.0000  IMP     =         0.0000  CMAP       =         0.9603
 1-4 NB =         1.8172  1-4 EEL =        48.7789  VDWAALS    =      1440.9776
 EELEC  =    -11264.5222  EHBOND  =         0.0000  RESTRAINT  =         0.0000
 EKCMT  =       907.6445  VIRIAL  =       955.3373  VOLUME     =     30939.6835
                                                    Density    =         0.9882
 ------------------------------------------------------------------------------

wrapping first mol.:       11.41895       16.14883       27.97060
wrapping first mol.:       11.41895       16.14883       27.97060

 NSTEP =     2000   TIME(PS) =       4.000  TEMP(K) =   302.69  PRESS =   161.0
 Etot   =     -7908.1977  EKtot   =      1845.9943  EPtot      =     -9754.1920
 BOND   =         4.2400  ANGLE   =         6.5998  DIHED      =         6.2966
 UB     =         0.0000  IMP     =         0.0000  CMAP       =         0.5004
 1-4 NB =         4.6250  1-4 EEL =        49.5213  VDWAALS    =      1459.4767
 EELEC  =    -11285.4518  EHBOND  =         0.0000  RESTRAINT  =         0.0000
 EKCMT  =       905.9173  VIRIAL  =       798.3188  VOLUME     =     30946.6671
                                                    Density    =         0.9880
 ------------------------------------------------------------------------------

wrapping first mol.:       11.42679       16.15992       27.98980
wrapping first mol.:       11.42679       16.15992       27.98980

 NSTEP =     2100   TIME(PS) =       4.200  TEMP(K) =   298.31  PRESS =  -136.5
 Etot   =     -7897.6277  EKtot   =      1819.2910  EPtot      =     -9716.9188
 BOND   =         4.7870  ANGLE   =        12.0063  DIHED      =         5.2591
 UB     =         0.0000  IMP     =         0.0000  CMAP       =        -0.0072
 1-4 NB =         2.6874  1-4 EEL =        44.3666  VDWAALS    =      1419.2655
 EELEC  =    -11205.2834  EHBOND  =         0.0000  RESTRAINT  =         0.0000
 EKCMT  =       878.1590  VIRIAL  =       969.5511  VOLUME     =     31011.2873
                                                    Density    =         0.9859
 ------------------------------------------------------------------------------

wrapping first mol.:       11.41568       16.14420       27.96258
wrapping first mol.:       11.41568       16.14420       27.96258

 NSTEP =     2200   TIME(PS) =       4.400  TEMP(K) =   295.41  PRESS =   113.1
 Etot   =     -7892.1571  EKtot   =      1801.6106  EPtot      =     -9693.7677
 BOND   =         3.3250  ANGLE   =        11.9378  DIHED      =         4.9548
 UB     =         0.0000  IMP     =         0.0000  CMAP       =         0.2030
 1-4 NB =         4.1635  1-4 EEL =        47.7090  VDWAALS    =      1442.4957
 EELEC  =    -11208.5563  EHBOND  =         0.0000  RESTRAINT  =         0.0000
 EKCMT  =       905.1296  VIRIAL  =       829.6211  VOLUME     =     30920.1975
                                                    Density    =         0.9888
 ------------------------------------------------------------------------------

wrapping first mol.:       11.42576       16.15847       27.98729
wrapping first mol.:       11.42576       16.15847       27.98729

 NSTEP =     2300   TIME(PS) =       4.600  TEMP(K) =   309.65  PRESS =   176.1
 Etot   =     -7833.4830  EKtot   =      1888.4722  EPtot      =     -9721.9552
 BOND   =         0.9863  ANGLE   =        10.3264  DIHED      =         5.0153
 UB     =         0.0000  IMP     =         0.0000  CMAP       =         0.2508
 1-4 NB =         3.3171  1-4 EEL =        48.1043  VDWAALS    =      1452.2164
 EELEC  =    -11242.1719  EHBOND  =         0.0000  RESTRAINT  =         0.0000
 EKCMT  =       927.1240  VIRIAL  =       809.2713  VOLUME     =     31002.0746
                                                    Density    =         0.9862
 ------------------------------------------------------------------------------

wrapping first mol.:       11.43229       16.16770       28.00327
wrapping first mol.:       11.43229       16.16770       28.00327

 NSTEP =     2400   TIME(PS) =       4.800  TEMP(K) =   302.79  PRESS =   367.0
 Etot   =     -7844.5317  EKtot   =      1846.6453  EPtot      =     -9691.1769
 BOND   =         0.7938  ANGLE   =         6.1096  DIHED      =         6.7661
 UB     =         0.0000  IMP     =         0.0000  CMAP       =         1.2555
 1-4 NB =         2.3730  1-4 EEL =        47.3507  VDWAALS    =      1486.4560
 EELEC  =    -11242.2816  EHBOND  =         0.0000  RESTRAINT  =         0.0000
 EKCMT  =       894.0498  VIRIAL  =       648.0056  VOLUME     =     31054.6739
                                                    Density    =         0.9846
 ------------------------------------------------------------------------------

wrapping first mol.:       11.43603       16.17299       28.01243
wrapping first mol.:       11.43603       16.17299       28.01243

 NSTEP =     2500   TIME(PS) =       5.000  TEMP(K) =   296.87  PRESS =  -105.9
 Etot   =     -7829.3261  EKtot   =      1810.5140  EPtot      =     -9639.8401
 BOND   =         1.6300  ANGLE   =        12.1982  DIHED      =         5.6453
 UB     =         0.0000  IMP     =         0.0000  CMAP       =         0.3746
 1-4 NB =         2.8535  1-4 EEL =        46.0275  VDWAALS    =      1408.1518
 EELEC  =    -11116.7210  EHBOND  =         0.0000  RESTRAINT  =         0.0000
 EKCMT  =       898.7933  VIRIAL  =       969.8959  VOLUME     =     31086.4757
                                                    Density    =         0.9835
 ------------------------------------------------------------------------------

wrapping first mol.:       11.42803       16.16167       27.99284
wrapping first mol.:       11.42803       16.16167       27.99284

 NSTEP =     2600   TIME(PS) =       5.200  TEMP(K) =   297.07  PRESS =  -353.9
 Etot   =     -7870.0921  EKtot   =      1811.7626  EPtot      =     -9681.8547
 BOND   =         4.3192  ANGLE   =        11.9067  DIHED      =         7.1117
 UB     =         0.0000  IMP     =         0.0000  CMAP       =        -0.0227
 1-4 NB =         3.0787  1-4 EEL =        50.3340  VDWAALS    =      1364.6603
 EELEC  =    -11123.2427  EHBOND  =         0.0000  RESTRAINT  =         0.0000
 EKCMT  =       924.9081  VIRIAL  =      1161.9621  VOLUME     =     31021.9823
                                                    Density    =         0.9856
 ------------------------------------------------------------------------------

wrapping first mol.:       11.42875       16.16269       27.99460
wrapping first mol.:       11.42875       16.16269       27.99460

 NSTEP =     2700   TIME(PS) =       5.400  TEMP(K) =   301.38  PRESS =   -75.5
 Etot   =     -7812.2794  EKtot   =      1838.0500  EPtot      =     -9650.3294
 BOND   =         2.3688  ANGLE   =        11.0607  DIHED      =         6.4394
 UB     =         0.0000  IMP     =         0.0000  CMAP       =        -0.1208
 1-4 NB =         2.7747  1-4 EEL =        48.8415  VDWAALS    =      1393.8014
 EELEC  =    -11115.4951  EHBOND  =         0.0000  RESTRAINT  =         0.0000
 EKCMT  =       910.7309  VIRIAL  =       961.2850  VOLUME     =     31027.0553
                                                    Density    =         0.9854
 ------------------------------------------------------------------------------

wrapping first mol.:       11.42275       16.15421       27.97991
wrapping first mol.:       11.42275       16.15421       27.97991

 NSTEP =     2800   TIME(PS) =       5.600  TEMP(K) =   305.01  PRESS =   224.2
 Etot   =     -7841.8268  EKtot   =      1860.1781  EPtot      =     -9702.0049
 BOND   =         2.8571  ANGLE   =        11.7420  DIHED      =         3.2395
 UB     =         0.0000  IMP     =         0.0000  CMAP       =         0.0053
 1-4 NB =         3.1373  1-4 EEL =        46.8072  VDWAALS    =      1456.2592
 EELEC  =    -11226.0525  EHBOND  =         0.0000  RESTRAINT  =         0.0000
 EKCMT  =       933.3256  VIRIAL  =       783.3778  VOLUME     =     30977.4178
                                                    Density    =         0.9870
 ------------------------------------------------------------------------------

wrapping first mol.:       11.42900       16.16304       27.99521
wrapping first mol.:       11.42900       16.16304       27.99521

 NSTEP =     2900   TIME(PS) =       5.800  TEMP(K) =   304.49  PRESS =    86.2
 Etot   =     -7877.3636  EKtot   =      1856.9869  EPtot      =     -9734.3506
 BOND   =         6.1535  ANGLE   =         7.6701  DIHED      =         4.7563
 UB     =         0.0000  IMP     =         0.0000  CMAP       =         0.1850
 1-4 NB =         2.7883  1-4 EEL =        46.7184  VDWAALS    =      1451.8378
 EELEC  =    -11254.4599  EHBOND  =         0.0000  RESTRAINT  =         0.0000
 EKCMT  =       923.8218  VIRIAL  =       866.0778  VOLUME     =     31028.6433
                                                    Density    =         0.9854
 ------------------------------------------------------------------------------

wrapping first mol.:       11.42919       16.16331       27.99568
wrapping first mol.:       11.42919       16.16331       27.99568

 NSTEP =     3000   TIME(PS) =       6.000  TEMP(K) =   297.52  PRESS =  -358.9
 Etot   =     -7911.5784  EKtot   =      1814.4913  EPtot      =     -9726.0698
 BOND   =         5.4699  ANGLE   =         7.9620  DIHED      =         5.5362
 UB     =         0.0000  IMP     =         0.0000  CMAP       =         0.1847
 1-4 NB =         3.2600  1-4 EEL =        47.0987  VDWAALS    =      1383.1709
 EELEC  =    -11178.7521  EHBOND  =         0.0000  RESTRAINT  =         0.0000
 EKCMT  =       910.4392  VIRIAL  =      1150.8975  VOLUME     =     31031.4430
                                                    Density    =         0.9853
 ------------------------------------------------------------------------------

wrapping first mol.:       11.42750       16.16093       27.99154
wrapping first mol.:       11.42750       16.16093       27.99154

 NSTEP =     3100   TIME(PS) =       6.200  TEMP(K) =   305.62  PRESS =  -232.1
 Etot   =     -7864.0687  EKtot   =      1863.8619  EPtot      =     -9727.9307
 BOND   =         4.0154  ANGLE   =         7.9156  DIHED      =         3.0117
 UB     =         0.0000  IMP     =         0.0000  CMAP       =        -0.0411
 1-4 NB =         3.4281  1-4 EEL =        48.3671  VDWAALS    =      1394.8978
 EELEC  =    -11189.5252  EHBOND  =         0.0000  RESTRAINT  =         0.0000
 EKCMT  =       924.6388  VIRIAL  =      1080.0651  VOLUME     =     31017.3359
                                                    Density    =         0.9857
 ------------------------------------------------------------------------------

wrapping first mol.:       11.42680       16.15993       27.98983
wrapping first mol.:       11.42680       16.15993       27.98983

 NSTEP =     3200   TIME(PS) =       6.400  TEMP(K) =   300.37  PRESS =   290.7
 Etot   =     -7841.6061  EKtot   =      1831.8478  EPtot      =     -9673.4538
 BOND   =         5.9980  ANGLE   =         4.3861  DIHED      =         4.9847
 UB     =         0.0000  IMP     =         0.0000  CMAP       =        -0.1058
 1-4 NB =         2.4028  1-4 EEL =        48.5440  VDWAALS    =      1439.9012
 EELEC  =    -11179.5648  EHBOND  =         0.0000  RESTRAINT  =         0.0000
 EKCMT  =       904.3656  VIRIAL  =       709.7485  VOLUME     =     31010.1820
                                                    Density    =         0.9860
 ------------------------------------------------------------------------------

wrapping first mol.:       11.43035       16.16496       27.99853
wrapping first mol.:       11.43035       16.16496       27.99853

 NSTEP =     3300   TIME(PS) =       6.600  TEMP(K) =   297.28  PRESS =   197.9
 Etot   =     -7866.0810  EKtot   =      1813.0403  EPtot      =     -9679.1213
 BOND   =         4.3139  ANGLE   =         3.8958  DIHED      =         3.5591
 UB     =         0.0000  IMP     =         0.0000  CMAP       =         0.0522
 1-4 NB =         2.7647  1-4 EEL =        50.4022  VDWAALS    =      1431.9313
 EELEC  =    -11176.0405  EHBOND  =         0.0000  RESTRAINT  =         0.0000
 EKCMT  =       905.3382  VIRIAL  =       772.7148  VOLUME     =     31039.3872
                                                    Density    =         0.9850
 ------------------------------------------------------------------------------

wrapping first mol.:       11.43788       16.17560       28.01696
wrapping first mol.:       11.43788       16.17560       28.01696

 NSTEP =     3400   TIME(PS) =       6.800  TEMP(K) =   303.29  PRESS =   135.3
 Etot   =     -7869.0636  EKtot   =      1849.6621  EPtot      =     -9718.7257
 BOND   =         3.3738  ANGLE   =         9.3228  DIHED      =         3.4564
 UB     =         0.0000  IMP     =         0.0000  CMAP       =        -0.1047
 1-4 NB =         2.6340  1-4 EEL =        45.3180  VDWAALS    =      1449.8919
 EELEC  =    -11232.6179  EHBOND  =         0.0000  RESTRAINT  =         0.0000
 EKCMT  =       911.5957  VIRIAL  =       820.7703  VOLUME     =     31100.8917
                                                    Density    =         0.9831
 ------------------------------------------------------------------------------

wrapping first mol.:       11.45477       16.19949       28.05834
wrapping first mol.:       11.45477       16.19949       28.05834

 NSTEP =     3500   TIME(PS) =       7.000  TEMP(K) =   301.63  PRESS =   161.3
 Etot   =     -7874.8671  EKtot   =      1839.5426  EPtot      =     -9714.4098
 BOND   =         2.7137  ANGLE   =         9.1810  DIHED      =         3.3567
 UB     =         0.0000  IMP     =         0.0000  CMAP       =         0.3702
 1-4 NB =         3.7331  1-4 EEL =        42.7379  VDWAALS    =      1458.4692
 EELEC  =    -11234.9716  EHBOND  =         0.0000  RESTRAINT  =         0.0000
 EKCMT  =       926.4445  VIRIAL  =       817.6445  VOLUME     =     31238.8180
                                                    Density    =         0.9788
 ------------------------------------------------------------------------------

wrapping first mol.:       11.44917       16.19157       28.04461
wrapping first mol.:       11.44917       16.19157       28.04461

 NSTEP =     3600   TIME(PS) =       7.200  TEMP(K) =   293.04  PRESS =  -207.9
 Etot   =     -7899.0955  EKtot   =      1787.1675  EPtot      =     -9686.2630
 BOND   =         6.6091  ANGLE   =         9.4663  DIHED      =         4.4189
 UB     =         0.0000  IMP     =         0.0000  CMAP       =         0.1922
 1-4 NB =         1.2118  1-4 EEL =        42.9855  VDWAALS    =      1406.2095
 EELEC  =    -11157.3562  EHBOND  =         0.0000  RESTRAINT  =         0.0000
 EKCMT  =       889.0659  VIRIAL  =      1029.1071  VOLUME     =     31194.0287
                                                    Density    =         0.9802
 ------------------------------------------------------------------------------

wrapping first mol.:       11.44292       16.18273       28.02931
wrapping first mol.:       11.44292       16.18273       28.02931

 NSTEP =     3700   TIME(PS) =       7.400  TEMP(K) =   303.47  PRESS =   -39.5
 Etot   =     -7879.4399  EKtot   =      1850.7632  EPtot      =     -9730.2031
 BOND   =         1.9634  ANGLE   =        10.6136  DIHED      =         4.0668
 UB     =         0.0000  IMP     =         0.0000  CMAP       =         0.5398
 1-4 NB =         3.9445  1-4 EEL =        44.5684  VDWAALS    =      1443.8792
 EELEC  =    -11239.7788  EHBOND  =         0.0000  RESTRAINT  =         0.0000
 EKCMT  =       918.7964  VIRIAL  =       945.3250  VOLUME     =     31142.5310
                                                    Density    =         0.9818
 ------------------------------------------------------------------------------

wrapping first mol.:       11.44913       16.19152       28.04453
wrapping first mol.:       11.44913       16.19152       28.04453

 NSTEP =     3800   TIME(PS) =       7.600  TEMP(K) =   298.48  PRESS =  -207.8
 Etot   =     -7873.6009  EKtot   =      1820.3542  EPtot      =     -9693.9552
 BOND   =         1.1530  ANGLE   =         9.1384  DIHED      =         3.8839
 UB     =         0.0000  IMP     =         0.0000  CMAP       =         0.5180
 1-4 NB =         2.8343  1-4 EEL =        45.8965  VDWAALS    =      1411.7962
 EELEC  =    -11169.1756  EHBOND  =         0.0000  RESTRAINT  =         0.0000
 EKCMT  =       909.5245  VIRIAL  =      1049.4518  VOLUME     =     31193.7366
                                                    Density    =         0.9802
 ------------------------------------------------------------------------------

wrapping first mol.:       11.44879       16.19103       28.04368
wrapping first mol.:       11.44879       16.19103       28.04368

 NSTEP =     3900   TIME(PS) =       7.800  TEMP(K) =   295.03  PRESS =    96.3
 Etot   =     -7864.6094  EKtot   =      1799.3098  EPtot      =     -9663.9192
 BOND   =         1.0194  ANGLE   =         7.5199  DIHED      =         5.7821
 UB     =         0.0000  IMP     =         0.0000  CMAP       =         0.7908
 1-4 NB =         2.3399  1-4 EEL =        46.7704  VDWAALS    =      1432.2073
 EELEC  =    -11160.3490  EHBOND  =         0.0000  RESTRAINT  =         0.0000
 EKCMT  =       910.6247  VIRIAL  =       845.7484  VOLUME     =     31190.0783
                                                    Density    =         0.9803
 ------------------------------------------------------------------------------

wrapping first mol.:       11.44019       16.17888       28.02263
wrapping first mol.:       11.44019       16.17888       28.02263

 NSTEP =     4000   TIME(PS) =       8.000  TEMP(K) =   305.97  PRESS =  -414.7
 Etot   =     -7884.9204  EKtot   =      1866.0452  EPtot      =     -9750.9656
 BOND   =         0.9124  ANGLE   =         6.0269  DIHED      =         2.9240
 UB     =         0.0000  IMP     =         0.0000  CMAP       =         1.0470
 1-4 NB =         3.1268  1-4 EEL =        46.8393  VDWAALS    =      1400.1237
 EELEC  =    -11211.9656  EHBOND  =         0.0000  RESTRAINT  =         0.0000
 EKCMT  =       914.0093  VIRIAL  =      1192.6607  VOLUME     =     31121.3138
                                                    Density    =         0.9824
 ------------------------------------------------------------------------------

wrapping first mol.:       11.42031       16.15075       27.97392
wrapping first mol.:       11.42031       16.15075       27.97392

 NSTEP =     4100   TIME(PS) =       8.200  TEMP(K) =   297.41  PRESS =  -549.7
 Etot   =     -7898.2917  EKtot   =      1813.7924  EPtot      =     -9712.0841
 BOND   =         1.1148  ANGLE   =         6.2894  DIHED      =         3.6321
 UB     =         0.0000  IMP     =         0.0000  CMAP       =         1.0952
 1-4 NB =         3.6563  1-4 EEL =        49.6664  VDWAALS    =      1360.5253
 EELEC  =    -11138.0636  EHBOND  =         0.0000  RESTRAINT  =         0.0000
 EKCMT  =       894.9910  VIRIAL  =      1262.4630  VOLUME     =     30959.6658
                                                    Density    =         0.9876
 ------------------------------------------------------------------------------

wrapping first mol.:       11.41166       16.13853       27.95275
wrapping first mol.:       11.41166       16.13853       27.95275

 NSTEP =     4200   TIME(PS) =       8.400  TEMP(K) =   293.61  PRESS =   -88.9
 Etot   =     -7900.1670  EKtot   =      1790.6112  EPtot      =     -9690.7782
 BOND   =         1.3420  ANGLE   =         5.1589  DIHED      =         9.0337
 UB     =         0.0000  IMP     =         0.0000  CMAP       =         0.8814
 1-4 NB =         2.6502  1-4 EEL =        49.0854  VDWAALS    =      1404.9916
 EELEC  =    -11163.9214  EHBOND  =         0.0000  RESTRAINT  =         0.0000
 EKCMT  =       879.8697  VIRIAL  =       939.1597  VOLUME     =     30888.1613
                                                    Density    =         0.9899
 ------------------------------------------------------------------------------

wrapping first mol.:       11.41324       16.14076       27.95661
wrapping first mol.:       11.41324       16.14076       27.95661

 NSTEP =     4300   TIME(PS) =       8.600  TEMP(K) =   302.79  PRESS =   604.1
 Etot   =     -7895.7563  EKtot   =      1846.5996  EPtot      =     -9742.3559
 BOND   =         4.0326  ANGLE   =         7.3213  DIHED      =         5.3739
 UB     =         0.0000  IMP     =         0.0000  CMAP       =         1.0102
 1-4 NB =         2.1748  1-4 EEL =        46.7609  VDWAALS    =      1516.5584
 EELEC  =    -11325.5880  EHBOND  =         0.0000  RESTRAINT  =         0.0000
 EKCMT  =       920.5443  VIRIAL  =       517.5310  VOLUME     =     30899.0412
                                                    Density    =         0.9895
 ------------------------------------------------------------------------------

wrapping first mol.:       11.41692       16.14596       27.96563
wrapping first mol.:       11.41692       16.14596       27.96563

 NSTEP =     4400   TIME(PS) =       8.800  TEMP(K) =   298.60  PRESS =   279.2
 Etot   =     -7926.4336  EKtot   =      1821.0696  EPtot      =     -9747.5032
 BOND   =         2.7647  ANGLE   =        11.3226  DIHED      =         5.4842
 UB     =         0.0000  IMP     =         0.0000  CMAP       =         0.7258
 1-4 NB =         1.6181  1-4 EEL =        43.3761  VDWAALS    =      1475.3325
 EELEC  =    -11288.1272  EHBOND  =         0.0000  RESTRAINT  =         0.0000
 EKCMT  =       901.2962  VIRIAL  =       714.8400  VOLUME     =     30929.8578
                                                    Density    =         0.9885
 ------------------------------------------------------------------------------

wrapping first mol.:       11.41876       16.14857       27.97014
wrapping first mol.:       11.41876       16.14857       27.97014

 NSTEP =     4500   TIME(PS) =       9.000  TEMP(K) =   294.10  PRESS =   282.9
 Etot   =     -7920.6284  EKtot   =      1793.6447  EPtot      =     -9714.2730
 BOND   =         4.4114  ANGLE   =         9.4321  DIHED      =         6.9236
 UB     =         0.0000  IMP     =         0.0000  CMAP       =        -0.1310
 1-4 NB =         3.1105  1-4 EEL =        47.9482  VDWAALS    =      1469.1470
 EELEC  =    -11255.1148  EHBOND  =         0.0000  RESTRAINT  =         0.0000
 EKCMT  =       888.0238  VIRIAL  =       699.0014  VOLUME     =     30944.8119
                                                    Density    =         0.9880
 ------------------------------------------------------------------------------

wrapping first mol.:       11.42050       16.15103       27.97440
wrapping first mol.:       11.42050       16.15103       27.97440

 NSTEP =     4600   TIME(PS) =       9.200  TEMP(K) =   302.19  PRESS =   584.0
 Etot   =     -7905.1302  EKtot   =      1842.9429  EPtot      =     -9748.0731
 BOND   =         1.7352  ANGLE   =        10.5097  DIHED      =         4.2699
 UB     =         0.0000  IMP     =         0.0000  CMAP       =         0.1226
 1-4 NB =         1.8117  1-4 EEL =        45.8727  VDWAALS    =      1510.8358
 EELEC  =    -11323.2307  EHBOND  =         0.0000  RESTRAINT  =         0.0000
 EKCMT  =       933.0508  VIRIAL  =       542.6893  VOLUME     =     30958.1256
                                                    Density    =         0.9876
 ------------------------------------------------------------------------------

wrapping first mol.:       11.42753       16.16096       27.99161
wrapping first mol.:       11.42753       16.16096       27.99161

 NSTEP =     4700   TIME(PS) =       9.400  TEMP(K) =   306.45  PRESS =  -547.0
 Etot   =     -7908.6113  EKtot   =      1868.9288  EPtot      =     -9777.5401
 BOND   =         5.5249  ANGLE   =         6.5941  DIHED      =         5.8292
 UB     =         0.0000  IMP     =         0.0000  CMAP       =        -0.1106
 1-4 NB =         3.4587  1-4 EEL =        47.4285  VDWAALS    =      1388.6633
 EELEC  =    -11234.9282  EHBOND  =         0.0000  RESTRAINT  =         0.0000
 EKCMT  =       906.8988  VIRIAL  =      1273.2629  VOLUME     =     31018.4145
                                                    Density    =         0.9857
 ------------------------------------------------------------------------------

wrapping first mol.:       11.42217       16.15339       27.97849
wrapping first mol.:       11.42217       16.15339       27.97849

 NSTEP =     4800   TIME(PS) =       9.600  TEMP(K) =   304.94  PRESS =   242.0
 Etot   =     -7881.0315  EKtot   =      1859.7408  EPtot      =     -9740.7723
 BOND   =         4.5653  ANGLE   =         7.6898  DIHED      =         4.8851
 UB     =         0.0000  IMP     =         0.0000  CMAP       =         0.6058
 1-4 NB =         1.7200  1-4 EEL =        45.3060  VDWAALS    =      1470.1641
 EELEC  =    -11275.7083  EHBOND  =         0.0000  RESTRAINT  =         0.0000
 EKCMT  =       920.8335  VIRIAL  =       759.0219  VOLUME     =     30972.6527
                                                    Density    =         0.9872
 ------------------------------------------------------------------------------

wrapping first mol.:       11.42693       16.16012       27.99014
wrapping first mol.:       11.42693       16.16012       27.99014

 NSTEP =     4900   TIME(PS) =       9.800  TEMP(K) =   301.81  PRESS =  -129.4
 Etot   =     -7853.3511  EKtot   =      1840.6672  EPtot      =     -9694.0184
 BOND   =         3.2889  ANGLE   =         3.9681  DIHED      =         7.0376
 UB     =         0.0000  IMP     =         0.0000  CMAP       =        -0.1717
 1-4 NB =         2.8949  1-4 EEL =        49.2623  VDWAALS    =      1391.1519
 EELEC  =    -11151.4504  EHBOND  =         0.0000  RESTRAINT  =         0.0000
 EKCMT  =       923.1914  VIRIAL  =      1009.8428  VOLUME     =     31012.3969
                                                    Density    =         0.9859
 ------------------------------------------------------------------------------

wrapping first mol.:       11.42718       16.16047       27.99075
wrapping first mol.:       11.42718       16.16047       27.99075

 NSTEP =     5000   TIME(PS) =      10.000  TEMP(K) =   301.48  PRESS =   335.3
 Etot   =     -7881.2527  EKtot   =      1838.6429  EPtot      =     -9719.8957
 BOND   =         3.9489  ANGLE   =         7.3700  DIHED      =         3.7802
 UB     =         0.0000  IMP     =         0.0000  CMAP       =         0.3087
 1-4 NB =         2.4000  1-4 EEL =        44.9779  VDWAALS    =      1476.8056
 EELEC  =    -11259.4870  EHBOND  =         0.0000  RESTRAINT  =         0.0000
 EKCMT  =       929.0190  VIRIAL  =       704.5069  VOLUME     =     31013.1149
                                                    Density    =         0.9859
 ------------------------------------------------------------------------------

wrapping first mol.:       11.43156       16.16667       28.00149
wrapping first mol.:       11.43156       16.16667       28.00149

 NSTEP =     5100   TIME(PS) =      10.200  TEMP(K) =   303.74  PRESS =    80.4
 Etot   =     -7829.5193  EKtot   =      1852.3997  EPtot      =     -9681.9190
 BOND   =         2.8978  ANGLE   =         4.0490  DIHED      =         3.1623
 UB     =         0.0000  IMP     =         0.0000  CMAP       =         0.1619
 1-4 NB =         2.9154  1-4 EEL =        47.2127  VDWAALS    =      1433.5335
 EELEC  =    -11175.8517  EHBOND  =         0.0000  RESTRAINT  =         0.0000
 EKCMT  =       925.0018  VIRIAL  =       871.0730  VOLUME     =     31049.5419
                                                    Density    =         0.9847
 ------------------------------------------------------------------------------

wrapping first mol.:       11.43827       16.17616       28.01792
wrapping first mol.:       11.43827       16.17616       28.01792

 NSTEP =     5200   TIME(PS) =      10.400  TEMP(K) =   305.21  PRESS =     1.1
 Etot   =     -7871.4792  EKtot   =      1861.3699  EPtot      =     -9732.8490
 BOND   =         3.2434  ANGLE   =         7.1468  DIHED      =         4.9708
 UB     =         0.0000  IMP     =         0.0000  CMAP       =         0.1383
 1-4 NB =         2.0212  1-4 EEL =        47.2554  VDWAALS    =      1441.8640
 EELEC  =    -11239.4889  EHBOND  =         0.0000  RESTRAINT  =         0.0000
 EKCMT  =       967.2411  VIRIAL  =       966.5086  VOLUME     =     31104.4736
                                                    Density    =         0.9830
 ------------------------------------------------------------------------------

wrapping first mol.:       11.44146       16.18067       28.02574
wrapping first mol.:       11.44146       16.18067       28.02574

 NSTEP =     5300   TIME(PS) =      10.600  TEMP(K) =   308.90  PRESS =   662.8
 Etot   =     -7800.9536  EKtot   =      1883.8560  EPtot      =     -9684.8096
 BOND   =         1.8612  ANGLE   =         7.7460  DIHED      =         3.9110
 UB     =         0.0000  IMP     =         0.0000  CMAP       =         0.1774
 1-4 NB =         3.7157  1-4 EEL =        47.0064  VDWAALS    =      1516.9692
 EELEC  =    -11266.1963  EHBOND  =         0.0000  RESTRAINT  =         0.0000
 EKCMT  =       922.5435  VIRIAL  =       477.0629  VOLUME     =     31128.6552
                                                    Density    =         0.9822
 ------------------------------------------------------------------------------

wrapping first mol.:       11.44375       16.18390       28.03134
wrapping first mol.:       11.44375       16.18390       28.03134

 NSTEP =     5400   TIME(PS) =      10.800  TEMP(K) =   302.90  PRESS =   -16.8
 Etot   =     -7816.2804  EKtot   =      1847.2786  EPtot      =     -9663.5590
 BOND   =         2.4110  ANGLE   =        11.0786  DIHED      =         3.9038
 UB     =         0.0000  IMP     =         0.0000  CMAP       =        -0.1056
 1-4 NB =         2.6178  1-4 EEL =        46.8370  VDWAALS    =      1413.2796
 EELEC  =    -11143.5812  EHBOND  =         0.0000  RESTRAINT  =         0.0000
 EKCMT  =       924.0470  VIRIAL  =       935.3601  VOLUME     =     31149.2296
                                                    Density    =         0.9816
 ------------------------------------------------------------------------------

wrapping first mol.:       11.45180       16.19529       28.05106
wrapping first mol.:       11.45180       16.19529       28.05106

 NSTEP =     5500   TIME(PS) =      11.000  TEMP(K) =   309.21  PRESS =   123.3
 Etot   =     -7835.4139  EKtot   =      1885.7733  EPtot      =     -9721.1872
 BOND   =         4.5996  ANGLE   =        13.5168  DIHED      =         3.1487
 UB     =         0.0000  IMP     =         0.0000  CMAP       =        -0.2041
 1-4 NB =         2.0152  1-4 EEL =        43.3273  VDWAALS    =      1452.5129
 EELEC  =    -11240.1037  EHBOND  =         0.0000  RESTRAINT  =         0.0000
 EKCMT  =       934.4138  VIRIAL  =       851.3050  VOLUME     =     31214.6264
                                                    Density    =         0.9795
 ------------------------------------------------------------------------------

wrapping first mol.:       11.45236       16.19609       28.05245
wrapping first mol.:       11.45236       16.19609       28.05245

 NSTEP =     5600   TIME(PS) =      11.200  TEMP(K) =   303.47  PRESS =   147.0
 Etot   =     -7843.7163  EKtot   =      1850.7673  EPtot      =     -9694.4836
 BOND   =         2.9658  ANGLE   =        11.2328  DIHED      =         5.6803
 UB     =         0.0000  IMP     =         0.0000  CMAP       =        -0.1162
 1-4 NB =         3.7838  1-4 EEL =        44.1909  VDWAALS    =      1460.1774
 EELEC  =    -11222.3985  EHBOND  =         0.0000  RESTRAINT  =         0.0000
 EKCMT  =       905.6288  VIRIAL  =       806.5422  VOLUME     =     31219.1801
                                                    Density    =         0.9794
 ------------------------------------------------------------------------------

wrapping first mol.:       11.45219       16.19584       28.05201
wrapping first mol.:       11.45219       16.19584       28.05201

 NSTEP =     5700   TIME(PS) =      11.400  TEMP(K) =   297.75  PRESS =   118.2
 Etot   =     -7855.1340  EKtot   =      1815.8776  EPtot      =     -9671.0116
 BOND   =         1.5738  ANGLE   =         6.3919  DIHED      =         8.6465
 UB     =         0.0000  IMP     =         0.0000  CMAP       =        -0.0669
 1-4 NB =         3.2617  1-4 EEL =        48.6654  VDWAALS    =      1459.2331
 EELEC  =    -11198.7171  EHBOND  =         0.0000  RESTRAINT  =         0.0000
 EKCMT  =       894.7486  VIRIAL  =       815.0971  VOLUME     =     31217.7965
                                                    Density    =         0.9794
 ------------------------------------------------------------------------------

wrapping first mol.:       11.44416       16.18448       28.03234
wrapping first mol.:       11.44416       16.18448       28.03234

 NSTEP =     5800   TIME(PS) =      11.600  TEMP(K) =   305.58  PRESS =   148.1
 Etot   =     -7858.6071  EKtot   =      1863.6389  EPtot      =     -9722.2460
 BOND   =         2.9517  ANGLE   =         6.9705  DIHED      =         4.5975
 UB     =         0.0000  IMP     =         0.0000  CMAP       =         0.2178
 1-4 NB =         3.1338  1-4 EEL =        48.0274  VDWAALS    =      1478.5522
 EELEC  =    -11266.6968  EHBOND  =         0.0000  RESTRAINT  =         0.0000
 EKCMT  =       929.5595  VIRIAL  =       829.9203  VOLUME     =     31152.1136
                                                    Density    =         0.9815
 ------------------------------------------------------------------------------

wrapping first mol.:       11.43454       16.17088       28.00878
wrapping first mol.:       11.43454       16.17088       28.00878

 NSTEP =     5900   TIME(PS) =      11.800  TEMP(K) =   311.41  PRESS =  -701.4
 Etot   =     -7855.4665  EKtot   =      1899.1885  EPtot      =     -9754.6550
 BOND   =         1.4050  ANGLE   =         7.8458  DIHED      =         4.9984
 UB     =         0.0000  IMP     =         0.0000  CMAP       =        -0.1676
 1-4 NB =         3.7077  1-4 EEL =        48.7133  VDWAALS    =      1358.7029
 EELEC  =    -11179.8605  EHBOND  =         0.0000  RESTRAINT  =         0.0000
 EKCMT  =       924.8955  VIRIAL  =      1395.4855  VOLUME     =     31075.9741
                                                    Density    =         0.9839
 ------------------------------------------------------------------------------

wrapping first mol.:       11.43755       16.17514       28.01617
wrapping first mol.:       11.43755       16.17514       28.01617

 NSTEP =     6000   TIME(PS) =      12.000  TEMP(K) =   306.19  PRESS =   341.8
 Etot   =     -7849.4342  EKtot   =      1867.3860  EPtot      =     -9716.8202
 BOND   =         3.2003  ANGLE   =         5.9248  DIHED      =         5.3445
 UB     =         0.0000  IMP     =         0.0000  CMAP       =        -0.1864
 1-4 NB =         2.9787  1-4 EEL =        48.7961  VDWAALS    =      1491.2450
 EELEC  =    -11274.1233  EHBOND  =         0.0000  RESTRAINT  =         0.0000
 EKCMT  =       935.6059  VIRIAL  =       706.1032  VOLUME     =     31097.6851
                                                    Density    =         0.9832
 ------------------------------------------------------------------------------

wrapping first mol.:       11.43632       16.17340       28.01315
wrapping first mol.:       11.43632       16.17340       28.01315

 NSTEP =     6100   TIME(PS) =      12.200  TEMP(K) =   296.95  PRESS =    57.5
 Etot   =     -7877.5799  EKtot   =      1811.0118  EPtot      =     -9688.5918
 BOND   =         2.6867  ANGLE   =         7.6224  DIHED      =         3.5930
 UB     =         0.0000  IMP     =         0.0000  CMAP       =         0.3862
 1-4 NB =         3.8838  1-4 EEL =        49.7763  VDWAALS    =      1440.7761
 EELEC  =    -11197.3162  EHBOND  =         0.0000  RESTRAINT  =         0.0000
 EKCMT  =       925.5865  VIRIAL  =       886.9646  VOLUME     =     31088.4201
                                                    Density    =         0.9835
 ------------------------------------------------------------------------------

wrapping first mol.:       11.44246       16.18208       28.02818
wrapping first mol.:       11.44246       16.18208       28.02818

 NSTEP =     6200   TIME(PS) =      12.400  TEMP(K) =   309.01  PRESS =   -26.2
 Etot   =     -7845.8395  EKtot   =      1884.5365  EPtot      =     -9730.3760
 BOND   =         2.3351  ANGLE   =         5.2056  DIHED      =         4.9205
 UB     =         0.0000  IMP     =         0.0000  CMAP       =        -0.2283
 1-4 NB =         3.4968  1-4 EEL =        49.0589  VDWAALS    =      1446.9991
 EELEC  =    -11242.1637  EHBOND  =         0.0000  RESTRAINT  =         0.0000
 EKCMT  =       933.7740  VIRIAL  =       951.4062  VOLUME     =     31138.7222
                                                    Density    =         0.9819
 ------------------------------------------------------------------------------

wrapping first mol.:       11.43591       16.17281       28.01213
wrapping first mol.:       11.43591       16.17281       28.01213

 NSTEP =     6300   TIME(PS) =      12.600  TEMP(K) =   303.94  PRESS =    73.0
 Etot   =     -7829.6910  EKtot   =      1853.6494  EPtot      =     -9683.3404
 BOND   =         2.7426  ANGLE   =         9.2030  DIHED      =         4.7619
 UB     =         0.0000  IMP     =         0.0000  CMAP       =        -0.0010
 1-4 NB =         3.8168  1-4 EEL =        48.9008  VDWAALS    =      1424.6618
 EELEC  =    -11177.4263  EHBOND  =         0.0000  RESTRAINT  =         0.0000
 EKCMT  =       936.1841  VIRIAL  =       887.2128  VOLUME     =     31084.9770
                                                    Density    =         0.9836
 ------------------------------------------------------------------------------

wrapping first mol.:       11.43843       16.17639       28.01832
wrapping first mol.:       11.43843       16.17639       28.01832

 NSTEP =     6400   TIME(PS) =      12.800  TEMP(K) =   297.22  PRESS =  -203.3
 Etot   =     -7894.4780  EKtot   =      1812.6541  EPtot      =     -9707.1320
 BOND   =         4.1430  ANGLE   =         9.8432  DIHED      =         3.6456
 UB     =         0.0000  IMP     =         0.0000  CMAP       =         0.3409
 1-4 NB =         3.4420  1-4 EEL =        50.5305  VDWAALS    =      1417.0694
 EELEC  =    -11196.1466  EHBOND  =         0.0000  RESTRAINT  =         0.0000
 EKCMT  =       878.9475  VIRIAL  =      1015.4909  VOLUME     =     31106.3566
                                                    Density    =         0.9829
 ------------------------------------------------------------------------------

wrapping first mol.:       11.43118       16.16613       28.00056
wrapping first mol.:       11.43118       16.16613       28.00056

 NSTEP =     6500   TIME(PS) =      13.000  TEMP(K) =   297.07  PRESS =  -290.7
 Etot   =     -7890.1434  EKtot   =      1811.7222  EPtot      =     -9701.8655
 BOND   =         1.4844  ANGLE   =         5.3742  DIHED      =         3.8307
 UB     =         0.0000  IMP     =         0.0000  CMAP       =         0.3058
 1-4 NB =         3.2592  1-4 EEL =        49.9422  VDWAALS    =      1402.0168
 EELEC  =    -11168.0789  EHBOND  =         0.0000  RESTRAINT  =         0.0000
 EKCMT  =       910.4313  VIRIAL  =      1105.2883  VOLUME     =     31047.4714
                                                    Density    =         0.9848
 ------------------------------------------------------------------------------

wrapping first mol.:       11.42196       16.15309       27.97797
wrapping first mol.:       11.42196       16.15309       27.97797

 NSTEP =     6600   TIME(PS) =      13.200  TEMP(K) =   299.93  PRESS =    88.1
 Etot   =     -7891.4804  EKtot   =      1829.1948  EPtot      =     -9720.6752
 BOND   =         2.6402  ANGLE   =         6.8756  DIHED      =         5.3247
 UB     =         0.0000  IMP     =         0.0000  CMAP       =         0.6371
 1-4 NB =         2.5375  1-4 EEL =        48.8515  VDWAALS    =      1439.4079
 EELEC  =    -11226.9499  EHBOND  =         0.0000  RESTRAINT  =         0.0000
 EKCMT  =       906.5514  VIRIAL  =       847.6650  VOLUME     =     30971.3441
                                                    Density    =         0.9872
 ------------------------------------------------------------------------------

wrapping first mol.:       11.42477       16.15707       27.98486
wrapping first mol.:       11.42477       16.15707       27.98486

 NSTEP =     6700   TIME(PS) =      13.400  TEMP(K) =   297.88  PRESS =   159.2
 Etot   =     -7935.1935  EKtot   =      1816.6744  EPtot      =     -9751.8679
 BOND   =         0.7416  ANGLE   =        11.9080  DIHED      =         3.7865
 UB     =         0.0000  IMP     =         0.0000  CMAP       =         0.4678
 1-4 NB =         2.8309  1-4 EEL =        46.6296  VDWAALS    =      1463.6724
 EELEC  =    -11281.9047  EHBOND  =         0.0000  RESTRAINT  =         0.0000
 EKCMT  =       880.6298  VIRIAL  =       774.1217  VOLUME     =     30994.0454
                                                    Density    =         0.9865
 ------------------------------------------------------------------------------

wrapping first mol.:       11.42773       16.16124       27.99209
wrapping first mol.:       11.42773       16.16124       27.99209

 NSTEP =     6800   TIME(PS) =      13.600  TEMP(K) =   294.22  PRESS =   -90.0
 Etot   =     -8007.0898  EKtot   =      1794.3397  EPtot      =     -9801.4295
 BOND   =         1.0509  ANGLE   =         9.0580  DIHED      =         3.9185
 UB     =         0.0000  IMP     =         0.0000  CMAP       =         0.6556
 1-4 NB =         4.0432  1-4 EEL =        49.9183  VDWAALS    =      1466.8060
 EELEC  =    -11336.8800  EHBOND  =         0.0000  RESTRAINT  =         0.0000
 EKCMT  =       876.2514  VIRIAL  =       936.5458  VOLUME     =     31018.7733
                                                    Density    =         0.9857
 ------------------------------------------------------------------------------

wrapping first mol.:       11.43376       16.16977       28.00686
wrapping first mol.:       11.43376       16.16977       28.00686

 NSTEP =     6900   TIME(PS) =      13.800  TEMP(K) =   293.93  PRESS =   -37.0
 Etot   =     -8025.3411  EKtot   =      1792.5867  EPtot      =     -9817.9277
 BOND   =         1.6341  ANGLE   =         6.7602  DIHED      =         4.9925
 UB     =         0.0000  IMP     =         0.0000  CMAP       =         0.2566
 1-4 NB =         3.1089  1-4 EEL =        50.0310  VDWAALS    =      1465.7379
 EELEC  =    -11350.4489  EHBOND  =         0.0000  RESTRAINT  =         0.0000
 EKCMT  =       871.6825  VIRIAL  =       896.4986  VOLUME     =     31067.7582
                                                    Density    =         0.9841
 ------------------------------------------------------------------------------

wrapping first mol.:       11.43038       16.16499       27.99859
wrapping first mol.:       11.43038       16.16499       27.99859

 NSTEP =     7000   TIME(PS) =      14.000  TEMP(K) =   292.92  PRESS =  -466.1
 Etot   =     -8014.9133  EKtot   =      1786.4331  EPtot      =     -9801.3464
 BOND   =         3.6922  ANGLE   =         7.8657  DIHED      =         6.9494
 UB     =         0.0000  IMP     =         0.0000  CMAP       =         0.5806
 1-4 NB =         3.3964  1-4 EEL =        47.7165  VDWAALS    =      1403.8586
 EELEC  =    -11275.4058  EHBOND  =         0.0000  RESTRAINT  =         0.0000
 EKCMT  =       869.5856  VIRIAL  =      1181.9917  VOLUME     =     31041.4027
                                                    Density    =         0.9850
 ------------------------------------------------------------------------------

wrapping first mol.:       11.41941       16.14949       27.97174
wrapping first mol.:       11.41941       16.14949       27.97174

 NSTEP =     7100   TIME(PS) =      14.200  TEMP(K) =   290.80  PRESS =   556.2
 Etot   =     -7995.5844  EKtot   =      1773.5219  EPtot      =     -9769.1063
 BOND   =         1.6560  ANGLE   =        10.2257  DIHED      =         8.5503
 UB     =         0.0000  IMP     =         0.0000  CMAP       =         0.7829
 1-4 NB =         2.3580  1-4 EEL =        49.9910  VDWAALS    =      1544.3980
 EELEC  =    -11387.0682  EHBOND  =         0.0000  RESTRAINT  =         0.0000
 EKCMT  =       854.6415  VIRIAL  =       482.9473  VOLUME     =     30949.3628
                                                    Density    =         0.9879
 ------------------------------------------------------------------------------

wrapping first mol.:       11.42774       16.16127       27.99214
wrapping first mol.:       11.42774       16.16127       27.99214

 NSTEP =     7200   TIME(PS) =      14.400  TEMP(K) =   299.86  PRESS =   -72.3
 Etot   =     -7955.2891  EKtot   =      1828.7693  EPtot      =     -9784.0584
 BOND   =         2.2778  ANGLE   =         6.7684  DIHED      =         3.5968
 UB     =         0.0000  IMP     =         0.0000  CMAP       =         0.6560
 1-4 NB =         4.5236  1-4 EEL =        48.0705  VDWAALS    =      1462.0409
 EELEC  =    -11311.9923  EHBOND  =         0.0000  RESTRAINT  =         0.0000
 EKCMT  =       893.6437  VIRIAL  =       942.0473  VOLUME     =     31018.8630
                                                    Density    =         0.9857
 ------------------------------------------------------------------------------

wrapping first mol.:       11.41937       16.14942       27.97162
wrapping first mol.:       11.41937       16.14942       27.97162

 NSTEP =     7300   TIME(PS) =      14.600  TEMP(K) =   294.75  PRESS =  -127.2
 Etot   =     -7953.1818  EKtot   =      1797.5967  EPtot      =     -9750.7785
 BOND   =         2.1172  ANGLE   =         7.5001  DIHED      =         2.9662
 UB     =         0.0000  IMP     =         0.0000  CMAP       =         0.7650
 1-4 NB =         3.6476  1-4 EEL =        49.6741  VDWAALS    =      1421.3196
 EELEC  =    -11238.7684  EHBOND  =         0.0000  RESTRAINT  =         0.0000
 EKCMT  =       898.9847  VIRIAL  =       983.9632  VOLUME     =     30950.8560
                                                    Density    =         0.9879
 ------------------------------------------------------------------------------

wrapping first mol.:       11.42769       16.16119       27.99200
wrapping first mol.:       11.42769       16.16119       27.99200

 NSTEP =     7400   TIME(PS) =      14.800  TEMP(K) =   298.47  PRESS =   161.3
 Etot   =     -7952.9831  EKtot   =      1820.2761  EPtot      =     -9773.2592
 BOND   =         3.1433  ANGLE   =        10.4231  DIHED      =         3.9710
 UB     =         0.0000  IMP     =         0.0000  CMAP       =         1.1912
 1-4 NB =         3.6500  1-4 EEL =        43.7234  VDWAALS    =      1483.6304
 EELEC  =    -11322.9917  EHBOND  =         0.0000  RESTRAINT  =         0.0000
 EKCMT  =       891.9420  VIRIAL  =       783.8894  VOLUME     =     31017.7700
                                                    Density    =         0.9857
 ------------------------------------------------------------------------------

wrapping first mol.:       11.42889       16.16289       27.99495
wrapping first mol.:       11.42889       16.16289       27.99495

 NSTEP =     7500   TIME(PS) =      15.000  TEMP(K) =   300.08  PRESS =   141.8
 Etot   =     -7959.6656  EKtot   =      1830.0880  EPtot      =     -9789.7536
 BOND   =         2.2862  ANGLE   =         8.4218  DIHED      =         4.5131
 UB     =         0.0000  IMP     =         0.0000  CMAP       =         1.0042
 1-4 NB =         2.5735  1-4 EEL =        45.4299  VDWAALS    =      1491.7654
 EELEC  =    -11345.7476  EHBOND  =         0.0000  RESTRAINT  =         0.0000
 EKCMT  =       920.3918  VIRIAL  =       825.4205  VOLUME     =     31027.6275
                                                    Density    =         0.9854
 ------------------------------------------------------------------------------

wrapping first mol.:       11.42904       16.16310       27.99531
wrapping first mol.:       11.42904       16.16310       27.99531

 NSTEP =     7600   TIME(PS) =      15.200  TEMP(K) =   292.87  PRESS =   755.7
 Etot   =     -7958.9725  EKtot   =      1786.1008  EPtot      =     -9745.0733
 BOND   =         1.3642  ANGLE   =         6.2953  DIHED      =         3.5494
 UB     =         0.0000  IMP     =         0.0000  CMAP       =         0.4802
 1-4 NB =         2.7538  1-4 EEL =        46.7627  VDWAALS    =      1556.5114
 EELEC  =    -11362.7904  EHBOND  =         0.0000  RESTRAINT  =         0.0000
 EKCMT  =       883.6284  VIRIAL  =       377.3746  VOLUME     =     31027.1412
                                                    Density    =         0.9854
 ------------------------------------------------------------------------------

wrapping first mol.:       11.44399       16.18424       28.03192
wrapping first mol.:       11.44399       16.18424       28.03192

 NSTEP =     7700   TIME(PS) =      15.400  TEMP(K) =   301.53  PRESS =    93.8
 Etot   =     -7915.9671  EKtot   =      1838.9082  EPtot      =     -9754.8753
 BOND   =         1.9799  ANGLE   =        11.9969  DIHED      =         4.4956
 UB     =         0.0000  IMP     =         0.0000  CMAP       =         1.1577
 1-4 NB =         2.4585  1-4 EEL =        46.7733  VDWAALS    =      1460.1664
 EELEC  =    -11283.9035  EHBOND  =         0.0000  RESTRAINT  =         0.0000
 EKCMT  =       944.1931  VIRIAL  =       881.1065  VOLUME     =     31150.8591
                                                    Density    =         0.9815
 ------------------------------------------------------------------------------

wrapping first mol.:       11.45345       16.19763       28.05511
wrapping first mol.:       11.45345       16.19763       28.05511

 NSTEP =     7800   TIME(PS) =      15.600  TEMP(K) =   300.13  PRESS =   161.4
 Etot   =     -7900.3114  EKtot   =      1830.4290  EPtot      =     -9730.7403
 BOND   =         2.6064  ANGLE   =         7.6041  DIHED      =         3.7063
 UB     =         0.0000  IMP     =         0.0000  CMAP       =         1.2398
 1-4 NB =         2.2710  1-4 EEL =        45.2038  VDWAALS    =      1461.1140
 EELEC  =    -11254.4858  EHBOND  =         0.0000  RESTRAINT  =         0.0000
 EKCMT  =       945.0455  VIRIAL  =       836.2417  VOLUME     =     31228.0485
                                                    Density    =         0.9791
 ------------------------------------------------------------------------------

wrapping first mol.:       11.44774       16.18955       28.04112
wrapping first mol.:       11.44774       16.18955       28.04112

 NSTEP =     7900   TIME(PS) =      15.800  TEMP(K) =   300.88  PRESS =  -541.7
 Etot   =     -7928.6295  EKtot   =      1834.9951  EPtot      =     -9763.6246
 BOND   =         6.4500  ANGLE   =         7.0248  DIHED      =         3.4765
 UB     =         0.0000  IMP     =         0.0000  CMAP       =        -0.0832
 1-4 NB =         3.3293  1-4 EEL =        47.4097  VDWAALS    =      1385.6545
 EELEC  =    -11216.8862  EHBOND  =         0.0000  RESTRAINT  =         0.0000
 EKCMT  =       908.1169  VIRIAL  =      1272.8393  VOLUME     =     31183.3009
                                                    Density    =         0.9805
 ------------------------------------------------------------------------------

wrapping first mol.:       11.44173       16.18105       28.02640
wrapping first mol.:       11.44173       16.18105       28.02640

 NSTEP =     8000   TIME(PS) =      16.000  TEMP(K) =   309.08  PRESS =  -219.2
 Etot   =     -7920.5850  EKtot   =      1884.9926  EPtot      =     -9805.5775
 BOND   =         1.7183  ANGLE   =        13.2893  DIHED      =         6.8955
 UB     =         0.0000  IMP     =         0.0000  CMAP       =         0.1455
 1-4 NB =         1.8682  1-4 EEL =        43.8852  VDWAALS    =      1438.2818
 EELEC  =    -11311.6614  EHBOND  =         0.0000  RESTRAINT  =         0.0000
 EKCMT  =       916.5329  VIRIAL  =      1063.9022  VOLUME     =     31133.3097
                                                    Density    =         0.9821
 ------------------------------------------------------------------------------

wrapping first mol.:       11.43120       16.16616       28.00060
wrapping first mol.:       11.43120       16.16616       28.00060

 NSTEP =     8100   TIME(PS) =      16.200  TEMP(K) =   290.67  PRESS =   -46.5
 Etot   =     -7907.1809  EKtot   =      1772.6912  EPtot      =     -9679.8721
 BOND   =         5.4262  ANGLE   =         9.4070  DIHED      =         4.0140
 UB     =         0.0000  IMP     =         0.0000  CMAP       =        -0.0485
 1-4 NB =         2.3886  1-4 EEL =        48.7827  VDWAALS    =      1418.1407
 EELEC  =    -11167.9827  EHBOND  =         0.0000  RESTRAINT  =         0.0000
 EKCMT  =       865.8139  VIRIAL  =       896.9749  VOLUME     =     31046.9566
                                                    Density    =         0.9848
 ------------------------------------------------------------------------------

wrapping first mol.:       11.43192       16.16717       28.00236
wrapping first mol.:       11.43192       16.16717       28.00236

 NSTEP =     8200   TIME(PS) =      16.400  TEMP(K) =   304.11  PRESS =   -28.5
 Etot   =     -7901.5431  EKtot   =      1854.6724  EPtot      =     -9756.2154
 BOND   =         6.0135  ANGLE   =         9.7325  DIHED      =         3.7270
 UB     =         0.0000  IMP     =         0.0000  CMAP       =         0.0321
 1-4 NB =         2.3420  1-4 EEL =        46.0962  VDWAALS    =      1442.5875
 EELEC  =    -11266.7461  EHBOND  =         0.0000  RESTRAINT  =         0.0000
 EKCMT  =       925.5025  VIRIAL  =       944.5840  VOLUME     =     31052.7480
                                                    Density    =         0.9846
 ------------------------------------------------------------------------------

wrapping first mol.:       11.43324       16.16905       28.00561
wrapping first mol.:       11.43324       16.16905       28.00561

 NSTEP =     8300   TIME(PS) =      16.600  TEMP(K) =   293.80  PRESS =   124.6
 Etot   =     -7915.8715  EKtot   =      1791.7786  EPtot      =     -9707.6500
 BOND   =         3.5561  ANGLE   =         7.6674  DIHED      =         6.2169
 UB     =         0.0000  IMP     =         0.0000  CMAP       =        -0.0450
 1-4 NB =         3.1251  1-4 EEL =        46.0625  VDWAALS    =      1449.1108
 EELEC  =    -11223.3438  EHBOND  =         0.0000  RESTRAINT  =         0.0000
 EKCMT  =       878.1034  VIRIAL  =       794.5064  VOLUME     =     31063.1340
                                                    Density    =         0.9843
 ------------------------------------------------------------------------------

wrapping first mol.:       11.43363       16.16960       28.00657
wrapping first mol.:       11.43363       16.16960       28.00657

 NSTEP =     8400   TIME(PS) =      16.800  TEMP(K) =   295.39  PRESS =    63.7
 Etot   =     -7901.4554  EKtot   =      1801.5061  EPtot      =     -9702.9615
 BOND   =         2.0067  ANGLE   =         8.2776  DIHED      =         4.5952
 UB     =         0.0000  IMP     =         0.0000  CMAP       =         1.0786
 1-4 NB =         3.3241  1-4 EEL =        48.5381  VDWAALS    =      1435.8454
 EELEC  =    -11206.6273  EHBOND  =         0.0000  RESTRAINT  =         0.0000
 EKCMT  =       894.9966  VIRIAL  =       852.2485  VOLUME     =     31066.4891
                                                    Density    =         0.9842
 ------------------------------------------------------------------------------

wrapping first mol.:       11.44230       16.18185       28.02779
wrapping first mol.:       11.44230       16.18185       28.02779

 NSTEP =     8500   TIME(PS) =      17.000  TEMP(K) =   298.67  PRESS =   182.5
 Etot   =     -7862.9970  EKtot   =      1821.4717  EPtot      =     -9684.4687
 BOND   =         4.4239  ANGLE   =         8.5569  DIHED      =         3.9946
 UB     =         0.0000  IMP     =         0.0000  CMAP       =         0.5358
 1-4 NB =         3.5747  1-4 EEL =        46.5455  VDWAALS    =      1441.8610
 EELEC  =    -11193.9611  EHBOND  =         0.0000  RESTRAINT  =         0.0000
 EKCMT  =       924.6405  VIRIAL  =       801.9434  VOLUME     =     31136.8256
                                                    Density    =         0.9820
 ------------------------------------------------------------------------------

wrapping first mol.:       11.44355       16.18363       28.03086
wrapping first mol.:       11.44355       16.18363       28.03086

 NSTEP =     8600   TIME(PS) =      17.200  TEMP(K) =   299.10  PRESS =   512.9
 Etot   =     -7887.8754  EKtot   =      1824.1425  EPtot      =     -9712.0179
 BOND   =         3.3753  ANGLE   =         9.9228  DIHED      =         3.3950
 UB     =         0.0000  IMP     =         0.0000  CMAP       =         0.9753
 1-4 NB =         2.8629  1-4 EEL =        47.9516  VDWAALS    =      1495.3758
 EELEC  =    -11275.8765  EHBOND  =         0.0000  RESTRAINT  =         0.0000
 EKCMT  =       916.2146  VIRIAL  =       571.2941  VOLUME     =     31146.1641
                                                    Density    =         0.9817
 ------------------------------------------------------------------------------

wrapping first mol.:       11.44369       16.18382       28.03120
wrapping first mol.:       11.44369       16.18382       28.03120

 NSTEP =     8700   TIME(PS) =      17.400  TEMP(K) =   298.34  PRESS =   -15.3
 Etot   =     -7843.5881  EKtot   =      1819.5017  EPtot      =     -9663.0898
 BOND   =         3.1637  ANGLE   =         9.5359  DIHED      =         3.2244
 UB     =         0.0000  IMP     =         0.0000  CMAP       =         0.5540
 1-4 NB =         2.3742  1-4 EEL =        48.3103  VDWAALS    =      1415.8654
 EELEC  =    -11146.1176  EHBOND  =         0.0000  RESTRAINT  =         0.0000
 EKCMT  =       902.7932  VIRIAL  =       913.0726  VOLUME     =     31148.7663
                                                    Density    =         0.9816
 ------------------------------------------------------------------------------

wrapping first mol.:       11.43736       16.17487       28.01569
wrapping first mol.:       11.43736       16.17487       28.01569

 NSTEP =     8800   TIME(PS) =      17.600  TEMP(K) =   303.88  PRESS =   -59.1
 Etot   =     -7874.5843  EKtot   =      1853.2422  EPtot      =     -9727.8264
 BOND   =         3.9402  ANGLE   =         6.6327  DIHED      =         3.7065
 UB     =         0.0000  IMP     =         0.0000  CMAP       =         0.0834
 1-4 NB =         4.5454  1-4 EEL =        51.8585  VDWAALS    =      1441.0025
 EELEC  =    -11239.5955  EHBOND  =         0.0000  RESTRAINT  =         0.0000
 EKCMT  =       911.5496  VIRIAL  =       951.2399  VOLUME     =     31097.2133
                                                    Density    =         0.9832
 ------------------------------------------------------------------------------

wrapping first mol.:       11.42917       16.16329       27.99563
wrapping first mol.:       11.42917       16.16329       27.99563

 NSTEP =     8900   TIME(PS) =      17.800  TEMP(K) =   299.17  PRESS =  -547.0
 Etot   =     -7900.8174  EKtot   =      1824.5150  EPtot      =     -9725.3324
 BOND   =         1.0146  ANGLE   =         7.6082  DIHED      =         3.3479
 UB     =         0.0000  IMP     =         0.0000  CMAP       =        -0.1627
 1-4 NB =         2.6475  1-4 EEL =        48.8228  VDWAALS    =      1360.5875
 EELEC  =    -11149.1981  EHBOND  =         0.0000  RESTRAINT  =         0.0000
 EKCMT  =       918.3699  VIRIAL  =      1284.8993  VOLUME     =     31031.8015
                                                    Density    =         0.9853
 ------------------------------------------------------------------------------

wrapping first mol.:       11.41890       16.14876       27.97047
wrapping first mol.:       11.41890       16.14876       27.97047

 NSTEP =     9000   TIME(PS) =      18.000  TEMP(K) =   300.00  PRESS =  -328.7
 Etot   =     -7899.0541  EKtot   =      1829.6360  EPtot      =     -9728.6901
 BOND   =         3.5738  ANGLE   =        11.3064  DIHED      =         4.2424
 UB     =         0.0000  IMP     =         0.0000  CMAP       =         0.0353
 1-4 NB =         2.1507  1-4 EEL =        44.3001  VDWAALS    =      1400.0183
 EELEC  =    -11194.3171  EHBOND  =         0.0000  RESTRAINT  =         0.0000
 EKCMT  =       919.9872  VIRIAL  =      1139.6209  VOLUME     =     30947.6199
                                                    Density    =         0.9880
 ------------------------------------------------------------------------------

wrapping first mol.:       11.41130       16.13802       27.95187
wrapping first mol.:       11.41130       16.13802       27.95187

 NSTEP =     9100   TIME(PS) =      18.200  TEMP(K) =   301.12  PRESS =  -714.9
 Etot   =     -7927.5281  EKtot   =      1836.4596  EPtot      =     -9763.9877
 BOND   =         4.2187  ANGLE   =         7.2134  DIHED      =         5.0962
 UB     =         0.0000  IMP     =         0.0000  CMAP       =         1.2471
 1-4 NB =         3.5818  1-4 EEL =        46.5278  VDWAALS    =      1341.1414
 EELEC  =    -11173.0142  EHBOND  =         0.0000  RESTRAINT  =         0.0000
 EKCMT  =       951.8523  VIRIAL  =      1428.6244  VOLUME     =     30886.9645
                                                    Density    =         0.9899
 ------------------------------------------------------------------------------

wrapping first mol.:       11.39753       16.11854       27.91814
wrapping first mol.:       11.39753       16.11854       27.91814

 NSTEP =     9200   TIME(PS) =      18.400  TEMP(K) =   299.16  PRESS =   302.3
 Etot   =     -7919.5791  EKtot   =      1824.4600  EPtot      =     -9744.0390
 BOND   =         3.7950  ANGLE   =         4.9500  DIHED      =         4.9048
 UB     =         0.0000  IMP     =         0.0000  CMAP       =         0.2182
 1-4 NB =         2.2444  1-4 EEL =        47.1706  VDWAALS    =      1472.9650
 EELEC  =    -11280.2870  EHBOND  =         0.0000  RESTRAINT  =         0.0000
 EKCMT  =       895.1695  VIRIAL  =       694.3357  VOLUME     =     30772.4805
                                                    Density    =         0.9936
 ------------------------------------------------------------------------------

wrapping first mol.:       11.40069       16.12301       27.92587
wrapping first mol.:       11.40069       16.12301       27.92587

 NSTEP =     9300   TIME(PS) =      18.600  TEMP(K) =   297.21  PRESS =  -352.1
 Etot   =     -7903.2162  EKtot   =      1812.6179  EPtot      =     -9715.8342
 BOND   =         5.6687  ANGLE   =         6.3992  DIHED      =         6.3415
 UB     =         0.0000  IMP     =         0.0000  CMAP       =         1.4440
 1-4 NB =         2.6987  1-4 EEL =        44.1554  VDWAALS    =      1384.6042
 EELEC  =    -11167.1458  EHBOND  =         0.0000  RESTRAINT  =         0.0000
 EKCMT  =       885.6167  VIRIAL  =      1119.7530  VOLUME     =     30799.8662
                                                    Density    =         0.9927
 ------------------------------------------------------------------------------

wrapping first mol.:       11.40308       16.12639       27.93172
wrapping first mol.:       11.40308       16.12639       27.93172

 NSTEP =     9400   TIME(PS) =      18.800  TEMP(K) =   292.63  PRESS =   382.1
 Etot   =     -7891.5176  EKtot   =      1784.6876  EPtot      =     -9676.2052
 BOND   =         2.8471  ANGLE   =         9.1573  DIHED      =         5.5657
 UB     =         0.0000  IMP     =         0.0000  CMAP       =         1.4955
 1-4 NB =         3.7632  1-4 EEL =        46.5657  VDWAALS    =      1452.0889
 EELEC  =    -11197.6886  EHBOND  =         0.0000  RESTRAINT  =         0.0000
 EKCMT  =       917.1614  VIRIAL  =       662.9246  VOLUME     =     30817.2020
                                                    Density    =         0.9921
 ------------------------------------------------------------------------------

wrapping first mol.:       11.41403       16.14188       27.95855
wrapping first mol.:       11.41403       16.14188       27.95855

 NSTEP =     9500   TIME(PS) =      19.000  TEMP(K) =   307.80  PRESS =   262.7
 Etot   =     -7888.8541  EKtot   =      1877.1940  EPtot      =     -9766.0481
 BOND   =         3.3397  ANGLE   =         8.2120  DIHED      =         3.9038
 UB     =         0.0000  IMP     =         0.0000  CMAP       =         1.2823
 1-4 NB =         2.7985  1-4 EEL =        47.3314  VDWAALS    =      1464.6508
 EELEC  =    -11297.5666  EHBOND  =         0.0000  RESTRAINT  =         0.0000
 EKCMT  =       949.3122  VIRIAL  =       774.0336  VOLUME     =     30906.4160
                                                    Density    =         0.9893
 ------------------------------------------------------------------------------

wrapping first mol.:       11.41906       16.14899       27.97087
wrapping first mol.:       11.41906       16.14899       27.97087

 NSTEP =     9600   TIME(PS) =      19.200  TEMP(K) =   295.90  PRESS =  -649.1
 Etot   =     -7908.3275  EKtot   =      1804.6204  EPtot      =     -9712.9478
 BOND   =         3.3799  ANGLE   =         6.1443  DIHED      =         4.1303
 UB     =         0.0000  IMP     =         0.0000  CMAP       =         1.3143
 1-4 NB =         2.9349  1-4 EEL =        48.0616  VDWAALS    =      1349.5845
 EELEC  =    -11128.4976  EHBOND  =         0.0000  RESTRAINT  =         0.0000
 EKCMT  =       908.2934  VIRIAL  =      1342.0415  VOLUME     =     30949.8101
                                                    Density    =         0.9879
 ------------------------------------------------------------------------------

wrapping first mol.:       11.41313       16.14061       27.95635
wrapping first mol.:       11.41313       16.14061       27.95635

 NSTEP =     9700   TIME(PS) =      19.400  TEMP(K) =   309.82  PRESS =   -92.3
 Etot   =     -7894.0068  EKtot   =      1889.4729  EPtot      =     -9783.4798
 BOND   =         0.7752  ANGLE   =         7.6011  DIHED      =         3.5898
 UB     =         0.0000  IMP     =         0.0000  CMAP       =         0.0581
 1-4 NB =         3.7934  1-4 EEL =        44.1523  VDWAALS    =      1436.8388
 EELEC  =    -11280.2884  EHBOND  =         0.0000  RESTRAINT  =         0.0000
 EKCMT  =       925.0301  VIRIAL  =       986.5831  VOLUME     =     30900.1107
                                                    Density    =         0.9895
 ------------------------------------------------------------------------------

wrapping first mol.:       11.41327       16.14081       27.95669
wrapping first mol.:       11.41327       16.14081       27.95669

 NSTEP =     9800   TIME(PS) =      19.600  TEMP(K) =   301.27  PRESS =    57.0
 Etot   =     -7856.9876  EKtot   =      1837.3588  EPtot      =     -9694.3464
 BOND   =         3.2331  ANGLE   =         3.7347  DIHED      =         6.3675
 UB     =         0.0000  IMP     =         0.0000  CMAP       =        -0.1358
 1-4 NB =         4.2251  1-4 EEL =        47.3778  VDWAALS    =      1429.4080
 EELEC  =    -11188.5567  EHBOND  =         0.0000  RESTRAINT  =         0.0000
 EKCMT  =       879.4135  VIRIAL  =       841.3574  VOLUME     =     30900.8319
                                                    Density    =         0.9895
 ------------------------------------------------------------------------------

wrapping first mol.:       11.40485       16.12889       27.93605
wrapping first mol.:       11.40485       16.12889       27.93605

 NSTEP =     9900   TIME(PS) =      19.800  TEMP(K) =   302.48  PRESS =  -491.0
 Etot   =     -7847.0673  EKtot   =      1844.7122  EPtot      =     -9691.7795
 BOND   =         3.4567  ANGLE   =         5.5771  DIHED      =         3.2723
 UB     =         0.0000  IMP     =         0.0000  CMAP       =         1.0754
 1-4 NB =         2.3359  1-4 EEL =        46.0554  VDWAALS    =      1323.1216
 EELEC  =    -11076.6739  EHBOND  =         0.0000  RESTRAINT  =         0.0000
 EKCMT  =       935.1627  VIRIAL  =      1262.0722  VOLUME     =     30833.9406
                                                    Density    =         0.9916
 ------------------------------------------------------------------------------

wrapping first mol.:       11.40913       16.13494       27.94654
wrapping first mol.:       11.40913       16.13494       27.94654

 NSTEP =    10000   TIME(PS) =      20.000  TEMP(K) =   302.60  PRESS =   514.7
 Etot   =     -7843.2929  EKtot   =      1845.4751  EPtot      =     -9688.7680
 BOND   =         1.4557  ANGLE   =         8.7282  DIHED      =         3.3278
 UB     =         0.0000  IMP     =         0.0000  CMAP       =         0.7930
 1-4 NB =         3.4428  1-4 EEL =        48.8236  VDWAALS    =      1462.0660
 EELEC  =    -11217.4052  EHBOND  =         0.0000  RESTRAINT  =         0.0000
 EKCMT  =       914.1300  VIRIAL  =       571.1484  VOLUME     =     30865.9130
                                                    Density    =         0.9906
 ------------------------------------------------------------------------------

wrapping first mol.:       11.42280       16.15428       27.98004
wrapping first mol.:       11.42280       16.15428       27.98004

 NSTEP =    10100   TIME(PS) =      20.200  TEMP(K) =   308.39  PRESS =   416.3
 Etot   =     -7791.4101  EKtot   =      1880.7828  EPtot      =     -9672.1929
 BOND   =         2.0178  ANGLE   =         6.3604  DIHED      =         5.4710
 UB     =         0.0000  IMP     =         0.0000  CMAP       =         0.5320
 1-4 NB =         2.7205  1-4 EEL =        44.2795  VDWAALS    =      1452.5553
 EELEC  =    -11186.1295  EHBOND  =         0.0000  RESTRAINT  =         0.0000
 EKCMT  =       932.3762  VIRIAL  =       653.9556  VOLUME     =     30977.3064
                                                    Density    =         0.9870
 ------------------------------------------------------------------------------

wrapping first mol.:       11.43172       16.16690       28.00189
wrapping first mol.:       11.43172       16.16690       28.00189

 NSTEP =    10200   TIME(PS) =      20.400  TEMP(K) =   308.76  PRESS =   287.9
 Etot   =     -7867.5922  EKtot   =      1883.0538  EPtot      =     -9750.6460
 BOND   =         6.0927  ANGLE   =         8.7907  DIHED      =         3.4970
 UB     =         0.0000  IMP     =         0.0000  CMAP       =        -0.2561
 1-4 NB =         3.0224  1-4 EEL =        42.7669  VDWAALS    =      1471.5926
 EELEC  =    -11286.1522  EHBOND  =         0.0000  RESTRAINT  =         0.0000
 EKCMT  =       969.0967  VIRIAL  =       776.1169  VOLUME     =     31050.2954
                                                    Density    =         0.9847
 ------------------------------------------------------------------------------

wrapping first mol.:       11.43638       16.17348       28.01329
wrapping first mol.:       11.43638       16.17348       28.01329

 NSTEP =    10300   TIME(PS) =      20.600  TEMP(K) =   304.96  PRESS =     1.2
 Etot   =     -7892.0200  EKtot   =      1859.8772  EPtot      =     -9751.8972
 BOND   =         2.6344  ANGLE   =         8.7755  DIHED      =         5.1235
 UB     =         0.0000  IMP     =         0.0000  CMAP       =        -0.7740
 1-4 NB =         3.8626  1-4 EEL =        48.9222  VDWAALS    =      1446.9214
 EELEC  =    -11267.3628  EHBOND  =         0.0000  RESTRAINT  =         0.0000
 EKCMT  =       936.9085  VIRIAL  =       936.1098  VOLUME     =     31089.0394
                                                    Density    =         0.9835
 ------------------------------------------------------------------------------

wrapping first mol.:       11.42857       16.16243       27.99415
wrapping first mol.:       11.42857       16.16243       27.99415

 NSTEP =    10400   TIME(PS) =      20.800  TEMP(K) =   297.46  PRESS =  -413.1
 Etot   =     -7895.8617  EKtot   =      1814.1128  EPtot      =     -9709.9745
 BOND   =         2.5519  ANGLE   =         7.4007  DIHED      =         5.2832
 UB     =         0.0000  IMP     =         0.0000  CMAP       =         0.5064
 1-4 NB =         4.3543  1-4 EEL =        50.5502  VDWAALS    =      1376.2149
 EELEC  =    -11156.8361  EHBOND  =         0.0000  RESTRAINT  =         0.0000
 EKCMT  =       889.2664  VIRIAL  =      1166.0328  VOLUME     =     31026.5162
                                                    Density    =         0.9854
 ------------------------------------------------------------------------------

wrapping first mol.:       11.42586       16.15861       27.98752
wrapping first mol.:       11.42586       16.15861       27.98752

 NSTEP =    10500   TIME(PS) =      21.000  TEMP(K) =   301.66  PRESS =   -41.4
 Etot   =     -7884.6558  EKtot   =      1839.7434  EPtot      =     -9724.3992
 BOND   =         1.5177  ANGLE   =         8.1976  DIHED      =         5.0319
 UB     =         0.0000  IMP     =         0.0000  CMAP       =         0.2464
 1-4 NB =         3.3877  1-4 EEL =        47.0692  VDWAALS    =      1424.4213
 EELEC  =    -11214.2710  EHBOND  =         0.0000  RESTRAINT  =         0.0000
 EKCMT  =       913.6072  VIRIAL  =       941.2919  VOLUME     =     31003.4492
                                                    Density    =         0.9862
 ------------------------------------------------------------------------------

wrapping first mol.:       11.43618       16.17320       28.01281
wrapping first mol.:       11.43618       16.17320       28.01281

 NSTEP =    10600   TIME(PS) =      21.200  TEMP(K) =   304.73  PRESS =   364.7
 Etot   =     -7860.1501  EKtot   =      1858.4255  EPtot      =     -9718.5757
 BOND   =         3.5919  ANGLE   =         9.3573  DIHED      =         3.0943
 UB     =         0.0000  IMP     =         0.0000  CMAP       =         0.3809
 1-4 NB =         3.0277  1-4 EEL =        48.6310  VDWAALS    =      1475.4666
 EELEC  =    -11262.1255  EHBOND  =         0.0000  RESTRAINT  =         0.0000
 EKCMT  =       947.1230  VIRIAL  =       702.3409  VOLUME     =     31086.4326
                                                    Density    =         0.9835
 ------------------------------------------------------------------------------

wrapping first mol.:       11.44629       16.18749       28.03756
wrapping first mol.:       11.44629       16.18749       28.03756

 NSTEP =    10700   TIME(PS) =      21.400  TEMP(K) =   303.16  PRESS =    67.7
 Etot   =     -7856.5806  EKtot   =      1848.8750  EPtot      =     -9705.4556
 BOND   =         5.8272  ANGLE   =         8.4152  DIHED      =         4.0012
 UB     =         0.0000  IMP     =         0.0000  CMAP       =        -0.7068
 1-4 NB =         2.0952  1-4 EEL =        47.4602  VDWAALS    =      1431.8206
 EELEC  =    -11204.3684  EHBOND  =         0.0000  RESTRAINT  =         0.0000
 EKCMT  =       905.8611  VIRIAL  =       860.2726  VOLUME     =     31169.7312
                                                    Density    =         0.9809
 ------------------------------------------------------------------------------

wrapping first mol.:       11.44963       16.19222       28.04575
wrapping first mol.:       11.44963       16.19222       28.04575

 NSTEP =    10800   TIME(PS) =      21.600  TEMP(K) =   301.31  PRESS =   109.7
 Etot   =     -7875.2130  EKtot   =      1837.5771  EPtot      =     -9712.7901
 BOND   =         4.1659  ANGLE   =         9.0132  DIHED      =         5.3136
 UB     =         0.0000  IMP     =         0.0000  CMAP       =        -0.4156
 1-4 NB =         2.9489  1-4 EEL =        42.6570  VDWAALS    =      1447.7494
 EELEC  =    -11224.2226  EHBOND  =         0.0000  RESTRAINT  =         0.0000
 EKCMT  =       914.2753  VIRIAL  =       840.3692  VOLUME     =     31196.9243
                                                    Density    =         0.9801
 ------------------------------------------------------------------------------

wrapping first mol.:       11.44476       16.18533       28.03381
wrapping first mol.:       11.44476       16.18533       28.03381

 NSTEP =    10900   TIME(PS) =      21.800  TEMP(K) =   299.18  PRESS =  -224.0
 Etot   =     -7849.8030  EKtot   =      1824.5895  EPtot      =     -9674.3925
 BOND   =         4.2352  ANGLE   =         9.1543  DIHED      =         3.4147
 UB     =         0.0000  IMP     =         0.0000  CMAP       =        -0.0592
 1-4 NB =         2.5174  1-4 EEL =        43.6706  VDWAALS    =      1394.0152
 EELEC  =    -11131.3408  EHBOND  =         0.0000  RESTRAINT  =         0.0000
 EKCMT  =       916.8881  VIRIAL  =      1067.5883  VOLUME     =     31158.0273
                                                    Density    =         0.9813
 ------------------------------------------------------------------------------

wrapping first mol.:       11.44442       16.18485       28.03298
wrapping first mol.:       11.44442       16.18485       28.03298

 NSTEP =    11000   TIME(PS) =      22.000  TEMP(K) =   304.98  PRESS =   172.4
 Etot   =     -7857.8052  EKtot   =      1859.9602  EPtot      =     -9717.7654
 BOND   =         3.2429  ANGLE   =        10.7981  DIHED      =         5.6067
 UB     =         0.0000  IMP     =         0.0000  CMAP       =         0.7489
 1-4 NB =         2.3703  1-4 EEL =        44.7461  VDWAALS    =      1450.5368
 EELEC  =    -11235.8152  EHBOND  =         0.0000  RESTRAINT  =         0.0000
 EKCMT  =       945.0250  VIRIAL  =       829.0857  VOLUME     =     31154.1779
                                                    Density    =         0.9814
 ------------------------------------------------------------------------------

wrapping first mol.:       11.45237       16.19609       28.05245
wrapping first mol.:       11.45237       16.19609       28.05245

 NSTEP =    11100   TIME(PS) =      22.200  TEMP(K) =   295.07  PRESS =    56.0
 Etot   =     -7863.4856  EKtot   =      1799.5640  EPtot      =     -9663.0496
 BOND   =         3.8706  ANGLE   =         7.3654  DIHED      =         5.4926
 UB     =         0.0000  IMP     =         0.0000  CMAP       =         0.0701
 1-4 NB =         3.5315  1-4 EEL =        43.8929  VDWAALS    =      1435.8150
 EELEC  =    -11163.0877  EHBOND  =         0.0000  RESTRAINT  =         0.0000
 EKCMT  =       901.8690  VIRIAL  =       864.1496  VOLUME     =     31219.4534
                                                    Density    =         0.9794
 ------------------------------------------------------------------------------

wrapping first mol.:       11.44486       16.18548       28.03407
wrapping first mol.:       11.44486       16.18548       28.03407

 NSTEP =    11200   TIME(PS) =      22.400  TEMP(K) =   301.65  PRESS =   154.5
 Etot   =     -7855.0977  EKtot   =      1839.6489  EPtot      =     -9694.7467
 BOND   =         4.6268  ANGLE   =         8.8979  DIHED      =         5.5145
 UB     =         0.0000  IMP     =         0.0000  CMAP       =        -0.3779
 1-4 NB =         3.3585  1-4 EEL =        47.8019  VDWAALS    =      1457.4839
 EELEC  =    -11222.0523  EHBOND  =         0.0000  RESTRAINT  =         0.0000
 EKCMT  =       918.4399  VIRIAL  =       814.4881  VOLUME     =     31157.8335
                                                    Density    =         0.9813
 ------------------------------------------------------------------------------

wrapping first mol.:       11.45088       16.19399       28.04882
wrapping first mol.:       11.45088       16.19399       28.04882

 NSTEP =    11300   TIME(PS) =      22.600  TEMP(K) =   301.63  PRESS =   404.4
 Etot   =     -7870.8135  EKtot   =      1839.5558  EPtot      =     -9710.3693
 BOND   =         1.9878  ANGLE   =        10.5344  DIHED      =         5.9246
 UB     =         0.0000  IMP     =         0.0000  CMAP       =        -0.4202
 1-4 NB =         2.0421  1-4 EEL =        45.9628  VDWAALS    =      1499.8522
 EELEC  =    -11276.2530  EHBOND  =         0.0000  RESTRAINT  =         0.0000
 EKCMT  =       912.7348  VIRIAL  =       640.2402  VOLUME     =     31206.3482
                                                    Density    =         0.9798
 ------------------------------------------------------------------------------

wrapping first mol.:       11.45746       16.20330       28.06494
wrapping first mol.:       11.45746       16.20330       28.06494

 NSTEP =    11400   TIME(PS) =      22.800  TEMP(K) =   293.47  PRESS =  -704.7
 Etot   =     -7849.6215  EKtot   =      1789.7527  EPtot      =     -9639.3742
 BOND   =         3.5991  ANGLE   =         7.3095  DIHED      =         5.5567
 UB     =         0.0000  IMP     =         0.0000  CMAP       =        -0.2879
 1-4 NB =         3.8631  1-4 EEL =        48.2925  VDWAALS    =      1335.5886
 EELEC  =    -11043.2958  EHBOND  =         0.0000  RESTRAINT  =         0.0000
 EKCMT  =       902.4354  VIRIAL  =      1378.1089  VOLUME     =     31263.2804
                                                    Density    =         0.9780
 ------------------------------------------------------------------------------

wrapping first mol.:       11.44908       16.19145       28.04441
wrapping first mol.:       11.44908       16.19145       28.04441

 NSTEP =    11500   TIME(PS) =      23.000  TEMP(K) =   297.76  PRESS =  -151.2
 Etot   =     -7848.6160  EKtot   =      1815.9376  EPtot      =     -9664.5536
 BOND   =         4.8127  ANGLE   =         5.2027  DIHED      =         5.1433
 UB     =         0.0000  IMP     =         0.0000  CMAP       =        -0.8952
 1-4 NB =         3.0542  1-4 EEL =        45.0322  VDWAALS    =      1401.7632
 EELEC  =    -11128.6669  EHBOND  =         0.0000  RESTRAINT  =         0.0000
 EKCMT  =       930.9158  VIRIAL  =      1032.7721  VOLUME     =     31193.1732
                                                    Density    =         0.9802
 ------------------------------------------------------------------------------

wrapping first mol.:       11.44592       16.18698       28.03667
wrapping first mol.:       11.44592       16.18698       28.03667

 NSTEP =    11600   TIME(PS) =      23.200  TEMP(K) =   305.56  PRESS =   -31.4
 Etot   =     -7872.4993  EKtot   =      1863.5289  EPtot      =     -9736.0282
 BOND   =         2.0605  ANGLE   =         8.5514  DIHED      =         3.5981
 UB     =         0.0000  IMP     =         0.0000  CMAP       =        -0.0335
 1-4 NB =         2.7835  1-4 EEL =        45.1684  VDWAALS    =      1430.4707
 EELEC  =    -11228.6273  EHBOND  =         0.0000  RESTRAINT  =         0.0000
 EKCMT  =       963.2422  VIRIAL  =       984.4059  VOLUME     =     31167.0313
                                                    Density    =         0.9810
 ------------------------------------------------------------------------------

wrapping first mol.:       11.45307       16.19709       28.05418
wrapping first mol.:       11.45307       16.19709       28.05418

 NSTEP =    11700   TIME(PS) =      23.400  TEMP(K) =   295.99  PRESS =   328.7
 Etot   =     -7898.3479  EKtot   =      1805.1487  EPtot      =     -9703.4965
 BOND   =         4.9477  ANGLE   =         7.1668  DIHED      =         4.8051
 UB     =         0.0000  IMP     =         0.0000  CMAP       =        -0.7855
 1-4 NB =         3.2558  1-4 EEL =        43.0259  VDWAALS    =      1470.7208
 EELEC  =    -11236.6331  EHBOND  =         0.0000  RESTRAINT  =         0.0000
 EKCMT  =       932.7891  VIRIAL  =       711.2196  VOLUME     =     31224.4715
                                                    Density    =         0.9792
 ------------------------------------------------------------------------------

wrapping first mol.:       11.44786       16.18972       28.04141
wrapping first mol.:       11.44786       16.18972       28.04141

 NSTEP =    11800   TIME(PS) =      23.600  TEMP(K) =   292.40  PRESS =  -657.5
 Etot   =     -7914.1825  EKtot   =      1783.2607  EPtot      =     -9697.4433
 BOND   =         2.2820  ANGLE   =         5.6033  DIHED      =         4.9246
 UB     =         0.0000  IMP     =         0.0000  CMAP       =        -0.9803
 1-4 NB =         3.3149  1-4 EEL =        47.4475  VDWAALS    =      1342.3851
 EELEC  =    -11102.4205  EHBOND  =         0.0000  RESTRAINT  =         0.0000
 EKCMT  =       899.3022  VIRIAL  =      1342.0077  VOLUME     =     31184.5958
                                                    Density    =         0.9805
 ------------------------------------------------------------------------------

wrapping first mol.:       11.44164       16.18092       28.02617
wrapping first mol.:       11.44164       16.18092       28.02617

 NSTEP =    11900   TIME(PS) =      23.800  TEMP(K) =   288.42  PRESS =    60.8
 Etot   =     -7889.0496  EKtot   =      1758.9700  EPtot      =     -9648.0196
 BOND   =         2.9168  ANGLE   =        10.4530  DIHED      =         5.0608
 UB     =         0.0000  IMP     =         0.0000  CMAP       =        -0.4777
 1-4 NB =         3.3815  1-4 EEL =        44.1589  VDWAALS    =      1407.4161
 EELEC  =    -11120.9292  EHBOND  =         0.0000  RESTRAINT  =         0.0000
 EKCMT  =       893.6897  VIRIAL  =       852.8248  VOLUME     =     31131.7892
                                                    Density    =         0.9821
 ------------------------------------------------------------------------------

wrapping first mol.:       11.44196       16.18138       28.02697
wrapping first mol.:       11.44196       16.18138       28.02697

 NSTEP =    12000   TIME(PS) =      24.000  TEMP(K) =   296.92  PRESS =     5.1
 Etot   =     -7891.5410  EKtot   =      1810.8296  EPtot      =     -9702.3706
 BOND   =         1.4604  ANGLE   =         7.6704  DIHED      =         3.1103
 UB     =         0.0000  IMP     =         0.0000  CMAP       =        -0.7879
 1-4 NB =         3.4896  1-4 EEL =        50.0161  VDWAALS    =      1435.1253
 EELEC  =    -11202.4548  EHBOND  =         0.0000  RESTRAINT  =         0.0000
 EKCMT  =       906.3281  VIRIAL  =       902.8868  VOLUME     =     31134.5941
                                                    Density    =         0.9820
 ------------------------------------------------------------------------------

wrapping first mol.:       11.44306       16.18293       28.02965
wrapping first mol.:       11.44306       16.18293       28.02965

 NSTEP =    12100   TIME(PS) =      24.200  TEMP(K) =   298.09  PRESS =   323.7
 Etot   =     -7882.8874  EKtot   =      1817.9392  EPtot      =     -9700.8266
 BOND   =         4.4308  ANGLE   =         4.6779  DIHED      =         3.0791
 UB     =         0.0000  IMP     =         0.0000  CMAP       =        -0.6646
 1-4 NB =         3.2323  1-4 EEL =        47.6190  VDWAALS    =      1477.7489
 EELEC  =    -11240.9501  EHBOND  =         0.0000  RESTRAINT  =         0.0000
 EKCMT  =       924.3976  VIRIAL  =       706.7201  VOLUME     =     31142.6483
                                                    Density    =         0.9818
 ------------------------------------------------------------------------------

wrapping first mol.:       11.44039       16.17915       28.02311
wrapping first mol.:       11.44039       16.17915       28.02311

 NSTEP =    12200   TIME(PS) =      24.400  TEMP(K) =   299.69  PRESS =  -612.2
 Etot   =     -7883.4704  EKtot   =      1827.7396  EPtot      =     -9711.2100
 BOND   =         3.2473  ANGLE   =         5.7521  DIHED      =         3.6528
 UB     =         0.0000  IMP     =         0.0000  CMAP       =        -1.0002
 1-4 NB =         2.8339  1-4 EEL =        44.3551  VDWAALS    =      1349.4064
 EELEC  =    -11119.4575  EHBOND  =         0.0000  RESTRAINT  =         0.0000
 EKCMT  =       943.3157  VIRIAL  =      1354.7030  VOLUME     =     31123.4329
                                                    Density    =         0.9824
 ------------------------------------------------------------------------------

wrapping first mol.:       11.42904       16.16310       27.99532
wrapping first mol.:       11.42904       16.16310       27.99532

 NSTEP =    12300   TIME(PS) =      24.600  TEMP(K) =   296.08  PRESS =     2.4
 Etot   =     -7901.7253  EKtot   =      1805.6899  EPtot      =     -9707.4152
 BOND   =         4.4576  ANGLE   =         8.2868  DIHED      =         5.2360
 UB     =         0.0000  IMP     =         0.0000  CMAP       =        -0.0629
 1-4 NB =         3.1794  1-4 EEL =        44.1800  VDWAALS    =      1442.5824
 EELEC  =    -11215.2745  EHBOND  =         0.0000  RESTRAINT  =         0.0000
 EKCMT  =       875.5006  VIRIAL  =       873.8688  VOLUME     =     31029.2303
                                                    Density    =         0.9854
 ------------------------------------------------------------------------------

wrapping first mol.:       11.43943       16.17779       28.02076
wrapping first mol.:       11.43943       16.17779       28.02076

 NSTEP =    12400   TIME(PS) =      24.800  TEMP(K) =   306.53  PRESS =   263.0
 Etot   =     -7894.8582  EKtot   =      1869.4364  EPtot      =     -9764.2946
 BOND   =         5.5310  ANGLE   =         7.5105  DIHED      =         4.2726
 UB     =         0.0000  IMP     =         0.0000  CMAP       =        -0.0654
 1-4 NB =         4.3185  1-4 EEL =        45.6735  VDWAALS    =      1489.5300
 EELEC  =    -11321.0651  EHBOND  =         0.0000  RESTRAINT  =         0.0000
 EKCMT  =       934.7464  VIRIAL  =       758.0785  VOLUME     =     31113.1773
                                                    Density    =         0.9827
 ------------------------------------------------------------------------------

wrapping first mol.:       11.44406       16.18435       28.03211
wrapping first mol.:       11.44406       16.18435       28.03211

 NSTEP =    12500   TIME(PS) =      25.000  TEMP(K) =   305.50  PRESS =   104.3
 Etot   =     -7904.3164  EKtot   =      1863.1771  EPtot      =     -9767.4936
 BOND   =         3.1717  ANGLE   =         4.6451  DIHED      =         5.3186
 UB     =         0.0000  IMP     =         0.0000  CMAP       =        -0.8390
 1-4 NB =         2.7683  1-4 EEL =        46.2536  VDWAALS    =      1465.8629
 EELEC  =    -11294.6746  EHBOND  =         0.0000  RESTRAINT  =         0.0000
 EKCMT  =       945.2078  VIRIAL  =       875.0657  VOLUME     =     31151.4605
                                                    Density    =         0.9815
 ------------------------------------------------------------------------------

wrapping first mol.:       11.45920       16.20576       28.06920
wrapping first mol.:       11.45920       16.20576       28.06920

 NSTEP =    12600   TIME(PS) =      25.200  TEMP(K) =   300.33  PRESS =   562.6
 Etot   =     -7920.7362  EKtot   =      1831.6338  EPtot      =     -9752.3700
 BOND   =         1.4229  ANGLE   =         7.9121  DIHED      =         7.0038
 UB     =         0.0000  IMP     =         0.0000  CMAP       =        -0.4480
 1-4 NB =         4.3375  1-4 EEL =        49.0554  VDWAALS    =      1551.0720
 EELEC  =    -11372.7257  EHBOND  =         0.0000  RESTRAINT  =         0.0000
 EKCMT  =       902.0338  VIRIAL  =       522.1405  VOLUME     =     31273.9789
                                                    Density    =         0.9777
 ------------------------------------------------------------------------------

wrapping first mol.:       11.44811       16.19007       28.04202
wrapping first mol.:       11.44811       16.19007       28.04202

 NSTEP =    12700   TIME(PS) =      25.400  TEMP(K) =   300.49  PRESS =    80.1
 Etot   =     -7905.5347  EKtot   =      1832.5822  EPtot      =     -9738.1168
 BOND   =         3.4522  ANGLE   =        10.3950  DIHED      =         3.6031
 UB     =         0.0000  IMP     =         0.0000  CMAP       =        -0.2238
 1-4 NB =         3.2753  1-4 EEL =        45.7893  VDWAALS    =      1464.4029
 EELEC  =    -11268.8108  EHBOND  =         0.0000  RESTRAINT  =         0.0000
 EKCMT  =       930.0288  VIRIAL  =       876.1196  VOLUME     =     31184.5626
                                                    Density    =         0.9805
 ------------------------------------------------------------------------------

wrapping first mol.:       11.45193       16.19548       28.05139
wrapping first mol.:       11.45193       16.19548       28.05139

 NSTEP =    12800   TIME(PS) =      25.600  TEMP(K) =   295.84  PRESS =    54.9
 Etot   =     -7974.7837  EKtot   =      1804.2070  EPtot      =     -9778.9908
 BOND   =         1.4177  ANGLE   =         9.4277  DIHED      =         4.1094
 UB     =         0.0000  IMP     =         0.0000  CMAP       =        -0.5132
 1-4 NB =         2.4766  1-4 EEL =        45.8382  VDWAALS    =      1494.8020
 EELEC  =    -11336.5493  EHBOND  =         0.0000  RESTRAINT  =         0.0000
 EKCMT  =       913.8473  VIRIAL  =       876.8211  VOLUME     =     31215.9113
                                                    Density    =         0.9795
 ------------------------------------------------------------------------------

wrapping first mol.:       11.44046       16.17925       28.02328
wrapping first mol.:       11.44046       16.17925       28.02328

 NSTEP =    12900   TIME(PS) =      25.800  TEMP(K) =   296.72  PRESS =  -130.9
 Etot   =     -8000.4818  EKtot   =      1809.6217  EPtot      =     -9810.1035
 BOND   =         5.5515  ANGLE   =         5.8262  DIHED      =         4.5576
 UB     =         0.0000  IMP     =         0.0000  CMAP       =        -0.0175
 1-4 NB =         3.2755  1-4 EEL =        46.5100  VDWAALS    =      1468.1073
 EELEC  =    -11343.9141  EHBOND  =         0.0000  RESTRAINT  =         0.0000
 EKCMT  =       898.7382  VIRIAL  =       986.6960  VOLUME     =     31122.6949
                                                    Density    =         0.9824
 ------------------------------------------------------------------------------

wrapping first mol.:       11.45505       16.19989       28.05904
wrapping first mol.:       11.45505       16.19989       28.05904

 NSTEP =    13000   TIME(PS) =      26.000  TEMP(K) =   307.43  PRESS =    50.5
 Etot   =     -7990.9143  EKtot   =      1874.9358  EPtot      =     -9865.8500
 BOND   =         1.6711  ANGLE   =         7.2001  DIHED      =         4.3984
 UB     =         0.0000  IMP     =         0.0000  CMAP       =         0.2949
 1-4 NB =         3.9086  1-4 EEL =        44.9359  VDWAALS    =      1495.8218
 EELEC  =    -11424.0809  EHBOND  =         0.0000  RESTRAINT  =         0.0000
 EKCMT  =       950.7631  VIRIAL  =       916.6817  VOLUME     =     31241.4546
                                                    Density    =         0.9787
 ------------------------------------------------------------------------------

wrapping first mol.:       11.45553       16.20057       28.06021
wrapping first mol.:       11.45553       16.20057       28.06021

 NSTEP =    13100   TIME(PS) =      26.200  TEMP(K) =   295.51  PRESS =  -235.9
 Etot   =     -8002.9716  EKtot   =      1802.1973  EPtot      =     -9805.1689
 BOND   =         1.7101  ANGLE   =        11.0313  DIHED      =         4.7494
 UB     =         0.0000  IMP     =         0.0000  CMAP       =        -0.2492
 1-4 NB =         4.1226  1-4 EEL =        47.9303  VDWAALS    =      1444.2396
 EELEC  =    -11318.7030  EHBOND  =         0.0000  RESTRAINT  =         0.0000
 EKCMT  =       937.8551  VIRIAL  =      1096.9951  VOLUME     =     31246.1610
                                                    Density    =         0.9785
 ------------------------------------------------------------------------------

wrapping first mol.:       11.46204       16.20977       28.07614
wrapping first mol.:       11.46204       16.20977       28.07614

 NSTEP =    13200   TIME(PS) =      26.400  TEMP(K) =   294.98  PRESS =   -97.0
 Etot   =     -7998.3657  EKtot   =      1798.9668  EPtot      =     -9797.3325
 BOND   =         3.3620  ANGLE   =         9.9451  DIHED      =         4.6666
 UB     =         0.0000  IMP     =         0.0000  CMAP       =        -0.2447
 1-4 NB =         3.8752  1-4 EEL =        47.6116  VDWAALS    =      1473.5245
 EELEC  =    -11340.0727  EHBOND  =         0.0000  RESTRAINT  =         0.0000
 EKCMT  =       900.5105  VIRIAL  =       966.0541  VOLUME     =     31299.0191
                                                    Density    =         0.9769
 ------------------------------------------------------------------------------

wrapping first mol.:       11.46907       16.21972       28.09337
wrapping first mol.:       11.46907       16.21972       28.09337

 NSTEP =    13300   TIME(PS) =      26.600  TEMP(K) =   300.42  PRESS =   -36.8
 Etot   =     -7929.6483  EKtot   =      1832.1871  EPtot      =     -9761.8355
 BOND   =         3.7449  ANGLE   =         8.0771  DIHED      =         6.1620
 UB     =         0.0000  IMP     =         0.0000  CMAP       =        -0.0782
 1-4 NB =         2.9685  1-4 EEL =        44.0940  VDWAALS    =      1459.6125
 EELEC  =    -11286.4163  EHBOND  =         0.0000  RESTRAINT  =         0.0000
 EKCMT  =       915.0720  VIRIAL  =       940.0016  VOLUME     =     31356.5319
                                                    Density    =         0.9751
 ------------------------------------------------------------------------------

wrapping first mol.:       11.46010       16.20702       28.07139
wrapping first mol.:       11.46010       16.20702       28.07139

 NSTEP =    13400   TIME(PS) =      26.800  TEMP(K) =   292.08  PRESS =  -624.8
 Etot   =     -7958.5274  EKtot   =      1781.2791  EPtot      =     -9739.8064
 BOND   =         2.4434  ANGLE   =         6.2785  DIHED      =         5.6172
 UB     =         0.0000  IMP     =         0.0000  CMAP       =        -0.4317
 1-4 NB =         3.5235  1-4 EEL =        45.3220  VDWAALS    =      1379.5901
 EELEC  =    -11182.1494  EHBOND  =         0.0000  RESTRAINT  =         0.0000
 EKCMT  =       884.0509  VIRIAL  =      1306.0960  VOLUME     =     31284.6127
                                                    Density    =         0.9773
 ------------------------------------------------------------------------------

wrapping first mol.:       11.45454       16.19916       28.05777
wrapping first mol.:       11.45454       16.19916       28.05777

 NSTEP =    13500   TIME(PS) =      27.000  TEMP(K) =   299.92  PRESS =   -35.6
 Etot   =     -7876.3018  EKtot   =      1829.1064  EPtot      =     -9705.4082
 BOND   =         3.8434  ANGLE   =         7.3567  DIHED      =         4.6882
 UB     =         0.0000  IMP     =         0.0000  CMAP       =        -1.0755
 1-4 NB =         3.9390  1-4 EEL =        46.4582  VDWAALS    =      1446.0205
 EELEC  =    -11216.6387  EHBOND  =         0.0000  RESTRAINT  =         0.0000
 EKCMT  =       898.8416  VIRIAL  =       922.8335  VOLUME     =     31237.4552
                                                    Density    =         0.9788
 ------------------------------------------------------------------------------

wrapping first mol.:       11.45313       16.19718       28.05433
wrapping first mol.:       11.45313       16.19718       28.05433

 NSTEP =    13600   TIME(PS) =      27.200  TEMP(K) =   301.18  PRESS =  -415.9
 Etot   =     -7867.2901  EKtot   =      1836.8335  EPtot      =     -9704.1236
 BOND   =         4.3698  ANGLE   =         8.1829  DIHED      =         3.5574
 UB     =         0.0000  IMP     =         0.0000  CMAP       =        -0.5440
 1-4 NB =         2.5813  1-4 EEL =        45.5636  VDWAALS    =      1389.9540
 EELEC  =    -11157.7885  EHBOND  =         0.0000  RESTRAINT  =         0.0000
 EKCMT  =       916.7105  VIRIAL  =      1197.1154  VOLUME     =     31227.0425
                                                    Density    =         0.9791
 ------------------------------------------------------------------------------

wrapping first mol.:       11.45293       16.19689       28.05384
wrapping first mol.:       11.45293       16.19689       28.05384

 NSTEP =    13700   TIME(PS) =      27.400  TEMP(K) =   295.10  PRESS =   114.4
 Etot   =     -7916.1672  EKtot   =      1799.7241  EPtot      =     -9715.8913
 BOND   =         3.0144  ANGLE   =        11.0184  DIHED      =         4.5514
 UB     =         0.0000  IMP     =         0.0000  CMAP       =        -0.7586
 1-4 NB =         2.3205  1-4 EEL =        44.9843  VDWAALS    =      1460.0028
 EELEC  =    -11241.0245  EHBOND  =         0.0000  RESTRAINT  =         0.0000
 EKCMT  =       907.6697  VIRIAL  =       830.5535  VOLUME     =     31223.9116
                                                    Density    =         0.9792
 ------------------------------------------------------------------------------

wrapping first mol.:       11.45923       16.20580       28.06926
wrapping first mol.:       11.45923       16.20580       28.06926

 NSTEP =    13800   TIME(PS) =      27.600  TEMP(K) =   292.89  PRESS =  -187.9
 Etot   =     -7941.9098  EKtot   =      1786.2507  EPtot      =     -9728.1605
 BOND   =         4.3309  ANGLE   =         6.5166  DIHED      =         3.1769
 UB     =         0.0000  IMP     =         0.0000  CMAP       =        -0.7929
 1-4 NB =         3.6854  1-4 EEL =        46.9462  VDWAALS    =      1431.5447
 EELEC  =    -11223.5681  EHBOND  =         0.0000  RESTRAINT  =         0.0000
 EKCMT  =       913.4303  VIRIAL  =      1040.3446  VOLUME     =     31276.2992
                                                    Density    =         0.9776
 ------------------------------------------------------------------------------

wrapping first mol.:       11.45600       16.20124       28.06136
wrapping first mol.:       11.45600       16.20124       28.06136

 NSTEP =    13900   TIME(PS) =      27.800  TEMP(K) =   295.55  PRESS =   246.9
 Etot   =     -7929.5204  EKtot   =      1802.4637  EPtot      =     -9731.9841
 BOND   =         2.2873  ANGLE   =         9.7265  DIHED      =         2.6285
 UB     =         0.0000  IMP     =         0.0000  CMAP       =        -0.3063
 1-4 NB =         3.5203  1-4 EEL =        47.3363  VDWAALS    =      1491.9730
 EELEC  =    -11289.1497  EHBOND  =         0.0000  RESTRAINT  =         0.0000
 EKCMT  =       888.4119  VIRIAL  =       721.8210  VOLUME     =     31248.6789
                                                    Density    =         0.9784
 ------------------------------------------------------------------------------

wrapping first mol.:       11.45537       16.20034       28.05982
wrapping first mol.:       11.45537       16.20034       28.05982

 NSTEP =    14000   TIME(PS) =      28.000  TEMP(K) =   299.67  PRESS =    48.6
 Etot   =     -7957.4467  EKtot   =      1827.5746  EPtot      =     -9785.0213
 BOND   =         4.7891  ANGLE   =        10.7912  DIHED      =         5.9890
 UB     =         0.0000  IMP     =         0.0000  CMAP       =        -0.1502
 1-4 NB =         2.7675  1-4 EEL =        41.1183  VDWAALS    =      1484.2399
 EELEC  =    -11334.5661  EHBOND  =         0.0000  RESTRAINT  =         0.0000
 EKCMT  =       929.3382  VIRIAL  =       896.5736  VOLUME     =     31244.0667
                                                    Density    =         0.9786
 ------------------------------------------------------------------------------

wrapping first mol.:       11.45967       16.20641       28.07033
wrapping first mol.:       11.45967       16.20641       28.07033

 NSTEP =    14100   TIME(PS) =      28.200  TEMP(K) =   293.83  PRESS =   -53.2
 Etot   =     -7975.6374  EKtot   =      1791.9718  EPtot      =     -9767.6092
 BOND   =         4.5675  ANGLE   =         7.8694  DIHED      =         3.7144
 UB     =         0.0000  IMP     =         0.0000  CMAP       =        -0.1135
 1-4 NB =         4.1988  1-4 EEL =        46.5894  VDWAALS    =      1458.4460
 EELEC  =    -11292.8813  EHBOND  =         0.0000  RESTRAINT  =         0.0000
 EKCMT  =       916.5904  VIRIAL  =       952.5325  VOLUME     =     31279.4865
                                                    Density    =         0.9775
 ------------------------------------------------------------------------------

wrapping first mol.:       11.46479       16.21366       28.08288
wrapping first mol.:       11.46479       16.21366       28.08288

 NSTEP =    14200   TIME(PS) =      28.400  TEMP(K) =   295.20  PRESS =   -21.6
 Etot   =     -7974.0236  EKtot   =      1800.3243  EPtot      =     -9774.3479
 BOND   =         3.3965  ANGLE   =         4.6581  DIHED      =         7.6159
 UB     =         0.0000  IMP     =         0.0000  CMAP       =         0.3221
 1-4 NB =         2.9652  1-4 EEL =        45.1426  VDWAALS    =      1466.7019
 EELEC  =    -11305.1501  EHBOND  =         0.0000  RESTRAINT  =         0.0000
 EKCMT  =       923.5945  VIRIAL  =       938.1857  VOLUME     =     31321.3808
                                                    Density    =         0.9762
 ------------------------------------------------------------------------------

wrapping first mol.:       11.46863       16.21909       28.09228
wrapping first mol.:       11.46863       16.21909       28.09228

 NSTEP =    14300   TIME(PS) =      28.600  TEMP(K) =   290.75  PRESS =  -157.7
 Etot   =     -7998.6628  EKtot   =      1773.1873  EPtot      =     -9771.8500
 BOND   =         2.7660  ANGLE   =         8.0506  DIHED      =         3.6230
 UB     =         0.0000  IMP     =         0.0000  CMAP       =        -0.7513
 1-4 NB =         2.4548  1-4 EEL =        43.4976  VDWAALS    =      1452.7902
 EELEC  =    -11284.2811  EHBOND  =         0.0000  RESTRAINT  =         0.0000
 EKCMT  =       910.1579  VIRIAL  =      1016.8928  VOLUME     =     31353.2173
                                                    Density    =         0.9752
 ------------------------------------------------------------------------------

wrapping first mol.:       11.45942       16.20607       28.06973
wrapping first mol.:       11.45942       16.20607       28.06973

 NSTEP =    14400   TIME(PS) =      28.800  TEMP(K) =   293.95  PRESS =  -264.3
 Etot   =     -8008.3261  EKtot   =      1792.6929  EPtot      =     -9801.0190
 BOND   =         1.8864  ANGLE   =         9.9628  DIHED      =         3.6907
 UB     =         0.0000  IMP     =         0.0000  CMAP       =        -0.3089
 1-4 NB =         3.6516  1-4 EEL =        44.4818  VDWAALS    =      1441.9388
 EELEC  =    -11306.3221  EHBOND  =         0.0000  RESTRAINT  =         0.0000
 EKCMT  =       914.6790  VIRIAL  =      1093.1530  VOLUME     =     31278.0718
                                                    Density    =         0.9775
 ------------------------------------------------------------------------------

wrapping first mol.:       11.45386       16.19821       28.05611
wrapping first mol.:       11.45386       16.19821       28.05611

 NSTEP =    14500   TIME(PS) =      29.000  TEMP(K) =   290.88  PRESS =  -219.1
 Etot   =     -8013.6617  EKtot   =      1773.9684  EPtot      =     -9787.6301
 BOND   =         4.0246  ANGLE   =         9.7708  DIHED      =         4.6025
 UB     =         0.0000  IMP     =         0.0000  CMAP       =        -0.5166
 1-4 NB =         2.5829  1-4 EEL =        43.8779  VDWAALS    =      1450.4717
 EELEC  =    -11302.4438  EHBOND  =         0.0000  RESTRAINT  =         0.0000
 EKCMT  =       913.4697  VIRIAL  =      1061.2353  VOLUME     =     31232.4484
                                                    Density    =         0.9790
 ------------------------------------------------------------------------------

wrapping first mol.:       11.43925       16.17754       28.02033
wrapping first mol.:       11.43925       16.17754       28.02033

 NSTEP =    14600   TIME(PS) =      29.200  TEMP(K) =   294.29  PRESS =    30.5
 Etot   =     -7968.3051  EKtot   =      1794.7594  EPtot      =     -9763.0645
 BOND   =         2.8790  ANGLE   =        10.7686  DIHED      =         3.2415
 UB     =         0.0000  IMP     =         0.0000  CMAP       =        -0.7013
 1-4 NB =         3.4140  1-4 EEL =        49.8240  VDWAALS    =      1465.2038
 EELEC  =    -11297.6941  EHBOND  =         0.0000  RESTRAINT  =         0.0000
 EKCMT  =       897.4097  VIRIAL  =       876.9134  VOLUME     =     31112.3918
                                                    Density    =         0.9827
 ------------------------------------------------------------------------------

wrapping first mol.:       11.44168       16.18098       28.02628
wrapping first mol.:       11.44168       16.18098       28.02628

 NSTEP =    14700   TIME(PS) =      29.400  TEMP(K) =   295.99  PRESS =  -158.4
 Etot   =     -7971.4952  EKtot   =      1805.1478  EPtot      =     -9776.6430
 BOND   =         2.0579  ANGLE   =         8.3033  DIHED      =         4.7084
 UB     =         0.0000  IMP     =         0.0000  CMAP       =        -1.1715
 1-4 NB =         3.5893  1-4 EEL =        49.2309  VDWAALS    =      1453.5702
 EELEC  =    -11296.9315  EHBOND  =         0.0000  RESTRAINT  =         0.0000
 EKCMT  =       900.6547  VIRIAL  =      1007.1550  VOLUME     =     31132.7457
                                                    Density    =         0.9821
 ------------------------------------------------------------------------------

wrapping first mol.:       11.43855       16.17656       28.01862
wrapping first mol.:       11.43855       16.17656       28.01862

 NSTEP =    14800   TIME(PS) =      29.600  TEMP(K) =   297.01  PRESS =   147.7
 Etot   =     -7950.6390  EKtot   =      1811.4022  EPtot      =     -9762.0412
 BOND   =         3.7426  ANGLE   =         8.0902  DIHED      =         4.5677
 UB     =         0.0000  IMP     =         0.0000  CMAP       =        -0.7742
 1-4 NB =         2.4041  1-4 EEL =        46.0034  VDWAALS    =      1485.1906
 EELEC  =    -11311.2656  EHBOND  =         0.0000  RESTRAINT  =         0.0000
 EKCMT  =       891.6454  VIRIAL  =       792.4754  VOLUME     =     31106.3703
                                                    Density    =         0.9829
 ------------------------------------------------------------------------------

wrapping first mol.:       11.44243       16.18204       28.02811
wrapping first mol.:       11.44243       16.18204       28.02811

 NSTEP =    14900   TIME(PS) =      29.800  TEMP(K) =   301.91  PRESS =   474.9
 Etot   =     -7951.4072  EKtot   =      1841.2534  EPtot      =     -9792.6606
 BOND   =         3.7603  ANGLE   =         7.6493  DIHED      =         3.8683
 UB     =         0.0000  IMP     =         0.0000  CMAP       =        -0.1833
 1-4 NB =         2.2806  1-4 EEL =        43.2481  VDWAALS    =      1543.4269
 EELEC  =    -11396.7109  EHBOND  =         0.0000  RESTRAINT  =         0.0000
 EKCMT  =       923.6787  VIRIAL  =       604.3784  VOLUME     =     31137.0794
                                                    Density    =         0.9819
 ------------------------------------------------------------------------------

wrapping first mol.:       11.44109       16.18015       28.02484
wrapping first mol.:       11.44109       16.18015       28.02484

 NSTEP =    15000   TIME(PS) =      30.000  TEMP(K) =   292.92  PRESS =    75.7
 Etot   =     -7925.3528  EKtot   =      1786.4103  EPtot      =     -9711.7631
 BOND   =         4.7594  ANGLE   =         6.9525  DIHED      =         4.9049
 UB     =         0.0000  IMP     =         0.0000  CMAP       =        -0.2428
 1-4 NB =         3.0203  1-4 EEL =        44.1869  VDWAALS    =      1456.3612
 EELEC  =    -11231.7056  EHBOND  =         0.0000  RESTRAINT  =         0.0000
 EKCMT  =       887.3102  VIRIAL  =       836.4526  VOLUME     =     31127.2972
                                                    Density    =         0.9823
 ------------------------------------------------------------------------------

wrapping first mol.:       11.44459       16.18509       28.03339
wrapping first mol.:       11.44459       16.18509       28.03339

 NSTEP =    15100   TIME(PS) =      30.200  TEMP(K) =   299.83  PRESS =   197.1
 Etot   =     -7961.4843  EKtot   =      1828.5682  EPtot      =     -9790.0525
 BOND   =         5.8671  ANGLE   =         9.7031  DIHED      =         4.3925
 UB     =         0.0000  IMP     =         0.0000  CMAP       =         0.0206
 1-4 NB =         2.0967  1-4 EEL =        42.7763  VDWAALS    =      1501.3477
 EELEC  =    -11356.2565  EHBOND  =         0.0000  RESTRAINT  =         0.0000
 EKCMT  =       906.0909  VIRIAL  =       773.5353  VOLUME     =     31155.4743
                                                    Density    =         0.9814
 ------------------------------------------------------------------------------

wrapping first mol.:       11.44639       16.18764       28.03781
wrapping first mol.:       11.44639       16.18764       28.03781

 NSTEP =    15200   TIME(PS) =      30.400  TEMP(K) =   286.78  PRESS =   -91.8
 Etot   =     -8008.7299  EKtot   =      1748.9924  EPtot      =     -9757.7224
 BOND   =         2.8693  ANGLE   =         5.0705  DIHED      =         4.5980
 UB     =         0.0000  IMP     =         0.0000  CMAP       =         0.3169
 1-4 NB =         3.2098  1-4 EEL =        48.2628  VDWAALS    =      1455.3106
 EELEC  =    -11277.3602  EHBOND  =         0.0000  RESTRAINT  =         0.0000
 EKCMT  =       853.8996  VIRIAL  =       915.6608  VOLUME     =     31171.0014
                                                    Density    =         0.9809
 ------------------------------------------------------------------------------

wrapping first mol.:       11.44692       16.18839       28.03911
wrapping first mol.:       11.44692       16.18839       28.03911

 NSTEP =    15300   TIME(PS) =      30.600  TEMP(K) =   287.81  PRESS =    62.1
 Etot   =     -8010.1028  EKtot   =      1755.2625  EPtot      =     -9765.3652
 BOND   =         2.0454  ANGLE   =         9.7464  DIHED      =         3.1083
 UB     =         0.0000  IMP     =         0.0000  CMAP       =        -0.1714
 1-4 NB =         2.4250  1-4 EEL =        45.3632  VDWAALS    =      1465.9562
 EELEC  =    -11293.8382  EHBOND  =         0.0000  RESTRAINT  =         0.0000
 EKCMT  =       886.1049  VIRIAL  =       844.2947  VOLUME     =     31174.9034
                                                    Density    =         0.9808
 ------------------------------------------------------------------------------

wrapping first mol.:       11.44626       16.18746       28.03750
wrapping first mol.:       11.44626       16.18746       28.03750

 NSTEP =    15400   TIME(PS) =      30.800  TEMP(K) =   298.68  PRESS =  -189.7
 Etot   =     -8032.0256  EKtot   =      1821.5474  EPtot      =     -9853.5730
 BOND   =         2.9120  ANGLE   =         7.6580  DIHED      =         3.7349
 UB     =         0.0000  IMP     =         0.0000  CMAP       =         0.5685
 1-4 NB =         2.5472  1-4 EEL =        43.3809  VDWAALS    =      1469.7376
 EELEC  =    -11384.1122  EHBOND  =         0.0000  RESTRAINT  =         0.0000
 EKCMT  =       922.7660  VIRIAL  =      1050.4084  VOLUME     =     31170.2286
                                                    Density    =         0.9809
 ------------------------------------------------------------------------------

wrapping first mol.:       11.45583       16.20099       28.06094
wrapping first mol.:       11.45583       16.20099       28.06094

 NSTEP =    15500   TIME(PS) =      31.000  TEMP(K) =   291.41  PRESS =    88.8
 Etot   =     -8017.2557  EKtot   =      1777.2141  EPtot      =     -9794.4698
 BOND   =         0.9939  ANGLE   =        11.0420  DIHED      =         4.8857
 UB     =         0.0000  IMP     =         0.0000  CMAP       =         1.1264
 1-4 NB =         2.9692  1-4 EEL =        47.8020  VDWAALS    =      1502.9108
 EELEC  =    -11366.1999  EHBOND  =         0.0000  RESTRAINT  =         0.0000
 EKCMT  =       863.4619  VIRIAL  =       803.5497  VOLUME     =     31247.6980
                                                    Density    =         0.9785
 ------------------------------------------------------------------------------

wrapping first mol.:       11.45762       16.20352       28.06531
wrapping first mol.:       11.45762       16.20352       28.06531

 NSTEP =    15600   TIME(PS) =      31.200  TEMP(K) =   289.08  PRESS =  -115.6
 Etot   =     -8053.8060  EKtot   =      1763.0037  EPtot      =     -9816.8096
 BOND   =         2.6507  ANGLE   =         7.9793  DIHED      =         6.3673
 UB     =         0.0000  IMP     =         0.0000  CMAP       =         1.2421
 1-4 NB =         2.4317  1-4 EEL =        47.6838  VDWAALS    =      1484.8192
 EELEC  =    -11369.9836  EHBOND  =         0.0000  RESTRAINT  =         0.0000
 EKCMT  =       862.0002  VIRIAL  =       940.0120  VOLUME     =     31262.8863
                                                    Density    =         0.9780
 ------------------------------------------------------------------------------

wrapping first mol.:       11.44752       16.18924       28.04058
wrapping first mol.:       11.44752       16.18924       28.04058

 NSTEP =    15700   TIME(PS) =      31.400  TEMP(K) =   296.04  PRESS =  -594.7
 Etot   =     -7997.2531  EKtot   =      1805.4674  EPtot      =     -9802.7205
 BOND   =         4.1848  ANGLE   =         8.0097  DIHED      =         5.6273
 UB     =         0.0000  IMP     =         0.0000  CMAP       =         0.3144
 1-4 NB =         2.5568  1-4 EEL =        43.4640  VDWAALS    =      1399.6833
 EELEC  =    -11266.5609  EHBOND  =         0.0000  RESTRAINT  =         0.0000
 EKCMT  =       901.2578  VIRIAL  =      1301.6733  VOLUME     =     31181.6316
                                                    Density    =         0.9805
 ------------------------------------------------------------------------------

wrapping first mol.:       11.44253       16.18218       28.02835
wrapping first mol.:       11.44253       16.18218       28.02835

 NSTEP =    15800   TIME(PS) =      31.600  TEMP(K) =   293.02  PRESS =  -100.2
 Etot   =     -7992.8771  EKtot   =      1787.0529  EPtot      =     -9779.9299
 BOND   =         2.7796  ANGLE   =         9.4348  DIHED      =         4.1602
 UB     =         0.0000  IMP     =         0.0000  CMAP       =         0.1960
 1-4 NB =         2.9013  1-4 EEL =        47.9897  VDWAALS    =      1468.7996
 EELEC  =    -11316.1911  EHBOND  =         0.0000  RESTRAINT  =         0.0000
 EKCMT  =       879.5901  VIRIAL  =       946.9605  VOLUME     =     31139.4863
                                                    Density    =         0.9819
 ------------------------------------------------------------------------------

wrapping first mol.:       11.43629       16.17336       28.01307
wrapping first mol.:       11.43629       16.17336       28.01307

 NSTEP =    15900   TIME(PS) =      31.800  TEMP(K) =   288.02  PRESS =  -148.4
 Etot   =     -7990.4276  EKtot   =      1756.5376  EPtot      =     -9746.9652
 BOND   =         1.7982  ANGLE   =         9.3045  DIHED      =         6.1018
 UB     =         0.0000  IMP     =         0.0000  CMAP       =         0.5907
 1-4 NB =         3.2152  1-4 EEL =        51.0494  VDWAALS    =      1431.9175
 EELEC  =    -11250.9425  EHBOND  =         0.0000  RESTRAINT  =         0.0000
 EKCMT  =       902.5743  VIRIAL  =      1002.1622  VOLUME     =     31088.7346
                                                    Density    =         0.9835
 ------------------------------------------------------------------------------

wrapping first mol.:       11.43994       16.17852       28.02202
wrapping first mol.:       11.43994       16.17852       28.02202

 NSTEP =    16000   TIME(PS) =      32.000  TEMP(K) =   296.99  PRESS =   -79.9
 Etot   =     -7954.4123  EKtot   =      1811.2505  EPtot      =     -9765.6628
 BOND   =         2.5450  ANGLE   =         9.0450  DIHED      =         4.2872
 UB     =         0.0000  IMP     =         0.0000  CMAP       =         1.1746
 1-4 NB =         4.2226  1-4 EEL =        46.0522  VDWAALS    =      1445.5473
 EELEC  =    -11278.5368  EHBOND  =         0.0000  RESTRAINT  =         0.0000
 EKCMT  =       906.5437  VIRIAL  =       960.2204  VOLUME     =     31118.3417
                                                    Density    =         0.9825
 ------------------------------------------------------------------------------

wrapping first mol.:       11.44509       16.18580       28.03463
wrapping first mol.:       11.44509       16.18580       28.03463

 NSTEP =    16100   TIME(PS) =      32.200  TEMP(K) =   292.05  PRESS =   148.6
 Etot   =     -7965.7806  EKtot   =      1781.1198  EPtot      =     -9746.9004
 BOND   =         3.9517  ANGLE   =         8.6459  DIHED      =         5.6709
 UB     =         0.0000  IMP     =         0.0000  CMAP       =         1.1451
 1-4 NB =         2.9676  1-4 EEL =        46.0139  VDWAALS    =      1472.6164
 EELEC  =    -11287.9119  EHBOND  =         0.0000  RESTRAINT  =         0.0000
 EKCMT  =       901.9546  VIRIAL  =       801.9748  VOLUME     =     31159.7163
                                                    Density    =         0.9812
 ------------------------------------------------------------------------------

wrapping first mol.:       11.43929       16.17760       28.02043
wrapping first mol.:       11.43929       16.17760       28.02043

 NSTEP =    16200   TIME(PS) =      32.400  TEMP(K) =   297.83  PRESS =    53.1
 Etot   =     -7913.9474  EKtot   =      1816.3938  EPtot      =     -9730.3412
 BOND   =         1.3200  ANGLE   =         8.6946  DIHED      =         4.3026
 UB     =         0.0000  IMP     =         0.0000  CMAP       =         0.0222
 1-4 NB =         3.1995  1-4 EEL =        49.0122  VDWAALS    =      1442.7556
 EELEC  =    -11239.6480  EHBOND  =         0.0000  RESTRAINT  =         0.0000
 EKCMT  =       924.9029  VIRIAL  =       889.2581  VOLUME     =     31112.6702
                                                    Density    =         0.9827
 ------------------------------------------------------------------------------

wrapping first mol.:       11.43683       16.17411       28.01439
wrapping first mol.:       11.43683       16.17411       28.01439

 NSTEP =    16300   TIME(PS) =      32.600  TEMP(K) =   296.18  PRESS =  -130.6
 Etot   =     -7918.4724  EKtot   =      1806.2944  EPtot      =     -9724.7668
 BOND   =         1.0297  ANGLE   =         5.8853  DIHED      =         4.1960
 UB     =         0.0000  IMP     =         0.0000  CMAP       =         1.2125
 1-4 NB =         3.1324  1-4 EEL =        48.0453  VDWAALS    =      1429.6265
 EELEC  =    -11217.8945  EHBOND  =         0.0000  RESTRAINT  =         0.0000
 EKCMT  =       895.7456  VIRIAL  =       983.4099  VOLUME     =     31093.0529
                                                    Density    =         0.9833
 ------------------------------------------------------------------------------

wrapping first mol.:       11.42961       16.16390       27.99670
wrapping first mol.:       11.42961       16.16390       27.99670

 NSTEP =    16400   TIME(PS) =      32.800  TEMP(K) =   294.15  PRESS =  -258.8
 Etot   =     -7928.0865  EKtot   =      1793.9346  EPtot      =     -9722.0211
 BOND   =         1.4715  ANGLE   =         9.2457  DIHED      =         7.1628
 UB     =         0.0000  IMP     =         0.0000  CMAP       =        -0.1320
 1-4 NB =         3.0199  1-4 EEL =        47.6656  VDWAALS    =      1402.2944
 EELEC  =    -11192.7490  EHBOND  =         0.0000  RESTRAINT  =         0.0000
 EKCMT  =       906.8819  VIRIAL  =      1080.2729  VOLUME     =     31034.5607
                                                    Density    =         0.9852
 ------------------------------------------------------------------------------

wrapping first mol.:       11.42803       16.16168       27.99284
wrapping first mol.:       11.42803       16.16168       27.99284

 NSTEP =    16500   TIME(PS) =      33.000  TEMP(K) =   291.76  PRESS =   389.6
 Etot   =     -7960.7543  EKtot   =      1779.3447  EPtot      =     -9740.0990
 BOND   =         3.1080  ANGLE   =         6.5031  DIHED      =         4.5574
 UB     =         0.0000  IMP     =         0.0000  CMAP       =         0.5113
 1-4 NB =         3.7938  1-4 EEL =        50.6721  VDWAALS    =      1488.8641
 EELEC  =    -11298.1088  EHBOND  =         0.0000  RESTRAINT  =         0.0000
 EKCMT  =       928.9581  VIRIAL  =       668.0015  VOLUME     =     31019.9358
                                                    Density    =         0.9857
 ------------------------------------------------------------------------------

wrapping first mol.:       11.42859       16.16247       27.99422
wrapping first mol.:       11.42859       16.16247       27.99422

 NSTEP =    16600   TIME(PS) =      33.200  TEMP(K) =   297.05  PRESS =  -343.0
 Etot   =     -7941.5707  EKtot   =      1811.6259  EPtot      =     -9753.1966
 BOND   =         3.6575  ANGLE   =         9.4453  DIHED      =         4.8466
 UB     =         0.0000  IMP     =         0.0000  CMAP       =         1.0782
 1-4 NB =         2.5346  1-4 EEL =        46.5288  VDWAALS    =      1411.4726
 EELEC  =    -11232.7601  EHBOND  =         0.0000  RESTRAINT  =         0.0000
 EKCMT  =       903.3175  VIRIAL  =      1133.1064  VOLUME     =     31026.5473
                                                    Density    =         0.9854
 ------------------------------------------------------------------------------

wrapping first mol.:       11.42090       16.15159       27.97538
wrapping first mol.:       11.42090       16.15159       27.97538

 NSTEP =    16700   TIME(PS) =      33.400  TEMP(K) =   293.13  PRESS =  -419.0
 Etot   =     -7943.8211  EKtot   =      1787.7349  EPtot      =     -9731.5559
 BOND   =         1.5302  ANGLE   =         6.4694  DIHED      =         3.7485
 UB     =         0.0000  IMP     =         0.0000  CMAP       =         0.2720
 1-4 NB =         3.1918  1-4 EEL =        48.6648  VDWAALS    =      1374.2127
 EELEC  =    -11169.6455  EHBOND  =         0.0000  RESTRAINT  =         0.0000
 EKCMT  =       889.9688  VIRIAL  =      1170.1120  VOLUME     =     30964.1409
                                                    Density    =         0.9874
 ------------------------------------------------------------------------------

wrapping first mol.:       11.42091       16.15160       27.97539
wrapping first mol.:       11.42091       16.15160       27.97539

 NSTEP =    16800   TIME(PS) =      33.600  TEMP(K) =   304.17  PRESS =   133.0
 Etot   =     -7883.6760  EKtot   =      1855.0579  EPtot      =     -9738.7339
 BOND   =         2.7288  ANGLE   =        11.7055  DIHED      =         4.2884
 UB     =         0.0000  IMP     =         0.0000  CMAP       =         0.4294
 1-4 NB =         2.2482  1-4 EEL =        47.6203  VDWAALS    =      1440.2688
 EELEC  =    -11248.0232  EHBOND  =         0.0000  RESTRAINT  =         0.0000
 EKCMT  =       952.4379  VIRIAL  =       863.5233  VOLUME     =     30962.6553
                                                    Density    =         0.9875
 ------------------------------------------------------------------------------

wrapping first mol.:       11.42406       16.15605       27.98310
wrapping first mol.:       11.42406       16.15605       27.98310

 NSTEP =    16900   TIME(PS) =      33.800  TEMP(K) =   306.92  PRESS =   -36.7
 Etot   =     -7837.3241  EKtot   =      1871.8131  EPtot      =     -9709.1372
 BOND   =         3.3178  ANGLE   =        10.2937  DIHED      =         3.4859
 UB     =         0.0000  IMP     =         0.0000  CMAP       =         0.3762
 1-4 NB =         2.8172  1-4 EEL =        44.1666  VDWAALS    =      1408.0553
 EELEC  =    -11181.6500  EHBOND  =         0.0000  RESTRAINT  =         0.0000
 EKCMT  =       932.2822  VIRIAL  =       956.8515  VOLUME     =     30988.7513
                                                    Density    =         0.9866
 ------------------------------------------------------------------------------

wrapping first mol.:       11.43041       16.16505       27.99868
wrapping first mol.:       11.43041       16.16505       27.99868

 NSTEP =    17000   TIME(PS) =      34.000  TEMP(K) =   298.74  PRESS =   476.5
 Etot   =     -7847.7348  EKtot   =      1821.8987  EPtot      =     -9669.6335
 BOND   =         3.9820  ANGLE   =         8.2408  DIHED      =         4.6844
 UB     =         0.0000  IMP     =         0.0000  CMAP       =         0.1545
 1-4 NB =         3.1220  1-4 EEL =        49.6465  VDWAALS    =      1468.8520
 EELEC  =    -11208.3156  EHBOND  =         0.0000  RESTRAINT  =         0.0000
 EKCMT  =       923.6986  VIRIAL  =       604.3859  VOLUME     =     31039.0983
                                                    Density    =         0.9850
 ------------------------------------------------------------------------------

wrapping first mol.:       11.43234       16.16777       28.00339
wrapping first mol.:       11.43234       16.16777       28.00339

 NSTEP =    17100   TIME(PS) =      34.200  TEMP(K) =   305.30  PRESS =  -153.4
 Etot   =     -7864.1008  EKtot   =      1861.9574  EPtot      =     -9726.0582
 BOND   =         4.1257  ANGLE   =        11.6261  DIHED      =         6.4334
 UB     =         0.0000  IMP     =         0.0000  CMAP       =         0.5085
 1-4 NB =         4.3035  1-4 EEL =        46.9446  VDWAALS    =      1425.0248
 EELEC  =    -11225.0249  EHBOND  =         0.0000  RESTRAINT  =         0.0000
 EKCMT  =       932.0284  VIRIAL  =      1034.9101  VOLUME     =     31056.5203
                                                    Density    =         0.9845
 ------------------------------------------------------------------------------

wrapping first mol.:       11.43349       16.16940       28.00622
wrapping first mol.:       11.43349       16.16940       28.00622

 NSTEP =    17200   TIME(PS) =      34.400  TEMP(K) =   296.27  PRESS =    68.2
 Etot   =     -7841.0615  EKtot   =      1806.8390  EPtot      =     -9647.9005
 BOND   =         1.2067  ANGLE   =        10.4824  DIHED      =         7.1505
 UB     =         0.0000  IMP     =         0.0000  CMAP       =        -0.0600
 1-4 NB =         2.4269  1-4 EEL =        46.4253  VDWAALS    =      1415.6355
 EELEC  =    -11131.1678  EHBOND  =         0.0000  RESTRAINT  =         0.0000
 EKCMT  =       934.2477  VIRIAL  =       888.4822  VOLUME     =     31065.3262
                                                    Density    =         0.9842
 ------------------------------------------------------------------------------

wrapping first mol.:       11.43566       16.17247       28.01153
wrapping first mol.:       11.43566       16.17247       28.01153

 NSTEP =    17300   TIME(PS) =      34.600  TEMP(K) =   301.11  PRESS =    70.5
 Etot   =     -7834.3910  EKtot   =      1836.4031  EPtot      =     -9670.7941
 BOND   =         3.3496  ANGLE   =        10.5351  DIHED      =         5.0739
 UB     =         0.0000  IMP     =         0.0000  CMAP       =         0.1598
 1-4 NB =         2.4078  1-4 EEL =        46.0997  VDWAALS    =      1419.1054
 EELEC  =    -11157.5254  EHBOND  =         0.0000  RESTRAINT  =         0.0000
 EKCMT  =       934.0957  VIRIAL  =       886.8130  VOLUME     =     31083.0022
                                                    Density    =         0.9837
 ------------------------------------------------------------------------------

wrapping first mol.:       11.43588       16.17278       28.01207
wrapping first mol.:       11.43588       16.17278       28.01207

 NSTEP =    17400   TIME(PS) =      34.800  TEMP(K) =   310.97  PRESS =   483.9
 Etot   =     -7817.9247  EKtot   =      1896.5210  EPtot      =     -9714.4457
 BOND   =         2.3436  ANGLE   =         9.7938  DIHED      =         3.6352
 UB     =         0.0000  IMP     =         0.0000  CMAP       =         1.0091
 1-4 NB =         2.1293  1-4 EEL =        43.9892  VDWAALS    =      1494.1351
 EELEC  =    -11271.4810  EHBOND  =         0.0000  RESTRAINT  =         0.0000
 EKCMT  =       930.8361  VIRIAL  =       606.0559  VOLUME     =     31083.6504
                                                    Density    =         0.9836
 ------------------------------------------------------------------------------

wrapping first mol.:       11.44554       16.18644       28.03573
wrapping first mol.:       11.44554       16.18644       28.03573

 NSTEP =    17500   TIME(PS) =      35.000  TEMP(K) =   306.67  PRESS =  -180.2
 Etot   =     -7817.2380  EKtot   =      1870.3088  EPtot      =     -9687.5468
 BOND   =         3.5297  ANGLE   =         9.0686  DIHED      =         4.9045
 UB     =         0.0000  IMP     =         0.0000  CMAP       =         0.6804
 1-4 NB =         4.2837  1-4 EEL =        48.3951  VDWAALS    =      1421.5441
 EELEC  =    -11179.9529  EHBOND  =         0.0000  RESTRAINT  =         0.0000
 EKCMT  =       945.4947  VIRIAL  =      1066.7595  VOLUME     =     31164.3288
                                                    Density    =         0.9811
 ------------------------------------------------------------------------------

wrapping first mol.:       11.44732       16.18895       28.04008
wrapping first mol.:       11.44732       16.18895       28.04008

 NSTEP =    17600   TIME(PS) =      35.200  TEMP(K) =   296.72  PRESS =   714.7
 Etot   =     -7819.8666  EKtot   =      1809.6166  EPtot      =     -9629.4832
 BOND   =         1.3639  ANGLE   =        11.6724  DIHED      =         4.5805
 UB     =         0.0000  IMP     =         0.0000  CMAP       =        -0.1031
 1-4 NB =         3.1283  1-4 EEL =        45.3517  VDWAALS    =      1531.6087
 EELEC  =    -11227.0857  EHBOND  =         0.0000  RESTRAINT  =         0.0000
 EKCMT  =       878.3578  VIRIAL  =       397.2775  VOLUME     =     31176.3403
                                                    Density    =         0.9807
 ------------------------------------------------------------------------------

wrapping first mol.:       11.43741       16.17494       28.01581
wrapping first mol.:       11.43741       16.17494       28.01581

 NSTEP =    17700   TIME(PS) =      35.400  TEMP(K) =   296.27  PRESS =  -269.1
 Etot   =     -7868.5466  EKtot   =      1806.8875  EPtot      =     -9675.4340
 BOND   =         5.2040  ANGLE   =        10.0271  DIHED      =         3.2450
 UB     =         0.0000  IMP     =         0.0000  CMAP       =         0.2413
 1-4 NB =         4.3641  1-4 EEL =        50.4596  VDWAALS    =      1379.2704
 EELEC  =    -11128.2455  EHBOND  =         0.0000  RESTRAINT  =         0.0000
 EKCMT  =       906.4205  VIRIAL  =      1087.1030  VOLUME     =     31098.1838
                                                    Density    =         0.9832
 ------------------------------------------------------------------------------

wrapping first mol.:       11.43799       16.17576       28.01724
wrapping first mol.:       11.43799       16.17576       28.01724

 NSTEP =    17800   TIME(PS) =      35.600  TEMP(K) =   285.95  PRESS =   459.6
 Etot   =     -7898.4376  EKtot   =      1743.9183  EPtot      =     -9642.3560
 BOND   =         3.7637  ANGLE   =         8.3453  DIHED      =         4.7618
 UB     =         0.0000  IMP     =         0.0000  CMAP       =         1.2080
 1-4 NB =         2.7947  1-4 EEL =        47.4802  VDWAALS    =      1484.4489
 EELEC  =    -11195.1584  EHBOND  =         0.0000  RESTRAINT  =         0.0000
 EKCMT  =       863.8522  VIRIAL  =       555.2455  VOLUME     =     31100.9048
                                                    Density    =         0.9831
 ------------------------------------------------------------------------------

wrapping first mol.:       11.43413       16.17030       28.00778
wrapping first mol.:       11.43413       16.17030       28.00778

 NSTEP =    17900   TIME(PS) =      35.800  TEMP(K) =   299.49  PRESS =  -564.3
 Etot   =     -7883.9089  EKtot   =      1826.4901  EPtot      =     -9710.3991
 BOND   =         5.7528  ANGLE   =        12.6465  DIHED      =         5.0337
 UB     =         0.0000  IMP     =         0.0000  CMAP       =         0.3749
 1-4 NB =         5.3078  1-4 EEL =        49.0480  VDWAALS    =      1362.9868
 EELEC  =    -11151.5497  EHBOND  =         0.0000  RESTRAINT  =         0.0000
 EKCMT  =       919.6881  VIRIAL  =      1298.2681  VOLUME     =     31072.2659
                                                    Density    =         0.9840
 ------------------------------------------------------------------------------

wrapping first mol.:       11.42413       16.15617       27.98330
wrapping first mol.:       11.42413       16.15617       27.98330

 NSTEP =    18000   TIME(PS) =      36.000  TEMP(K) =   299.99  PRESS =  -366.2
 Etot   =     -7890.4854  EKtot   =      1829.5273  EPtot      =     -9720.0127
 BOND   =         4.4235  ANGLE   =        13.3030  DIHED      =         4.2389
 UB     =         0.0000  IMP     =         0.0000  CMAP       =         0.3003
 1-4 NB =         2.5526  1-4 EEL =        46.7950  VDWAALS    =      1385.2904
 EELEC  =    -11176.9165  EHBOND  =         0.0000  RESTRAINT  =         0.0000
 EKCMT  =       923.9283  VIRIAL  =      1168.9350  VOLUME     =     30990.3024
                                                    Density    =         0.9866
 ------------------------------------------------------------------------------

wrapping first mol.:       11.41651       16.14538       27.96461
wrapping first mol.:       11.41651       16.14538       27.96461

 NSTEP =    18100   TIME(PS) =      36.200  TEMP(K) =   300.94  PRESS =    41.1
 Etot   =     -7847.5821  EKtot   =      1835.3361  EPtot      =     -9682.9181
 BOND   =         4.5641  ANGLE   =        13.1100  DIHED      =         3.9629
 UB     =         0.0000  IMP     =         0.0000  CMAP       =         0.1797
 1-4 NB =         3.0791  1-4 EEL =        49.9098  VDWAALS    =      1417.3660
 EELEC  =    -11175.0898  EHBOND  =         0.0000  RESTRAINT  =         0.0000
 EKCMT  =       938.4119  VIRIAL  =       910.9568  VOLUME     =     30927.1520
                                                    Density    =         0.9886
 ------------------------------------------------------------------------------

wrapping first mol.:       11.42696       16.16016       27.99022
wrapping first mol.:       11.42696       16.16016       27.99022

 NSTEP =    18200   TIME(PS) =      36.400  TEMP(K) =   304.60  PRESS =  -447.2
 Etot   =     -7850.3872  EKtot   =      1857.6689  EPtot      =     -9708.0561
 BOND   =         0.9507  ANGLE   =        10.8845  DIHED      =         3.3218
 UB     =         0.0000  IMP     =         0.0000  CMAP       =         0.2564
 1-4 NB =         3.5284  1-4 EEL =        47.1435  VDWAALS    =      1367.7366
 EELEC  =    -11141.8780  EHBOND  =         0.0000  RESTRAINT  =         0.0000
 EKCMT  =       926.7500  VIRIAL  =      1226.1919  VOLUME     =     31013.5249
                                                    Density    =         0.9859
 ------------------------------------------------------------------------------

wrapping first mol.:       11.41478       16.14294       27.96038
wrapping first mol.:       11.41478       16.14294       27.96038

 NSTEP =    18300   TIME(PS) =      36.600  TEMP(K) =   301.47  PRESS =   125.0
 Etot   =     -7856.5925  EKtot   =      1838.5691  EPtot      =     -9695.1616
 BOND   =         3.5367  ANGLE   =         8.6056  DIHED      =         5.4415
 UB     =         0.0000  IMP     =         0.0000  CMAP       =         0.4653
 1-4 NB =         3.3548  1-4 EEL =        47.7215  VDWAALS    =      1434.7402
 EELEC  =    -11199.0273  EHBOND  =         0.0000  RESTRAINT  =         0.0000
 EKCMT  =       909.0639  VIRIAL  =       825.6650  VOLUME     =     30912.8805
                                                    Density    =         0.9891
 ------------------------------------------------------------------------------

wrapping first mol.:       11.41522       16.14356       27.96147
wrapping first mol.:       11.41522       16.14356       27.96147

 NSTEP =    18400   TIME(PS) =      36.800  TEMP(K) =   304.98  PRESS =  -300.1
 Etot   =     -7827.6661  EKtot   =      1859.9846  EPtot      =     -9687.6507
 BOND   =         0.8439  ANGLE   =         8.3422  DIHED      =         5.8351
 UB     =         0.0000  IMP     =         0.0000  CMAP       =        -0.0587
 1-4 NB =         3.8087  1-4 EEL =        48.5273  VDWAALS    =      1375.1620
 EELEC  =    -11130.1113  EHBOND  =         0.0000  RESTRAINT  =         0.0000
 EKCMT  =       888.6120  VIRIAL  =      1088.9159  VOLUME     =     30917.6555
                                                    Density    =         0.9889
 ------------------------------------------------------------------------------

wrapping first mol.:       11.41530       16.14367       27.96165
wrapping first mol.:       11.41530       16.14367       27.96165

 NSTEP =    18500   TIME(PS) =      37.000  TEMP(K) =   301.52  PRESS =   -17.3
 Etot   =     -7840.8056  EKtot   =      1838.8657  EPtot      =     -9679.6713
 BOND   =         4.3401  ANGLE   =        11.5935  DIHED      =         4.9609
 UB     =         0.0000  IMP     =         0.0000  CMAP       =         0.0448
 1-4 NB =         2.4241  1-4 EEL =        46.8745  VDWAALS    =      1399.9161
 EELEC  =    -11149.8253  EHBOND  =         0.0000  RESTRAINT  =         0.0000
 EKCMT  =       912.2468  VIRIAL  =       923.8237  VOLUME     =     30917.4723
                                                    Density    =         0.9889
 ------------------------------------------------------------------------------

wrapping first mol.:       11.41440       16.14240       27.95945
wrapping first mol.:       11.41440       16.14240       27.95945

 NSTEP =    18600   TIME(PS) =      37.200  TEMP(K) =   305.08  PRESS =   103.7
 Etot   =     -7826.1999  EKtot   =      1860.5933  EPtot      =     -9686.7932
 BOND   =         4.0887  ANGLE   =         8.5202  DIHED      =         4.2202
 UB     =         0.0000  IMP     =         0.0000  CMAP       =         0.0742
 1-4 NB =         3.6521  1-4 EEL =        47.0925  VDWAALS    =      1424.4820
 EELEC  =    -11178.9231  EHBOND  =         0.0000  RESTRAINT  =         0.0000
 EKCMT  =       932.3229  VIRIAL  =       863.0978  VOLUME     =     30909.8547
                                                    Density    =         0.9892
 ------------------------------------------------------------------------------

wrapping first mol.:       11.42508       16.15750       27.98560
wrapping first mol.:       11.42508       16.15750       27.98560

 NSTEP =    18700   TIME(PS) =      37.400  TEMP(K) =   302.07  PRESS =   232.4
 Etot   =     -7860.1441  EKtot   =      1842.2351  EPtot      =     -9702.3792
 BOND   =         4.4856  ANGLE   =        13.5892  DIHED      =         3.3591
 UB     =         0.0000  IMP     =         0.0000  CMAP       =        -0.1630
 1-4 NB =         2.5961  1-4 EEL =        47.1497  VDWAALS    =      1469.5904
 EELEC  =    -11242.9863  EHBOND  =         0.0000  RESTRAINT  =         0.0000
 EKCMT  =       873.1376  VIRIAL  =       717.5714  VOLUME     =     30996.3070
                                                    Density    =         0.9864
 ------------------------------------------------------------------------------

wrapping first mol.:       11.43318       16.16896       28.00547
wrapping first mol.:       11.43318       16.16896       28.00547

 NSTEP =    18800   TIME(PS) =      37.600  TEMP(K) =   306.74  PRESS =   599.5
 Etot   =     -7850.6020  EKtot   =      1870.7406  EPtot      =     -9721.3426
 BOND   =         1.8986  ANGLE   =         9.2394  DIHED      =         5.5215
 UB     =         0.0000  IMP     =         0.0000  CMAP       =        -0.0525
 1-4 NB =         3.1464  1-4 EEL =        50.6138  VDWAALS    =      1528.9466
 EELEC  =    -11320.6564  EHBOND  =         0.0000  RESTRAINT  =         0.0000
 EKCMT  =       899.0531  VIRIAL  =       497.0281  VOLUME     =     31061.3406
                                                    Density    =         0.9843
 ------------------------------------------------------------------------------

wrapping first mol.:       11.43976       16.17826       28.02157
wrapping first mol.:       11.43976       16.17826       28.02157

 NSTEP =    18900   TIME(PS) =      37.800  TEMP(K) =   304.86  PRESS =   216.6
 Etot   =     -7899.9253  EKtot   =      1859.2408  EPtot      =     -9759.1661
 BOND   =         1.2328  ANGLE   =         8.7893  DIHED      =         5.7987
 UB     =         0.0000  IMP     =         0.0000  CMAP       =         0.8081
 1-4 NB =         3.4011  1-4 EEL =        48.5182  VDWAALS    =      1473.4439
 EELEC  =    -11301.1583  EHBOND  =         0.0000  RESTRAINT  =         0.0000
 EKCMT  =       932.7079  VIRIAL  =       787.1670  VOLUME     =     31116.0194
                                                    Density    =         0.9826
 ------------------------------------------------------------------------------

wrapping first mol.:       11.45320       16.19727       28.05450
wrapping first mol.:       11.45320       16.19727       28.05450

 NSTEP =    19000   TIME(PS) =      38.000  TEMP(K) =   302.90  PRESS =   -11.2
 Etot   =     -7886.1260  EKtot   =      1847.2937  EPtot      =     -9733.4197
 BOND   =         0.8555  ANGLE   =        12.1926  DIHED      =         6.1567
 UB     =         0.0000  IMP     =         0.0000  CMAP       =        -0.2166
 1-4 NB =         3.5975  1-4 EEL =        48.8957  VDWAALS    =      1448.8602
 EELEC  =    -11253.7613  EHBOND  =         0.0000  RESTRAINT  =         0.0000
 EKCMT  =       906.9236  VIRIAL  =       914.4693  VOLUME     =     31226.4829
                                                    Density    =         0.9791
 ------------------------------------------------------------------------------

wrapping first mol.:       11.45468       16.19936       28.05811
wrapping first mol.:       11.45468       16.19936       28.05811

 NSTEP =    19100   TIME(PS) =      38.200  TEMP(K) =   289.82  PRESS =   330.9
 Etot   =     -7903.5740  EKtot   =      1767.5273  EPtot      =     -9671.1014
 BOND   =         0.5354  ANGLE   =        11.6804  DIHED      =         4.9815
 UB     =         0.0000  IMP     =         0.0000  CMAP       =         1.2131
 1-4 NB =         2.5925  1-4 EEL =        49.6554  VDWAALS    =      1468.2559
 EELEC  =    -11210.0155  EHBOND  =         0.0000  RESTRAINT  =         0.0000
 EKCMT  =       882.9078  VIRIAL  =       659.7049  VOLUME     =     31237.5919
                                                    Density    =         0.9788
 ------------------------------------------------------------------------------

wrapping first mol.:       11.45505       16.19989       28.05902
wrapping first mol.:       11.45505       16.19989       28.05902

 NSTEP =    19200   TIME(PS) =      38.400  TEMP(K) =   297.27  PRESS =    74.2
 Etot   =     -7917.3507  EKtot   =      1812.9836  EPtot      =     -9730.3343
 BOND   =         3.5409  ANGLE   =         7.1110  DIHED      =         4.4548
 UB     =         0.0000  IMP     =         0.0000  CMAP       =         0.3941
 1-4 NB =         4.0509  1-4 EEL =        50.5591  VDWAALS    =      1456.2824
 EELEC  =    -11256.7274  EHBOND  =         0.0000  RESTRAINT  =         0.0000
 EKCMT  =       905.5680  VIRIAL  =       855.5314  VOLUME     =     31241.3489
                                                    Density    =         0.9787
 ------------------------------------------------------------------------------

wrapping first mol.:       11.45246       16.19622       28.05268
wrapping first mol.:       11.45246       16.19622       28.05268

 NSTEP =    19300   TIME(PS) =      38.600  TEMP(K) =   297.56  PRESS =  -148.5
 Etot   =     -7889.5885  EKtot   =      1814.7510  EPtot      =     -9704.3395
 BOND   =         3.2706  ANGLE   =         8.5638  DIHED      =         4.1743
 UB     =         0.0000  IMP     =         0.0000  CMAP       =         0.7454
 1-4 NB =         3.0230  1-4 EEL =        47.6725  VDWAALS    =      1427.4527
 EELEC  =    -11199.2418  EHBOND  =         0.0000  RESTRAINT  =         0.0000
 EKCMT  =       893.5155  VIRIAL  =       993.5868  VOLUME     =     31220.7830
                                                    Density    =         0.9793
 ------------------------------------------------------------------------------

wrapping first mol.:       11.45585       16.20101       28.06097
wrapping first mol.:       11.45585       16.20101       28.06097

 NSTEP =    19400   TIME(PS) =      38.800  TEMP(K) =   299.58  PRESS =   272.5
 Etot   =     -7852.8456  EKtot   =      1827.0552  EPtot      =     -9679.9008
 BOND   =         3.2259  ANGLE   =        12.2950  DIHED      =         3.0540
 UB     =         0.0000  IMP     =         0.0000  CMAP       =         0.4838
 1-4 NB =         2.5117  1-4 EEL =        49.7240  VDWAALS    =      1481.5603
 EELEC  =    -11232.7555  EHBOND  =         0.0000  RESTRAINT  =         0.0000
 EKCMT  =       906.0557  VIRIAL  =       722.1838  VOLUME     =     31247.3045
                                                    Density    =         0.9785
 ------------------------------------------------------------------------------

wrapping first mol.:       11.45445       16.19904       28.05756
wrapping first mol.:       11.45445       16.19904       28.05756

 NSTEP =    19500   TIME(PS) =      39.000  TEMP(K) =   298.16  PRESS =  -145.9
 Etot   =     -7862.8287  EKtot   =      1818.3848  EPtot      =     -9681.2134
 BOND   =         2.1842  ANGLE   =         9.2051  DIHED      =         5.2589
 UB     =         0.0000  IMP     =         0.0000  CMAP       =         0.7072
 1-4 NB =         2.8010  1-4 EEL =        48.3744  VDWAALS    =      1406.8455
 EELEC  =    -11156.5896  EHBOND  =         0.0000  RESTRAINT  =         0.0000
 EKCMT  =       916.1456  VIRIAL  =      1014.5240  VOLUME     =     31237.0789
                                                    Density    =         0.9788
 ------------------------------------------------------------------------------

wrapping first mol.:       11.44733       16.18897       28.04012
wrapping first mol.:       11.44733       16.18897       28.04012

 NSTEP =    19600   TIME(PS) =      39.200  TEMP(K) =   299.62  PRESS =   102.8
 Etot   =     -7874.9304  EKtot   =      1827.3138  EPtot      =     -9702.2443
 BOND   =         2.7624  ANGLE   =         7.8978  DIHED      =         4.8456
 UB     =         0.0000  IMP     =         0.0000  CMAP       =         1.2500
 1-4 NB =         3.2714  1-4 EEL =        46.9377  VDWAALS    =      1450.9971
 EELEC  =    -11220.2063  EHBOND  =         0.0000  RESTRAINT  =         0.0000
 EKCMT  =       895.7670  VIRIAL  =       826.5841  VOLUME     =     31178.1649
                                                    Density    =         0.9807
 ------------------------------------------------------------------------------

wrapping first mol.:       11.45237       16.19610       28.05246
wrapping first mol.:       11.45237       16.19610       28.05246

 NSTEP =    19700   TIME(PS) =      39.400  TEMP(K) =   303.14  PRESS =   148.3
 Etot   =     -7929.6180  EKtot   =      1848.7305  EPtot      =     -9778.3485
 BOND   =         2.5770  ANGLE   =         6.2711  DIHED      =         4.2546
 UB     =         0.0000  IMP     =         0.0000  CMAP       =         0.4251
 1-4 NB =         3.3162  1-4 EEL =        48.1852  VDWAALS    =      1493.8592
 EELEC  =    -11337.2369  EHBOND  =         0.0000  RESTRAINT  =         0.0000
 EKCMT  =       921.9792  VIRIAL  =       822.0445  VOLUME     =     31219.2289
                                                    Density    =         0.9794
 ------------------------------------------------------------------------------

wrapping first mol.:       11.46220       16.20999       28.07653
wrapping first mol.:       11.46220       16.20999       28.07653

 NSTEP =    19800   TIME(PS) =      39.600  TEMP(K) =   300.61  PRESS =   338.9
 Etot   =     -7893.9917  EKtot   =      1833.3467  EPtot      =     -9727.3384
 BOND   =         5.9552  ANGLE   =         4.9175  DIHED      =         3.0712
 UB     =         0.0000  IMP     =         0.0000  CMAP       =         0.4423
 1-4 NB =         2.4111  1-4 EEL =        47.7557  VDWAALS    =      1498.8972
 EELEC  =    -11290.7886  EHBOND  =         0.0000  RESTRAINT  =         0.0000
 EKCMT  =       910.5659  VIRIAL  =       681.5561  VOLUME     =     31299.1137
                                                    Density    =         0.9769
 ------------------------------------------------------------------------------

wrapping first mol.:       11.45714       16.20284       28.06413
wrapping first mol.:       11.45714       16.20284       28.06413

 NSTEP =    19900   TIME(PS) =      39.800  TEMP(K) =   299.53  PRESS =  -196.2
 Etot   =     -7897.0016  EKtot   =      1826.7510  EPtot      =     -9723.7526
 BOND   =         6.0490  ANGLE   =         9.2153  DIHED      =         3.8748
 UB     =         0.0000  IMP     =         0.0000  CMAP       =         0.0918
 1-4 NB =         3.6831  1-4 EEL =        45.2269  VDWAALS    =      1436.1146
 EELEC  =    -11228.0081  EHBOND  =         0.0000  RESTRAINT  =         0.0000
 EKCMT  =       899.6103  VIRIAL  =      1032.0504  VOLUME     =     31259.1695
                                                    Density    =         0.9781
 ------------------------------------------------------------------------------

wrapping first mol.:       11.44642       16.18769       28.03789
wrapping first mol.:       11.44642       16.18769       28.03789

 NSTEP =    20000   TIME(PS) =      40.000  TEMP(K) =   304.12  PRESS =  -263.7
 Etot   =     -7921.4011  EKtot   =      1854.7456  EPtot      =     -9776.1467
 BOND   =         2.9577  ANGLE   =        12.6654  DIHED      =         4.0554
 UB     =         0.0000  IMP     =         0.0000  CMAP       =         0.5056
 1-4 NB =         2.8103  1-4 EEL =        42.9748  VDWAALS    =      1435.3681
 EELEC  =    -11277.4841  EHBOND  =         0.0000  RESTRAINT  =         0.0000
 EKCMT  =       921.5765  VIRIAL  =      1099.0641  VOLUME     =     31171.7618
                                                    Density    =         0.9809
 ------------------------------------------------------------------------------

wrapping first mol.:       11.44329       16.18325       28.03021
wrapping first mol.:       11.44329       16.18325       28.03021

 NSTEP =    20100   TIME(PS) =      40.200  TEMP(K) =   294.92  PRESS =  -115.8
 Etot   =     -7962.0718  EKtot   =      1798.6345  EPtot      =     -9760.7063
 BOND   =         3.5744  ANGLE   =        10.6860  DIHED      =         4.9641
 UB     =         0.0000  IMP     =         0.0000  CMAP       =         0.6036
 1-4 NB =         2.9523  1-4 EEL =        49.1622  VDWAALS    =      1443.9864
 EELEC  =    -11276.6352  EHBOND  =         0.0000  RESTRAINT  =         0.0000
 EKCMT  =       920.4737  VIRIAL  =       998.3146  VOLUME     =     31145.7450
                                                    Density    =         0.9817
 ------------------------------------------------------------------------------

wrapping first mol.:       11.43933       16.17765       28.02051
wrapping first mol.:       11.43933       16.17765       28.02051

 NSTEP =    20200   TIME(PS) =      40.400  TEMP(K) =   298.62  PRESS =    35.3
 Etot   =     -7989.1508  EKtot   =      1821.1886  EPtot      =     -9810.3394
 BOND   =         1.9771  ANGLE   =         7.7835  DIHED      =         3.9192
 UB     =         0.0000  IMP     =         0.0000  CMAP       =         0.0365
 1-4 NB =         2.8006  1-4 EEL =        48.9500  VDWAALS    =      1476.1339
 EELEC  =    -11351.9402  EHBOND  =         0.0000  RESTRAINT  =         0.0000
 EKCMT  =       925.9180  VIRIAL  =       902.2204  VOLUME     =     31113.0052
                                                    Density    =         0.9827
 ------------------------------------------------------------------------------

wrapping first mol.:       11.43227       16.16767       28.00322
wrapping first mol.:       11.43227       16.16767       28.00322

 NSTEP =    20300   TIME(PS) =      40.600  TEMP(K) =   294.44  PRESS =  -272.4
 Etot   =     -8012.0391  EKtot   =      1795.7074  EPtot      =     -9807.7465
 BOND   =         2.7302  ANGLE   =         6.1941  DIHED      =         4.3116
 UB     =         0.0000  IMP     =         0.0000  CMAP       =         0.0697
 1-4 NB =         3.7446  1-4 EEL =        49.7757  VDWAALS    =      1428.2968
 EELEC  =    -11302.8693  EHBOND  =         0.0000  RESTRAINT  =         0.0000
 EKCMT  =       914.5804  VIRIAL  =      1097.2547  VOLUME     =     31056.2950
                                                    Density    =         0.9845
 ------------------------------------------------------------------------------

wrapping first mol.:       11.42673       16.15984       27.98966
wrapping first mol.:       11.42673       16.15984       27.98966

 NSTEP =    20400   TIME(PS) =      40.800  TEMP(K) =   295.28  PRESS =  -436.2
 Etot   =     -8004.2422  EKtot   =      1800.8242  EPtot      =     -9805.0664
 BOND   =         2.4353  ANGLE   =         7.7247  DIHED      =         3.3916
 UB     =         0.0000  IMP     =         0.0000  CMAP       =        -0.0751
 1-4 NB =         2.6336  1-4 EEL =        47.2408  VDWAALS    =      1399.7659
 EELEC  =    -11268.1832  EHBOND  =         0.0000  RESTRAINT  =         0.0000
 EKCMT  =       896.1859  VIRIAL  =      1188.2476  VOLUME     =     31011.6327
                                                    Density    =         0.9859
 ------------------------------------------------------------------------------

wrapping first mol.:       11.42008       16.15043       27.97336
wrapping first mol.:       11.42008       16.15043       27.97336

 NSTEP =    20500   TIME(PS) =      41.000  TEMP(K) =   285.95  PRESS =    57.3
 Etot   =     -8013.2023  EKtot   =      1743.9127  EPtot      =     -9757.1150
 BOND   =         4.2209  ANGLE   =         7.7947  DIHED      =         3.8742
 UB     =         0.0000  IMP     =         0.0000  CMAP       =         1.2910
 1-4 NB =         3.6463  1-4 EEL =        49.7860  VDWAALS    =      1452.6514
 EELEC  =    -11280.3796  EHBOND  =         0.0000  RESTRAINT  =         0.0000
 EKCMT  =       869.8453  VIRIAL  =       831.5259  VOLUME     =     30956.1315
                                                    Density    =         0.9877
 ------------------------------------------------------------------------------

wrapping first mol.:       11.42611       16.15896       27.98813
wrapping first mol.:       11.42611       16.15896       27.98813

 NSTEP =    20600   TIME(PS) =      41.200  TEMP(K) =   301.29  PRESS =   255.9
 Etot   =     -7999.8863  EKtot   =      1837.4832  EPtot      =     -9837.3695
 BOND   =         2.9231  ANGLE   =         9.0440  DIHED      =         3.9002
 UB     =         0.0000  IMP     =         0.0000  CMAP       =         0.2526
 1-4 NB =         1.6915  1-4 EEL =        44.6880  VDWAALS    =      1520.0895
 EELEC  =    -11419.9585  EHBOND  =         0.0000  RESTRAINT  =         0.0000
 EKCMT  =       916.7758  VIRIAL  =       745.4391  VOLUME     =     31004.6400
                                                    Density    =         0.9861
 ------------------------------------------------------------------------------

wrapping first mol.:       11.42690       16.16007       27.99007
wrapping first mol.:       11.42690       16.16007       27.99007

 NSTEP =    20700   TIME(PS) =      41.400  TEMP(K) =   293.46  PRESS =    23.0
 Etot   =     -8009.1959  EKtot   =      1789.7344  EPtot      =     -9798.9303
 BOND   =         2.0608  ANGLE   =        11.8816  DIHED      =         3.7050
 UB     =         0.0000  IMP     =         0.0000  CMAP       =         1.3775
 1-4 NB =         3.2584  1-4 EEL =        45.2989  VDWAALS    =      1455.9794
 EELEC  =    -11322.4919  EHBOND  =         0.0000  RESTRAINT  =         0.0000
 EKCMT  =       924.5538  VIRIAL  =       909.1380  VOLUME     =     31011.7220
                                                    Density    =         0.9859
 ------------------------------------------------------------------------------

wrapping first mol.:       11.43390       16.16998       28.00722
wrapping first mol.:       11.43390       16.16998       28.00722

 NSTEP =    20800   TIME(PS) =      41.600  TEMP(K) =   293.13  PRESS =   211.8
 Etot   =     -7989.0398  EKtot   =      1787.7368  EPtot      =     -9776.7767
 BOND   =         2.0574  ANGLE   =         7.8589  DIHED      =         3.1447
 UB     =         0.0000  IMP     =         0.0000  CMAP       =         0.0613
 1-4 NB =         2.5738  1-4 EEL =        49.0419  VDWAALS    =      1483.7701
 EELEC  =    -11325.2848  EHBOND  =         0.0000  RESTRAINT  =         0.0000
 EKCMT  =       875.2881  VIRIAL  =       733.2325  VOLUME     =     31068.2443
                                                    Density    =         0.9841
 ------------------------------------------------------------------------------

wrapping first mol.:       11.44572       16.18669       28.03617
wrapping first mol.:       11.44572       16.18669       28.03617

 NSTEP =    20900   TIME(PS) =      41.800  TEMP(K) =   294.67  PRESS =   657.2
 Etot   =     -7969.7660  EKtot   =      1797.1099  EPtot      =     -9766.8758
 BOND   =         4.6198  ANGLE   =         7.1479  DIHED      =         4.8909
 UB     =         0.0000  IMP     =         0.0000  CMAP       =         0.1868
 1-4 NB =         3.7612  1-4 EEL =        51.3508  VDWAALS    =      1549.5853
 EELEC  =    -11388.4187  EHBOND  =         0.0000  RESTRAINT  =         0.0000
 EKCMT  =       906.8702  VIRIAL  =       464.6995  VOLUME     =     31163.4647
                                                    Density    =         0.9811
 ------------------------------------------------------------------------------

wrapping first mol.:       11.44233       16.18190       28.02787
wrapping first mol.:       11.44233       16.18190       28.02787

 NSTEP =    21000   TIME(PS) =      42.000  TEMP(K) =   296.60  PRESS =    49.3
 Etot   =     -7994.9917  EKtot   =      1808.8673  EPtot      =     -9803.8590
 BOND   =         2.5410  ANGLE   =         8.9192  DIHED      =         8.0178
 UB     =         0.0000  IMP     =         0.0000  CMAP       =         0.5552
 1-4 NB =         3.9525  1-4 EEL =        49.8014  VDWAALS    =      1511.9027
 EELEC  =    -11389.5488  EHBOND  =         0.0000  RESTRAINT  =         0.0000
 EKCMT  =       847.8108  VIRIAL  =       814.6689  VOLUME     =     31137.4817
                                                    Density    =         0.9819
 ------------------------------------------------------------------------------

wrapping first mol.:       11.43496       16.17147       28.00980
wrapping first mol.:       11.43496       16.17147       28.00980

 NSTEP =    21100   TIME(PS) =      42.200  TEMP(K) =   284.37  PRESS =  -624.5
 Etot   =     -8011.4497  EKtot   =      1734.2568  EPtot      =     -9745.7065
 BOND   =         6.0572  ANGLE   =        10.5476  DIHED      =         5.8152
 UB     =         0.0000  IMP     =         0.0000  CMAP       =         0.0827
 1-4 NB =         1.9865  1-4 EEL =        46.5748  VDWAALS    =      1376.0271
 EELEC  =    -11192.7977  EHBOND  =         0.0000  RESTRAINT  =         0.0000
 EKCMT  =       867.6931  VIRIAL  =      1286.7471  VOLUME     =     31079.1712
                                                    Density    =         0.9838
 ------------------------------------------------------------------------------

wrapping first mol.:       11.42015       16.15054       27.97355
wrapping first mol.:       11.42015       16.15054       27.97355

 NSTEP =    21200   TIME(PS) =      42.400  TEMP(K) =   291.05  PRESS =  -403.6
 Etot   =     -8019.6693  EKtot   =      1774.9952  EPtot      =     -9794.6645
 BOND   =         2.5501  ANGLE   =        12.0196  DIHED      =         3.4679
 UB     =         0.0000  IMP     =         0.0000  CMAP       =         1.5205
 1-4 NB =         2.4063  1-4 EEL =        45.9557  VDWAALS    =      1407.9930
 EELEC  =    -11270.5777  EHBOND  =         0.0000  RESTRAINT  =         0.0000
 EKCMT  =       890.4397  VIRIAL  =      1160.2091  VOLUME     =     30958.0313
                                                    Density    =         0.9876
 ------------------------------------------------------------------------------

wrapping first mol.:       11.41852       16.14823       27.96955
wrapping first mol.:       11.41852       16.14823       27.96955

 NSTEP =    21300   TIME(PS) =      42.600  TEMP(K) =   291.17  PRESS =     5.2
 Etot   =     -8015.5657  EKtot   =      1775.7336  EPtot      =     -9791.2994
 BOND   =         4.7488  ANGLE   =         8.7274  DIHED      =         6.3102
 UB     =         0.0000  IMP     =         0.0000  CMAP       =         1.1238
 1-4 NB =         4.5154  1-4 EEL =        48.5362  VDWAALS    =      1471.1448
 EELEC  =    -11336.4059  EHBOND  =         0.0000  RESTRAINT  =         0.0000
 EKCMT  =       870.0619  VIRIAL  =       866.5623  VOLUME     =     30943.6350
                                                    Density    =         0.9881
 ------------------------------------------------------------------------------

wrapping first mol.:       11.41756       16.14686       27.96718
wrapping first mol.:       11.41756       16.14686       27.96718

 NSTEP =    21400   TIME(PS) =      42.800  TEMP(K) =   286.15  PRESS =   -35.6
 Etot   =     -8025.9364  EKtot   =      1745.1658  EPtot      =     -9771.1022
 BOND   =         5.9343  ANGLE   =         9.7929  DIHED      =         5.0503
 UB     =         0.0000  IMP     =         0.0000  CMAP       =         1.3914
 1-4 NB =         3.1418  1-4 EEL =        44.1589  VDWAALS    =      1465.0447
 EELEC  =    -11305.6165  EHBOND  =         0.0000  RESTRAINT  =         0.0000
 EKCMT  =       879.4436  VIRIAL  =       903.2471  VOLUME     =     30935.8806
                                                    Density    =         0.9883
 ------------------------------------------------------------------------------

wrapping first mol.:       11.41625       16.14501       27.96398
wrapping first mol.:       11.41625       16.14501       27.96398

 NSTEP =    21500   TIME(PS) =      43.000  TEMP(K) =   293.56  PRESS =     4.7
 Etot   =     -7962.3172  EKtot   =      1790.3033  EPtot      =     -9752.6206
 BOND   =         2.9650  ANGLE   =        13.8290  DIHED      =         4.6768
 UB     =         0.0000  IMP     =         0.0000  CMAP       =         1.2607
 1-4 NB =         1.5820  1-4 EEL =        46.9722  VDWAALS    =      1450.6942
 EELEC  =    -11274.6004  EHBOND  =         0.0000  RESTRAINT  =         0.0000
 EKCMT  =       910.3588  VIRIAL  =       907.1933  VOLUME     =     30925.1592
                                                    Density    =         0.9887
 ------------------------------------------------------------------------------

wrapping first mol.:       11.42161       16.15260       27.97712
wrapping first mol.:       11.42161       16.15260       27.97712

 NSTEP =    21600   TIME(PS) =      43.200  TEMP(K) =   299.86  PRESS =   -73.6
 Etot   =     -7966.1853  EKtot   =      1828.7656  EPtot      =     -9794.9509
 BOND   =         1.0279  ANGLE   =        10.5209  DIHED      =         4.5791
 UB     =         0.0000  IMP     =         0.0000  CMAP       =         1.1097
 1-4 NB =         3.6274  1-4 EEL =        49.7211  VDWAALS    =      1445.8349
 EELEC  =    -11311.3720  EHBOND  =         0.0000  RESTRAINT  =         0.0000
 EKCMT  =       913.9961  VIRIAL  =       963.1802  VOLUME     =     30968.9776
                                                    Density    =         0.9873
 ------------------------------------------------------------------------------

wrapping first mol.:       11.42557       16.15819       27.98681
wrapping first mol.:       11.42557       16.15819       27.98681

 NSTEP =    21700   TIME(PS) =      43.400  TEMP(K) =   298.96  PRESS =   -11.2
 Etot   =     -7974.0129  EKtot   =      1823.2532  EPtot      =     -9797.2661
 BOND   =         1.4361  ANGLE   =        10.3322  DIHED      =         4.2254
 UB     =         0.0000  IMP     =         0.0000  CMAP       =         1.2612
 1-4 NB =         3.6738  1-4 EEL =        48.0036  VDWAALS    =      1465.0210
 EELEC  =    -11331.2193  EHBOND  =         0.0000  RESTRAINT  =         0.0000
 EKCMT  =       898.3079  VIRIAL  =       905.7968  VOLUME     =     31000.9799
                                                    Density    =         0.9863
 ------------------------------------------------------------------------------

wrapping first mol.:       11.42779       16.16133       27.99224
wrapping first mol.:       11.42779       16.16133       27.99224

 NSTEP =    21800   TIME(PS) =      43.600  TEMP(K) =   291.09  PRESS =   141.1
 Etot   =     -7971.2589  EKtot   =      1775.2894  EPtot      =     -9746.5483
 BOND   =         4.5296  ANGLE   =         8.8838  DIHED      =         3.4515
 UB     =         0.0000  IMP     =         0.0000  CMAP       =         1.4843
 1-4 NB =         2.0531  1-4 EEL =        43.6332  VDWAALS    =      1463.0069
 EELEC  =    -11273.5907  EHBOND  =         0.0000  RESTRAINT  =         0.0000
 EKCMT  =       893.4604  VIRIAL  =       798.9537  VOLUME     =     31018.6198
                                                    Density    =         0.9857
 ------------------------------------------------------------------------------

wrapping first mol.:       11.42082       16.15148       27.97518
wrapping first mol.:       11.42082       16.15148       27.97518

 NSTEP =    21900   TIME(PS) =      43.800  TEMP(K) =   288.05  PRESS =    28.9
 Etot   =     -8010.5928  EKtot   =      1756.7042  EPtot      =     -9767.2970
 BOND   =         7.0000  ANGLE   =         7.4988  DIHED      =         4.1317
 UB     =         0.0000  IMP     =         0.0000  CMAP       =         1.3785
 1-4 NB =         3.0827  1-4 EEL =        44.7967  VDWAALS    =      1460.9125
 EELEC  =    -11296.0978  EHBOND  =         0.0000  RESTRAINT  =         0.0000
 EKCMT  =       858.2430  VIRIAL  =       838.9108  VOLUME     =     30962.2414
                                                    Density    =         0.9875
 ------------------------------------------------------------------------------

wrapping first mol.:       11.42280       16.15428       27.98004
wrapping first mol.:       11.42280       16.15428       27.98004

 NSTEP =    22000   TIME(PS) =      44.000  TEMP(K) =   293.42  PRESS =   287.1
 Etot   =     -7960.3821  EKtot   =      1789.5078  EPtot      =     -9749.8899
 BOND   =         5.0855  ANGLE   =         7.9854  DIHED      =         4.7676
 UB     =         0.0000  IMP     =         0.0000  CMAP       =         0.9044
 1-4 NB =         2.6009  1-4 EEL =        46.6914  VDWAALS    =      1500.3085
 EELEC  =    -11318.2337  EHBOND  =         0.0000  RESTRAINT  =         0.0000
 EKCMT  =       894.5856  VIRIAL  =       702.5598  VOLUME     =     30977.6693
                                                    Density    =         0.9870
 ------------------------------------------------------------------------------

wrapping first mol.:       11.43608       16.17306       28.01256
wrapping first mol.:       11.43608       16.17306       28.01256

 NSTEP =    22100   TIME(PS) =      44.200  TEMP(K) =   301.41  PRESS =   518.0
 Etot   =     -7964.7769  EKtot   =      1838.1974  EPtot      =     -9802.9743
 BOND   =         2.8842  ANGLE   =         5.0891  DIHED      =         4.5392
 UB     =         0.0000  IMP     =         0.0000  CMAP       =         0.7981
 1-4 NB =         3.7620  1-4 EEL =        46.4241  VDWAALS    =      1554.9144
 EELEC  =    -11421.3855  EHBOND  =         0.0000  RESTRAINT  =         0.0000
 EKCMT  =       911.5538  VIRIAL  =       563.8925  VOLUME     =     31085.1631
                                                    Density    =         0.9836
 ------------------------------------------------------------------------------

wrapping first mol.:       11.43443       16.17072       28.00851
wrapping first mol.:       11.43443       16.17072       28.00851

 NSTEP =    22200   TIME(PS) =      44.400  TEMP(K) =   299.35  PRESS =    32.0
 Etot   =     -7942.1505  EKtot   =      1825.6611  EPtot      =     -9767.8116
 BOND   =         1.6071  ANGLE   =         7.7048  DIHED      =         5.3429
 UB     =         0.0000  IMP     =         0.0000  CMAP       =         0.8151
 1-4 NB =         2.4490  1-4 EEL =        46.8370  VDWAALS    =      1471.3235
 EELEC  =    -11303.8911  EHBOND  =         0.0000  RESTRAINT  =         0.0000
 EKCMT  =       899.7650  VIRIAL  =       878.3225  VOLUME     =     31073.0342
                                                    Density    =         0.9840
 ------------------------------------------------------------------------------

wrapping first mol.:       11.43614       16.17315       28.01271
wrapping first mol.:       11.43614       16.17315       28.01271

 NSTEP =    22300   TIME(PS) =      44.600  TEMP(K) =   297.01  PRESS =   455.5
 Etot   =     -7926.1659  EKtot   =      1811.3989  EPtot      =     -9737.5648
 BOND   =         1.3916  ANGLE   =         7.8244  DIHED      =         6.8686
 UB     =         0.0000  IMP     =         0.0000  CMAP       =         1.1280
 1-4 NB =         3.4292  1-4 EEL =        46.8294  VDWAALS    =      1509.1125
 EELEC  =    -11314.1486  EHBOND  =         0.0000  RESTRAINT  =         0.0000
 EKCMT  =       894.0788  VIRIAL  =       588.3800  VOLUME     =     31085.8471
                                                    Density    =         0.9836
 ------------------------------------------------------------------------------

wrapping first mol.:       11.43593       16.17284       28.01218
wrapping first mol.:       11.43593       16.17284       28.01218

 NSTEP =    22400   TIME(PS) =      44.800  TEMP(K) =   295.08  PRESS =   241.2
 Etot   =     -7928.0922  EKtot   =      1799.5986  EPtot      =     -9727.6908
 BOND   =         2.2894  ANGLE   =         7.9590  DIHED      =         6.9872
 UB     =         0.0000  IMP     =         0.0000  CMAP       =         0.6551
 1-4 NB =         2.6225  1-4 EEL =        46.4273  VDWAALS    =      1483.4190
 EELEC  =    -11278.0503  EHBOND  =         0.0000  RESTRAINT  =         0.0000
 EKCMT  =       895.4536  VIRIAL  =       733.5579  VOLUME     =     31084.6924
                                                    Density    =         0.9836
 ------------------------------------------------------------------------------

wrapping first mol.:       11.42854       16.16240       27.99409
wrapping first mol.:       11.42854       16.16240       27.99409

 NSTEP =    22500   TIME(PS) =      45.000  TEMP(K) =   300.56  PRESS =  -190.4
 Etot   =     -7923.7360  EKtot   =      1833.0524  EPtot      =     -9756.7884
 BOND   =         0.7664  ANGLE   =         6.2405  DIHED      =        10.5191
 UB     =         0.0000  IMP     =         0.0000  CMAP       =         0.8448
 1-4 NB =         3.3363  1-4 EEL =        42.7241  VDWAALS    =      1423.6349
 EELEC  =    -11244.8543  EHBOND  =         0.0000  RESTRAINT  =         0.0000
 EKCMT  =       909.8085  VIRIAL  =      1037.3587  VOLUME     =     31025.6827
                                                    Density    =         0.9855
 ------------------------------------------------------------------------------

wrapping first mol.:       11.42975       16.16411       27.99706
wrapping first mol.:       11.42975       16.16411       27.99706

 NSTEP =    22600   TIME(PS) =      45.200  TEMP(K) =   299.11  PRESS =    -1.2
 Etot   =     -7954.5089  EKtot   =      1824.1549  EPtot      =     -9778.6639
 BOND   =         3.0660  ANGLE   =         8.7550  DIHED      =         4.3940
 UB     =         0.0000  IMP     =         0.0000  CMAP       =         1.3475
 1-4 NB =         2.5406  1-4 EEL =        47.7968  VDWAALS    =      1465.3719
 EELEC  =    -11311.9355  EHBOND  =         0.0000  RESTRAINT  =         0.0000
 EKCMT  =       915.3848  VIRIAL  =       916.2148  VOLUME     =     31035.0435
                                                    Density    =         0.9852
 ------------------------------------------------------------------------------

wrapping first mol.:       11.43106       16.16596       28.00026
wrapping first mol.:       11.43106       16.16596       28.00026

 NSTEP =    22700   TIME(PS) =      45.400  TEMP(K) =   301.01  PRESS =   119.3
 Etot   =     -7921.4657  EKtot   =      1835.7863  EPtot      =     -9757.2519
 BOND   =         3.6081  ANGLE   =         7.6425  DIHED      =         4.4747
 UB     =         0.0000  IMP     =         0.0000  CMAP       =         1.1017
 1-4 NB =         3.3066  1-4 EEL =        46.8686  VDWAALS    =      1460.1064
 EELEC  =    -11284.3606  EHBOND  =         0.0000  RESTRAINT  =         0.0000
 EKCMT  =       916.2923  VIRIAL  =       836.3240  VOLUME     =     31045.3366
                                                    Density    =         0.9849
 ------------------------------------------------------------------------------

wrapping first mol.:       11.43885       16.17697       28.01933
wrapping first mol.:       11.43885       16.17697       28.01933

 NSTEP =    22800   TIME(PS) =      45.600  TEMP(K) =   304.26  PRESS =   106.8
 Etot   =     -7845.6149  EKtot   =      1855.6024  EPtot      =     -9701.2173
 BOND   =         3.4818  ANGLE   =         8.5332  DIHED      =         4.2308
 UB     =         0.0000  IMP     =         0.0000  CMAP       =         1.0866
 1-4 NB =         2.4626  1-4 EEL =        45.6226  VDWAALS    =      1441.4489
 EELEC  =    -11208.0838  EHBOND  =         0.0000  RESTRAINT  =         0.0000
 EKCMT  =       912.7967  VIRIAL  =       841.0315  VOLUME     =     31108.8663
                                                    Density    =         0.9828
 ------------------------------------------------------------------------------

wrapping first mol.:       11.44548       16.18636       28.03559
wrapping first mol.:       11.44548       16.18636       28.03559

 NSTEP =    22900   TIME(PS) =      45.800  TEMP(K) =   299.14  PRESS =   141.2
 Etot   =     -7856.6401  EKtot   =      1824.3679  EPtot      =     -9681.0080
 BOND   =         3.3702  ANGLE   =         7.1789  DIHED      =         4.1755
 UB     =         0.0000  IMP     =         0.0000  CMAP       =         1.3588
 1-4 NB =         2.1191  1-4 EEL =        46.3966  VDWAALS    =      1453.4897
 EELEC  =    -11199.0967  EHBOND  =         0.0000  RESTRAINT  =         0.0000
 EKCMT  =       903.1216  VIRIAL  =       808.1328  VOLUME     =     31162.9710
                                                    Density    =         0.9811
 ------------------------------------------------------------------------------

wrapping first mol.:       11.43300       16.16871       28.00502
wrapping first mol.:       11.43300       16.16871       28.00502

 NSTEP =    23000   TIME(PS) =      46.000  TEMP(K) =   302.47  PRESS =  -679.0
 Etot   =     -7819.8220  EKtot   =      1844.6411  EPtot      =     -9664.4631
 BOND   =         1.2328  ANGLE   =         8.6765  DIHED      =         4.2531
 UB     =         0.0000  IMP     =         0.0000  CMAP       =         1.2909
 1-4 NB =         2.4983  1-4 EEL =        44.2964  VDWAALS    =      1324.3676
 EELEC  =    -11051.0788  EHBOND  =         0.0000  RESTRAINT  =         0.0000
 EKCMT  =       904.0018  VIRIAL  =      1359.3756  VOLUME     =     31063.3980
                                                    Density    =         0.9843
 ------------------------------------------------------------------------------

wrapping first mol.:       11.43697       16.17432       28.01474
wrapping first mol.:       11.43697       16.17432       28.01474

 NSTEP =    23100   TIME(PS) =      46.200  TEMP(K) =   296.42  PRESS =   549.4
 Etot   =     -7838.2081  EKtot   =      1807.7520  EPtot      =     -9645.9600
 BOND   =         4.7037  ANGLE   =        10.4735  DIHED      =         4.2327
 UB     =         0.0000  IMP     =         0.0000  CMAP       =         1.1780
 1-4 NB =         2.5597  1-4 EEL =        46.7898  VDWAALS    =      1481.4230
 EELEC  =    -11197.3206  EHBOND  =         0.0000  RESTRAINT  =         0.0000
 EKCMT  =       909.0427  VIRIAL  =       540.1866  VOLUME     =     31092.3453
                                                    Density    =         0.9834
 ------------------------------------------------------------------------------

wrapping first mol.:       11.43733       16.17482       28.01561
wrapping first mol.:       11.43733       16.17482       28.01561

 NSTEP =    23200   TIME(PS) =      46.400  TEMP(K) =   298.31  PRESS =  -370.0
 Etot   =     -7901.9193  EKtot   =      1819.2712  EPtot      =     -9721.1905
 BOND   =         2.3112  ANGLE   =         8.5525  DIHED      =         3.5774
 UB     =         0.0000  IMP     =         0.0000  CMAP       =         0.8349
 1-4 NB =         3.5146  1-4 EEL =        45.4446  VDWAALS    =      1384.7864
 EELEC  =    -11170.2121  EHBOND  =         0.0000  RESTRAINT  =         0.0000
 EKCMT  =       913.5967  VIRIAL  =      1162.0001  VOLUME     =     31097.8016
                                                    Density    =         0.9832
 ------------------------------------------------------------------------------

wrapping first mol.:       11.44377       16.18393       28.03139
wrapping first mol.:       11.44377       16.18393       28.03139

 NSTEP =    23300   TIME(PS) =      46.600  TEMP(K) =   303.61  PRESS =   328.8
 Etot   =     -7877.8140  EKtot   =      1851.6443  EPtot      =     -9729.4583
 BOND   =         2.4985  ANGLE   =         7.3713  DIHED      =         4.3450
 UB     =         0.0000  IMP     =         0.0000  CMAP       =        -0.1075
 1-4 NB =         3.7368  1-4 EEL =        44.9764  VDWAALS    =      1490.2965
 EELEC  =    -11282.5753  EHBOND  =         0.0000  RESTRAINT  =         0.0000
 EKCMT  =       961.0296  VIRIAL  =       739.8723  VOLUME     =     31148.4192
                                                    Density    =         0.9816
 ------------------------------------------------------------------------------

wrapping first mol.:       11.43641       16.17353       28.01337
wrapping first mol.:       11.43641       16.17353       28.01337

 NSTEP =    23400   TIME(PS) =      46.800  TEMP(K) =   296.22  PRESS =  -258.8
 Etot   =     -7889.0157  EKtot   =      1806.5245  EPtot      =     -9695.5402
 BOND   =         3.3219  ANGLE   =        12.7818  DIHED      =         4.4433
 UB     =         0.0000  IMP     =         0.0000  CMAP       =         0.0284
 1-4 NB =         3.0912  1-4 EEL =        45.4202  VDWAALS    =      1394.1670
 EELEC  =    -11158.7941  EHBOND  =         0.0000  RESTRAINT  =         0.0000
 EKCMT  =       898.4920  VIRIAL  =      1072.2111  VOLUME     =     31090.0319
                                                    Density    =         0.9834
 ------------------------------------------------------------------------------

wrapping first mol.:       11.44240       16.18200       28.02804
wrapping first mol.:       11.44240       16.18200       28.02804

 NSTEP =    23500   TIME(PS) =      47.000  TEMP(K) =   301.82  PRESS =   749.9
 Etot   =     -7886.2747  EKtot   =      1840.7268  EPtot      =     -9727.0015
 BOND   =         3.3461  ANGLE   =         9.1247  DIHED      =         5.3379
 UB     =         0.0000  IMP     =         0.0000  CMAP       =         0.7904
 1-4 NB =         5.4322  1-4 EEL =        44.3981  VDWAALS    =      1538.5297
 EELEC  =    -11333.9605  EHBOND  =         0.0000  RESTRAINT  =         0.0000
 EKCMT  =       959.8138  VIRIAL  =       455.6738  VOLUME     =     31136.0875
                                                    Density    =         0.9820
 ------------------------------------------------------------------------------

wrapping first mol.:       11.44544       16.18629       28.03548
wrapping first mol.:       11.44544       16.18629       28.03548

 NSTEP =    23600   TIME(PS) =      47.200  TEMP(K) =   297.02  PRESS =   253.1
 Etot   =     -7909.2060  EKtot   =      1811.4211  EPtot      =     -9720.6271
 BOND   =         1.9279  ANGLE   =         8.9129  DIHED      =         5.6215
 UB     =         0.0000  IMP     =         0.0000  CMAP       =         0.5716
 1-4 NB =         5.9135  1-4 EEL =        48.2241  VDWAALS    =      1490.0095
 EELEC  =    -11281.8081  EHBOND  =         0.0000  RESTRAINT  =         0.0000
 EKCMT  =       935.3697  VIRIAL  =       765.0904  VOLUME     =     31162.2624
                                                    Density    =         0.9812
 ------------------------------------------------------------------------------

wrapping first mol.:       11.44753       16.18925       28.04061
wrapping first mol.:       11.44753       16.18925       28.04061

 NSTEP =    23700   TIME(PS) =      47.400  TEMP(K) =   294.80  PRESS =  -220.2
 Etot   =     -7905.0948  EKtot   =      1797.9111  EPtot      =     -9703.0059
 BOND   =         3.2819  ANGLE   =         8.6246  DIHED      =         4.4909
 UB     =         0.0000  IMP     =         0.0000  CMAP       =        -0.3700
 1-4 NB =         3.4690  1-4 EEL =        45.1798  VDWAALS    =      1413.4977
 EELEC  =    -11181.1799  EHBOND  =         0.0000  RESTRAINT  =         0.0000
 EKCMT  =       920.0241  VIRIAL  =      1068.2764  VOLUME     =     31180.6985
                                                    Density    =         0.9806
 ------------------------------------------------------------------------------

wrapping first mol.:       11.44325       16.18319       28.03011
wrapping first mol.:       11.44325       16.18319       28.03011

 NSTEP =    23800   TIME(PS) =      47.600  TEMP(K) =   299.08  PRESS =  -140.1
 Etot   =     -7899.0293  EKtot   =      1823.9871  EPtot      =     -9723.0164
 BOND   =         3.2856  ANGLE   =        13.3944  DIHED      =         3.2687
 UB     =         0.0000  IMP     =         0.0000  CMAP       =        -0.2375
 1-4 NB =         3.9352  1-4 EEL =        42.8777  VDWAALS    =      1438.6335
 EELEC  =    -11228.1738  EHBOND  =         0.0000  RESTRAINT  =         0.0000
 EKCMT  =       921.9148  VIRIAL  =      1016.1084  VOLUME     =     31145.4708
                                                    Density    =         0.9817
 ------------------------------------------------------------------------------

wrapping first mol.:       11.44214       16.18163       28.02741
wrapping first mol.:       11.44214       16.18163       28.02741

 NSTEP =    23900   TIME(PS) =      47.800  TEMP(K) =   305.28  PRESS =   116.2
 Etot   =     -7832.3486  EKtot   =      1861.8375  EPtot      =     -9694.1862
 BOND   =         5.1338  ANGLE   =        12.7610  DIHED      =         4.1179
 UB     =         0.0000  IMP     =         0.0000  CMAP       =         0.3252
 1-4 NB =         1.8979  1-4 EEL =        39.7578  VDWAALS    =      1449.0909
 EELEC  =    -11207.2706  EHBOND  =         0.0000  RESTRAINT  =         0.0000
 EKCMT  =       911.4482  VIRIAL  =       833.3475  VOLUME     =     31135.7447
                                                    Density    =         0.9820
 ------------------------------------------------------------------------------

wrapping first mol.:       11.45373       16.19801       28.05578
wrapping first mol.:       11.45373       16.19801       28.05578

 NSTEP =    24000   TIME(PS) =      48.000  TEMP(K) =   300.95  PRESS =  -187.2
 Etot   =     -7870.1368  EKtot   =      1835.4297  EPtot      =     -9705.5665
 BOND   =         1.1915  ANGLE   =        15.1114  DIHED      =         3.6599
 UB     =         0.0000  IMP     =         0.0000  CMAP       =        -0.3471
 1-4 NB =         3.5446  1-4 EEL =        40.0895  VDWAALS    =      1400.1128
 EELEC  =    -11168.9291  EHBOND  =         0.0000  RESTRAINT  =         0.0000
 EKCMT  =       959.2593  VIRIAL  =      1085.4802  VOLUME     =     31231.2448
                                                    Density    =         0.9790
 ------------------------------------------------------------------------------

wrapping first mol.:       11.45284       16.19677       28.05362
wrapping first mol.:       11.45284       16.19677       28.05362

 NSTEP =    24100   TIME(PS) =      48.200  TEMP(K) =   298.73  PRESS =    -1.9
 Etot   =     -7873.0614  EKtot   =      1821.8441  EPtot      =     -9694.9055
 BOND   =         4.0923  ANGLE   =        13.2848  DIHED      =         4.7137
 UB     =         0.0000  IMP     =         0.0000  CMAP       =        -0.1992
 1-4 NB =         3.3674  1-4 EEL =        42.4821  VDWAALS    =      1441.7553
 EELEC  =    -11204.4020  EHBOND  =         0.0000  RESTRAINT  =         0.0000
 EKCMT  =       893.4399  VIRIAL  =       894.7284  VOLUME     =     31223.5103
                                                    Density    =         0.9792
 ------------------------------------------------------------------------------

wrapping first mol.:       11.45155       16.19494       28.05046
wrapping first mol.:       11.45155       16.19494       28.05046

 NSTEP =    24200   TIME(PS) =      48.400  TEMP(K) =   300.10  PRESS =    70.6
 Etot   =     -7805.0785  EKtot   =      1830.2349  EPtot      =     -9635.3133
 BOND   =         4.5760  ANGLE   =         9.0997  DIHED      =         3.0676
 UB     =         0.0000  IMP     =         0.0000  CMAP       =         0.6465
 1-4 NB =         4.0699  1-4 EEL =        46.6444  VDWAALS    =      1420.7448
 EELEC  =    -11124.1622  EHBOND  =         0.0000  RESTRAINT  =         0.0000
 EKCMT  =       903.0903  VIRIAL  =       855.5384  VOLUME     =     31212.7718
                                                    Density    =         0.9796
 ------------------------------------------------------------------------------

wrapping first mol.:       11.45221       16.19587       28.05208
wrapping first mol.:       11.45221       16.19587       28.05208

 NSTEP =    24300   TIME(PS) =      48.600  TEMP(K) =   302.04  PRESS =  -355.4
 Etot   =     -7839.9756  EKtot   =      1842.0234  EPtot      =     -9681.9990
 BOND   =         3.6491  ANGLE   =         9.1580  DIHED      =         4.9178
 UB     =         0.0000  IMP     =         0.0000  CMAP       =         1.5259
 1-4 NB =         3.4356  1-4 EEL =        49.4282  VDWAALS    =      1390.1621
 EELEC  =    -11144.2758  EHBOND  =         0.0000  RESTRAINT  =         0.0000
 EKCMT  =       893.3307  VIRIAL  =      1132.8885  VOLUME     =     31219.3436
                                                    Density    =         0.9794
 ------------------------------------------------------------------------------

wrapping first mol.:       11.45007       16.19284       28.04683
wrapping first mol.:       11.45007       16.19284       28.04683

 NSTEP =    24400   TIME(PS) =      48.800  TEMP(K) =   306.10  PRESS =    87.3
 Etot   =     -7829.3797  EKtot   =      1866.7998  EPtot      =     -9696.1795
 BOND   =         2.0905  ANGLE   =         9.0524  DIHED      =         5.5323
 UB     =         0.0000  IMP     =         0.0000  CMAP       =         1.1290
 1-4 NB =         3.2742  1-4 EEL =        46.0421  VDWAALS    =      1443.3552
 EELEC  =    -11206.6552  EHBOND  =         0.0000  RESTRAINT  =         0.0000
 EKCMT  =       911.8819  VIRIAL  =       853.0621  VOLUME     =     31200.5919
                                                    Density    =         0.9800
 ------------------------------------------------------------------------------

wrapping first mol.:       11.44704       16.18855       28.03939
wrapping first mol.:       11.44704       16.18855       28.03939

 NSTEP =    24500   TIME(PS) =      49.000  TEMP(K) =   305.54  PRESS =   159.8
 Etot   =     -7819.6488  EKtot   =      1863.3925  EPtot      =     -9683.0413
 BOND   =         3.6410  ANGLE   =         6.1249  DIHED      =         5.9650
 UB     =         0.0000  IMP     =         0.0000  CMAP       =        -1.0986
 1-4 NB =         3.2908  1-4 EEL =        40.4200  VDWAALS    =      1442.9300
 EELEC  =    -11184.3144  EHBOND  =         0.0000  RESTRAINT  =         0.0000
 EKCMT  =       909.2570  VIRIAL  =       801.7131  VOLUME     =     31175.5893
                                                    Density    =         0.9807
 ------------------------------------------------------------------------------

wrapping first mol.:       11.44634       16.18757       28.03769
wrapping first mol.:       11.44634       16.18757       28.03769

 NSTEP =    24600   TIME(PS) =      49.200  TEMP(K) =   302.90  PRESS =   522.4
 Etot   =     -7826.6996  EKtot   =      1847.3180  EPtot      =     -9674.0176
 BOND   =         1.9802  ANGLE   =         8.9156  DIHED      =         3.8949
 UB     =         0.0000  IMP     =         0.0000  CMAP       =         0.6823
 1-4 NB =         2.7300  1-4 EEL =        43.1627  VDWAALS    =      1493.9467
 EELEC  =    -11229.3299  EHBOND  =         0.0000  RESTRAINT  =         0.0000
 EKCMT  =       888.5709  VIRIAL  =       537.0050  VOLUME     =     31168.8845
                                                    Density    =         0.9809
 ------------------------------------------------------------------------------

wrapping first mol.:       11.44559       16.18650       28.03584
wrapping first mol.:       11.44559       16.18650       28.03584

 NSTEP =    24700   TIME(PS) =      49.400  TEMP(K) =   309.35  PRESS =     5.2
 Etot   =     -7830.3994  EKtot   =      1886.6134  EPtot      =     -9717.0128
 BOND   =         0.7569  ANGLE   =        11.5905  DIHED      =         6.0713
 UB     =         0.0000  IMP     =         0.0000  CMAP       =         0.9246
 1-4 NB =         2.9209  1-4 EEL =        42.0803  VDWAALS    =      1445.9655
 EELEC  =    -11227.3229  EHBOND  =         0.0000  RESTRAINT  =         0.0000
 EKCMT  =       930.7029  VIRIAL  =       927.1869  VOLUME     =     31164.1723
                                                    Density    =         0.9811
 ------------------------------------------------------------------------------

wrapping first mol.:       11.44798       16.18989       28.04172
wrapping first mol.:       11.44798       16.18989       28.04172

 NSTEP =    24800   TIME(PS) =      49.600  TEMP(K) =   306.05  PRESS =   165.3
 Etot   =     -7825.3170  EKtot   =      1866.5011  EPtot      =     -9691.8181
 BOND   =         3.0676  ANGLE   =         8.9179  DIHED      =         5.1576
 UB     =         0.0000  IMP     =         0.0000  CMAP       =         1.0077
 1-4 NB =         3.8713  1-4 EEL =        48.1097  VDWAALS    =      1458.7268
 EELEC  =    -11220.6768  EHBOND  =         0.0000  RESTRAINT  =         0.0000
 EKCMT  =       932.6089  VIRIAL  =       821.2899  VOLUME     =     31183.3275
                                                    Density    =         0.9805
 ------------------------------------------------------------------------------

wrapping first mol.:       11.45605       16.20130       28.06147
wrapping first mol.:       11.45605       16.20130       28.06147

 NSTEP =    24900   TIME(PS) =      49.800  TEMP(K) =   306.92  PRESS =   297.0
 Etot   =     -7855.6339  EKtot   =      1871.8193  EPtot      =     -9727.4533
 BOND   =         1.9701  ANGLE   =        10.1454  DIHED      =         5.9474
 UB     =         0.0000  IMP     =         0.0000  CMAP       =         0.8273
 1-4 NB =         4.2844  1-4 EEL =        46.4993  VDWAALS    =      1479.6227
 EELEC  =    -11276.7498  EHBOND  =         0.0000  RESTRAINT  =         0.0000
 EKCMT  =       947.7346  VIRIAL  =       747.3207  VOLUME     =     31248.9144
                                                    Density    =         0.9784
 ------------------------------------------------------------------------------

wrapping first mol.:       11.46650       16.21608       28.08708
wrapping first mol.:       11.46650       16.21608       28.08708

 NSTEP =    25000   TIME(PS) =      50.000  TEMP(K) =   303.89  PRESS =    -4.7
 Etot   =     -7864.8488  EKtot   =      1853.3369  EPtot      =     -9718.1857
 BOND   =         2.1817  ANGLE   =        15.5646  DIHED      =         4.0186
 UB     =         0.0000  IMP     =         0.0000  CMAP       =        -0.2459
 1-4 NB =         3.6213  1-4 EEL =        44.7193  VDWAALS    =      1454.1059
 EELEC  =    -11242.1512  EHBOND  =         0.0000  RESTRAINT  =         0.0000
 EKCMT  =       906.3895  VIRIAL  =       909.5880  VOLUME     =     31335.3795
                                                    Density    =         0.9757
 ------------------------------------------------------------------------------

wrapping first mol.:       11.46641       16.21595       28.08685
wrapping first mol.:       11.46641       16.21595       28.08685

 NSTEP =    25100   TIME(PS) =      50.200  TEMP(K) =   298.57  PRESS =   -70.5
 Etot   =     -7893.7008  EKtot   =      1820.9003  EPtot      =     -9714.6010
 BOND   =         4.0260  ANGLE   =        15.9015  DIHED      =         4.3133
 UB     =         0.0000  IMP     =         0.0000  CMAP       =         0.0365
 1-4 NB =         3.5491  1-4 EEL =        43.4919  VDWAALS    =      1453.3498
 EELEC  =    -11239.2691  EHBOND  =         0.0000  RESTRAINT  =         0.0000
 EKCMT  =       901.3003  VIRIAL  =       949.0193  VOLUME     =     31334.7847
                                                    Density    =         0.9758
 ------------------------------------------------------------------------------

wrapping first mol.:       11.46019       16.20716       28.07162
wrapping first mol.:       11.46019       16.20716       28.07162

 NSTEP =    25200   TIME(PS) =      50.400  TEMP(K) =   302.47  PRESS =  -370.9
 Etot   =     -7901.2611  EKtot   =      1844.7014  EPtot      =     -9745.9625
 BOND   =         2.7250  ANGLE   =         9.8246  DIHED      =         3.4880
 UB     =         0.0000  IMP     =         0.0000  CMAP       =        -0.0420
 1-4 NB =         4.0017  1-4 EEL =        45.2252  VDWAALS    =      1421.0600
 EELEC  =    -11232.2449  EHBOND  =         0.0000  RESTRAINT  =         0.0000
 EKCMT  =       915.7107  VIRIAL  =      1166.2634  VOLUME     =     31284.6924
                                                    Density    =         0.9773
 ------------------------------------------------------------------------------

wrapping first mol.:       11.46136       16.20881       28.07448
wrapping first mol.:       11.46136       16.20881       28.07448

 NSTEP =    25300   TIME(PS) =      50.600  TEMP(K) =   300.65  PRESS =   128.7
 Etot   =     -7886.9609  EKtot   =      1833.5558  EPtot      =     -9720.5167
 BOND   =         3.8520  ANGLE   =         7.9564  DIHED      =         4.3214
 UB     =         0.0000  IMP     =         0.0000  CMAP       =         0.9033
 1-4 NB =         6.4331  1-4 EEL =        51.3250  VDWAALS    =      1466.1238
 EELEC  =    -11261.4317  EHBOND  =         0.0000  RESTRAINT  =         0.0000
 EKCMT  =       930.4903  VIRIAL  =       843.5312  VOLUME     =     31292.8537
                                                    Density    =         0.9771
 ------------------------------------------------------------------------------

wrapping first mol.:       11.46553       16.21471       28.08470
wrapping first mol.:       11.46553       16.21471       28.08470

 NSTEP =    25400   TIME(PS) =      50.800  TEMP(K) =   295.99  PRESS =   102.2
 Etot   =     -7904.7610  EKtot   =      1805.1237  EPtot      =     -9709.8847
 BOND   =         2.9355  ANGLE   =         9.8691  DIHED      =         5.4838
 UB     =         0.0000  IMP     =         0.0000  CMAP       =         0.9604
 1-4 NB =         2.2903  1-4 EEL =        46.0491  VDWAALS    =      1467.7428
 EELEC  =    -11245.2158  EHBOND  =         0.0000  RESTRAINT  =         0.0000
 EKCMT  =       865.8323  VIRIAL  =       796.6876  VOLUME     =     31327.1254
                                                    Density    =         0.9760
 ------------------------------------------------------------------------------

wrapping first mol.:       11.46529       16.21437       28.08410
wrapping first mol.:       11.46529       16.21437       28.08410

 NSTEP =    25500   TIME(PS) =      51.000  TEMP(K) =   306.61  PRESS =    88.9
 Etot   =     -7892.7772  EKtot   =      1869.8901  EPtot      =     -9762.6673
 BOND   =         4.1409  ANGLE   =        11.5338  DIHED      =         3.9002
 UB     =         0.0000  IMP     =         0.0000  CMAP       =         0.3003
 1-4 NB =         2.8255  1-4 EEL =        44.6654  VDWAALS    =      1486.4461
 EELEC  =    -11316.4795  EHBOND  =         0.0000  RESTRAINT  =         0.0000
 EKCMT  =       924.7422  VIRIAL  =       864.5858  VOLUME     =     31325.1593
                                                    Density    =         0.9761
 ------------------------------------------------------------------------------

wrapping first mol.:       11.46326       16.21150       28.07914
wrapping first mol.:       11.46326       16.21150       28.07914

 NSTEP =    25600   TIME(PS) =      51.200  TEMP(K) =   298.99  PRESS =  -257.4
 Etot   =     -7883.4127  EKtot   =      1823.4360  EPtot      =     -9706.8487
 BOND   =         2.4557  ANGLE   =        12.0158  DIHED      =         3.4522
 UB     =         0.0000  IMP     =         0.0000  CMAP       =         0.4936
 1-4 NB =         4.7899  1-4 EEL =        48.0217  VDWAALS    =      1407.4474
 EELEC  =    -11185.5250  EHBOND  =         0.0000  RESTRAINT  =         0.0000
 EKCMT  =       918.6764  VIRIAL  =      1092.6686  VOLUME     =     31309.5017
                                                    Density    =         0.9765
 ------------------------------------------------------------------------------

wrapping first mol.:       11.46215       16.20993       28.07642
wrapping first mol.:       11.46215       16.20993       28.07642

 NSTEP =    25700   TIME(PS) =      51.400  TEMP(K) =   294.53  PRESS =  -159.8
 Etot   =     -7935.1334  EKtot   =      1796.2634  EPtot      =     -9731.3968
 BOND   =         3.5380  ANGLE   =        10.1350  DIHED      =         7.1120
 UB     =         0.0000  IMP     =         0.0000  CMAP       =        -0.2192
 1-4 NB =         2.7830  1-4 EEL =        45.1696  VDWAALS    =      1448.9484
 EELEC  =    -11248.8635  EHBOND  =         0.0000  RESTRAINT  =         0.0000
 EKCMT  =       900.3857  VIRIAL  =      1008.3745  VOLUME     =     31300.1550
                                                    Density    =         0.9768
 ------------------------------------------------------------------------------

wrapping first mol.:       11.46356       16.21192       28.07986
wrapping first mol.:       11.46356       16.21192       28.07986

 NSTEP =    25800   TIME(PS) =      51.600  TEMP(K) =   298.76  PRESS =   -74.3
 Etot   =     -7933.6921  EKtot   =      1822.0312  EPtot      =     -9755.7234
 BOND   =         2.3391  ANGLE   =        12.0472  DIHED      =         5.3112
 UB     =         0.0000  IMP     =         0.0000  CMAP       =         0.8578
 1-4 NB =         3.8121  1-4 EEL =        44.2268  VDWAALS    =      1463.5398
 EELEC  =    -11287.8574  EHBOND  =         0.0000  RESTRAINT  =         0.0000
 EKCMT  =       895.3368  VIRIAL  =       945.5951  VOLUME     =     31311.4126
                                                    Density    =         0.9765
 ------------------------------------------------------------------------------

wrapping first mol.:       11.45648       16.20191       28.06253
wrapping first mol.:       11.45648       16.20191       28.06253

 NSTEP =    25900   TIME(PS) =      51.800  TEMP(K) =   288.58  PRESS =  -139.5
 Etot   =     -7951.5604  EKtot   =      1759.9510  EPtot      =     -9711.5115
 BOND   =         1.5664  ANGLE   =         6.7309  DIHED      =         4.0015
 UB     =         0.0000  IMP     =         0.0000  CMAP       =         0.0550
 1-4 NB =         3.5822  1-4 EEL =        46.3594  VDWAALS    =      1430.4541
 EELEC  =    -11204.2609  EHBOND  =         0.0000  RESTRAINT  =         0.0000
 EKCMT  =       875.0529  VIRIAL  =       969.2111  VOLUME     =     31253.6590
                                                    Density    =         0.9783
 ------------------------------------------------------------------------------

wrapping first mol.:       11.44819       16.19019       28.04222
wrapping first mol.:       11.44819       16.19019       28.04222

 NSTEP =    26000   TIME(PS) =      52.000  TEMP(K) =   290.37  PRESS =  -331.4
 Etot   =     -7943.6584  EKtot   =      1770.8842  EPtot      =     -9714.5426
 BOND   =         1.7462  ANGLE   =         7.7331  DIHED      =         5.1844
 UB     =         0.0000  IMP     =         0.0000  CMAP       =         0.5384
 1-4 NB =         3.2340  1-4 EEL =        46.2941  VDWAALS    =      1387.3501
 EELEC  =    -11166.6229  EHBOND  =         0.0000  RESTRAINT  =         0.0000
 EKCMT  =       899.0027  VIRIAL  =      1122.1394  VOLUME     =     31186.3963
                                                    Density    =         0.9804
 ------------------------------------------------------------------------------

wrapping first mol.:       11.44870       16.19090       28.04346
wrapping first mol.:       11.44870       16.19090       28.04346

 NSTEP =    26100   TIME(PS) =      52.200  TEMP(K) =   303.63  PRESS =   349.2
 Etot   =     -7879.0385  EKtot   =      1851.7721  EPtot      =     -9730.8106
 BOND   =         3.9680  ANGLE   =         5.5523  DIHED      =         5.1093
 UB     =         0.0000  IMP     =         0.0000  CMAP       =        -0.2826
 1-4 NB =         3.4738  1-4 EEL =        44.6905  VDWAALS    =      1498.0688
 EELEC  =    -11291.3908  EHBOND  =         0.0000  RESTRAINT  =         0.0000
 EKCMT  =       899.5823  VIRIAL  =       664.4627  VOLUME     =     31188.6245
                                                    Density    =         0.9803
 ------------------------------------------------------------------------------

wrapping first mol.:       11.44765       16.18942       28.04089
wrapping first mol.:       11.44765       16.18942       28.04089

 NSTEP =    26200   TIME(PS) =      52.400  TEMP(K) =   303.23  PRESS =  -295.6
 Etot   =     -7897.7029  EKtot   =      1849.3119  EPtot      =     -9747.0148
 BOND   =         3.5833  ANGLE   =         7.0215  DIHED      =         4.1170
 UB     =         0.0000  IMP     =         0.0000  CMAP       =         1.7213
 1-4 NB =         3.1094  1-4 EEL =        44.1592  VDWAALS    =      1409.3658
 EELEC  =    -11220.0923  EHBOND  =         0.0000  RESTRAINT  =         0.0000
 EKCMT  =       915.3233  VIRIAL  =      1114.3627  VOLUME     =     31181.8552
                                                    Density    =         0.9805
 ------------------------------------------------------------------------------

wrapping first mol.:       11.45526       16.20018       28.05953
wrapping first mol.:       11.45526       16.20018       28.05953

 NSTEP =    26300   TIME(PS) =      52.600  TEMP(K) =   298.68  PRESS =   545.7
 Etot   =     -7907.3373  EKtot   =      1821.5482  EPtot      =     -9728.8855
 BOND   =         4.2361  ANGLE   =        10.3021  DIHED      =         3.9006
 UB     =         0.0000  IMP     =         0.0000  CMAP       =         1.2083
 1-4 NB =         2.9343  1-4 EEL =        43.2991  VDWAALS    =      1534.1586
 EELEC  =    -11328.9246  EHBOND  =         0.0000  RESTRAINT  =         0.0000
 EKCMT  =       927.1235  VIRIAL  =       559.0381  VOLUME     =     31241.7408
                                                    Density    =         0.9787
 ------------------------------------------------------------------------------

wrapping first mol.:       11.45277       16.19667       28.05345
wrapping first mol.:       11.45277       16.19667       28.05345

 NSTEP =    26400   TIME(PS) =      52.800  TEMP(K) =   301.36  PRESS =  -583.3
 Etot   =     -7911.5314  EKtot   =      1837.8722  EPtot      =     -9749.4036
 BOND   =         5.6734  ANGLE   =         6.8860  DIHED      =         3.8881
 UB     =         0.0000  IMP     =         0.0000  CMAP       =         0.9689
 1-4 NB =         4.7472  1-4 EEL =        44.5216  VDWAALS    =      1375.6350
 EELEC  =    -11191.7239  EHBOND  =         0.0000  RESTRAINT  =         0.0000
 EKCMT  =       926.8453  VIRIAL  =      1320.0995  VOLUME     =     31224.5729
                                                    Density    =         0.9792
 ------------------------------------------------------------------------------

wrapping first mol.:       11.45527       16.20020       28.05956
wrapping first mol.:       11.45527       16.20020       28.05956

 NSTEP =    26500   TIME(PS) =      53.000  TEMP(K) =   303.10  PRESS =  -129.0
 Etot   =     -7861.2839  EKtot   =      1848.5112  EPtot      =     -9709.7952
 BOND   =         4.0635  ANGLE   =        12.3317  DIHED      =         4.3696
 UB     =         0.0000  IMP     =         0.0000  CMAP       =        -0.2492
 1-4 NB =         4.9019  1-4 EEL =        43.4359  VDWAALS    =      1415.7092
 EELEC  =    -11194.3577  EHBOND  =         0.0000  RESTRAINT  =         0.0000
 EKCMT  =       916.3591  VIRIAL  =      1003.3913  VOLUME     =     31243.7070
                                                    Density    =         0.9786
 ------------------------------------------------------------------------------

wrapping first mol.:       11.44338       16.18338       28.03043
wrapping first mol.:       11.44338       16.18338       28.03043

 NSTEP =    26600   TIME(PS) =      53.200  TEMP(K) =   296.25  PRESS =  -218.5
 Etot   =     -7887.2466  EKtot   =      1806.7346  EPtot      =     -9693.9813
 BOND   =         1.6907  ANGLE   =         7.3077  DIHED      =         3.2371
 UB     =         0.0000  IMP     =         0.0000  CMAP       =         1.8217
 1-4 NB =         4.1051  1-4 EEL =        46.1074  VDWAALS    =      1395.8652
 EELEC  =    -11154.1162  EHBOND  =         0.0000  RESTRAINT  =         0.0000
 EKCMT  =       873.9689  VIRIAL  =      1020.9086  VOLUME     =     31146.7653
                                                    Density    =         0.9816
 ------------------------------------------------------------------------------

wrapping first mol.:       11.44401       16.18427       28.03197
wrapping first mol.:       11.44401       16.18427       28.03197

 NSTEP =    26700   TIME(PS) =      53.400  TEMP(K) =   298.23  PRESS =  -479.6
 Etot   =     -7879.5028  EKtot   =      1818.8124  EPtot      =     -9698.3152
 BOND   =         5.0538  ANGLE   =         7.4511  DIHED      =         3.3637
 UB     =         0.0000  IMP     =         0.0000  CMAP       =         0.4563
 1-4 NB =         2.0851  1-4 EEL =        44.8822  VDWAALS    =      1368.2311
 EELEC  =    -11129.8386  EHBOND  =         0.0000  RESTRAINT  =         0.0000
 EKCMT  =       886.7924  VIRIAL  =      1209.3944  VOLUME     =     31152.6154
                                                    Density    =         0.9815
 ------------------------------------------------------------------------------

wrapping first mol.:       11.43355       16.16948       28.00636
wrapping first mol.:       11.43355       16.16948       28.00636

 NSTEP =    26800   TIME(PS) =      53.600  TEMP(K) =   303.72  PRESS =  -279.4
 Etot   =     -7838.3835  EKtot   =      1852.2994  EPtot      =     -9690.6829
 BOND   =         2.8833  ANGLE   =         5.9046  DIHED      =         4.9465
 UB     =         0.0000  IMP     =         0.0000  CMAP       =         0.5760
 1-4 NB =         3.4653  1-4 EEL =        47.8382  VDWAALS    =      1378.9063
 EELEC  =    -11135.2032  EHBOND  =         0.0000  RESTRAINT  =         0.0000
 EKCMT  =       913.5220  VIRIAL  =      1100.9231  VOLUME     =     31066.7536
                                                    Density    =         0.9842
 ------------------------------------------------------------------------------

wrapping first mol.:       11.43469       16.17109       28.00915
wrapping first mol.:       11.43469       16.17109       28.00915

 NSTEP =    26900   TIME(PS) =      53.800  TEMP(K) =   298.98  PRESS =   420.3
 Etot   =     -7845.4215  EKtot   =      1823.3679  EPtot      =     -9668.7894
 BOND   =         3.1102  ANGLE   =         9.9863  DIHED      =         3.2558
 UB     =         0.0000  IMP     =         0.0000  CMAP       =         0.8442
 1-4 NB =         3.5426  1-4 EEL =        47.7983  VDWAALS    =      1475.9366
 EELEC  =    -11213.2634  EHBOND  =         0.0000  RESTRAINT  =         0.0000
 EKCMT  =       909.5732  VIRIAL  =       627.5936  VOLUME     =     31074.1065
                                                    Density    =         0.9839
 ------------------------------------------------------------------------------

wrapping first mol.:       11.43862       16.17666       28.01879
wrapping first mol.:       11.43862       16.17666       28.01879

 NSTEP =    27000   TIME(PS) =      54.000  TEMP(K) =   301.89  PRESS =    79.8
 Etot   =     -7854.2484  EKtot   =      1841.1364  EPtot      =     -9695.3848
 BOND   =         3.4003  ANGLE   =         7.1729  DIHED      =         6.3850
 UB     =         0.0000  IMP     =         0.0000  CMAP       =         1.5602
 1-4 NB =         2.0996  1-4 EEL =        42.8341  VDWAALS    =      1446.9039
 EELEC  =    -11205.7409  EHBOND  =         0.0000  RESTRAINT  =         0.0000
 EKCMT  =       916.7129  VIRIAL  =       863.1485  VOLUME     =     31107.1364
                                                    Density    =         0.9829
 ------------------------------------------------------------------------------

wrapping first mol.:       11.43623       16.17327       28.01293
wrapping first mol.:       11.43623       16.17327       28.01293

 NSTEP =    27100   TIME(PS) =      54.200  TEMP(K) =   296.98  PRESS =    68.3
 Etot   =     -7826.4768  EKtot   =      1811.1663  EPtot      =     -9637.6431
 BOND   =         4.2398  ANGLE   =         5.6642  DIHED      =         7.3793
 UB     =         0.0000  IMP     =         0.0000  CMAP       =         0.6422
 1-4 NB =         4.2935  1-4 EEL =        45.3301  VDWAALS    =      1416.5246
 EELEC  =    -11121.7167  EHBOND  =         0.0000  RESTRAINT  =         0.0000
 EKCMT  =       912.7641  VIRIAL  =       866.8955  VOLUME     =     31087.6467
                                                    Density    =         0.9835
 ------------------------------------------------------------------------------

wrapping first mol.:       11.44042       16.17919       28.02318
wrapping first mol.:       11.44042       16.17919       28.02318

 NSTEP =    27200   TIME(PS) =      54.400  TEMP(K) =   298.30  PRESS =    11.0
 Etot   =     -7813.6929  EKtot   =      1819.2220  EPtot      =     -9632.9150
 BOND   =         2.9694  ANGLE   =         6.7985  DIHED      =         3.1095
 UB     =         0.0000  IMP     =         0.0000  CMAP       =         0.9999
 1-4 NB =         4.1209  1-4 EEL =        48.0152  VDWAALS    =      1415.2229
 EELEC  =    -11114.1512  EHBOND  =         0.0000  RESTRAINT  =         0.0000
 EKCMT  =       897.4351  VIRIAL  =       890.0706  VOLUME     =     31121.9598
                                                    Density    =         0.9824
 ------------------------------------------------------------------------------

wrapping first mol.:       11.43486       16.17134       28.00958
wrapping first mol.:       11.43486       16.17134       28.00958

 NSTEP =    27300   TIME(PS) =      54.600  TEMP(K) =   303.04  PRESS =   154.5
 Etot   =     -7825.4841  EKtot   =      1848.1528  EPtot      =     -9673.6369
 BOND   =         3.5989  ANGLE   =         7.4393  DIHED      =         6.8922
 UB     =         0.0000  IMP     =         0.0000  CMAP       =         1.5966
 1-4 NB =         3.3968  1-4 EEL =        48.8376  VDWAALS    =      1437.0814
 EELEC  =    -11182.4798  EHBOND  =         0.0000  RESTRAINT  =         0.0000
 EKCMT  =       904.0131  VIRIAL  =       800.3201  VOLUME     =     31076.2667
                                                    Density    =         0.9839
 ------------------------------------------------------------------------------

wrapping first mol.:       11.42879       16.16275       27.99471
wrapping first mol.:       11.42879       16.16275       27.99471

 NSTEP =    27400   TIME(PS) =      54.800  TEMP(K) =   299.87  PRESS =  -223.1
 Etot   =     -7874.7281  EKtot   =      1828.7986  EPtot      =     -9703.5267
 BOND   =         3.0576  ANGLE   =         8.9663  DIHED      =         3.0643
 UB     =         0.0000  IMP     =         0.0000  CMAP       =         0.1564
 1-4 NB =         4.2555  1-4 EEL =        45.9085  VDWAALS    =      1399.7484
 EELEC  =    -11168.6836  EHBOND  =         0.0000  RESTRAINT  =         0.0000
 EKCMT  =       912.0785  VIRIAL  =      1061.5222  VOLUME     =     31027.8337
                                                    Density    =         0.9854
 ------------------------------------------------------------------------------

wrapping first mol.:       11.42800       16.16163       27.99276
wrapping first mol.:       11.42800       16.16163       27.99276

 NSTEP =    27500   TIME(PS) =      55.000  TEMP(K) =   304.69  PRESS =  -463.2
 Etot   =     -7854.6219  EKtot   =      1858.2314  EPtot      =     -9712.8534
 BOND   =         3.7962  ANGLE   =         6.7850  DIHED      =         4.7236
 UB     =         0.0000  IMP     =         0.0000  CMAP       =         0.6968
 1-4 NB =         3.6306  1-4 EEL =        46.3160  VDWAALS    =      1351.1571
 EELEC  =    -11129.9587  EHBOND  =         0.0000  RESTRAINT  =         0.0000
 EKCMT  =       924.9413  VIRIAL  =      1235.1853  VOLUME     =     31022.0371
                                                    Density    =         0.9856
 ------------------------------------------------------------------------------

wrapping first mol.:       11.42668       16.15977       27.98954
wrapping first mol.:       11.42668       16.15977       27.98954

 NSTEP =    27600   TIME(PS) =      55.200  TEMP(K) =   302.09  PRESS =   115.9
 Etot   =     -7837.7942  EKtot   =      1842.3838  EPtot      =     -9680.1780
 BOND   =         2.6495  ANGLE   =         9.9027  DIHED      =         4.0131
 UB     =         0.0000  IMP     =         0.0000  CMAP       =         0.8400
 1-4 NB =         2.3736  1-4 EEL =        42.5911  VDWAALS    =      1419.0809
 EELEC  =    -11161.6289  EHBOND  =         0.0000  RESTRAINT  =         0.0000
 EKCMT  =       899.2856  VIRIAL  =       821.6548  VOLUME     =     31009.7247
                                                    Density    =         0.9860
 ------------------------------------------------------------------------------

wrapping first mol.:       11.42977       16.16414       27.99711
wrapping first mol.:       11.42977       16.16414       27.99711

 NSTEP =    27700   TIME(PS) =      55.400  TEMP(K) =   302.88  PRESS =  -518.6
 Etot   =     -7855.6768  EKtot   =      1847.1650  EPtot      =     -9702.8418
 BOND   =         3.7740  ANGLE   =         9.5195  DIHED      =         4.7352
 UB     =         0.0000  IMP     =         0.0000  CMAP       =         1.5468
 1-4 NB =         6.0839  1-4 EEL =        48.3052  VDWAALS    =      1362.6746
 EELEC  =    -11139.4811  EHBOND  =         0.0000  RESTRAINT  =         0.0000
 EKCMT  =       886.4767  VIRIAL  =      1234.0131  VOLUME     =     31036.6396
                                                    Density    =         0.9851
 ------------------------------------------------------------------------------

wrapping first mol.:       11.42140       16.15229       27.97659
wrapping first mol.:       11.42140       16.15229       27.97659

 NSTEP =    27800   TIME(PS) =      55.600  TEMP(K) =   300.65  PRESS =  -227.7
 Etot   =     -7886.8541  EKtot   =      1833.5676  EPtot      =     -9720.4217
 BOND   =         2.4259  ANGLE   =         8.1651  DIHED      =         6.1157
 UB     =         0.0000  IMP     =         0.0000  CMAP       =         1.9733
 1-4 NB =         2.0726  1-4 EEL =        44.9353  VDWAALS    =      1414.2197
 EELEC  =    -11200.3292  EHBOND  =         0.0000  RESTRAINT  =         0.0000
 EKCMT  =       876.2828  VIRIAL  =      1028.5282  VOLUME     =     30967.6399
                                                    Density    =         0.9873
 ------------------------------------------------------------------------------

wrapping first mol.:       11.42407       16.15608       27.98314
wrapping first mol.:       11.42407       16.15608       27.98314

 NSTEP =    27900   TIME(PS) =      55.800  TEMP(K) =   296.55  PRESS =   201.7
 Etot   =     -7913.7587  EKtot   =      1808.5481  EPtot      =     -9722.3068
 BOND   =         3.4287  ANGLE   =         6.7641  DIHED      =         5.2609
 UB     =         0.0000  IMP     =         0.0000  CMAP       =         0.1286
 1-4 NB =         3.8968  1-4 EEL =        43.2242  VDWAALS    =      1461.5171
 EELEC  =    -11246.5272  EHBOND  =         0.0000  RESTRAINT  =         0.0000
 EKCMT  =       903.4744  VIRIAL  =       768.5320  VOLUME     =     30988.2145
                                                    Density    =         0.9867
 ------------------------------------------------------------------------------

wrapping first mol.:       11.41679       16.14578       27.96531
wrapping first mol.:       11.41679       16.14578       27.96531

 NSTEP =    28000   TIME(PS) =      56.000  TEMP(K) =   299.15  PRESS =  -331.7
 Etot   =     -7861.7826  EKtot   =      1824.4281  EPtot      =     -9686.2107
 BOND   =         1.7516  ANGLE   =        10.2670  DIHED      =         4.9672
 UB     =         0.0000  IMP     =         0.0000  CMAP       =         0.2339
 1-4 NB =         4.4754  1-4 EEL =        45.3935  VDWAALS    =      1369.0950
 EELEC  =    -11122.3943  EHBOND  =         0.0000  RESTRAINT  =         0.0000
 EKCMT  =       949.1290  VIRIAL  =      1170.6672  VOLUME     =     30930.4923
                                                    Density    =         0.9885
 ------------------------------------------------------------------------------

wrapping first mol.:       11.41492       16.14314       27.96073
wrapping first mol.:       11.41492       16.14314       27.96073

 NSTEP =    28100   TIME(PS) =      56.200  TEMP(K) =   305.04  PRESS =   687.2
 Etot   =     -7902.1040  EKtot   =      1860.3450  EPtot      =     -9762.4490
 BOND   =         2.2017  ANGLE   =         6.8488  DIHED      =         5.1902
 UB     =         0.0000  IMP     =         0.0000  CMAP       =         0.9220
 1-4 NB =         2.6120  1-4 EEL =        45.7989  VDWAALS    =      1521.2026
 EELEC  =    -11347.2252  EHBOND  =         0.0000  RESTRAINT  =         0.0000
 EKCMT  =       939.6200  VIRIAL  =       480.9775  VOLUME     =     30912.4946
                                                    Density    =         0.9891
 ------------------------------------------------------------------------------

wrapping first mol.:       11.43245       16.16793       28.00367
wrapping first mol.:       11.43245       16.16793       28.00367

 NSTEP =    28200   TIME(PS) =      56.400  TEMP(K) =   296.62  PRESS =   248.5
 Etot   =     -7914.9878  EKtot   =      1809.0204  EPtot      =     -9724.0082
 BOND   =         3.0643  ANGLE   =         7.9000  DIHED      =         4.7176
 UB     =         0.0000  IMP     =         0.0000  CMAP       =        -0.0128
 1-4 NB =         4.3424  1-4 EEL =        45.4503  VDWAALS    =      1475.1504
 EELEC  =    -11264.6205  EHBOND  =         0.0000  RESTRAINT  =         0.0000
 EKCMT  =       897.8051  VIRIAL  =       731.1528  VOLUME     =     31056.3453
                                                    Density    =         0.9845
 ------------------------------------------------------------------------------

wrapping first mol.:       11.43944       16.17782       28.02080
wrapping first mol.:       11.43944       16.17782       28.02080

 NSTEP =    28300   TIME(PS) =      56.600  TEMP(K) =   300.39  PRESS =   163.7
 Etot   =     -7879.8691  EKtot   =      1831.9882  EPtot      =     -9711.8573
 BOND   =         2.0918  ANGLE   =        11.0522  DIHED      =         4.1389
 UB     =         0.0000  IMP     =         0.0000  CMAP       =         0.8630
 1-4 NB =         2.9430  1-4 EEL =        45.1446  VDWAALS    =      1449.8289
 EELEC  =    -11227.9197  EHBOND  =         0.0000  RESTRAINT  =         0.0000
 EKCMT  =       898.3723  VIRIAL  =       788.4072  VOLUME     =     31113.5937
                                                    Density    =         0.9827
 ------------------------------------------------------------------------------

wrapping first mol.:       11.44239       16.18198       28.02801
wrapping first mol.:       11.44239       16.18198       28.02801

 NSTEP =    28400   TIME(PS) =      56.800  TEMP(K) =   301.55  PRESS =   -67.3
 Etot   =     -7861.1647  EKtot   =      1839.0417  EPtot      =     -9700.2064
 BOND   =         2.0300  ANGLE   =        12.8875  DIHED      =         4.4190
 UB     =         0.0000  IMP     =         0.0000  CMAP       =         0.3287
 1-4 NB =         3.6565  1-4 EEL =        42.6394  VDWAALS    =      1411.0123
 EELEC  =    -11177.1798  EHBOND  =         0.0000  RESTRAINT  =         0.0000
 EKCMT  =       914.7531  VIRIAL  =       959.9780  VOLUME     =     31138.2794
                                                    Density    =         0.9819
 ------------------------------------------------------------------------------

wrapping first mol.:       11.44888       16.19116       28.04391
wrapping first mol.:       11.44888       16.19116       28.04391

 NSTEP =    28500   TIME(PS) =      57.000  TEMP(K) =   303.29  PRESS =   448.2
 Etot   =     -7858.8214  EKtot   =      1849.6882  EPtot      =     -9708.5097
 BOND   =         4.2710  ANGLE   =         9.8774  DIHED      =         5.7447
 UB     =         0.0000  IMP     =         0.0000  CMAP       =         0.0442
 1-4 NB =         2.6847  1-4 EEL =        42.0421  VDWAALS    =      1500.8656
 EELEC  =    -11274.0394  EHBOND  =         0.0000  RESTRAINT  =         0.0000
 EKCMT  =       927.0457  VIRIAL  =       625.2484  VOLUME     =     31189.8374
                                                    Density    =         0.9803
 ------------------------------------------------------------------------------

wrapping first mol.:       11.45827       16.20444       28.06690
wrapping first mol.:       11.45827       16.20444       28.06690

 NSTEP =    28600   TIME(PS) =      57.200  TEMP(K) =   298.68  PRESS =    65.5
 Etot   =     -7916.5533  EKtot   =      1821.5408  EPtot      =     -9738.0941
 BOND   =         2.4231  ANGLE   =        10.0223  DIHED      =         3.7437
 UB     =         0.0000  IMP     =         0.0000  CMAP       =         0.1539
 1-4 NB =         3.3473  1-4 EEL =        45.1127  VDWAALS    =      1462.2068
 EELEC  =    -11265.1039  EHBOND  =         0.0000  RESTRAINT  =         0.0000
 EKCMT  =       916.7196  VIRIAL  =       872.5213  VOLUME     =     31267.7025
                                                    Density    =         0.9778
 ------------------------------------------------------------------------------

wrapping first mol.:       11.46032       16.20734       28.07194
wrapping first mol.:       11.46032       16.20734       28.07194

 NSTEP =    28700   TIME(PS) =      57.400  TEMP(K) =   301.93  PRESS =  -156.1
 Etot   =     -7894.1826  EKtot   =      1841.3768  EPtot      =     -9735.5594
 BOND   =         3.1665  ANGLE   =         7.8758  DIHED      =         3.0265
 UB     =         0.0000  IMP     =         0.0000  CMAP       =         0.5140
 1-4 NB =         3.5551  1-4 EEL =        47.2492  VDWAALS    =      1454.6256
 EELEC  =    -11255.5721  EHBOND  =         0.0000  RESTRAINT  =         0.0000
 EKCMT  =       899.3867  VIRIAL  =      1004.8372  VOLUME     =     31285.1523
                                                    Density    =         0.9773
 ------------------------------------------------------------------------------

wrapping first mol.:       11.46509       16.21409       28.08362
wrapping first mol.:       11.46509       16.21409       28.08362

 NSTEP =    28800   TIME(PS) =      57.600  TEMP(K) =   297.08  PRESS =   329.0
 Etot   =     -7898.4134  EKtot   =      1811.8018  EPtot      =     -9710.2152
 BOND   =         1.0552  ANGLE   =         9.6328  DIHED      =         6.3811
 UB     =         0.0000  IMP     =         0.0000  CMAP       =         0.4793
 1-4 NB =         3.0319  1-4 EEL =        44.4908  VDWAALS    =      1501.9618
 EELEC  =    -11277.2481  EHBOND  =         0.0000  RESTRAINT  =         0.0000
 EKCMT  =       904.9655  VIRIAL  =       682.4626  VOLUME     =     31322.8792
                                                    Density    =         0.9761
 ------------------------------------------------------------------------------

wrapping first mol.:       11.46073       16.20792       28.07294
wrapping first mol.:       11.46073       16.20792       28.07294

 NSTEP =    28900   TIME(PS) =      57.800  TEMP(K) =   306.17  PRESS =  -388.0
 Etot   =     -7857.4230  EKtot   =      1867.2405  EPtot      =     -9724.6635
 BOND   =         3.2894  ANGLE   =         6.4748  DIHED      =         3.8037
 UB     =         0.0000  IMP     =         0.0000  CMAP       =         0.4304
 1-4 NB =         4.4571  1-4 EEL =        46.4533  VDWAALS    =      1399.6350
 EELEC  =    -11189.2071  EHBOND  =         0.0000  RESTRAINT  =         0.0000
 EKCMT  =       902.4559  VIRIAL  =      1164.5869  VOLUME     =     31289.1584
                                                    Density    =         0.9772
 ------------------------------------------------------------------------------

wrapping first mol.:       11.45042       16.19334       28.04768
wrapping first mol.:       11.45042       16.19334       28.04768

 NSTEP =    29000   TIME(PS) =      58.000  TEMP(K) =   295.96  PRESS =    19.6
 Etot   =     -7844.4934  EKtot   =      1804.9778  EPtot      =     -9649.4711
 BOND   =         2.8360  ANGLE   =         9.7676  DIHED      =         5.8637
 UB     =         0.0000  IMP     =         0.0000  CMAP       =         0.6159
 1-4 NB =         2.6057  1-4 EEL =        43.6578  VDWAALS    =      1398.3760
 EELEC  =    -11113.1938  EHBOND  =         0.0000  RESTRAINT  =         0.0000
 EKCMT  =       914.8749  VIRIAL  =       901.6418  VOLUME     =     31203.6353
                                                    Density    =         0.9799
 ------------------------------------------------------------------------------

wrapping first mol.:       11.45105       16.19423       28.04923
wrapping first mol.:       11.45105       16.19423       28.04923

 NSTEP =    29100   TIME(PS) =      58.200  TEMP(K) =   300.27  PRESS =     9.5
 Etot   =     -7837.7356  EKtot   =      1831.2299  EPtot      =     -9668.9654
 BOND   =         2.2066  ANGLE   =         9.5596  DIHED      =         4.9207
 UB     =         0.0000  IMP     =         0.0000  CMAP       =        -0.1398
 1-4 NB =         4.3481  1-4 EEL =        46.9299  VDWAALS    =      1429.0010
 EELEC  =    -11165.7916  EHBOND  =         0.0000  RESTRAINT  =         0.0000
 EKCMT  =       882.2757  VIRIAL  =       875.8541  VOLUME     =     31208.8158
                                                    Density    =         0.9797
 ------------------------------------------------------------------------------

wrapping first mol.:       11.44285       16.18264       28.02915
wrapping first mol.:       11.44285       16.18264       28.02915

 NSTEP =    29200   TIME(PS) =      58.400  TEMP(K) =   300.63  PRESS =  -306.1
 Etot   =     -7871.1741  EKtot   =      1833.4371  EPtot      =     -9704.6112
 BOND   =         2.5211  ANGLE   =        11.6533  DIHED      =         4.3817
 UB     =         0.0000  IMP     =         0.0000  CMAP       =         1.6406
 1-4 NB =         3.6003  1-4 EEL =        47.6036  VDWAALS    =      1402.3687
 EELEC  =    -11178.3806  EHBOND  =         0.0000  RESTRAINT  =         0.0000
 EKCMT  =       902.5308  VIRIAL  =      1108.3316  VOLUME     =     31142.7201
                                                    Density    =         0.9818
 ------------------------------------------------------------------------------

wrapping first mol.:       11.43402       16.17014       28.00751
wrapping first mol.:       11.43402       16.17014       28.00751

 NSTEP =    29300   TIME(PS) =      58.600  TEMP(K) =   288.88  PRESS =   827.9
 Etot   =     -7889.4250  EKtot   =      1761.7874  EPtot      =     -9651.2123
 BOND   =         1.3052  ANGLE   =        12.4006  DIHED      =         4.0187
 UB     =         0.0000  IMP     =         0.0000  CMAP       =        -0.1588
 1-4 NB =         4.2328  1-4 EEL =        43.7889  VDWAALS    =      1529.2359
 EELEC  =    -11246.0356  EHBOND  =         0.0000  RESTRAINT  =         0.0000
 EKCMT  =       885.7046  VIRIAL  =       330.3891  VOLUME     =     31067.5040
                                                    Density    =         0.9841
 ------------------------------------------------------------------------------

wrapping first mol.:       11.44224       16.18177       28.02765
wrapping first mol.:       11.44224       16.18177       28.02765

 NSTEP =    29400   TIME(PS) =      58.800  TEMP(K) =   293.54  PRESS =  -169.8
 Etot   =     -7908.6599  EKtot   =      1790.1978  EPtot      =     -9698.8576
 BOND   =         2.1138  ANGLE   =        14.9455  DIHED      =         4.7549
 UB     =         0.0000  IMP     =         0.0000  CMAP       =        -0.2564
 1-4 NB =         3.5204  1-4 EEL =        43.3398  VDWAALS    =      1411.0862
 EELEC  =    -11178.3618  EHBOND  =         0.0000  RESTRAINT  =         0.0000
 EKCMT  =       914.0198  VIRIAL  =      1028.1819  VOLUME     =     31137.3530
                                                    Density    =         0.9819
 ------------------------------------------------------------------------------

wrapping first mol.:       11.43090       16.16573       27.99986
wrapping first mol.:       11.43090       16.16573       27.99986

 NSTEP =    29500   TIME(PS) =      59.000  TEMP(K) =   299.74  PRESS =  -324.7
 Etot   =     -7909.6905  EKtot   =      1828.0300  EPtot      =     -9737.7205
 BOND   =         4.1322  ANGLE   =         9.3354  DIHED      =         5.5965
 UB     =         0.0000  IMP     =         0.0000  CMAP       =         0.0285
 1-4 NB =         2.9693  1-4 EEL =        43.4921  VDWAALS    =      1406.5708
 EELEC  =    -11209.8454  EHBOND  =         0.0000  RESTRAINT  =         0.0000
 EKCMT  =       917.0435  VIRIAL  =      1134.7223  VOLUME     =     31045.2583
                                                    Density    =         0.9849
 ------------------------------------------------------------------------------

wrapping first mol.:       11.42951       16.16376       27.99646
wrapping first mol.:       11.42951       16.16376       27.99646

 NSTEP =    29600   TIME(PS) =      59.200  TEMP(K) =   307.70  PRESS =    -3.5
 Etot   =     -7860.4498  EKtot   =      1876.5476  EPtot      =     -9736.9974
 BOND   =         3.0965  ANGLE   =         5.9129  DIHED      =         6.5937
 UB     =         0.0000  IMP     =         0.0000  CMAP       =         0.3552
 1-4 NB =         4.2407  1-4 EEL =        47.5559  VDWAALS    =      1446.4340
 EELEC  =    -11251.1864  EHBOND  =         0.0000  RESTRAINT  =         0.0000
 EKCMT  =       930.2916  VIRIAL  =       932.6257  VOLUME     =     31033.0505
                                                    Density    =         0.9852
 ------------------------------------------------------------------------------

wrapping first mol.:       11.42540       16.15795       27.98639
wrapping first mol.:       11.42540       16.15795       27.98639

 NSTEP =    29700   TIME(PS) =      59.400  TEMP(K) =   300.12  PRESS =  -342.4
 Etot   =     -7841.7600  EKtot   =      1830.3579  EPtot      =     -9672.1179
 BOND   =         3.5926  ANGLE   =         9.1452  DIHED      =         4.5453
 UB     =         0.0000  IMP     =         0.0000  CMAP       =         1.0265
 1-4 NB =         4.3930  1-4 EEL =        50.7176  VDWAALS    =      1366.9669
 EELEC  =    -11112.5050  EHBOND  =         0.0000  RESTRAINT  =         0.0000
 EKCMT  =       945.3053  VIRIAL  =      1174.5042  VOLUME     =     31000.5250
                                                    Density    =         0.9863
 ------------------------------------------------------------------------------

wrapping first mol.:       11.42302       16.15459       27.98057
wrapping first mol.:       11.42302       16.15459       27.98057

 NSTEP =    29800   TIME(PS) =      59.600  TEMP(K) =   303.48  PRESS =   -15.4
 Etot   =     -7836.6015  EKtot   =      1850.8416  EPtot      =     -9687.4430
 BOND   =         5.7710  ANGLE   =         9.3226  DIHED      =         4.8092
 UB     =         0.0000  IMP     =         0.0000  CMAP       =         0.1674
 1-4 NB =         4.6420  1-4 EEL =        44.5534  VDWAALS    =      1423.8532
 EELEC  =    -11180.5619  EHBOND  =         0.0000  RESTRAINT  =         0.0000
 EKCMT  =       949.6959  VIRIAL  =       960.0012  VOLUME     =     30980.2911
                                                    Density    =         0.9869
 ------------------------------------------------------------------------------

wrapping first mol.:       11.43421       16.17041       28.00797
wrapping first mol.:       11.43421       16.17041       28.00797

 NSTEP =    29900   TIME(PS) =      59.800  TEMP(K) =   293.88  PRESS =   417.2
 Etot   =     -7889.3077  EKtot   =      1792.2661  EPtot      =     -9681.5738
 BOND   =         1.5314  ANGLE   =         8.9835  DIHED      =         7.4710
 UB     =         0.0000  IMP     =         0.0000  CMAP       =        -0.3213
 1-4 NB =         5.1060  1-4 EEL =        44.1248  VDWAALS    =      1494.8923
 EELEC  =    -11243.3615  EHBOND  =         0.0000  RESTRAINT  =         0.0000
 EKCMT  =       897.0352  VIRIAL  =       617.1438  VOLUME     =     31070.1865
                                                    Density    =         0.9841
 ------------------------------------------------------------------------------

wrapping first mol.:       11.43574       16.17258       28.01173
wrapping first mol.:       11.43574       16.17258       28.01173

 NSTEP =    30000   TIME(PS) =      60.000  TEMP(K) =   308.26  PRESS =  -122.9
 Etot   =     -7870.8314  EKtot   =      1879.9724  EPtot      =     -9750.8038
 BOND   =         3.1251  ANGLE   =         6.3708  DIHED      =         5.1446
 UB     =         0.0000  IMP     =         0.0000  CMAP       =         1.1368
 1-4 NB =         2.1175  1-4 EEL =        43.1324  VDWAALS    =      1429.2323
 EELEC  =    -11241.0632  EHBOND  =         0.0000  RESTRAINT  =         0.0000
 EKCMT  =       941.2666  VIRIAL  =      1023.7751  VOLUME     =     31084.1934
                                                    Density    =         0.9836
 ------------------------------------------------------------------------------

wrapping first mol.:       11.44509       16.18581       28.03464
wrapping first mol.:       11.44509       16.18581       28.03464

 NSTEP =    30100   TIME(PS) =      60.200  TEMP(K) =   295.61  PRESS =   404.1
 Etot   =     -7872.8961  EKtot   =      1802.8104  EPtot      =     -9675.7065
 BOND   =         3.2005  ANGLE   =         5.0031  DIHED      =         4.7825
 UB     =         0.0000  IMP     =         0.0000  CMAP       =         1.1965
 1-4 NB =         2.8078  1-4 EEL =        43.9511  VDWAALS    =      1497.5247
 EELEC  =    -11234.1728  EHBOND  =         0.0000  RESTRAINT  =         0.0000
 EKCMT  =       892.9183  VIRIAL  =       621.0728  VOLUME     =     31159.0476
                                                    Density    =         0.9813
 ------------------------------------------------------------------------------

wrapping first mol.:       11.43512       16.17170       28.01020
wrapping first mol.:       11.43512       16.17170       28.01020

 NSTEP =    30200   TIME(PS) =      60.400  TEMP(K) =   300.62  PRESS =   -38.3
 Etot   =     -7849.1188  EKtot   =      1833.4072  EPtot      =     -9682.5260
 BOND   =         3.5509  ANGLE   =         6.9822  DIHED      =         3.3670
 UB     =         0.0000  IMP     =         0.0000  CMAP       =         0.5528
 1-4 NB =         3.1632  1-4 EEL =        47.9770  VDWAALS    =      1420.4352
 EELEC  =    -11168.5544  EHBOND  =         0.0000  RESTRAINT  =         0.0000
 EKCMT  =       940.1430  VIRIAL  =       965.8706  VOLUME     =     31078.8748
                                                    Density    =         0.9838
 ------------------------------------------------------------------------------

wrapping first mol.:       11.42681       16.15994       27.98984
wrapping first mol.:       11.42681       16.15994       27.98984

 NSTEP =    30300   TIME(PS) =      60.600  TEMP(K) =   298.07  PRESS =   -51.8
 Etot   =     -7851.4597  EKtot   =      1817.8146  EPtot      =     -9669.2743
 BOND   =         1.9345  ANGLE   =         7.0239  DIHED      =         3.6615
 UB     =         0.0000  IMP     =         0.0000  CMAP       =        -0.2042
 1-4 NB =         4.3645  1-4 EEL =        45.4986  VDWAALS    =      1420.6693
 EELEC  =    -11152.2225  EHBOND  =         0.0000  RESTRAINT  =         0.0000
 EKCMT  =       912.3606  VIRIAL  =       947.0653  VOLUME     =     31011.1749
                                                    Density    =         0.9859
 ------------------------------------------------------------------------------

wrapping first mol.:       11.41505       16.14332       27.96104
wrapping first mol.:       11.41505       16.14332       27.96104

 NSTEP =    30400   TIME(PS) =      60.800  TEMP(K) =   298.09  PRESS =   -41.2
 Etot   =     -7855.7382  EKtot   =      1817.9875  EPtot      =     -9673.7257
 BOND   =         3.0666  ANGLE   =         6.5774  DIHED      =         3.9782
 UB     =         0.0000  IMP     =         0.0000  CMAP       =         0.6678
 1-4 NB =         2.9663  1-4 EEL =        45.2302  VDWAALS    =      1404.8769
 EELEC  =    -11141.0892  EHBOND  =         0.0000  RESTRAINT  =         0.0000
 EKCMT  =       898.1168  VIRIAL  =       925.6241  VOLUME     =     30915.5220
                                                    Density    =         0.9890
 ------------------------------------------------------------------------------

wrapping first mol.:       11.42026       16.15069       27.97381
wrapping first mol.:       11.42026       16.15069       27.97381

 NSTEP =    30500   TIME(PS) =      61.000  TEMP(K) =   298.43  PRESS =   629.0
 Etot   =     -7826.8812  EKtot   =      1820.0320  EPtot      =     -9646.9132
 BOND   =         2.7144  ANGLE   =         9.4053  DIHED      =         5.2302
 UB     =         0.0000  IMP     =         0.0000  CMAP       =         0.0513
 1-4 NB =         2.8119  1-4 EEL =        42.9969  VDWAALS    =      1476.2307
 EELEC  =    -11186.3540  EHBOND  =         0.0000  RESTRAINT  =         0.0000
 EKCMT  =       900.0865  VIRIAL  =       479.6714  VOLUME     =     30956.0371
                                                    Density    =         0.9877
 ------------------------------------------------------------------------------

wrapping first mol.:       11.41500       16.14324       27.96092
wrapping first mol.:       11.41500       16.14324       27.96092

 NSTEP =    30600   TIME(PS) =      61.200  TEMP(K) =   296.90  PRESS =  -256.4
 Etot   =     -7896.1592  EKtot   =      1810.7201  EPtot      =     -9706.8793
 BOND   =         5.5705  ANGLE   =         7.2882  DIHED      =         6.4027
 UB     =         0.0000  IMP     =         0.0000  CMAP       =         0.1829
 1-4 NB =         3.4163  1-4 EEL =        45.3140  VDWAALS    =      1390.7615
 EELEC  =    -11165.8152  EHBOND  =         0.0000  RESTRAINT  =         0.0000
 EKCMT  =       873.2440  VIRIAL  =      1044.4012  VOLUME     =     30915.7005
                                                    Density    =         0.9890
 ------------------------------------------------------------------------------

wrapping first mol.:       11.41853       16.14825       27.96958
wrapping first mol.:       11.41853       16.14825       27.96958

 NSTEP =    30700   TIME(PS) =      61.400  TEMP(K) =   298.32  PRESS =    31.2
 Etot   =     -7907.0326  EKtot   =      1819.3374  EPtot      =     -9726.3700
 BOND   =         4.4181  ANGLE   =        11.5032  DIHED      =         5.7352
 UB     =         0.0000  IMP     =         0.0000  CMAP       =         1.0958
 1-4 NB =         3.4298  1-4 EEL =        42.2120  VDWAALS    =      1453.5181
 EELEC  =    -11248.2822  EHBOND  =         0.0000  RESTRAINT  =         0.0000
 EKCMT  =       901.5725  VIRIAL  =       880.7279  VOLUME     =     30943.6562
                                                    Density    =         0.9881
 ------------------------------------------------------------------------------

wrapping first mol.:       11.42868       16.16259       27.99442
wrapping first mol.:       11.42868       16.16259       27.99442

 NSTEP =    30800   TIME(PS) =      61.600  TEMP(K) =   310.23  PRESS =   134.3
 Etot   =     -7894.4039  EKtot   =      1891.9675  EPtot      =     -9786.3714
 BOND   =         2.7477  ANGLE   =         8.3422  DIHED      =         6.0566
 UB     =         0.0000  IMP     =         0.0000  CMAP       =         1.3834
 1-4 NB =         4.5401  1-4 EEL =        46.8391  VDWAALS    =      1461.8902
 EELEC  =    -11318.1707  EHBOND  =         0.0000  RESTRAINT  =         0.0000
 EKCMT  =       966.4753  VIRIAL  =       876.4794  VOLUME     =     31025.8923
                                                    Density    =         0.9855
 ------------------------------------------------------------------------------

wrapping first mol.:       11.43453       16.17086       28.00875
wrapping first mol.:       11.43453       16.17086       28.00875

 NSTEP =    30900   TIME(PS) =      61.800  TEMP(K) =   304.82  PRESS =  -239.4
 Etot   =     -7855.3265  EKtot   =      1859.0083  EPtot      =     -9714.3348
 BOND   =         3.7166  ANGLE   =         8.6549  DIHED      =         3.8665
 UB     =         0.0000  IMP     =         0.0000  CMAP       =         0.1442
 1-4 NB =         2.8985  1-4 EEL =        46.2673  VDWAALS    =      1390.6667
 EELEC  =    -11170.5496  EHBOND  =         0.0000  RESTRAINT  =         0.0000
 EKCMT  =       950.6560  VIRIAL  =      1111.2793  VOLUME     =     31074.6054
                                                    Density    =         0.9839
 ------------------------------------------------------------------------------

wrapping first mol.:       11.42680       16.15993       27.98982
wrapping first mol.:       11.42680       16.15993       27.98982

 NSTEP =    31000   TIME(PS) =      62.000  TEMP(K) =   297.70  PRESS =   -38.0
 Etot   =     -7844.5187  EKtot   =      1815.6016  EPtot      =     -9660.1202
 BOND   =         1.8405  ANGLE   =         8.3690  DIHED      =         6.1992
 UB     =         0.0000  IMP     =         0.0000  CMAP       =         0.1276
 1-4 NB =         4.3826  1-4 EEL =        47.8923  VDWAALS    =      1416.2837
 EELEC  =    -11145.2151  EHBOND  =         0.0000  RESTRAINT  =         0.0000
 EKCMT  =       877.7830  VIRIAL  =       903.2165  VOLUME     =     31011.0687
                                                    Density    =         0.9859
 ------------------------------------------------------------------------------

wrapping first mol.:       11.42417       16.15622       27.98339
wrapping first mol.:       11.42417       16.15622       27.98339

 NSTEP =    31100   TIME(PS) =      62.200  TEMP(K) =   316.58  PRESS =   -22.6
 Etot   =     -7783.6169  EKtot   =      1930.7164  EPtot      =     -9714.3333
 BOND   =         1.6263  ANGLE   =        13.1127  DIHED      =         4.1495
 UB     =         0.0000  IMP     =         0.0000  CMAP       =         0.4926
 1-4 NB =         3.3091  1-4 EEL =        46.9984  VDWAALS    =      1426.1819
 EELEC  =    -11210.2039  EHBOND  =         0.0000  RESTRAINT  =         0.0000
 EKCMT  =       962.3871  VIRIAL  =       977.5043  VOLUME     =     30989.6732
                                                    Density    =         0.9866
 ------------------------------------------------------------------------------

wrapping first mol.:       11.42744       16.16084       27.99139
wrapping first mol.:       11.42744       16.16084       27.99139

 NSTEP =    31200   TIME(PS) =      62.400  TEMP(K) =   297.51  PRESS =    63.3
 Etot   =     -7835.9976  EKtot   =      1814.4391  EPtot      =     -9650.4367
 BOND   =         3.3888  ANGLE   =        15.3669  DIHED      =         5.2410
 UB     =         0.0000  IMP     =         0.0000  CMAP       =         0.6972
 1-4 NB =         2.2890  1-4 EEL =        46.0043  VDWAALS    =      1409.7201
 EELEC  =    -11133.1440  EHBOND  =         0.0000  RESTRAINT  =         0.0000
 EKCMT  =       936.2125  VIRIAL  =       893.8306  VOLUME     =     31016.0140
                                                    Density    =         0.9858
 ------------------------------------------------------------------------------

wrapping first mol.:       11.42934       16.16353       27.99605
wrapping first mol.:       11.42934       16.16353       27.99605

 NSTEP =    31300   TIME(PS) =      62.600  TEMP(K) =   295.31  PRESS =  -624.5
 Etot   =     -7867.7837  EKtot   =      1801.0134  EPtot      =     -9668.7971
 BOND   =         2.6284  ANGLE   =        16.0004  DIHED      =         4.5629
 UB     =         0.0000  IMP     =         0.0000  CMAP       =         1.1674
 1-4 NB =         5.6516  1-4 EEL =        44.6673  VDWAALS    =      1343.9224
 EELEC  =    -11087.3975  EHBOND  =         0.0000  RESTRAINT  =         0.0000
 EKCMT  =       882.5320  VIRIAL  =      1300.9872  VOLUME     =     31033.3961
                                                    Density    =         0.9852
 ------------------------------------------------------------------------------

wrapping first mol.:       11.42178       16.15284       27.97754
wrapping first mol.:       11.42178       16.15284       27.97754

 NSTEP =    31400   TIME(PS) =      62.800  TEMP(K) =   297.72  PRESS =  -106.0
 Etot   =     -7866.1914  EKtot   =      1815.6743  EPtot      =     -9681.8657
 BOND   =         1.7750  ANGLE   =        11.3294  DIHED      =         3.7163
 UB     =         0.0000  IMP     =         0.0000  CMAP       =         1.6015
 1-4 NB =         3.3931  1-4 EEL =        44.2558  VDWAALS    =      1399.6629
 EELEC  =    -11147.5997  EHBOND  =         0.0000  RESTRAINT  =         0.0000
 EKCMT  =       878.1242  VIRIAL  =       949.0285  VOLUME     =     30970.4552
                                                    Density    =         0.9872
 ------------------------------------------------------------------------------

wrapping first mol.:       11.42303       16.15460       27.98059
wrapping first mol.:       11.42303       16.15460       27.98059

 NSTEP =    31500   TIME(PS) =      63.000  TEMP(K) =   297.50  PRESS =   282.6
 Etot   =     -7869.6953  EKtot   =      1814.3864  EPtot      =     -9684.0817
 BOND   =         1.8743  ANGLE   =         8.0979  DIHED      =         3.1878
 UB     =         0.0000  IMP     =         0.0000  CMAP       =         1.6079
 1-4 NB =         3.2291  1-4 EEL =        48.8322  VDWAALS    =      1466.0843
 EELEC  =    -11216.9951  EHBOND  =         0.0000  RESTRAINT  =         0.0000
 EKCMT  =       899.7346  VIRIAL  =       710.7119  VOLUME     =     30979.5281
                                                    Density    =         0.9869
 ------------------------------------------------------------------------------

wrapping first mol.:       11.42058       16.15113       27.97458
wrapping first mol.:       11.42058       16.15113       27.97458

 NSTEP =    31600   TIME(PS) =      63.200  TEMP(K) =   296.00  PRESS =  -303.9
 Etot   =     -7937.3266  EKtot   =      1805.1930  EPtot      =     -9742.5196
 BOND   =         6.8500  ANGLE   =         8.3988  DIHED      =         4.2525
 UB     =         0.0000  IMP     =         0.0000  CMAP       =         0.7633
 1-4 NB =         3.9481  1-4 EEL =        46.0789  VDWAALS    =      1392.4944
 EELEC  =    -11205.3055  EHBOND  =         0.0000  RESTRAINT  =         0.0000
 EKCMT  =       945.6383  VIRIAL  =      1148.8067  VOLUME     =     30961.1793
                                                    Density    =         0.9875
 ------------------------------------------------------------------------------

wrapping first mol.:       11.41743       16.14668       27.96688
wrapping first mol.:       11.41743       16.14668       27.96688

 NSTEP =    31700   TIME(PS) =      63.400  TEMP(K) =   294.02  PRESS =   330.4
 Etot   =     -7942.5283  EKtot   =      1793.1426  EPtot      =     -9735.6709
 BOND   =         2.4754  ANGLE   =        10.8622  DIHED      =         3.9713
 UB     =         0.0000  IMP     =         0.0000  CMAP       =         0.9560
 1-4 NB =         2.9058  1-4 EEL =        43.3638  VDWAALS    =      1483.8426
 EELEC  =    -11284.0479  EHBOND  =         0.0000  RESTRAINT  =         0.0000
 EKCMT  =       900.9913  VIRIAL  =       680.2961  VOLUME     =     30933.8542
                                                    Density    =         0.9884
 ------------------------------------------------------------------------------

wrapping first mol.:       11.41811       16.14764       27.96853
wrapping first mol.:       11.41811       16.14764       27.96853

 NSTEP =    31800   TIME(PS) =      63.600  TEMP(K) =   293.57  PRESS =   307.3
 Etot   =     -7948.7838  EKtot   =      1790.4109  EPtot      =     -9739.1947
 BOND   =         2.9685  ANGLE   =         6.8828  DIHED      =         4.4193
 UB     =         0.0000  IMP     =         0.0000  CMAP       =         0.1509
 1-4 NB =         2.7273  1-4 EEL =        42.9831  VDWAALS    =      1483.3089
 EELEC  =    -11282.6356  EHBOND  =         0.0000  RESTRAINT  =         0.0000
 EKCMT  =       871.2617  VIRIAL  =       665.9712  VOLUME     =     30939.4231
                                                    Density    =         0.9882
 ------------------------------------------------------------------------------

wrapping first mol.:       11.42115       16.15194       27.97598
wrapping first mol.:       11.42115       16.15194       27.97598

 NSTEP =    31900   TIME(PS) =      63.800  TEMP(K) =   299.14  PRESS =   234.3
 Etot   =     -7921.5139  EKtot   =      1824.3783  EPtot      =     -9745.8922
 BOND   =         1.9628  ANGLE   =         7.5214  DIHED      =         5.6250
 UB     =         0.0000  IMP     =         0.0000  CMAP       =         0.4815
 1-4 NB =         4.6853  1-4 EEL =        44.2899  VDWAALS    =      1463.7869
 EELEC  =    -11274.2451  EHBOND  =         0.0000  RESTRAINT  =         0.0000
 EKCMT  =       914.8277  VIRIAL  =       758.1614  VOLUME     =     30964.3491
                                                    Density    =         0.9874
 ------------------------------------------------------------------------------

wrapping first mol.:       11.42302       16.15459       27.98057
wrapping first mol.:       11.42302       16.15459       27.98057

 NSTEP =    32000   TIME(PS) =      64.000  TEMP(K) =   301.80  PRESS =   476.2
 Etot   =     -7876.2219  EKtot   =      1840.5549  EPtot      =     -9716.7768
 BOND   =         4.0818  ANGLE   =         5.5669  DIHED      =         4.9348
 UB     =         0.0000  IMP     =         0.0000  CMAP       =         0.8327
 1-4 NB =         2.9758  1-4 EEL =        47.2851  VDWAALS    =      1486.1249
 EELEC  =    -11268.5789  EHBOND  =         0.0000  RESTRAINT  =         0.0000
 EKCMT  =       915.4269  VIRIAL  =       596.9342  VOLUME     =     30978.9220
                                                    Density    =         0.9870
 ------------------------------------------------------------------------------

wrapping first mol.:       11.42814       16.16183       27.99311
wrapping first mol.:       11.42814       16.16183       27.99311

 NSTEP =    32100   TIME(PS) =      64.200  TEMP(K) =   297.38  PRESS =    22.1
 Etot   =     -7925.2028  EKtot   =      1813.6150  EPtot      =     -9738.8177
 BOND   =         3.0944  ANGLE   =         9.4180  DIHED      =         4.0590
 UB     =         0.0000  IMP     =         0.0000  CMAP       =         0.4413
 1-4 NB =         2.5964  1-4 EEL =        45.3230  VDWAALS    =      1444.5011
 EELEC  =    -11248.2510  EHBOND  =         0.0000  RESTRAINT  =         0.0000
 EKCMT  =       905.3424  VIRIAL  =       890.5142  VOLUME     =     31021.8404
                                                    Density    =         0.9856
 ------------------------------------------------------------------------------

wrapping first mol.:       11.42170       16.15272       27.97732
wrapping first mol.:       11.42170       16.15272       27.97732

 NSTEP =    32200   TIME(PS) =      64.400  TEMP(K) =   297.07  PRESS =   -16.1
 Etot   =     -7927.1705  EKtot   =      1811.7141  EPtot      =     -9738.8846
 BOND   =         1.9141  ANGLE   =         8.5553  DIHED      =         2.8972
 UB     =         0.0000  IMP     =         0.0000  CMAP       =         0.2757
 1-4 NB =         3.5700  1-4 EEL =        45.4558  VDWAALS    =      1446.2056
 EELEC  =    -11247.7584  EHBOND  =         0.0000  RESTRAINT  =         0.0000
 EKCMT  =       878.5239  VIRIAL  =       889.2882  VOLUME     =     30969.4940
                                                    Density    =         0.9873
 ------------------------------------------------------------------------------

wrapping first mol.:       11.41515       16.14346       27.96129
wrapping first mol.:       11.41515       16.14346       27.96129

 NSTEP =    32300   TIME(PS) =      64.600  TEMP(K) =   291.11  PRESS =  -139.1
 Etot   =     -7932.2108  EKtot   =      1775.3748  EPtot      =     -9707.5856
 BOND   =         4.2182  ANGLE   =         6.2911  DIHED      =         6.5191
 UB     =         0.0000  IMP     =         0.0000  CMAP       =         0.3843
 1-4 NB =         3.8554  1-4 EEL =        46.1518  VDWAALS    =      1424.6443
 EELEC  =    -11199.6499  EHBOND  =         0.0000  RESTRAINT  =         0.0000
 EKCMT  =       869.8842  VIRIAL  =       962.7143  VOLUME     =     30916.6324
                                                    Density    =         0.9890
 ------------------------------------------------------------------------------

wrapping first mol.:       11.40800       16.13335       27.94378
wrapping first mol.:       11.40800       16.13335       27.94378

 NSTEP =    32400   TIME(PS) =      64.800  TEMP(K) =   295.22  PRESS =  -181.0
 Etot   =     -7913.6503  EKtot   =      1800.4713  EPtot      =     -9714.1216
 BOND   =         2.1093  ANGLE   =         9.6059  DIHED      =         5.3957
 UB     =         0.0000  IMP     =         0.0000  CMAP       =        -0.2173
 1-4 NB =         5.5659  1-4 EEL =        47.9102  VDWAALS    =      1401.1131
 EELEC  =    -11185.6043  EHBOND  =         0.0000  RESTRAINT  =         0.0000
 EKCMT  =       900.2670  VIRIAL  =      1020.8516  VOLUME     =     30858.6812
                                                    Density    =         0.9908
 ------------------------------------------------------------------------------

wrapping first mol.:       11.40950       16.13546       27.94744
wrapping first mol.:       11.40950       16.13546       27.94744

 NSTEP =    32500   TIME(PS) =      65.000  TEMP(K) =   294.06  PRESS =   -36.5
 Etot   =     -7891.6626  EKtot   =      1793.3982  EPtot      =     -9685.0608
 BOND   =         6.7121  ANGLE   =         6.1162  DIHED      =         5.5575
 UB     =         0.0000  IMP     =         0.0000  CMAP       =         0.6942
 1-4 NB =         2.4799  1-4 EEL =        46.1279  VDWAALS    =      1414.1060
 EELEC  =    -11166.8546  EHBOND  =         0.0000  RESTRAINT  =         0.0000
 EKCMT  =       906.9978  VIRIAL  =       931.3020  VOLUME     =     30870.4119
                                                    Density    =         0.9904
 ------------------------------------------------------------------------------

wrapping first mol.:       11.41208       16.13912       27.95377
wrapping first mol.:       11.41208       16.13912       27.95377

 NSTEP =    32600   TIME(PS) =      65.200  TEMP(K) =   294.35  PRESS =  -112.6
 Etot   =     -7911.4331  EKtot   =      1795.1694  EPtot      =     -9706.6026
 BOND   =         3.6634  ANGLE   =         8.9270  DIHED      =         4.5999
 UB     =         0.0000  IMP     =         0.0000  CMAP       =         0.8557
 1-4 NB =         3.1897  1-4 EEL =        46.1536  VDWAALS    =      1415.3538
 EELEC  =    -11189.3457  EHBOND  =         0.0000  RESTRAINT  =         0.0000
 EKCMT  =       913.5455  VIRIAL  =       988.6555  VOLUME     =     30891.6150
                                                    Density    =         0.9898
 ------------------------------------------------------------------------------

wrapping first mol.:       11.41011       16.13634       27.94895
wrapping first mol.:       11.41011       16.13634       27.94895

 NSTEP =    32700   TIME(PS) =      65.400  TEMP(K) =   289.65  PRESS =  -292.7
 Etot   =     -7907.5713  EKtot   =      1766.4886  EPtot      =     -9674.0600
 BOND   =         4.0231  ANGLE   =         9.1259  DIHED      =         4.0226
 UB     =         0.0000  IMP     =         0.0000  CMAP       =         0.6332
 1-4 NB =         3.5059  1-4 EEL =        43.7419  VDWAALS    =      1354.5271
 EELEC  =    -11093.6397  EHBOND  =         0.0000  RESTRAINT  =         0.0000
 EKCMT  =       882.1958  VIRIAL  =      1077.3280  VOLUME     =     30876.1296
                                                    Density    =         0.9902
 ------------------------------------------------------------------------------

wrapping first mol.:       11.41560       16.14409       27.96239
wrapping first mol.:       11.41560       16.14409       27.96239

 NSTEP =    32800   TIME(PS) =      65.600  TEMP(K) =   304.35  PRESS =   233.1
 Etot   =     -7888.5563  EKtot   =      1856.1097  EPtot      =     -9744.6660
 BOND   =         3.2055  ANGLE   =         7.3486  DIHED      =         3.5587
 UB     =         0.0000  IMP     =         0.0000  CMAP       =         1.1248
 1-4 NB =         2.7539  1-4 EEL =        46.3781  VDWAALS    =      1457.5996
 EELEC  =    -11266.6352  EHBOND  =         0.0000  RESTRAINT  =         0.0000
 EKCMT  =       927.0548  VIRIAL  =       771.4551  VOLUME     =     30919.2268
                                                    Density    =         0.9889
 ------------------------------------------------------------------------------

wrapping first mol.:       11.41843       16.14809       27.96932
wrapping first mol.:       11.41843       16.14809       27.96932

 NSTEP =    32900   TIME(PS) =      65.800  TEMP(K) =   305.15  PRESS =   -12.1
 Etot   =     -7902.3220  EKtot   =      1861.0129  EPtot      =     -9763.3349
 BOND   =         2.6713  ANGLE   =         8.8309  DIHED      =         3.4499
 UB     =         0.0000  IMP     =         0.0000  CMAP       =         1.5224
 1-4 NB =         3.0933  1-4 EEL =        47.0992  VDWAALS    =      1437.6091
 EELEC  =    -11267.6110  EHBOND  =         0.0000  RESTRAINT  =         0.0000
 EKCMT  =       926.6611  VIRIAL  =       934.7492  VOLUME     =     30942.8981
                                                    Density    =         0.9881
 ------------------------------------------------------------------------------

wrapping first mol.:       11.42950       16.16375       27.99644
wrapping first mol.:       11.42950       16.16375       27.99644

 NSTEP =    33000   TIME(PS) =      66.000  TEMP(K) =   306.10  PRESS =    40.0
 Etot   =     -7895.4451  EKtot   =      1866.8174  EPtot      =     -9762.2624
 BOND   =         2.2345  ANGLE   =         5.8564  DIHED      =         3.1661
 UB     =         0.0000  IMP     =         0.0000  CMAP       =         0.3703
 1-4 NB =         3.1346  1-4 EEL =        43.9869  VDWAALS    =      1451.2519
 EELEC  =    -11272.2632  EHBOND  =         0.0000  RESTRAINT  =         0.0000
 EKCMT  =       913.5957  VIRIAL  =       886.8068  VOLUME     =     31032.8563
                                                    Density    =         0.9852
 ------------------------------------------------------------------------------

wrapping first mol.:       11.42691       16.16009       27.99009
wrapping first mol.:       11.42691       16.16009       27.99009

 NSTEP =    33100   TIME(PS) =      66.200  TEMP(K) =   303.19  PRESS =  -458.8
 Etot   =     -7887.8932  EKtot   =      1849.0360  EPtot      =     -9736.9292
 BOND   =         2.2916  ANGLE   =         8.2958  DIHED      =         3.8531
 UB     =         0.0000  IMP     =         0.0000  CMAP       =         0.5006
 1-4 NB =         3.0657  1-4 EEL =        46.8602  VDWAALS    =      1383.7958
 EELEC  =    -11185.5920  EHBOND  =         0.0000  RESTRAINT  =         0.0000
 EKCMT  =       886.6924  VIRIAL  =      1193.9152  VOLUME     =     31013.1310
                                                    Density    =         0.9859
 ------------------------------------------------------------------------------

wrapping first mol.:       11.42796       16.16157       27.99266
wrapping first mol.:       11.42796       16.16157       27.99266

 NSTEP =    33200   TIME(PS) =      66.400  TEMP(K) =   299.95  PRESS =   419.5
 Etot   =     -7853.7315  EKtot   =      1829.2758  EPtot      =     -9683.0072
 BOND   =         2.8140  ANGLE   =         8.8338  DIHED      =         4.0892
 UB     =         0.0000  IMP     =         0.0000  CMAP       =        -0.1116
 1-4 NB =         2.2517  1-4 EEL =        42.2647  VDWAALS    =      1465.6794
 EELEC  =    -11208.8283  EHBOND  =         0.0000  RESTRAINT  =         0.0000
 EKCMT  =       919.6722  VIRIAL  =       638.6859  VOLUME     =     31019.2617
                                                    Density    =         0.9857
 ------------------------------------------------------------------------------

wrapping first mol.:       11.43148       16.16655       28.00128
wrapping first mol.:       11.43148       16.16655       28.00128

 NSTEP =    33300   TIME(PS) =      66.600  TEMP(K) =   293.34  PRESS =   -14.0
 Etot   =     -7876.9123  EKtot   =      1788.9854  EPtot      =     -9665.8977
 BOND   =         4.7844  ANGLE   =         8.8011  DIHED      =         4.1443
 UB     =         0.0000  IMP     =         0.0000  CMAP       =         0.1888
 1-4 NB =         3.5356  1-4 EEL =        46.4073  VDWAALS    =      1410.7142
 EELEC  =    -11144.4732  EHBOND  =         0.0000  RESTRAINT  =         0.0000
 EKCMT  =       881.0819  VIRIAL  =       890.4425  VOLUME     =     31049.1216
                                                    Density    =         0.9847
 ------------------------------------------------------------------------------

wrapping first mol.:       11.43137       16.16640       28.00102
wrapping first mol.:       11.43137       16.16640       28.00102

 NSTEP =    33400   TIME(PS) =      66.800  TEMP(K) =   304.88  PRESS =   209.8
 Etot   =     -7838.0362  EKtot   =      1859.3567  EPtot      =     -9697.3929
 BOND   =         1.3177  ANGLE   =         7.5354  DIHED      =         5.2618
 UB     =         0.0000  IMP     =         0.0000  CMAP       =         0.2327
 1-4 NB =         4.6460  1-4 EEL =        46.1684  VDWAALS    =      1442.0583
 EELEC  =    -11204.6131  EHBOND  =         0.0000  RESTRAINT  =         0.0000
 EKCMT  =       942.6450  VIRIAL  =       802.0075  VOLUME     =     31047.6233
                                                    Density    =         0.9848
 ------------------------------------------------------------------------------

wrapping first mol.:       11.43356       16.16949       28.00637
wrapping first mol.:       11.43356       16.16949       28.00637

 NSTEP =    33500   TIME(PS) =      67.000  TEMP(K) =   305.83  PRESS =   347.2
 Etot   =     -7836.5838  EKtot   =      1865.1876  EPtot      =     -9701.7714
 BOND   =         3.6921  ANGLE   =         8.4580  DIHED      =         4.9635
 UB     =         0.0000  IMP     =         0.0000  CMAP       =         0.0939
 1-4 NB =         3.6326  1-4 EEL =        46.1749  VDWAALS    =      1483.4898
 EELEC  =    -11252.2762  EHBOND  =         0.0000  RESTRAINT  =         0.0000
 EKCMT  =       917.9204  VIRIAL  =       685.0371  VOLUME     =     31065.0563
                                                    Density    =         0.9842
 ------------------------------------------------------------------------------

wrapping first mol.:       11.43434       16.17060       28.00830
wrapping first mol.:       11.43434       16.17060       28.00830

 NSTEP =    33600   TIME(PS) =      67.200  TEMP(K) =   300.74  PRESS =  -106.2
 Etot   =     -7835.8529  EKtot   =      1834.0935  EPtot      =     -9669.9464
 BOND   =         2.9209  ANGLE   =         8.7044  DIHED      =         3.8171
 UB     =         0.0000  IMP     =         0.0000  CMAP       =        -0.1973
 1-4 NB =         4.8956  1-4 EEL =        47.9893  VDWAALS    =      1410.7751
 EELEC  =    -11148.8515  EHBOND  =         0.0000  RESTRAINT  =         0.0000
 EKCMT  =       923.5665  VIRIAL  =       994.8222  VOLUME     =     31072.7388
                                                    Density    =         0.9840
 ------------------------------------------------------------------------------

wrapping first mol.:       11.42627       16.15918       27.98852
wrapping first mol.:       11.42627       16.15918       27.98852

 NSTEP =    33700   TIME(PS) =      67.400  TEMP(K) =   294.62  PRESS =   -21.8
 Etot   =     -7876.2135  EKtot   =      1796.8085  EPtot      =     -9673.0219
 BOND   =         3.7957  ANGLE   =         9.3318  DIHED      =         5.5894
 UB     =         0.0000  IMP     =         0.0000  CMAP       =         0.6697
 1-4 NB =         3.4205  1-4 EEL =        47.0251  VDWAALS    =      1433.0333
 EELEC  =    -11175.8875  EHBOND  =         0.0000  RESTRAINT  =         0.0000
 EKCMT  =       902.0395  VIRIAL  =       916.6036  VOLUME     =     31006.7185
                                                    Density    =         0.9861
 ------------------------------------------------------------------------------

wrapping first mol.:       11.43020       16.16475       27.99817
wrapping first mol.:       11.43020       16.16475       27.99817

 NSTEP =    33800   TIME(PS) =      67.600  TEMP(K) =   301.89  PRESS =   451.8
 Etot   =     -7869.5464  EKtot   =      1841.1385  EPtot      =     -9710.6850
 BOND   =         2.9612  ANGLE   =         6.6699  DIHED      =         3.1509
 UB     =         0.0000  IMP     =         0.0000  CMAP       =         0.0961
 1-4 NB =         3.9834  1-4 EEL =        47.6250  VDWAALS    =      1494.1526
 EELEC  =    -11269.3241  EHBOND  =         0.0000  RESTRAINT  =         0.0000
 EKCMT  =       943.1047  VIRIAL  =       640.3548  VOLUME     =     31037.4661
                                                    Density    =         0.9851
 ------------------------------------------------------------------------------

wrapping first mol.:       11.43578       16.17263       28.01182
wrapping first mol.:       11.43578       16.17263       28.01182

 NSTEP =    33900   TIME(PS) =      67.800  TEMP(K) =   297.20  PRESS =   665.5
 Etot   =     -7828.7306  EKtot   =      1812.5308  EPtot      =     -9641.2614
 BOND   =         2.5134  ANGLE   =         9.7430  DIHED      =         4.8127
 UB     =         0.0000  IMP     =         0.0000  CMAP       =         0.9971
 1-4 NB =         3.9592  1-4 EEL =        46.4297  VDWAALS    =      1505.1770
 EELEC  =    -11214.8935  EHBOND  =         0.0000  RESTRAINT  =         0.0000
 EKCMT  =       899.9440  VIRIAL  =       453.3445  VOLUME     =     31082.3145
                                                    Density    =         0.9837
 ------------------------------------------------------------------------------

wrapping first mol.:       11.44966       16.19226       28.04582
wrapping first mol.:       11.44966       16.19226       28.04582

 NSTEP =    34000   TIME(PS) =      68.000  TEMP(K) =   301.94  PRESS =  -662.4
 Etot   =     -7824.5969  EKtot   =      1841.4594  EPtot      =     -9666.0563
 BOND   =         2.7597  ANGLE   =         9.6548  DIHED      =         4.4336
 UB     =         0.0000  IMP     =         0.0000  CMAP       =         0.3379
 1-4 NB =         3.4102  1-4 EEL =        46.4349  VDWAALS    =      1338.3794
 EELEC  =    -11071.4668  EHBOND  =         0.0000  RESTRAINT  =         0.0000
 EKCMT  =       910.6841  VIRIAL  =      1356.9212  VOLUME     =     31199.3006
                                                    Density    =         0.9800
 ------------------------------------------------------------------------------

wrapping first mol.:       11.44309       16.18298       28.02974
wrapping first mol.:       11.44309       16.18298       28.02974

 NSTEP =    34100   TIME(PS) =      68.200  TEMP(K) =   297.44  PRESS =  -301.7
 Etot   =     -7807.9055  EKtot   =      1813.9736  EPtot      =     -9621.8791
 BOND   =         4.6701  ANGLE   =        11.0255  DIHED      =         3.5022
 UB     =         0.0000  IMP     =         0.0000  CMAP       =        -0.0297
 1-4 NB =         2.4658  1-4 EEL =        45.6452  VDWAALS    =      1359.9104
 EELEC  =    -11049.0687  EHBOND  =         0.0000  RESTRAINT  =         0.0000
 EKCMT  =       923.9048  VIRIAL  =      1126.7626  VOLUME     =     31144.6718
                                                    Density    =         0.9817
 ------------------------------------------------------------------------------

wrapping first mol.:       11.43175       16.16693       28.00195
wrapping first mol.:       11.43175       16.16693       28.00195

 NSTEP =    34200   TIME(PS) =      68.400  TEMP(K) =   305.52  PRESS =  -168.4
 Etot   =     -7771.9121  EKtot   =      1863.2760  EPtot      =     -9635.1881
 BOND   =         2.4198  ANGLE   =         7.0857  DIHED      =         5.5372
 UB     =         0.0000  IMP     =         0.0000  CMAP       =         0.8902
 1-4 NB =         3.3634  1-4 EEL =        47.5413  VDWAALS    =      1382.7517
 EELEC  =    -11084.7776  EHBOND  =         0.0000  RESTRAINT  =         0.0000
 EKCMT  =       948.2654  VIRIAL  =      1061.1952  VOLUME     =     31051.7647
                                                    Density    =         0.9846
 ------------------------------------------------------------------------------

wrapping first mol.:       11.43251       16.16800       28.00380
wrapping first mol.:       11.43251       16.16800       28.00380

 NSTEP =    34300   TIME(PS) =      68.600  TEMP(K) =   300.64  PRESS =   190.5
 Etot   =     -7779.1660  EKtot   =      1833.5002  EPtot      =     -9612.6663
 BOND   =         3.7694  ANGLE   =         8.4692  DIHED      =         3.6906
 UB     =         0.0000  IMP     =         0.0000  CMAP       =         0.0728
 1-4 NB =         3.3677  1-4 EEL =        44.5991  VDWAALS    =      1425.6011
 EELEC  =    -11102.2362  EHBOND  =         0.0000  RESTRAINT  =         0.0000
 EKCMT  =       922.3918  VIRIAL  =       794.6303  VOLUME     =     31056.9379
                                                    Density    =         0.9845
 ------------------------------------------------------------------------------

wrapping first mol.:       11.44358       16.18366       28.03092
wrapping first mol.:       11.44358       16.18366       28.03092

 NSTEP =    34400   TIME(PS) =      68.800  TEMP(K) =   308.50  PRESS =   429.4
 Etot   =     -7729.2365  EKtot   =      1881.4460  EPtot      =     -9610.6826
 BOND   =         1.2436  ANGLE   =        11.6932  DIHED      =         3.6658
 UB     =         0.0000  IMP     =         0.0000  CMAP       =         0.0464
 1-4 NB =         2.9668  1-4 EEL =        44.0044  VDWAALS    =      1459.8512
 EELEC  =    -11134.1540  EHBOND  =         0.0000  RESTRAINT  =         0.0000
 EKCMT  =       898.3504  VIRIAL  =       609.6113  VOLUME     =     31146.5909
                                                    Density    =         0.9816
 ------------------------------------------------------------------------------

wrapping first mol.:       11.45327       16.19737       28.05466
wrapping first mol.:       11.45327       16.19737       28.05466

 NSTEP =    34500   TIME(PS) =      69.000  TEMP(K) =   299.62  PRESS =   659.2
 Etot   =     -7739.6836  EKtot   =      1827.2657  EPtot      =     -9566.9494
 BOND   =         3.4010  ANGLE   =         5.5666  DIHED      =         4.2403
 UB     =         0.0000  IMP     =         0.0000  CMAP       =         0.4929
 1-4 NB =         3.1227  1-4 EEL =        44.0240  VDWAALS    =      1486.6658
 EELEC  =    -11114.4626  EHBOND  =         0.0000  RESTRAINT  =         0.0000
 EKCMT  =       888.3057  VIRIAL  =       443.8743  VOLUME     =     31225.1509
                                                    Density    =         0.9792
 ------------------------------------------------------------------------------

wrapping first mol.:       11.45959       16.20630       28.07013
wrapping first mol.:       11.45959       16.20630       28.07013

 NSTEP =    34600   TIME(PS) =      69.200  TEMP(K) =   309.84  PRESS =   107.6
 Etot   =     -7778.1089  EKtot   =      1889.6111  EPtot      =     -9667.7200
 BOND   =         1.1415  ANGLE   =         5.8149  DIHED      =         4.4420
 UB     =         0.0000  IMP     =         0.0000  CMAP       =         2.3650
 1-4 NB =         2.8549  1-4 EEL =        44.4216  VDWAALS    =      1445.6437
 EELEC  =    -11174.4036  EHBOND  =         0.0000  RESTRAINT  =         0.0000
 EKCMT  =       932.9139  VIRIAL  =       860.2555  VOLUME     =     31278.3834
                                                    Density    =         0.9775
 ------------------------------------------------------------------------------

wrapping first mol.:       11.46161       16.20916       28.07509
wrapping first mol.:       11.46161       16.20916       28.07509

 NSTEP =    34700   TIME(PS) =      69.400  TEMP(K) =   296.14  PRESS =   322.7
 Etot   =     -7856.7763  EKtot   =      1806.0759  EPtot      =     -9662.8522
 BOND   =         0.5119  ANGLE   =         6.5638  DIHED      =         5.7757
 UB     =         0.0000  IMP     =         0.0000  CMAP       =         0.3914
 1-4 NB =         3.2575  1-4 EEL =        45.5424  VDWAALS    =      1475.9917
 EELEC  =    -11200.8866  EHBOND  =         0.0000  RESTRAINT  =         0.0000
 EKCMT  =       882.4056  VIRIAL  =       664.3717  VOLUME     =     31294.3379
                                                    Density    =         0.9770
 ------------------------------------------------------------------------------

wrapping first mol.:       11.45480       16.19953       28.05840
wrapping first mol.:       11.45480       16.19953       28.05840

 NSTEP =    34800   TIME(PS) =      69.600  TEMP(K) =   308.78  PRESS =   -66.3
 Etot   =     -7855.0974  EKtot   =      1883.1553  EPtot      =     -9738.2526
 BOND   =         1.6596  ANGLE   =         7.4970  DIHED      =        10.0725
 UB     =         0.0000  IMP     =         0.0000  CMAP       =         1.0649
 1-4 NB =         5.3751  1-4 EEL =        48.9453  VDWAALS    =      1444.6932
 EELEC  =    -11257.5603  EHBOND  =         0.0000  RESTRAINT  =         0.0000
 EKCMT  =       932.2366  VIRIAL  =       976.9750  VOLUME     =     31239.6738
                                                    Density    =         0.9787
 ------------------------------------------------------------------------------

wrapping first mol.:       11.45168       16.19512       28.05077
wrapping first mol.:       11.45168       16.19512       28.05077

 NSTEP =    34900   TIME(PS) =      69.800  TEMP(K) =   304.75  PRESS =    55.6
 Etot   =     -7819.6197  EKtot   =      1858.5948  EPtot      =     -9678.2145
 BOND   =         1.4408  ANGLE   =         8.4209  DIHED      =         4.7937
 UB     =         0.0000  IMP     =         0.0000  CMAP       =         2.3628
 1-4 NB =         3.4083  1-4 EEL =        45.7830  VDWAALS    =      1428.2448
 EELEC  =    -11172.6687  EHBOND  =         0.0000  RESTRAINT  =         0.0000
 EKCMT  =       933.2629  VIRIAL  =       895.7941  VOLUME     =     31213.8460
                                                    Density    =         0.9795
 ------------------------------------------------------------------------------

wrapping first mol.:       11.45804       16.20412       28.06636
wrapping first mol.:       11.45804       16.20412       28.06636

 NSTEP =    35000   TIME(PS) =      70.000  TEMP(K) =   295.91  PRESS =   342.5
 Etot   =     -7812.7797  EKtot   =      1804.6758  EPtot      =     -9617.4555
 BOND   =         5.3271  ANGLE   =         8.2295  DIHED      =         4.3988
 UB     =         0.0000  IMP     =         0.0000  CMAP       =         2.7753
 1-4 NB =         2.4693  1-4 EEL =        46.3328  VDWAALS    =      1463.8215
 EELEC  =    -11150.8097  EHBOND  =         0.0000  RESTRAINT  =         0.0000
 EKCMT  =       898.3253  VIRIAL  =       667.1144  VOLUME     =     31265.1066
                                                    Density    =         0.9779
 ------------------------------------------------------------------------------

wrapping first mol.:       11.45677       16.20232       28.06323
wrapping first mol.:       11.45677       16.20232       28.06323

 NSTEP =    35100   TIME(PS) =      70.200  TEMP(K) =   303.68  PRESS =    83.4
 Etot   =     -7811.8790  EKtot   =      1852.0354  EPtot      =     -9663.9144
 BOND   =         3.0874  ANGLE   =        10.2646  DIHED      =         4.5843
 UB     =         0.0000  IMP     =         0.0000  CMAP       =         3.0499
 1-4 NB =         4.1777  1-4 EEL =        44.7863  VDWAALS    =      1429.3232
 EELEC  =    -11163.1879  EHBOND  =         0.0000  RESTRAINT  =         0.0000
 EKCMT  =       932.7533  VIRIAL  =       876.4955  VOLUME     =     31255.3893
                                                    Density    =         0.9782
 ------------------------------------------------------------------------------

wrapping first mol.:       11.45324       16.19732       28.05459
wrapping first mol.:       11.45324       16.19732       28.05459

 NSTEP =    35200   TIME(PS) =      70.400  TEMP(K) =   299.81  PRESS =  -478.7
 Etot   =     -7841.1189  EKtot   =      1828.4714  EPtot      =     -9669.5903
 BOND   =         4.0030  ANGLE   =         6.3712  DIHED      =         3.9142
 UB     =         0.0000  IMP     =         0.0000  CMAP       =         2.9819
 1-4 NB =         2.3971  1-4 EEL =        43.3202  VDWAALS    =      1357.4228
 EELEC  =    -11090.0007  EHBOND  =         0.0000  RESTRAINT  =         0.0000
 EKCMT  =       918.6421  VIRIAL  =      1241.4135  VOLUME     =     31228.0719
                                                    Density    =         0.9791
 ------------------------------------------------------------------------------

wrapping first mol.:       11.45015       16.19296       28.04703
wrapping first mol.:       11.45015       16.19296       28.04703

 NSTEP =    35300   TIME(PS) =      70.600  TEMP(K) =   296.48  PRESS =   192.2
 Etot   =     -7866.1494  EKtot   =      1808.1350  EPtot      =     -9674.2844
 BOND   =         4.0777  ANGLE   =         7.6035  DIHED      =         5.9097
 UB     =         0.0000  IMP     =         0.0000  CMAP       =         2.4663
 1-4 NB =         3.7206  1-4 EEL =        48.2148  VDWAALS    =      1453.9388
 EELEC  =    -11200.2160  EHBOND  =         0.0000  RESTRAINT  =         0.0000
 EKCMT  =       899.0496  VIRIAL  =       769.5597  VOLUME     =     31200.9788
                                                    Density    =         0.9799
 ------------------------------------------------------------------------------

wrapping first mol.:       11.45272       16.19659       28.05331
wrapping first mol.:       11.45272       16.19659       28.05331

 NSTEP =    35400   TIME(PS) =      70.800  TEMP(K) =   297.06  PRESS =  -179.0
 Etot   =     -7874.6852  EKtot   =      1811.6871  EPtot      =     -9686.3724
 BOND   =         1.5404  ANGLE   =         8.1054  DIHED      =         4.4655
 UB     =         0.0000  IMP     =         0.0000  CMAP       =         1.9027
 1-4 NB =         2.8191  1-4 EEL =        48.3069  VDWAALS    =      1417.5408
 EELEC  =    -11171.0531  EHBOND  =         0.0000  RESTRAINT  =         0.0000
 EKCMT  =       886.3041  VIRIAL  =      1006.9574  VOLUME     =     31222.9636
                                                    Density    =         0.9792
 ------------------------------------------------------------------------------

wrapping first mol.:       11.44286       16.18265       28.02916
wrapping first mol.:       11.44286       16.18265       28.02916

 NSTEP =    35500   TIME(PS) =      71.000  TEMP(K) =   302.67  PRESS =  -461.4
 Etot   =     -7857.4076  EKtot   =      1845.8884  EPtot      =     -9703.2961
 BOND   =         2.2960  ANGLE   =         9.9782  DIHED      =         4.8756
 UB     =         0.0000  IMP     =         0.0000  CMAP       =         1.7874
 1-4 NB =         2.8538  1-4 EEL =        47.1262  VDWAALS    =      1359.1504
 EELEC  =    -11131.3638  EHBOND  =         0.0000  RESTRAINT  =         0.0000
 EKCMT  =       954.9367  VIRIAL  =      1265.2241  VOLUME     =     31143.1963
                                                    Density    =         0.9818
 ------------------------------------------------------------------------------

wrapping first mol.:       11.44510       16.18582       28.03466
wrapping first mol.:       11.44510       16.18582       28.03466

 NSTEP =    35600   TIME(PS) =      71.200  TEMP(K) =   297.22  PRESS =   315.2
 Etot   =     -7840.1354  EKtot   =      1812.6606  EPtot      =     -9652.7961
 BOND   =         1.7417  ANGLE   =        10.3560  DIHED      =         6.9326
 UB     =         0.0000  IMP     =         0.0000  CMAP       =         2.1335
 1-4 NB =         3.4923  1-4 EEL =        48.3709  VDWAALS    =      1463.0012
 EELEC  =    -11188.8244  EHBOND  =         0.0000  RESTRAINT  =         0.0000
 EKCMT  =       938.9929  VIRIAL  =       726.9569  VOLUME     =     31159.3768
                                                    Density    =         0.9812
 ------------------------------------------------------------------------------

wrapping first mol.:       11.45002       16.19277       28.04670
wrapping first mol.:       11.45002       16.19277       28.04670

 NSTEP =    35700   TIME(PS) =      71.400  TEMP(K) =   302.52  PRESS =   793.5
 Etot   =     -7903.3025  EKtot   =      1844.9779  EPtot      =     -9748.2804
 BOND   =         3.2679  ANGLE   =         9.2357  DIHED      =         4.4859
 UB     =         0.0000  IMP     =         0.0000  CMAP       =         2.4541
 1-4 NB =         3.4380  1-4 EEL =        48.5210  VDWAALS    =      1566.2960
 EELEC  =    -11385.9791  EHBOND  =         0.0000  RESTRAINT  =         0.0000
 EKCMT  =       936.9425  VIRIAL  =       402.4600  VOLUME     =     31198.2047
                                                    Density    =         0.9800
 ------------------------------------------------------------------------------

wrapping first mol.:       11.45140       16.19473       28.05009
wrapping first mol.:       11.45140       16.19473       28.05009

 NSTEP =    35800   TIME(PS) =      71.600  TEMP(K) =   290.91  PRESS =  -381.4
 Etot   =     -7909.8711  EKtot   =      1774.1420  EPtot      =     -9684.0131
 BOND   =         4.0432  ANGLE   =         9.0298  DIHED      =         4.6890
 UB     =         0.0000  IMP     =         0.0000  CMAP       =         1.6368
 1-4 NB =         3.3215  1-4 EEL =        50.3658  VDWAALS    =      1390.4725
 EELEC  =    -11147.5717  EHBOND  =         0.0000  RESTRAINT  =         0.0000
 EKCMT  =       869.4896  VIRIAL  =      1126.5115  VOLUME     =     31212.7822
                                                    Density    =         0.9796
 ------------------------------------------------------------------------------

wrapping first mol.:       11.44401       16.18427       28.03198
wrapping first mol.:       11.44401       16.18427       28.03198

 NSTEP =    35900   TIME(PS) =      71.800  TEMP(K) =   299.39  PRESS =   124.7
 Etot   =     -7911.6958  EKtot   =      1825.9003  EPtot      =     -9737.5961
 BOND   =         6.4045  ANGLE   =        11.9742  DIHED      =         3.4324
 UB     =         0.0000  IMP     =         0.0000  CMAP       =         0.6721
 1-4 NB =         2.5865  1-4 EEL =        41.4566  VDWAALS    =      1469.1171
 EELEC  =    -11273.2395  EHBOND  =         0.0000  RESTRAINT  =         0.0000
 EKCMT  =       911.0360  VIRIAL  =       827.1666  VOLUME     =     31150.9703
                                                    Density    =         0.9815
 ------------------------------------------------------------------------------

wrapping first mol.:       11.44748       16.18918       28.04049
wrapping first mol.:       11.44748       16.18918       28.04049

 NSTEP =    36000   TIME(PS) =      72.000  TEMP(K) =   291.65  PRESS =   -76.7
 Etot   =     -7910.1550  EKtot   =      1778.6746  EPtot      =     -9688.8295
 BOND   =         4.4175  ANGLE   =        11.7183  DIHED      =         5.8170
 UB     =         0.0000  IMP     =         0.0000  CMAP       =         1.3670
 1-4 NB =         2.1222  1-4 EEL =        43.8072  VDWAALS    =      1428.1905
 EELEC  =    -11186.2693  EHBOND  =         0.0000  RESTRAINT  =         0.0000
 EKCMT  =       894.3235  VIRIAL  =       945.9577  VOLUME     =     31179.8975
                                                    Density    =         0.9806
 ------------------------------------------------------------------------------

wrapping first mol.:       11.44884       16.19111       28.04382
wrapping first mol.:       11.44884       16.19111       28.04382

 NSTEP =    36100   TIME(PS) =      72.200  TEMP(K) =   299.17  PRESS =   242.1
 Etot   =     -7870.8591  EKtot   =      1824.5594  EPtot      =     -9695.4185
 BOND   =         5.4253  ANGLE   =         8.5930  DIHED      =         4.8819
 UB     =         0.0000  IMP     =         0.0000  CMAP       =         0.0604
 1-4 NB =         5.5091  1-4 EEL =        48.1586  VDWAALS    =      1462.2776
 EELEC  =    -11230.3244  EHBOND  =         0.0000  RESTRAINT  =         0.0000
 EKCMT  =       922.6320  VIRIAL  =       759.6224  VOLUME     =     31190.1268
                                                    Density    =         0.9803
 ------------------------------------------------------------------------------

wrapping first mol.:       11.45075       16.19381       28.04849
wrapping first mol.:       11.45075       16.19381       28.04849

 NSTEP =    36200   TIME(PS) =      72.400  TEMP(K) =   298.44  PRESS =    18.7
 Etot   =     -7835.9096  EKtot   =      1820.1200  EPtot      =     -9656.0296
 BOND   =         3.2395  ANGLE   =         8.8789  DIHED      =         5.3955
 UB     =         0.0000  IMP     =         0.0000  CMAP       =         0.0776
 1-4 NB =         4.1395  1-4 EEL =        43.8920  VDWAALS    =      1412.1097
 EELEC  =    -11133.7622  EHBOND  =         0.0000  RESTRAINT  =         0.0000
 EKCMT  =       910.7637  VIRIAL  =       898.1477  VOLUME     =     31206.3448
                                                    Density    =         0.9798
 ------------------------------------------------------------------------------

wrapping first mol.:       11.44940       16.19189       28.04517
wrapping first mol.:       11.44940       16.19189       28.04517

 NSTEP =    36300   TIME(PS) =      72.600  TEMP(K) =   296.46  PRESS =  -209.1
 Etot   =     -7840.8226  EKtot   =      1807.9897  EPtot      =     -9648.8124
 BOND   =         7.1249  ANGLE   =         9.2094  DIHED      =         4.1564
 UB     =         0.0000  IMP     =         0.0000  CMAP       =        -0.3545
 1-4 NB =         3.7757  1-4 EEL =        44.4591  VDWAALS    =      1396.4588
 EELEC  =    -11113.6423  EHBOND  =         0.0000  RESTRAINT  =         0.0000
 EKCMT  =       888.0288  VIRIAL  =      1028.8517  VOLUME     =     31195.8961
                                                    Density    =         0.9801
 ------------------------------------------------------------------------------

wrapping first mol.:       11.44879       16.19103       28.04369
wrapping first mol.:       11.44879       16.19103       28.04369

 NSTEP =    36400   TIME(PS) =      72.800  TEMP(K) =   294.94  PRESS =   196.0
 Etot   =     -7862.7750  EKtot   =      1798.7740  EPtot      =     -9661.5491
 BOND   =         4.1340  ANGLE   =         8.7037  DIHED      =         5.5074
 UB     =         0.0000  IMP     =         0.0000  CMAP       =         0.8291
 1-4 NB =         4.4895  1-4 EEL =        47.9867  VDWAALS    =      1460.0931
 EELEC  =    -11193.2925  EHBOND  =         0.0000  RESTRAINT  =         0.0000
 EKCMT  =       882.5647  VIRIAL  =       750.5920  VOLUME     =     31189.8204
                                                    Density    =         0.9803
 ------------------------------------------------------------------------------

wrapping first mol.:       11.44933       16.19180       28.04502
wrapping first mol.:       11.44933       16.19180       28.04502

 NSTEP =    36500   TIME(PS) =      73.000  TEMP(K) =   305.77  PRESS =  -153.6
 Etot   =     -7851.6828  EKtot   =      1864.7728  EPtot      =     -9716.4556
 BOND   =         4.8231  ANGLE   =         9.5542  DIHED      =         5.3687
 UB     =         0.0000  IMP     =         0.0000  CMAP       =        -0.4404
 1-4 NB =         2.0521  1-4 EEL =        41.5669  VDWAALS    =      1425.6207
 EELEC  =    -11205.0008  EHBOND  =         0.0000  RESTRAINT  =         0.0000
 EKCMT  =       946.6439  VIRIAL  =      1050.1028  VOLUME     =     31195.2340
                                                    Density    =         0.9801
 ------------------------------------------------------------------------------

wrapping first mol.:       11.45113       16.19434       28.04943
wrapping first mol.:       11.45113       16.19434       28.04943

 NSTEP =    36600   TIME(PS) =      73.200  TEMP(K) =   308.86  PRESS =   196.9
 Etot   =     -7828.2119  EKtot   =      1883.6564  EPtot      =     -9711.8683
 BOND   =         1.8066  ANGLE   =        10.5389  DIHED      =         7.8172
 UB     =         0.0000  IMP     =         0.0000  CMAP       =        -0.3264
 1-4 NB =         2.9149  1-4 EEL =        43.6618  VDWAALS    =      1472.4823
 EELEC  =    -11250.7636  EHBOND  =         0.0000  RESTRAINT  =         0.0000
 EKCMT  =       925.0245  VIRIAL  =       792.3217  VOLUME     =     31208.9600
                                                    Density    =         0.9797
 ------------------------------------------------------------------------------

wrapping first mol.:       11.46019       16.20715       28.07161
wrapping first mol.:       11.46019       16.20715       28.07161

 NSTEP =    36700   TIME(PS) =      73.400  TEMP(K) =   302.96  PRESS =   -73.2
 Etot   =     -7818.6215  EKtot   =      1847.6703  EPtot      =     -9666.2918
 BOND   =         3.2676  ANGLE   =         9.2426  DIHED      =         4.7505
 UB     =         0.0000  IMP     =         0.0000  CMAP       =        -0.2087
 1-4 NB =         4.8935  1-4 EEL =        45.6455  VDWAALS    =      1427.3526
 EELEC  =    -11161.2354  EHBOND  =         0.0000  RESTRAINT  =         0.0000
 EKCMT  =       915.6920  VIRIAL  =       965.1196  VOLUME     =     31283.8171
                                                    Density    =         0.9773
 ------------------------------------------------------------------------------

wrapping first mol.:       11.45956       16.20626       28.07006
wrapping first mol.:       11.45956       16.20626       28.07006

 NSTEP =    36800   TIME(PS) =      73.600  TEMP(K) =   295.60  PRESS =   312.3
 Etot   =     -7806.0898  EKtot   =      1802.7856  EPtot      =     -9608.8755
 BOND   =         2.0756  ANGLE   =         7.6331  DIHED      =         4.3169
 UB     =         0.0000  IMP     =         0.0000  CMAP       =        -0.7355
 1-4 NB =         4.3897  1-4 EEL =        42.6549  VDWAALS    =      1457.4030
 EELEC  =    -11126.6131  EHBOND  =         0.0000  RESTRAINT  =         0.0000
 EKCMT  =       862.0704  VIRIAL  =       651.1630  VOLUME     =     31277.5737
                                                    Density    =         0.9775
 ------------------------------------------------------------------------------

wrapping first mol.:       11.45479       16.19952       28.05838
wrapping first mol.:       11.45479       16.19952       28.05838

 NSTEP =    36900   TIME(PS) =      73.800  TEMP(K) =   303.20  PRESS =  -587.0
 Etot   =     -7898.0761  EKtot   =      1849.1208  EPtot      =     -9747.1970
 BOND   =         2.6080  ANGLE   =         4.5362  DIHED      =         3.9102
 UB     =         0.0000  IMP     =         0.0000  CMAP       =        -0.4890
 1-4 NB =         3.7691  1-4 EEL =        44.7234  VDWAALS    =      1388.1443
 EELEC  =    -11194.3993  EHBOND  =         0.0000  RESTRAINT  =         0.0000
 EKCMT  =       909.4632  VIRIAL  =      1305.4192  VOLUME     =     31241.0540
                                                    Density    =         0.9787
 ------------------------------------------------------------------------------

wrapping first mol.:       11.44932       16.19178       28.04498
wrapping first mol.:       11.44932       16.19178       28.04498

 NSTEP =    37000   TIME(PS) =      74.000  TEMP(K) =   297.09  PRESS =   201.9
 Etot   =     -7909.5051  EKtot   =      1811.8850  EPtot      =     -9721.3901
 BOND   =         2.5132  ANGLE   =         6.6213  DIHED      =         2.9917
 UB     =         0.0000  IMP     =         0.0000  CMAP       =        -0.5563
 1-4 NB =         4.1041  1-4 EEL =        44.4563  VDWAALS    =      1474.0519
 EELEC  =    -11255.5723  EHBOND  =         0.0000  RESTRAINT  =         0.0000
 EKCMT  =       907.5337  VIRIAL  =       771.5324  VOLUME     =     31194.1140
                                                    Density    =         0.9802
 ------------------------------------------------------------------------------

wrapping first mol.:       11.44979       16.19245       28.04615
wrapping first mol.:       11.44979       16.19245       28.04615

 NSTEP =    37100   TIME(PS) =      74.200  TEMP(K) =   294.28  PRESS =  -444.3
 Etot   =     -7942.3139  EKtot   =      1794.7119  EPtot      =     -9737.0258
 BOND   =         3.6844  ANGLE   =         8.9485  DIHED      =         3.1134
 UB     =         0.0000  IMP     =         0.0000  CMAP       =        -0.8304
 1-4 NB =         2.6288  1-4 EEL =        41.1781  VDWAALS    =      1396.6357
 EELEC  =    -11192.3844  EHBOND  =         0.0000  RESTRAINT  =         0.0000
 EKCMT  =       884.7122  VIRIAL  =      1183.9925  VOLUME     =     31199.7949
                                                    Density    =         0.9800
 ------------------------------------------------------------------------------

wrapping first mol.:       11.44294       16.18276       28.02937
wrapping first mol.:       11.44294       16.18276       28.02937

 NSTEP =    37200   TIME(PS) =      74.400  TEMP(K) =   296.59  PRESS =  -479.4
 Etot   =     -7963.7975  EKtot   =      1808.8092  EPtot      =     -9772.6067
 BOND   =         3.5401  ANGLE   =         7.8049  DIHED      =         3.4378
 UB     =         0.0000  IMP     =         0.0000  CMAP       =        -0.3512
 1-4 NB =         3.9059  1-4 EEL =        42.7358  VDWAALS    =      1402.4072
 EELEC  =    -11236.0873  EHBOND  =         0.0000  RESTRAINT  =         0.0000
 EKCMT  =       894.9396  VIRIAL  =      1217.2883  VOLUME     =     31143.9262
                                                    Density    =         0.9817
 ------------------------------------------------------------------------------

wrapping first mol.:       11.43043       16.16507       27.99872
wrapping first mol.:       11.43043       16.16507       27.99872

 NSTEP =    37300   TIME(PS) =      74.600  TEMP(K) =   291.11  PRESS =   -62.0
 Etot   =     -7972.2825  EKtot   =      1775.4058  EPtot      =     -9747.6883
 BOND   =         3.8552  ANGLE   =         5.3612  DIHED      =         3.5463
 UB     =         0.0000  IMP     =         0.0000  CMAP       =         0.1459
 1-4 NB =         3.3175  1-4 EEL =        43.4331  VDWAALS    =      1426.9859
 EELEC  =    -11234.3332  EHBOND  =         0.0000  RESTRAINT  =         0.0000
 EKCMT  =       884.6677  VIRIAL  =       926.2225  VOLUME     =     31040.7431
                                                    Density    =         0.9850
 ------------------------------------------------------------------------------

wrapping first mol.:       11.43433       16.17058       28.00826
wrapping first mol.:       11.43433       16.17058       28.00826

 NSTEP =    37400   TIME(PS) =      74.800  TEMP(K) =   291.63  PRESS =    53.5
 Etot   =     -7971.9749  EKtot   =      1778.5582  EPtot      =     -9750.5331
 BOND   =         2.7752  ANGLE   =        15.7806  DIHED      =         4.3291
 UB     =         0.0000  IMP     =         0.0000  CMAP       =        -0.1672
 1-4 NB =         3.9668  1-4 EEL =        42.1321  VDWAALS    =      1468.0939
 EELEC  =    -11287.4436  EHBOND  =         0.0000  RESTRAINT  =         0.0000
 EKCMT  =       894.5466  VIRIAL  =       858.6542  VOLUME     =     31072.1572
                                                    Density    =         0.9840
 ------------------------------------------------------------------------------

wrapping first mol.:       11.43546       16.17219       28.01105
wrapping first mol.:       11.43546       16.17219       28.01105

 NSTEP =    37500   TIME(PS) =      75.000  TEMP(K) =   296.91  PRESS =   476.3
 Etot   =     -7987.4624  EKtot   =      1810.7615  EPtot      =     -9798.2238
 BOND   =         5.6648  ANGLE   =        13.3742  DIHED      =         3.6400
 UB     =         0.0000  IMP     =         0.0000  CMAP       =        -0.7446
 1-4 NB =         2.5276  1-4 EEL =        42.3450  VDWAALS    =      1541.6703
 EELEC  =    -11406.7012  EHBOND  =         0.0000  RESTRAINT  =         0.0000
 EKCMT  =       911.9476  VIRIAL  =       592.3159  VOLUME     =     31080.2663
                                                    Density    =         0.9837
 ------------------------------------------------------------------------------

wrapping first mol.:       11.44140       16.18058       28.02558
wrapping first mol.:       11.44140       16.18058       28.02558

 NSTEP =    37600   TIME(PS) =      75.200  TEMP(K) =   295.66  PRESS =   113.7
 Etot   =     -7987.6603  EKtot   =      1803.1238  EPtot      =     -9790.7841
 BOND   =         1.8767  ANGLE   =         9.1583  DIHED      =         3.2185
 UB     =         0.0000  IMP     =         0.0000  CMAP       =        -0.9611
 1-4 NB =         3.6783  1-4 EEL =        41.8719  VDWAALS    =      1502.8677
 EELEC  =    -11352.4944  EHBOND  =         0.0000  RESTRAINT  =         0.0000
 EKCMT  =       861.9575  VIRIAL  =       785.5690  VOLUME     =     31129.6521
                                                    Density    =         0.9822
 ------------------------------------------------------------------------------

wrapping first mol.:       11.44922       16.19164       28.04474
wrapping first mol.:       11.44922       16.19164       28.04474

 NSTEP =    37700   TIME(PS) =      75.400  TEMP(K) =   294.12  PRESS =   -92.4
 Etot   =     -7937.6693  EKtot   =      1793.7297  EPtot      =     -9731.3991
 BOND   =         0.7709  ANGLE   =         8.7743  DIHED      =         4.6008
 UB     =         0.0000  IMP     =         0.0000  CMAP       =        -0.8553
 1-4 NB =         4.0125  1-4 EEL =        44.5079  VDWAALS    =      1448.5553
 EELEC  =    -11241.7656  EHBOND  =         0.0000  RESTRAINT  =         0.0000
 EKCMT  =       878.9631  VIRIAL  =       941.1962  VOLUME     =     31194.1163
                                                    Density    =         0.9802
 ------------------------------------------------------------------------------

wrapping first mol.:       11.44923       16.19165       28.04477
wrapping first mol.:       11.44923       16.19165       28.04477

 NSTEP =    37800   TIME(PS) =      75.600  TEMP(K) =   292.21  PRESS =  -210.1
 Etot   =     -7899.9736  EKtot   =      1782.1122  EPtot      =     -9682.0857
 BOND   =         5.5689  ANGLE   =         9.6178  DIHED      =         4.5042
 UB     =         0.0000  IMP     =         0.0000  CMAP       =         0.3046
 1-4 NB =         3.5652  1-4 EEL =        44.2697  VDWAALS    =      1407.3520
 EELEC  =    -11157.2683  EHBOND  =         0.0000  RESTRAINT  =         0.0000
 EKCMT  =       889.6211  VIRIAL  =      1031.1522  VOLUME     =     31194.5390
                                                    Density    =         0.9801
 ------------------------------------------------------------------------------

wrapping first mol.:       11.44192       16.18132       28.02687
wrapping first mol.:       11.44192       16.18132       28.02687

 NSTEP =    37900   TIME(PS) =      75.800  TEMP(K) =   305.37  PRESS =   -62.5
 Etot   =     -7893.0460  EKtot   =      1862.3629  EPtot      =     -9755.4089
 BOND   =         4.5143  ANGLE   =        12.6946  DIHED      =         3.7137
 UB     =         0.0000  IMP     =         0.0000  CMAP       =        -0.2556
 1-4 NB =         4.4499  1-4 EEL =        46.1613  VDWAALS    =      1451.4483
 EELEC  =    -11278.1355  EHBOND  =         0.0000  RESTRAINT  =         0.0000
 EKCMT  =       925.1178  VIRIAL  =       967.1180  VOLUME     =     31134.4517
                                                    Density    =         0.9820
 ------------------------------------------------------------------------------

wrapping first mol.:       11.43972       16.17820       28.02146
wrapping first mol.:       11.43972       16.17820       28.02146

 NSTEP =    38000   TIME(PS) =      76.000  TEMP(K) =   300.46  PRESS =  -524.5
 Etot   =     -7913.4087  EKtot   =      1832.3917  EPtot      =     -9745.8004
 BOND   =         3.1683  ANGLE   =        11.9337  DIHED      =         4.4265
 UB     =         0.0000  IMP     =         0.0000  CMAP       =        -0.0941
 1-4 NB =         4.9985  1-4 EEL =        45.2539  VDWAALS    =      1379.3154
 EELEC  =    -11194.8026  EHBOND  =         0.0000  RESTRAINT  =         0.0000
 EKCMT  =       897.2538  VIRIAL  =      1249.6560  VOLUME     =     31117.7231
                                                    Density    =         0.9826
 ------------------------------------------------------------------------------

wrapping first mol.:       11.43800       16.17577       28.01725
wrapping first mol.:       11.43800       16.17577       28.01725

 NSTEP =    38100   TIME(PS) =      76.200  TEMP(K) =   302.93  PRESS =   239.3
 Etot   =     -7934.8745  EKtot   =      1847.4729  EPtot      =     -9782.3474
 BOND   =         2.7047  ANGLE   =        10.9722  DIHED      =         4.9972
 UB     =         0.0000  IMP     =         0.0000  CMAP       =        -0.3119
 1-4 NB =         3.2461  1-4 EEL =        41.2791  VDWAALS    =      1507.7562
 EELEC  =    -11352.9910  EHBOND  =         0.0000  RESTRAINT  =         0.0000
 EKCMT  =       902.0520  VIRIAL  =       741.3698  VOLUME     =     31101.5664
                                                    Density    =         0.9831
 ------------------------------------------------------------------------------

wrapping first mol.:       11.44102       16.18005       28.02467
wrapping first mol.:       11.44102       16.18005       28.02467

 NSTEP =    38200   TIME(PS) =      76.400  TEMP(K) =   293.32  PRESS =   141.6
 Etot   =     -7958.2166  EKtot   =      1788.8564  EPtot      =     -9747.0730
 BOND   =         2.9915  ANGLE   =         9.2876  DIHED      =         3.3617
 UB     =         0.0000  IMP     =         0.0000  CMAP       =        -0.6355
 1-4 NB =         4.5056  1-4 EEL =        42.4669  VDWAALS    =      1483.8003
 EELEC  =    -11292.8512  EHBOND  =         0.0000  RESTRAINT  =         0.0000
 EKCMT  =       886.8508  VIRIAL  =       791.6831  VOLUME     =     31126.5441
                                                    Density    =         0.9823
 ------------------------------------------------------------------------------

wrapping first mol.:       11.42982       16.16421       27.99723
wrapping first mol.:       11.42982       16.16421       27.99723

 NSTEP =    38300   TIME(PS) =      76.600  TEMP(K) =   291.62  PRESS =   202.0
 Etot   =     -7979.4811  EKtot   =      1778.5092  EPtot      =     -9757.9902
 BOND   =         1.3541  ANGLE   =         9.7419  DIHED      =         5.0815
 UB     =         0.0000  IMP     =         0.0000  CMAP       =        -0.6229
 1-4 NB =         3.9487  1-4 EEL =        43.7847  VDWAALS    =      1489.5742
 EELEC  =    -11310.8524  EHBOND  =         0.0000  RESTRAINT  =         0.0000
 EKCMT  =       871.6521  VIRIAL  =       736.3149  VOLUME     =     31035.0561
                                                    Density    =         0.9852
 ------------------------------------------------------------------------------

wrapping first mol.:       11.43396       16.17006       28.00736
wrapping first mol.:       11.43396       16.17006       28.00736

 NSTEP =    38400   TIME(PS) =      76.800  TEMP(K) =   298.01  PRESS =   149.9
 Etot   =     -7925.2621  EKtot   =      1817.4631  EPtot      =     -9742.7252
 BOND   =         1.1881  ANGLE   =         7.7796  DIHED      =         4.3201
 UB     =         0.0000  IMP     =         0.0000  CMAP       =        -0.8196
 1-4 NB =         3.8359  1-4 EEL =        43.5197  VDWAALS    =      1460.1127
 EELEC  =    -11262.6618  EHBOND  =         0.0000  RESTRAINT  =         0.0000
 EKCMT  =       910.9861  VIRIAL  =       810.4257  VOLUME     =     31068.8853
                                                    Density    =         0.9841
 ------------------------------------------------------------------------------

wrapping first mol.:       11.44239       16.18199       28.02802
wrapping first mol.:       11.44239       16.18199       28.02802

 NSTEP =    38500   TIME(PS) =      77.000  TEMP(K) =   299.39  PRESS =  1013.8
 Etot   =     -7920.6015  EKtot   =      1825.8606  EPtot      =     -9746.4621
 BOND   =         1.3594  ANGLE   =         5.4687  DIHED      =         4.1499
 UB     =         0.0000  IMP     =         0.0000  CMAP       =        -1.0080
 1-4 NB =         5.5775  1-4 EEL =        43.2264  VDWAALS    =      1587.1715
 EELEC  =    -11392.4075  EHBOND  =         0.0000  RESTRAINT  =         0.0000
 EKCMT  =       932.1676  VIRIAL  =       250.6129  VOLUME     =     31135.2906
                                                    Density    =         0.9820
 ------------------------------------------------------------------------------

wrapping first mol.:       11.44725       16.18886       28.03992
wrapping first mol.:       11.44725       16.18886       28.03992

 NSTEP =    38600   TIME(PS) =      77.200  TEMP(K) =   297.52  PRESS =  -173.7
 Etot   =     -7933.7072  EKtot   =      1814.4779  EPtot      =     -9748.1851
 BOND   =         5.5412  ANGLE   =         8.6452  DIHED      =         5.6707
 UB     =         0.0000  IMP     =         0.0000  CMAP       =        -0.7024
 1-4 NB =         3.4624  1-4 EEL =        42.7979  VDWAALS    =      1442.8876
 EELEC  =    -11256.4876  EHBOND  =         0.0000  RESTRAINT  =         0.0000
 EKCMT  =       898.9551  VIRIAL  =      1015.8594  VOLUME     =     31178.2786
                                                    Density    =         0.9807
 ------------------------------------------------------------------------------

wrapping first mol.:       11.43545       16.17217       28.01101
wrapping first mol.:       11.43545       16.17217       28.01101

 NSTEP =    38700   TIME(PS) =      77.400  TEMP(K) =   293.27  PRESS =  -375.1
 Etot   =     -7948.7233  EKtot   =      1788.5646  EPtot      =     -9737.2878
 BOND   =         4.5620  ANGLE   =         8.9435  DIHED      =         4.3306
 UB     =         0.0000  IMP     =         0.0000  CMAP       =        -0.3277
 1-4 NB =         3.6651  1-4 EEL =        41.2675  VDWAALS    =      1401.8842
 EELEC  =    -11201.6131  EHBOND  =         0.0000  RESTRAINT  =         0.0000
 EKCMT  =       884.9888  VIRIAL  =      1136.7077  VOLUME     =     31082.4955
                                                    Density    =         0.9837
 ------------------------------------------------------------------------------

wrapping first mol.:       11.42841       16.16221       27.99377
wrapping first mol.:       11.42841       16.16221       27.99377

 NSTEP =    38800   TIME(PS) =      77.600  TEMP(K) =   297.08  PRESS =  -651.2
 Etot   =     -7938.4333  EKtot   =      1811.7756  EPtot      =     -9750.2089
 BOND   =         2.2808  ANGLE   =         7.1266  DIHED      =         5.8715
 UB     =         0.0000  IMP     =         0.0000  CMAP       =         0.1139
 1-4 NB =         5.6597  1-4 EEL =        47.4928  VDWAALS    =      1356.0376
 EELEC  =    -11174.7919  EHBOND  =         0.0000  RESTRAINT  =         0.0000
 EKCMT  =       910.9457  VIRIAL  =      1347.1450  VOLUME     =     31025.9038
                                                    Density    =         0.9855
 ------------------------------------------------------------------------------

wrapping first mol.:       11.42267       16.15410       27.97972
wrapping first mol.:       11.42267       16.15410       27.97972

 NSTEP =    38900   TIME(PS) =      77.800  TEMP(K) =   304.16  PRESS =   558.0
 Etot   =     -7936.1266  EKtot   =      1854.9551  EPtot      =     -9791.0817
 BOND   =         3.3356  ANGLE   =         8.1102  DIHED      =         3.9208
 UB     =         0.0000  IMP     =         0.0000  CMAP       =        -0.5597
 1-4 NB =         3.6487  1-4 EEL =        44.0675  VDWAALS    =      1535.5356
 EELEC  =    -11389.1403  EHBOND  =         0.0000  RESTRAINT  =         0.0000
 EKCMT  =       935.5049  VIRIAL  =       562.2936  VOLUME     =     30975.8682
                                                    Density    =         0.9871
 ------------------------------------------------------------------------------

wrapping first mol.:       11.42778       16.16133       27.99224
wrapping first mol.:       11.42778       16.16133       27.99224

 NSTEP =    39000   TIME(PS) =      78.000  TEMP(K) =   298.52  PRESS =  -388.1
 Etot   =     -7945.3017  EKtot   =      1820.5984  EPtot      =     -9765.9001
 BOND   =         4.2187  ANGLE   =        11.5858  DIHED      =         4.7347
 UB     =         0.0000  IMP     =         0.0000  CMAP       =        -0.2777
 1-4 NB =         2.6736  1-4 EEL =        39.6444  VDWAALS    =      1403.2285
 EELEC  =    -11231.7081  EHBOND  =         0.0000  RESTRAINT  =         0.0000
 EKCMT  =       914.2668  VIRIAL  =      1174.1947  VOLUME     =     31020.0729
                                                    Density    =         0.9857
 ------------------------------------------------------------------------------

wrapping first mol.:       11.43054       16.16522       27.99899
wrapping first mol.:       11.43054       16.16522       27.99899

 NSTEP =    39100   TIME(PS) =      78.200  TEMP(K) =   295.46  PRESS =   172.3
 Etot   =     -7951.1969  EKtot   =      1801.9238  EPtot      =     -9753.1207
 BOND   =         4.2036  ANGLE   =        12.0196  DIHED      =         5.0175
 UB     =         0.0000  IMP     =         0.0000  CMAP       =        -0.2357
 1-4 NB =         3.0442  1-4 EEL =        42.2495  VDWAALS    =      1479.3133
 EELEC  =    -11298.7329  EHBOND  =         0.0000  RESTRAINT  =         0.0000
 EKCMT  =       885.4137  VIRIAL  =       769.9462  VOLUME     =     31040.9721
                                                    Density    =         0.9850
 ------------------------------------------------------------------------------

wrapping first mol.:       11.43701       16.17437       28.01483
wrapping first mol.:       11.43701       16.17437       28.01483

 NSTEP =    39200   TIME(PS) =      78.400  TEMP(K) =   287.96  PRESS =   602.4
 Etot   =     -7968.9962  EKtot   =      1756.1909  EPtot      =     -9725.1871
 BOND   =         3.1842  ANGLE   =         9.6234  DIHED      =         4.5087
 UB     =         0.0000  IMP     =         0.0000  CMAP       =        -0.7055
 1-4 NB =         4.9861  1-4 EEL =        46.1211  VDWAALS    =      1535.2849
 EELEC  =    -11328.1902  EHBOND  =         0.0000  RESTRAINT  =         0.0000
 EKCMT  =       876.4179  VIRIAL  =       471.9919  VOLUME     =     31092.5031
                                                    Density    =         0.9834
 ------------------------------------------------------------------------------

wrapping first mol.:       11.43483       16.17129       28.00950
wrapping first mol.:       11.43483       16.17129       28.00950

 NSTEP =    39300   TIME(PS) =      78.600  TEMP(K) =   292.89  PRESS =  -337.1
 Etot   =     -7978.4856  EKtot   =      1786.2446  EPtot      =     -9764.7302
 BOND   =         2.9127  ANGLE   =         9.4954  DIHED      =         3.2596
 UB     =         0.0000  IMP     =         0.0000  CMAP       =        -0.4911
 1-4 NB =         3.9378  1-4 EEL =        44.6579  VDWAALS    =      1418.0135
 EELEC  =    -11246.5162  EHBOND  =         0.0000  RESTRAINT  =         0.0000
 EKCMT  =       883.8204  VIRIAL  =      1110.0297  VOLUME     =     31077.3507
                                                    Density    =         0.9838
 ------------------------------------------------------------------------------

wrapping first mol.:       11.43639       16.17350       28.01332
wrapping first mol.:       11.43639       16.17350       28.01332

 NSTEP =    39400   TIME(PS) =      78.800  TEMP(K) =   298.49  PRESS =   300.6
 Etot   =     -7959.9357  EKtot   =      1820.4160  EPtot      =     -9780.3518
 BOND   =         4.4519  ANGLE   =        13.0742  DIHED      =         3.2720
 UB     =         0.0000  IMP     =         0.0000  CMAP       =         0.3197
 1-4 NB =         3.6320  1-4 EEL =        42.5410  VDWAALS    =      1522.3168
 EELEC  =    -11369.9593  EHBOND  =         0.0000  RESTRAINT  =         0.0000
 EKCMT  =       901.0761  VIRIAL  =       699.2889  VOLUME     =     31088.3064
                                                    Density    =         0.9835
 ------------------------------------------------------------------------------

wrapping first mol.:       11.43616       16.17317       28.01275
wrapping first mol.:       11.43616       16.17317       28.01275

 NSTEP =    39500   TIME(PS) =      79.000  TEMP(K) =   293.83  PRESS =  -210.4
 Etot   =     -7951.1984  EKtot   =      1791.9679  EPtot      =     -9743.1663
 BOND   =         2.9191  ANGLE   =        13.3778  DIHED      =         6.9985
 UB     =         0.0000  IMP     =         0.0000  CMAP       =        -0.3431
 1-4 NB =         3.6061  1-4 EEL =        42.4570  VDWAALS    =      1429.0860
 EELEC  =    -11241.2676  EHBOND  =         0.0000  RESTRAINT  =         0.0000
 EKCMT  =       862.3229  VIRIAL  =      1003.5770  VOLUME     =     31087.8134
                                                    Density    =         0.9835
 ------------------------------------------------------------------------------

wrapping first mol.:       11.42341       16.15514       27.98151
wrapping first mol.:       11.42341       16.15514       27.98151

 NSTEP =    39600   TIME(PS) =      79.200  TEMP(K) =   301.99  PRESS =  -527.5
 Etot   =     -7907.0255  EKtot   =      1841.7274  EPtot      =     -9748.7529
 BOND   =         5.3835  ANGLE   =         7.8421  DIHED      =         3.8841
 UB     =         0.0000  IMP     =         0.0000  CMAP       =         0.3549
 1-4 NB =         3.7478  1-4 EEL =        48.0003  VDWAALS    =      1386.7900
 EELEC  =    -11204.7555  EHBOND  =         0.0000  RESTRAINT  =         0.0000
 EKCMT  =       912.0733  VIRIAL  =      1264.9602  VOLUME     =     30984.8242
                                                    Density    =         0.9868
 ------------------------------------------------------------------------------

wrapping first mol.:       11.41501       16.14326       27.96094
wrapping first mol.:       11.41501       16.14326       27.96094

 NSTEP =    39700   TIME(PS) =      79.400  TEMP(K) =   293.42  PRESS =   -50.9
 Etot   =     -7928.3029  EKtot   =      1789.5083  EPtot      =     -9717.8112
 BOND   =         2.9529  ANGLE   =        15.4369  DIHED      =         5.8482
 UB     =         0.0000  IMP     =         0.0000  CMAP       =        -0.1633
 1-4 NB =         3.5395  1-4 EEL =        43.9759  VDWAALS    =      1434.1432
 EELEC  =    -11223.5445  EHBOND  =         0.0000  RESTRAINT  =         0.0000
 EKCMT  =       872.2595  VIRIAL  =       906.2422  VOLUME     =     30915.2011
                                                    Density    =         0.9890
 ------------------------------------------------------------------------------

wrapping first mol.:       11.41920       16.14918       27.97121
wrapping first mol.:       11.41920       16.14918       27.97121

 NSTEP =    39800   TIME(PS) =      79.600  TEMP(K) =   301.76  PRESS =  -108.2
 Etot   =     -7908.6093  EKtot   =      1840.3489  EPtot      =     -9748.9581
 BOND   =         6.4948  ANGLE   =        12.3590  DIHED      =         5.0268
 UB     =         0.0000  IMP     =         0.0000  CMAP       =         0.0560
 1-4 NB =         3.1191  1-4 EEL =        43.2653  VDWAALS    =      1421.9503
 EELEC  =    -11241.2295  EHBOND  =         0.0000  RESTRAINT  =         0.0000
 EKCMT  =       930.5076  VIRIAL  =      1002.8367  VOLUME     =     30949.4354
                                                    Density    =         0.9879
 ------------------------------------------------------------------------------

wrapping first mol.:       11.41878       16.14859       27.97018
wrapping first mol.:       11.41878       16.14859       27.97018

 NSTEP =    39900   TIME(PS) =      79.800  TEMP(K) =   301.49  PRESS =   106.0
 Etot   =     -7901.7392  EKtot   =      1838.6648  EPtot      =     -9740.4040
 BOND   =         3.8285  ANGLE   =         7.9611  DIHED      =         5.5906
 UB     =         0.0000  IMP     =         0.0000  CMAP       =         1.1721
 1-4 NB =         2.7930  1-4 EEL =        48.3047  VDWAALS    =      1479.0887
 EELEC  =    -11289.1427  EHBOND  =         0.0000  RESTRAINT  =         0.0000
 EKCMT  =       866.3783  VIRIAL  =       795.5473  VOLUME     =     30945.4513
                                                    Density    =         0.9880
 ------------------------------------------------------------------------------

wrapping first mol.:       11.41883       16.14867       27.97031
wrapping first mol.:       11.41883       16.14867       27.97031

 NSTEP =    40000   TIME(PS) =      80.000  TEMP(K) =   295.86  PRESS =   312.6
 Etot   =     -7882.9518  EKtot   =      1804.3406  EPtot      =     -9687.2924
 BOND   =         4.4709  ANGLE   =         8.7306  DIHED      =         3.6228
 UB     =         0.0000  IMP     =         0.0000  CMAP       =        -0.7031
 1-4 NB =         5.4369  1-4 EEL =        45.0939  VDWAALS    =      1452.2702
 EELEC  =    -11206.2146  EHBOND  =         0.0000  RESTRAINT  =         0.0000
 EKCMT  =       883.8721  VIRIAL  =       675.0247  VOLUME     =     30945.2897
                                                    Density    =         0.9880
 ------------------------------------------------------------------------------

wrapping first mol.:       11.42210       16.15329       27.97831
wrapping first mol.:       11.42210       16.15329       27.97831

 NSTEP =    40100   TIME(PS) =      80.200  TEMP(K) =   293.54  PRESS =   396.4
 Etot   =     -7918.4888  EKtot   =      1790.2192  EPtot      =     -9708.7080
 BOND   =         3.0442  ANGLE   =         6.4455  DIHED      =         4.8270
 UB     =         0.0000  IMP     =         0.0000  CMAP       =         0.5805
 1-4 NB =         2.8465  1-4 EEL =        43.5273  VDWAALS    =      1486.5746
 EELEC  =    -11256.5536  EHBOND  =         0.0000  RESTRAINT  =         0.0000
 EKCMT  =       872.3894  VIRIAL  =       607.3042  VOLUME     =     30971.6453
                                                    Density    =         0.9872
 ------------------------------------------------------------------------------

wrapping first mol.:       11.42809       16.16176       27.99299
wrapping first mol.:       11.42809       16.16176       27.99299

 NSTEP =    40200   TIME(PS) =      80.400  TEMP(K) =   290.16  PRESS =   -65.4
 Etot   =     -7908.6788  EKtot   =      1769.5861  EPtot      =     -9678.2649
 BOND   =         5.0908  ANGLE   =         5.9749  DIHED      =         4.3681
 UB     =         0.0000  IMP     =         0.0000  CMAP       =         1.2144
 1-4 NB =         2.7541  1-4 EEL =        47.0689  VDWAALS    =      1414.9159
 EELEC  =    -11159.6520  EHBOND  =         0.0000  RESTRAINT  =         0.0000
 EKCMT  =       871.8207  VIRIAL  =       915.6313  VOLUME     =     31021.6949
                                                    Density    =         0.9856
 ------------------------------------------------------------------------------

wrapping first mol.:       11.42962       16.16392       27.99673
wrapping first mol.:       11.42962       16.16392       27.99673

 NSTEP =    40300   TIME(PS) =      80.600  TEMP(K) =   300.62  PRESS =   -52.2
 Etot   =     -7947.8151  EKtot   =      1833.3892  EPtot      =     -9781.2043
 BOND   =         2.9797  ANGLE   =         8.4669  DIHED      =         4.2006
 UB     =         0.0000  IMP     =         0.0000  CMAP       =         0.2195
 1-4 NB =         3.1145  1-4 EEL =        43.5859  VDWAALS    =      1463.3611
 EELEC  =    -11307.1325  EHBOND  =         0.0000  RESTRAINT  =         0.0000
 EKCMT  =       926.1379  VIRIAL  =       961.0880  VOLUME     =     31034.0744
                                                    Density    =         0.9852
 ------------------------------------------------------------------------------

wrapping first mol.:       11.42269       16.15413       27.97976
wrapping first mol.:       11.42269       16.15413       27.97976

 NSTEP =    40400   TIME(PS) =      80.800  TEMP(K) =   297.67  PRESS =   -42.4
 Etot   =     -7933.2702  EKtot   =      1815.4011  EPtot      =     -9748.6713
 BOND   =         3.9666  ANGLE   =         7.1673  DIHED      =         5.9467
 UB     =         0.0000  IMP     =         0.0000  CMAP       =        -0.2895
 1-4 NB =         3.6048  1-4 EEL =        42.6242  VDWAALS    =      1440.9171
 EELEC  =    -11252.6086  EHBOND  =         0.0000  RESTRAINT  =         0.0000
 EKCMT  =       904.2747  VIRIAL  =       932.6473  VOLUME     =     30977.6703
                                                    Density    =         0.9870
 ------------------------------------------------------------------------------

wrapping first mol.:       11.43586       16.17274       28.01201
wrapping first mol.:       11.43586       16.17274       28.01201

 NSTEP =    40500   TIME(PS) =      81.000  TEMP(K) =   293.52  PRESS =    76.2
 Etot   =     -7940.3944  EKtot   =      1790.1123  EPtot      =     -9730.5067
 BOND   =         2.9666  ANGLE   =        10.0336  DIHED      =         5.1940
 UB     =         0.0000  IMP     =         0.0000  CMAP       =        -0.1090
 1-4 NB =         4.1059  1-4 EEL =        45.3185  VDWAALS    =      1456.6839
 EELEC  =    -11254.7002  EHBOND  =         0.0000  RESTRAINT  =         0.0000
 EKCMT  =       905.7229  VIRIAL  =       854.5828  VOLUME     =     31084.5773
                                                    Density    =         0.9836
 ------------------------------------------------------------------------------

wrapping first mol.:       11.43376       16.16978       28.00689
wrapping first mol.:       11.43376       16.16978       28.00689

 NSTEP =    40600   TIME(PS) =      81.200  TEMP(K) =   294.30  PRESS =   134.3
 Etot   =     -7961.1379  EKtot   =      1794.8502  EPtot      =     -9755.9881
 BOND   =         5.7083  ANGLE   =         5.3850  DIHED      =         3.3473
 UB     =         0.0000  IMP     =         0.0000  CMAP       =        -0.3874
 1-4 NB =         4.0454  1-4 EEL =        45.1556  VDWAALS    =      1454.9695
 EELEC  =    -11274.2118  EHBOND  =         0.0000  RESTRAINT  =         0.0000
 EKCMT  =       917.8118  VIRIAL  =       827.6944  VOLUME     =     31067.3513
                                                    Density    =         0.9842
 ------------------------------------------------------------------------------

wrapping first mol.:       11.43219       16.16756       28.00303
wrapping first mol.:       11.43219       16.16756       28.00303

 NSTEP =    40700   TIME(PS) =      81.400  TEMP(K) =   293.08  PRESS =   -49.9
 Etot   =     -7971.9483  EKtot   =      1787.4095  EPtot      =     -9759.3579
 BOND   =         3.7187  ANGLE   =        13.1547  DIHED      =         5.3273
 UB     =         0.0000  IMP     =         0.0000  CMAP       =        -0.0478
 1-4 NB =         2.5391  1-4 EEL =        44.6793  VDWAALS    =      1448.2207
 EELEC  =    -11276.9499  EHBOND  =         0.0000  RESTRAINT  =         0.0000
 EKCMT  =       902.4727  VIRIAL  =       935.9128  VOLUME     =     31055.0363
                                                    Density    =         0.9845
 ------------------------------------------------------------------------------

wrapping first mol.:       11.41757       16.14688       27.96722
wrapping first mol.:       11.41757       16.14688       27.96722

 NSTEP =    40800   TIME(PS) =      81.600  TEMP(K) =   292.37  PRESS =  -243.2
 Etot   =     -8004.4022  EKtot   =      1783.0808  EPtot      =     -9787.4831
 BOND   =         3.9034  ANGLE   =         9.8460  DIHED      =         4.8448
 UB     =         0.0000  IMP     =         0.0000  CMAP       =        -0.1437
 1-4 NB =         4.2629  1-4 EEL =        44.9514  VDWAALS    =      1438.7343
 EELEC  =    -11293.8821  EHBOND  =         0.0000  RESTRAINT  =         0.0000
 EKCMT  =       890.8695  VIRIAL  =      1053.2920  VOLUME     =     30936.5741
                                                    Density    =         0.9883
 ------------------------------------------------------------------------------

wrapping first mol.:       11.41384       16.14161       27.95808
wrapping first mol.:       11.41384       16.14161       27.95808

 NSTEP =    40900   TIME(PS) =      81.800  TEMP(K) =   292.54  PRESS =   225.6
 Etot   =     -8043.5714  EKtot   =      1784.1108  EPtot      =     -9827.6822
 BOND   =         3.1761  ANGLE   =        13.5603  DIHED      =         4.6815
 UB     =         0.0000  IMP     =         0.0000  CMAP       =        -0.2281
 1-4 NB =         3.5325  1-4 EEL =        43.3917  VDWAALS    =      1507.3035
 EELEC  =    -11403.0996  EHBOND  =         0.0000  RESTRAINT  =         0.0000
 EKCMT  =       893.7407  VIRIAL  =       743.1889  VOLUME     =     30904.9645
                                                    Density    =         0.9893
 ------------------------------------------------------------------------------

wrapping first mol.:       11.42795       16.16155       27.99263
wrapping first mol.:       11.42795       16.16155       27.99263

 NSTEP =    41000   TIME(PS) =      82.000  TEMP(K) =   296.63  PRESS =   473.3
 Etot   =     -7985.9601  EKtot   =      1809.0846  EPtot      =     -9795.0447
 BOND   =         6.4079  ANGLE   =        12.5281  DIHED      =         4.5585
 UB     =         0.0000  IMP     =         0.0000  CMAP       =        -0.3743
 1-4 NB =         4.0329  1-4 EEL =        45.1100  VDWAALS    =      1541.8295
 EELEC  =    -11409.1372  EHBOND  =         0.0000  RESTRAINT  =         0.0000
 EKCMT  =       892.8703  VIRIAL  =       575.8582  VOLUME     =     31019.0022
                                                    Density    =         0.9857
 ------------------------------------------------------------------------------

wrapping first mol.:       11.43223       16.16761       28.00313
wrapping first mol.:       11.43223       16.16761       28.00313

 NSTEP =    41100   TIME(PS) =      82.200  TEMP(K) =   287.78  PRESS =   -66.5
 Etot   =     -7950.1845  EKtot   =      1755.0975  EPtot      =     -9705.2820
 BOND   =         3.5809  ANGLE   =         9.4656  DIHED      =         3.7683
 UB     =         0.0000  IMP     =         0.0000  CMAP       =        -0.3064
 1-4 NB =         2.3961  1-4 EEL =        44.7283  VDWAALS    =      1441.2274
 EELEC  =    -11210.1420  EHBOND  =         0.0000  RESTRAINT  =         0.0000
 EKCMT  =       867.5218  VIRIAL  =       912.0919  VOLUME     =     31055.4016
                                                    Density    =         0.9845
 ------------------------------------------------------------------------------

wrapping first mol.:       11.43107       16.16598       28.00029
wrapping first mol.:       11.43107       16.16598       28.00029

 NSTEP =    41200   TIME(PS) =      82.400  TEMP(K) =   298.09  PRESS =  -440.9
 Etot   =     -7931.5601  EKtot   =      1817.9552  EPtot      =     -9749.5153
 BOND   =         3.0618  ANGLE   =         9.5731  DIHED      =         5.1426
 UB     =         0.0000  IMP     =         0.0000  CMAP       =        -0.3591
 1-4 NB =         3.4512  1-4 EEL =        43.9713  VDWAALS    =      1395.3333
 EELEC  =    -11209.6895  EHBOND  =         0.0000  RESTRAINT  =         0.0000
 EKCMT  =       905.0401  VIRIAL  =      1200.6150  VOLUME     =     31047.0088
                                                    Density    =         0.9848
 ------------------------------------------------------------------------------

wrapping first mol.:       11.43163       16.16677       28.00166
wrapping first mol.:       11.43163       16.16677       28.00166

 NSTEP =    41300   TIME(PS) =      82.600  TEMP(K) =   299.80  PRESS =    36.1
 Etot   =     -7916.2150  EKtot   =      1828.3834  EPtot      =     -9744.5984
 BOND   =         4.0562  ANGLE   =         8.1436  DIHED      =         3.7789
 UB     =         0.0000  IMP     =         0.0000  CMAP       =        -0.0118
 1-4 NB =         3.6859  1-4 EEL =        45.8735  VDWAALS    =      1458.2228
 EELEC  =    -11268.3475  EHBOND  =         0.0000  RESTRAINT  =         0.0000
 EKCMT  =       932.0464  VIRIAL  =       907.8510  VOLUME     =     31050.2306
                                                    Density    =         0.9847
 ------------------------------------------------------------------------------

wrapping first mol.:       11.42933       16.16351       27.99602
wrapping first mol.:       11.42933       16.16351       27.99602

 NSTEP =    41400   TIME(PS) =      82.800  TEMP(K) =   296.12  PRESS =   307.6
 Etot   =     -7934.9846  EKtot   =      1805.9602  EPtot      =     -9740.9448
 BOND   =         4.3143  ANGLE   =         7.3419  DIHED      =         4.1403
 UB     =         0.0000  IMP     =         0.0000  CMAP       =        -0.3002
 1-4 NB =         4.6687  1-4 EEL =        40.9922  VDWAALS    =      1491.5244
 EELEC  =    -11293.6264  EHBOND  =         0.0000  RESTRAINT  =         0.0000
 EKCMT  =       891.1514  VIRIAL  =       685.0904  VOLUME     =     31030.7212
                                                    Density    =         0.9853
 ------------------------------------------------------------------------------

wrapping first mol.:       11.43616       16.17317       28.01276
wrapping first mol.:       11.43616       16.17317       28.01276

 NSTEP =    41500   TIME(PS) =      83.000  TEMP(K) =   303.36  PRESS =  -171.7
 Etot   =     -7944.6095  EKtot   =      1850.0815  EPtot      =     -9794.6911
 BOND   =         1.1044  ANGLE   =         8.9919  DIHED      =         6.1000
 UB     =         0.0000  IMP     =         0.0000  CMAP       =         0.8336
 1-4 NB =         2.9102  1-4 EEL =        44.3678  VDWAALS    =      1439.6193
 EELEC  =    -11298.6182  EHBOND  =         0.0000  RESTRAINT  =         0.0000
 EKCMT  =       941.5836  VIRIAL  =      1056.8469  VOLUME     =     31087.7491
                                                    Density    =         0.9835
 ------------------------------------------------------------------------------

wrapping first mol.:       11.43704       16.17442       28.01492
wrapping first mol.:       11.43704       16.17442       28.01492

 NSTEP =    41600   TIME(PS) =      83.200  TEMP(K) =   297.85  PRESS =  -103.7
 Etot   =     -7920.1173  EKtot   =      1816.5162  EPtot      =     -9736.6335
 BOND   =         2.0122  ANGLE   =         9.9931  DIHED      =         5.5956
 UB     =         0.0000  IMP     =         0.0000  CMAP       =         0.2742
 1-4 NB =         4.9245  1-4 EEL =        47.3617  VDWAALS    =      1427.9385
 EELEC  =    -11234.7333  EHBOND  =         0.0000  RESTRAINT  =         0.0000
 EKCMT  =       908.5614  VIRIAL  =       978.1602  VOLUME     =     31094.7423
                                                    Density    =         0.9833
 ------------------------------------------------------------------------------

wrapping first mol.:       11.43709       16.17449       28.01504
wrapping first mol.:       11.43709       16.17449       28.01504

 NSTEP =    41700   TIME(PS) =      83.400  TEMP(K) =   299.35  PRESS =  -323.0
 Etot   =     -7932.6778  EKtot   =      1825.6409  EPtot      =     -9758.3187
 BOND   =         1.4111  ANGLE   =        10.0920  DIHED      =         4.8693
 UB     =         0.0000  IMP     =         0.0000  CMAP       =         0.4522
 1-4 NB =         2.8894  1-4 EEL =        43.5684  VDWAALS    =      1402.7878
 EELEC  =    -11224.3889  EHBOND  =         0.0000  RESTRAINT  =         0.0000
 EKCMT  =       916.5937  VIRIAL  =      1133.4773  VOLUME     =     31095.7733
                                                    Density    =         0.9833
 ------------------------------------------------------------------------------

wrapping first mol.:       11.44035       16.17909       28.02301
wrapping first mol.:       11.44035       16.17909       28.02301

 NSTEP =    41800   TIME(PS) =      83.600  TEMP(K) =   296.31  PRESS =   202.9
 Etot   =     -7937.4875  EKtot   =      1807.1071  EPtot      =     -9744.5946
 BOND   =         1.0845  ANGLE   =         8.5538  DIHED      =         4.1319
 UB     =         0.0000  IMP     =         0.0000  CMAP       =        -0.2848
 1-4 NB =         3.0004  1-4 EEL =        44.0865  VDWAALS    =      1474.4851
 EELEC  =    -11279.6521  EHBOND  =         0.0000  RESTRAINT  =         0.0000
 EKCMT  =       901.5183  VIRIAL  =       765.1788  VOLUME     =     31120.8545
                                                    Density    =         0.9825
 ------------------------------------------------------------------------------

wrapping first mol.:       11.44289       16.18269       28.02924
wrapping first mol.:       11.44289       16.18269       28.02924

 NSTEP =    41900   TIME(PS) =      83.800  TEMP(K) =   298.31  PRESS =   -57.3
 Etot   =     -7909.7693  EKtot   =      1819.3126  EPtot      =     -9729.0819
 BOND   =         0.6121  ANGLE   =         6.2407  DIHED      =         4.1957
 UB     =         0.0000  IMP     =         0.0000  CMAP       =         0.2708
 1-4 NB =         4.5847  1-4 EEL =        46.3257  VDWAALS    =      1431.2032
 EELEC  =    -11222.5147  EHBOND  =         0.0000  RESTRAINT  =         0.0000
 EKCMT  =       904.4406  VIRIAL  =       942.9474  VOLUME     =     31142.3420
                                                    Density    =         0.9818
 ------------------------------------------------------------------------------

wrapping first mol.:       11.43487       16.17135       28.00959
wrapping first mol.:       11.43487       16.17135       28.00959

 NSTEP =    42000   TIME(PS) =      84.000  TEMP(K) =   299.13  PRESS =  -360.5
 Etot   =     -7901.6504  EKtot   =      1824.3267  EPtot      =     -9725.9771
 BOND   =         1.3476  ANGLE   =         9.0552  DIHED      =         4.8403
 UB     =         0.0000  IMP     =         0.0000  CMAP       =         0.0526
 1-4 NB =         3.8213  1-4 EEL =        45.8671  VDWAALS    =      1384.0749
 EELEC  =    -11175.0361  EHBOND  =         0.0000  RESTRAINT  =         0.0000
 EKCMT  =       892.3155  VIRIAL  =      1134.2221  VOLUME     =     31077.7308
                                                    Density    =         0.9838
 ------------------------------------------------------------------------------

wrapping first mol.:       11.44051       16.17933       28.02341
wrapping first mol.:       11.44051       16.17933       28.02341

 NSTEP =    42100   TIME(PS) =      84.200  TEMP(K) =   295.12  PRESS =   618.8
 Etot   =     -7922.9904  EKtot   =      1799.8623  EPtot      =     -9722.8527
 BOND   =         1.4041  ANGLE   =         9.8210  DIHED      =         3.6703
 UB     =         0.0000  IMP     =         0.0000  CMAP       =         0.0224
 1-4 NB =         3.4531  1-4 EEL =        44.2055  VDWAALS    =      1527.8599
 EELEC  =    -11313.2890  EHBOND  =         0.0000  RESTRAINT  =         0.0000
 EKCMT  =       908.4597  VIRIAL  =       492.6579  VOLUME     =     31121.0424
                                                    Density    =         0.9825
 ------------------------------------------------------------------------------

wrapping first mol.:       11.45050       16.19345       28.04788
wrapping first mol.:       11.45050       16.19345       28.04788

 NSTEP =    42200   TIME(PS) =      84.400  TEMP(K) =   301.29  PRESS =   112.1
 Etot   =     -7913.9256  EKtot   =      1837.4688  EPtot      =     -9751.3944
 BOND   =         2.1090  ANGLE   =        10.3660  DIHED      =         5.9882
 UB     =         0.0000  IMP     =         0.0000  CMAP       =         0.0209
 1-4 NB =         3.4526  1-4 EEL =        47.0724  VDWAALS    =      1493.2651
 EELEC  =    -11313.6686  EHBOND  =         0.0000  RESTRAINT  =         0.0000
 EKCMT  =       891.7002  VIRIAL  =       816.2047  VOLUME     =     31204.0216
                                                    Density    =         0.9798
 ------------------------------------------------------------------------------

wrapping first mol.:       11.45004       16.19280       28.04674
wrapping first mol.:       11.45004       16.19280       28.04674

 NSTEP =    42300   TIME(PS) =      84.600  TEMP(K) =   296.10  PRESS =  -759.2
 Etot   =     -7940.3543  EKtot   =      1805.7937  EPtot      =     -9746.1480
 BOND   =         2.0096  ANGLE   =         5.2726  DIHED      =         6.2477
 UB     =         0.0000  IMP     =         0.0000  CMAP       =         0.1381
 1-4 NB =         4.4680  1-4 EEL =        48.7537  VDWAALS    =      1367.5276
 EELEC  =    -11180.5653  EHBOND  =         0.0000  RESTRAINT  =         0.0000
 EKCMT  =       877.7455  VIRIAL  =      1389.2025  VOLUME     =     31202.6646
                                                    Density    =         0.9799
 ------------------------------------------------------------------------------

wrapping first mol.:       11.44248       16.18210       28.02823
wrapping first mol.:       11.44248       16.18210       28.02823

 NSTEP =    42400   TIME(PS) =      84.800  TEMP(K) =   300.21  PRESS =  -352.7
 Etot   =     -7918.0617  EKtot   =      1830.9158  EPtot      =     -9748.9775
 BOND   =         2.5915  ANGLE   =         8.8546  DIHED      =         4.3875
 UB     =         0.0000  IMP     =         0.0000  CMAP       =        -0.0833
 1-4 NB =         3.4852  1-4 EEL =        44.8770  VDWAALS    =      1397.3617
 EELEC  =    -11210.4517  EHBOND  =         0.0000  RESTRAINT  =         0.0000
 EKCMT  =       946.3798  VIRIAL  =      1183.5029  VOLUME     =     31139.7736
                                                    Density    =         0.9819
 ------------------------------------------------------------------------------

wrapping first mol.:       11.43823       16.17609       28.01781
wrapping first mol.:       11.43823       16.17609       28.01781

 NSTEP =    42500   TIME(PS) =      85.000  TEMP(K) =   290.75  PRESS =    77.2
 Etot   =     -7927.5752  EKtot   =      1773.1649  EPtot      =     -9700.7402
 BOND   =         1.4771  ANGLE   =         6.7349  DIHED      =         3.5927
 UB     =         0.0000  IMP     =         0.0000  CMAP       =         1.2637
 1-4 NB =         3.8169  1-4 EEL =        46.5818  VDWAALS    =      1443.5900
 EELEC  =    -11207.7974  EHBOND  =         0.0000  RESTRAINT  =         0.0000
 EKCMT  =       895.4516  VIRIAL  =       843.6338  VOLUME     =     31103.8964
                                                    Density    =         0.9830
 ------------------------------------------------------------------------------

wrapping first mol.:       11.44294       16.18277       28.02937
wrapping first mol.:       11.44294       16.18277       28.02937

 NSTEP =    42600   TIME(PS) =      85.200  TEMP(K) =   302.10  PRESS =  -104.6
 Etot   =     -7897.2314  EKtot   =      1842.4176  EPtot      =     -9739.6490
 BOND   =         2.4692  ANGLE   =         6.3185  DIHED      =         4.4290
 UB     =         0.0000  IMP     =         0.0000  CMAP       =         0.6105
 1-4 NB =         3.0508  1-4 EEL =        46.2587  VDWAALS    =      1439.5432
 EELEC  =    -11242.3289  EHBOND  =         0.0000  RESTRAINT  =         0.0000
 EKCMT  =       906.9113  VIRIAL  =       977.2221  VOLUME     =     31142.8996
                                                    Density    =         0.9818
 ------------------------------------------------------------------------------

wrapping first mol.:       11.43925       16.17754       28.02033
wrapping first mol.:       11.43925       16.17754       28.02033

 NSTEP =    42700   TIME(PS) =      85.400  TEMP(K) =   288.23  PRESS =   324.2
 Etot   =     -7930.1905  EKtot   =      1757.8022  EPtot      =     -9687.9928
 BOND   =         2.4570  ANGLE   =         7.9200  DIHED      =         6.9523
 UB     =         0.0000  IMP     =         0.0000  CMAP       =        -0.3703
 1-4 NB =         2.4436  1-4 EEL =        43.6113  VDWAALS    =      1488.0313
 EELEC  =    -11239.0381  EHBOND  =         0.0000  RESTRAINT  =         0.0000
 EKCMT  =       862.5599  VIRIAL  =       644.8139  VOLUME     =     31111.5766
                                                    Density    =         0.9828
 ------------------------------------------------------------------------------

wrapping first mol.:       11.43133       16.16634       28.00092
wrapping first mol.:       11.43133       16.16634       28.00092

 NSTEP =    42800   TIME(PS) =      85.600  TEMP(K) =   292.09  PRESS =   140.8
 Etot   =     -7908.9917  EKtot   =      1781.3702  EPtot      =     -9690.3620
 BOND   =         1.9533  ANGLE   =         7.8383  DIHED      =         3.9921
 UB     =         0.0000  IMP     =         0.0000  CMAP       =        -0.2626
 1-4 NB =         4.1370  1-4 EEL =        45.9928  VDWAALS    =      1459.6082
 EELEC  =    -11213.6209  EHBOND  =         0.0000  RESTRAINT  =         0.0000
 EKCMT  =       882.6204  VIRIAL  =       788.2359  VOLUME     =     31047.4717
                                                    Density    =         0.9848
 ------------------------------------------------------------------------------

wrapping first mol.:       11.43260       16.16814       28.00404
wrapping first mol.:       11.43260       16.16814       28.00404

 NSTEP =    42900   TIME(PS) =      85.800  TEMP(K) =   309.79  PRESS =   205.8
 Etot   =     -7878.0129  EKtot   =      1889.3151  EPtot      =     -9767.3279
 BOND   =         2.7092  ANGLE   =         9.0080  DIHED      =         4.2610
 UB     =         0.0000  IMP     =         0.0000  CMAP       =        -0.2906
 1-4 NB =         3.8577  1-4 EEL =        46.0183  VDWAALS    =      1486.0421
 EELEC  =    -11318.9335  EHBOND  =         0.0000  RESTRAINT  =         0.0000
 EKCMT  =       965.7402  VIRIAL  =       827.7562  VOLUME     =     31057.6936
                                                    Density    =         0.9845
 ------------------------------------------------------------------------------

wrapping first mol.:       11.44087       16.17983       28.02428
wrapping first mol.:       11.44087       16.17983       28.02428

 NSTEP =    43000   TIME(PS) =      86.000  TEMP(K) =   309.57  PRESS =   216.0
 Etot   =     -7863.7448  EKtot   =      1887.9612  EPtot      =     -9751.7059
 BOND   =         2.9895  ANGLE   =         5.3450  DIHED      =         4.9167
 UB     =         0.0000  IMP     =         0.0000  CMAP       =        -0.4025
 1-4 NB =         3.7557  1-4 EEL =        45.2436  VDWAALS    =      1477.2739
 EELEC  =    -11290.8278  EHBOND  =         0.0000  RESTRAINT  =         0.0000
 EKCMT  =       935.0115  VIRIAL  =       789.8229  VOLUME     =     31125.0599
                                                    Density    =         0.9823
 ------------------------------------------------------------------------------

wrapping first mol.:       11.44369       16.18382       28.03119
wrapping first mol.:       11.44369       16.18382       28.03119

 NSTEP =    43100   TIME(PS) =      86.200  TEMP(K) =   302.79  PRESS =  -453.5
 Etot   =     -7902.2900  EKtot   =      1846.6234  EPtot      =     -9748.9134
 BOND   =         4.7408  ANGLE   =         7.8114  DIHED      =         3.1627
 UB     =         0.0000  IMP     =         0.0000  CMAP       =        -0.4304
 1-4 NB =         3.1070  1-4 EEL =        44.3071  VDWAALS    =      1390.9023
 EELEC  =    -11202.5143  EHBOND  =         0.0000  RESTRAINT  =         0.0000
 EKCMT  =       927.8069  VIRIAL  =      1232.8073  VOLUME     =     31149.9356
                                                    Density    =         0.9815
 ------------------------------------------------------------------------------

wrapping first mol.:       11.43858       16.17659       28.01868
wrapping first mol.:       11.43858       16.17659       28.01868

 NSTEP =    43200   TIME(PS) =      86.400  TEMP(K) =   294.53  PRESS =    84.7
 Etot   =     -7936.9294  EKtot   =      1796.2314  EPtot      =     -9733.1609
 BOND   =         2.1951  ANGLE   =        12.9929  DIHED      =         3.6286
 UB     =         0.0000  IMP     =         0.0000  CMAP       =        -0.2913
 1-4 NB =         3.1919  1-4 EEL =        43.9614  VDWAALS    =      1470.9799
 EELEC  =    -11269.8194  EHBOND  =         0.0000  RESTRAINT  =         0.0000
 EKCMT  =       903.4581  VIRIAL  =       846.5986  VOLUME     =     31106.7407
                                                    Density    =         0.9829
 ------------------------------------------------------------------------------

wrapping first mol.:       11.43007       16.16456       27.99783
wrapping first mol.:       11.43007       16.16456       27.99783

 NSTEP =    43300   TIME(PS) =      86.600  TEMP(K) =   294.58  PRESS =   -94.6
 Etot   =     -7922.5234  EKtot   =      1796.5361  EPtot      =     -9719.0595
 BOND   =         1.9017  ANGLE   =        14.8033  DIHED      =         4.6858
 UB     =         0.0000  IMP     =         0.0000  CMAP       =        -0.3321
 1-4 NB =         3.6169  1-4 EEL =        41.7310  VDWAALS    =      1420.4255
 EELEC  =    -11205.8916  EHBOND  =         0.0000  RESTRAINT  =         0.0000
 EKCMT  =       896.6929  VIRIAL  =       960.0812  VOLUME     =     31037.8611
                                                    Density    =         0.9851
 ------------------------------------------------------------------------------

wrapping first mol.:       11.42963       16.16393       27.99675
wrapping first mol.:       11.42963       16.16393       27.99675

 NSTEP =    43400   TIME(PS) =      86.800  TEMP(K) =   296.18  PRESS =   295.7
 Etot   =     -7915.9599  EKtot   =      1806.2886  EPtot      =     -9722.2485
 BOND   =         1.5847  ANGLE   =        15.2950  DIHED      =         7.0510
 UB     =         0.0000  IMP     =         0.0000  CMAP       =        -0.6480
 1-4 NB =         5.6156  1-4 EEL =        41.8569  VDWAALS    =      1478.8748
 EELEC  =    -11271.8785  EHBOND  =         0.0000  RESTRAINT  =         0.0000
 EKCMT  =       906.0958  VIRIAL  =       707.9728  VOLUME     =     31033.1819
                                                    Density    =         0.9852
 ------------------------------------------------------------------------------

wrapping first mol.:       11.42259       16.15399       27.97952
wrapping first mol.:       11.42259       16.15399       27.97952

 NSTEP =    43500   TIME(PS) =      87.000  TEMP(K) =   296.95  PRESS =  -188.8
 Etot   =     -7919.1365  EKtot   =      1811.0283  EPtot      =     -9730.1648
 BOND   =         1.4307  ANGLE   =        10.3423  DIHED      =         5.0400
 UB     =         0.0000  IMP     =         0.0000  CMAP       =        -0.3467
 1-4 NB =         5.7294  1-4 EEL =        46.1244  VDWAALS    =      1430.7478
 EELEC  =    -11229.2327  EHBOND  =         0.0000  RESTRAINT  =         0.0000
 EKCMT  =       915.7359  VIRIAL  =      1042.0453  VOLUME     =     30977.2696
                                                    Density    =         0.9870
 ------------------------------------------------------------------------------

wrapping first mol.:       11.41007       16.13627       27.94884
wrapping first mol.:       11.41007       16.13627       27.94884

 NSTEP =    43600   TIME(PS) =      87.200  TEMP(K) =   295.94  PRESS =    94.2
 Etot   =     -7888.0503  EKtot   =      1804.8163  EPtot      =     -9692.8666
 BOND   =         2.5794  ANGLE   =        13.6090  DIHED      =         6.5099
 UB     =         0.0000  IMP     =         0.0000  CMAP       =         0.0562
 1-4 NB =         2.3998  1-4 EEL =        42.1743  VDWAALS    =      1442.4076
 EELEC  =    -11202.6027  EHBOND  =         0.0000  RESTRAINT  =         0.0000
 EKCMT  =       880.6617  VIRIAL  =       817.8568  VOLUME     =     30874.7061
                                                    Density    =         0.9903
 ------------------------------------------------------------------------------

wrapping first mol.:       11.41394       16.14175       27.95833
wrapping first mol.:       11.41394       16.14175       27.95833

 NSTEP =    43700   TIME(PS) =      87.400  TEMP(K) =   296.95  PRESS =   386.3
 Etot   =     -7909.0055  EKtot   =      1810.9790  EPtot      =     -9719.9845
 BOND   =         2.6168  ANGLE   =         9.2323  DIHED      =         9.9231
 UB     =         0.0000  IMP     =         0.0000  CMAP       =         0.2804
 1-4 NB =         3.5160  1-4 EEL =        42.2226  VDWAALS    =      1503.7925
 EELEC  =    -11291.5682  EHBOND  =         0.0000  RESTRAINT  =         0.0000
 EKCMT  =       882.0238  VIRIAL  =       624.2714  VOLUME     =     30905.3623
                                                    Density    =         0.9893
 ------------------------------------------------------------------------------

wrapping first mol.:       11.41520       16.14352       27.96140
wrapping first mol.:       11.41520       16.14352       27.96140

 NSTEP =    43800   TIME(PS) =      87.600  TEMP(K) =   293.40  PRESS =   574.3
 Etot   =     -7892.7611  EKtot   =      1789.3818  EPtot      =     -9682.1429
 BOND   =         6.3751  ANGLE   =         8.5515  DIHED      =         5.6979
 UB     =         0.0000  IMP     =         0.0000  CMAP       =        -0.6106
 1-4 NB =         3.9853  1-4 EEL =        42.0596  VDWAALS    =      1495.1735
 EELEC  =    -11243.3752  EHBOND  =         0.0000  RESTRAINT  =         0.0000
 EKCMT  =       890.6405  VIRIAL  =       507.3083  VOLUME     =     30915.0241
                                                    Density    =         0.9890
 ------------------------------------------------------------------------------

wrapping first mol.:       11.42182       16.15289       27.97762
wrapping first mol.:       11.42182       16.15289       27.97762

 NSTEP =    43900   TIME(PS) =      87.800  TEMP(K) =   300.80  PRESS =   110.3
 Etot   =     -7874.4174  EKtot   =      1834.4937  EPtot      =     -9708.9110
 BOND   =         1.9118  ANGLE   =         9.4677  DIHED      =         4.0803
 UB     =         0.0000  IMP     =         0.0000  CMAP       =         0.1602
 1-4 NB =         3.6784  1-4 EEL =        42.2538  VDWAALS    =      1450.2040
 EELEC  =    -11220.6671  EHBOND  =         0.0000  RESTRAINT  =         0.0000
 EKCMT  =       889.3394  VIRIAL  =       815.6158  VOLUME     =     30970.1361
                                                    Density    =         0.9872
 ------------------------------------------------------------------------------

wrapping first mol.:       11.42707       16.16031       27.99048
wrapping first mol.:       11.42707       16.16031       27.99048

 NSTEP =    44000   TIME(PS) =      88.000  TEMP(K) =   304.90  PRESS =   270.8
 Etot   =     -7857.9964  EKtot   =      1859.5054  EPtot      =     -9717.5018
 BOND   =         1.5991  ANGLE   =         8.3793  DIHED      =         5.1500
 UB     =         0.0000  IMP     =         0.0000  CMAP       =        -0.1234
 1-4 NB =         4.6813  1-4 EEL =        45.0123  VDWAALS    =      1475.7355
 EELEC  =    -11257.9358  EHBOND  =         0.0000  RESTRAINT  =         0.0000
 EKCMT  =       911.8165  VIRIAL  =       730.4981  VOLUME     =     31012.4075
                                                    Density    =         0.9859
 ------------------------------------------------------------------------------

wrapping first mol.:       11.42533       16.15785       27.98622
wrapping first mol.:       11.42533       16.15785       27.98622

 NSTEP =    44100   TIME(PS) =      88.200  TEMP(K) =   301.37  PRESS =     2.4
 Etot   =     -7794.4952  EKtot   =      1837.9434  EPtot      =     -9632.4386
 BOND   =         2.9680  ANGLE   =         9.7939  DIHED      =         5.2961
 UB     =         0.0000  IMP     =         0.0000  CMAP       =        -1.0495
 1-4 NB =         3.7984  1-4 EEL =        42.3935  VDWAALS    =      1396.7513
 EELEC  =    -11092.3903  EHBOND  =         0.0000  RESTRAINT  =         0.0000
 EKCMT  =       901.5652  VIRIAL  =       899.9904  VOLUME     =     30999.0061
                                                    Density    =         0.9863
 ------------------------------------------------------------------------------

wrapping first mol.:       11.42310       16.15471       27.98077
wrapping first mol.:       11.42310       16.15471       27.98077

 NSTEP =    44200   TIME(PS) =      88.400  TEMP(K) =   301.82  PRESS =   220.8
 Etot   =     -7797.4317  EKtot   =      1840.6793  EPtot      =     -9638.1110
 BOND   =         5.0737  ANGLE   =         7.6349  DIHED      =         4.8057
 UB     =         0.0000  IMP     =         0.0000  CMAP       =         0.5191
 1-4 NB =         3.5444  1-4 EEL =        44.5675  VDWAALS    =      1424.8542
 EELEC  =    -11129.1107  EHBOND  =         0.0000  RESTRAINT  =         0.0000
 EKCMT  =       910.9215  VIRIAL  =       763.2486  VOLUME     =     30980.2959
                                                    Density    =         0.9869
 ------------------------------------------------------------------------------

wrapping first mol.:       11.42560       16.15823       27.98688
wrapping first mol.:       11.42560       16.15823       27.98688

 NSTEP =    44300   TIME(PS) =      88.600  TEMP(K) =   304.60  PRESS =   121.9
 Etot   =     -7771.4675  EKtot   =      1857.6649  EPtot      =     -9629.1324
 BOND   =         3.5910  ANGLE   =         7.0020  DIHED      =         4.2834
 UB     =         0.0000  IMP     =         0.0000  CMAP       =         0.5208
 1-4 NB =         3.5943  1-4 EEL =        43.1112  VDWAALS    =      1409.3189
 EELEC  =    -11100.5540  EHBOND  =         0.0000  RESTRAINT  =         0.0000
 EKCMT  =       910.8385  VIRIAL  =       829.2702  VOLUME     =     31000.8463
                                                    Density    =         0.9863
 ------------------------------------------------------------------------------

wrapping first mol.:       11.43590       16.17280       28.01212
wrapping first mol.:       11.43590       16.17280       28.01212

 NSTEP =    44400   TIME(PS) =      88.800  TEMP(K) =   305.06  PRESS =   316.7
 Etot   =     -7761.3502  EKtot   =      1860.4768  EPtot      =     -9621.8270
 BOND   =         3.1043  ANGLE   =         8.2932  DIHED      =         4.3177
 UB     =         0.0000  IMP     =         0.0000  CMAP       =         0.4572
 1-4 NB =         4.2647  1-4 EEL =        47.3035  VDWAALS    =      1442.8159
 EELEC  =    -11132.3834  EHBOND  =         0.0000  RESTRAINT  =         0.0000
 EKCMT  =       924.2144  VIRIAL  =       711.6896  VOLUME     =     31084.2529
                                                    Density    =         0.9836
 ------------------------------------------------------------------------------

wrapping first mol.:       11.43342       16.16930       28.00605
wrapping first mol.:       11.43342       16.16930       28.00605

 NSTEP =    44500   TIME(PS) =      89.000  TEMP(K) =   307.44  PRESS =  -387.5
 Etot   =     -7751.9750  EKtot   =      1874.9958  EPtot      =     -9626.9708
 BOND   =         2.7708  ANGLE   =        10.3712  DIHED      =         5.0678
 UB     =         0.0000  IMP     =         0.0000  CMAP       =         0.6919
 1-4 NB =         3.3531  1-4 EEL =        46.5922  VDWAALS    =      1353.5425
 EELEC  =    -11049.3603  EHBOND  =         0.0000  RESTRAINT  =         0.0000
 EKCMT  =       914.0574  VIRIAL  =      1173.9773  VOLUME     =     31066.0293
                                                    Density    =         0.9842
 ------------------------------------------------------------------------------

wrapping first mol.:       11.42871       16.16264       27.99451
wrapping first mol.:       11.42871       16.16264       27.99451

 NSTEP =    44600   TIME(PS) =      89.200  TEMP(K) =   309.53  PRESS =  -257.0
 Etot   =     -7789.2714  EKtot   =      1887.7345  EPtot      =     -9677.0059
 BOND   =         2.6707  ANGLE   =         8.6585  DIHED      =         6.0037
 UB     =         0.0000  IMP     =         0.0000  CMAP       =         0.1264
 1-4 NB =         4.6040  1-4 EEL =        43.5757  VDWAALS    =      1385.7648
 EELEC  =    -11128.4098  EHBOND  =         0.0000  RESTRAINT  =         0.0000
 EKCMT  =       924.1699  VIRIAL  =      1096.3336  VOLUME     =     31027.2553
                                                    Density    =         0.9854
 ------------------------------------------------------------------------------

wrapping first mol.:       11.42143       16.15234       27.97667
wrapping first mol.:       11.42143       16.15234       27.97667

 NSTEP =    44700   TIME(PS) =      89.400  TEMP(K) =   303.48  PRESS =  -345.7
 Etot   =     -7786.7326  EKtot   =      1850.8191  EPtot      =     -9637.5517
 BOND   =         3.4436  ANGLE   =         4.5682  DIHED      =         4.9195
 UB     =         0.0000  IMP     =         0.0000  CMAP       =         0.5714
 1-4 NB =         3.3112  1-4 EEL =        43.1019  VDWAALS    =      1349.6370
 EELEC  =    -11047.1045  EHBOND  =         0.0000  RESTRAINT  =         0.0000
 EKCMT  =       937.9047  VIRIAL  =      1169.0509  VOLUME     =     30968.2416
                                                    Density    =         0.9873
 ------------------------------------------------------------------------------

wrapping first mol.:       11.42863       16.16253       27.99431
wrapping first mol.:       11.42863       16.16253       27.99431

 NSTEP =    44800   TIME(PS) =      89.600  TEMP(K) =   302.90  PRESS =   492.1
 Etot   =     -7779.6612  EKtot   =      1847.3160  EPtot      =     -9626.9773
 BOND   =         6.8901  ANGLE   =        11.1907  DIHED      =         6.1509
 UB     =         0.0000  IMP     =         0.0000  CMAP       =         0.9766
 1-4 NB =         2.5414  1-4 EEL =        46.2406  VDWAALS    =      1452.0735
 EELEC  =    -11153.0410  EHBOND  =         0.0000  RESTRAINT  =         0.0000
 EKCMT  =       930.9789  VIRIAL  =       601.3667  VOLUME     =     31024.5479
                                                    Density    =         0.9855
 ------------------------------------------------------------------------------

wrapping first mol.:       11.43737       16.17488       28.01571
wrapping first mol.:       11.43737       16.17488       28.01571

 NSTEP =    44900   TIME(PS) =      89.800  TEMP(K) =   306.35  PRESS =  -177.2
 Etot   =     -7768.6991  EKtot   =      1868.3066  EPtot      =     -9637.0058
 BOND   =         4.7232  ANGLE   =         6.5408  DIHED      =         5.4058
 UB     =         0.0000  IMP     =         0.0000  CMAP       =         0.9323
 1-4 NB =         3.1969  1-4 EEL =        43.4176  VDWAALS    =      1375.5642
 EELEC  =    -11076.7866  EHBOND  =         0.0000  RESTRAINT  =         0.0000
 EKCMT  =       960.3435  VIRIAL  =      1079.3037  VOLUME     =     31097.5832
                                                    Density    =         0.9832
 ------------------------------------------------------------------------------

wrapping first mol.:       11.43454       16.17088       28.00878
wrapping first mol.:       11.43454       16.17088       28.00878

 NSTEP =    45000   TIME(PS) =      90.000  TEMP(K) =   299.31  PRESS =    79.2
 Etot   =     -7777.7669  EKtot   =      1825.4194  EPtot      =     -9603.1864
 BOND   =         5.5434  ANGLE   =         8.3410  DIHED      =         5.9648
 UB     =         0.0000  IMP     =         0.0000  CMAP       =         0.4757
 1-4 NB =         5.1390  1-4 EEL =        47.8796  VDWAALS    =      1419.0089
 EELEC  =    -11095.5387  EHBOND  =         0.0000  RESTRAINT  =         0.0000
 EKCMT  =       905.7975  VIRIAL  =       852.6927  VOLUME     =     31073.8113
                                                    Density    =         0.9839
 ------------------------------------------------------------------------------

wrapping first mol.:       11.44485       16.18546       28.03403
wrapping first mol.:       11.44485       16.18546       28.03403

 NSTEP =    45100   TIME(PS) =      90.200  TEMP(K) =   307.79  PRESS =   163.7
 Etot   =     -7709.2497  EKtot   =      1877.1084  EPtot      =     -9586.3581
 BOND   =         4.1461  ANGLE   =         8.3127  DIHED      =         5.4215
 UB     =         0.0000  IMP     =         0.0000  CMAP       =         0.2646
 1-4 NB =         3.9903  1-4 EEL =        46.5456  VDWAALS    =      1406.9684
 EELEC  =    -11062.0071  EHBOND  =         0.0000  RESTRAINT  =         0.0000
 EKCMT  =       954.3205  VIRIAL  =       844.1979  VOLUME     =     31157.6956
                                                    Density    =         0.9813
 ------------------------------------------------------------------------------

wrapping first mol.:       11.44736       16.18901       28.04018
wrapping first mol.:       11.44736       16.18901       28.04018

 NSTEP =    45200   TIME(PS) =      90.400  TEMP(K) =   301.45  PRESS =  -157.5
 Etot   =     -7767.0119  EKtot   =      1838.4280  EPtot      =     -9605.4399
 BOND   =         2.1942  ANGLE   =        15.3563  DIHED      =         4.8181
 UB     =         0.0000  IMP     =         0.0000  CMAP       =         0.5486
 1-4 NB =         4.8326  1-4 EEL =        44.5642  VDWAALS    =      1393.1518
 EELEC  =    -11070.9056  EHBOND  =         0.0000  RESTRAINT  =         0.0000
 EKCMT  =       889.7152  VIRIAL  =       995.7625  VOLUME     =     31179.0847
                                                    Density    =         0.9806
 ------------------------------------------------------------------------------

wrapping first mol.:       11.44746       16.18915       28.04044
wrapping first mol.:       11.44746       16.18915       28.04044

 NSTEP =    45300   TIME(PS) =      90.600  TEMP(K) =   307.75  PRESS =   135.2
 Etot   =     -7743.2931  EKtot   =      1876.8596  EPtot      =     -9620.1527
 BOND   =         3.9026  ANGLE   =        16.1967  DIHED      =         5.1420
 UB     =         0.0000  IMP     =         0.0000  CMAP       =        -0.4429
 1-4 NB =         4.7080  1-4 EEL =        43.1498  VDWAALS    =      1419.9842
 EELEC  =    -11112.7930  EHBOND  =         0.0000  RESTRAINT  =         0.0000
 EKCMT  =       913.9728  VIRIAL  =       822.9572  VOLUME     =     31179.1337
                                                    Density    =         0.9806
 ------------------------------------------------------------------------------

wrapping first mol.:       11.45302       16.19701       28.05404
wrapping first mol.:       11.45302       16.19701       28.05404

 NSTEP =    45400   TIME(PS) =      90.800  TEMP(K) =   307.98  PRESS =   198.1
 Etot   =     -7721.5098  EKtot   =      1878.2782  EPtot      =     -9599.7880
 BOND   =         3.4104  ANGLE   =        11.0696  DIHED      =         6.6902
 UB     =         0.0000  IMP     =         0.0000  CMAP       =         3.0533
 1-4 NB =         2.7085  1-4 EEL =        46.1583  VDWAALS    =      1412.4958
 EELEC  =    -11085.3743  EHBOND  =         0.0000  RESTRAINT  =         0.0000
 EKCMT  =       935.9176  VIRIAL  =       802.3721  VOLUME     =     31224.3630
                                                    Density    =         0.9792
 ------------------------------------------------------------------------------

wrapping first mol.:       11.44690       16.18837       28.03907
wrapping first mol.:       11.44690       16.18837       28.03907

 NSTEP =    45500   TIME(PS) =      91.000  TEMP(K) =   302.78  PRESS =   217.8
 Etot   =     -7775.2983  EKtot   =      1846.5398  EPtot      =     -9621.8381
 BOND   =         3.9203  ANGLE   =        10.5113  DIHED      =         3.2564
 UB     =         0.0000  IMP     =         0.0000  CMAP       =         1.1322
 1-4 NB =         3.6539  1-4 EEL =        40.9107  VDWAALS    =      1443.7347
 EELEC  =    -11128.9576  EHBOND  =         0.0000  RESTRAINT  =         0.0000
 EKCMT  =       892.2289  VIRIAL  =       745.6182  VOLUME     =     31174.3441
                                                    Density    =         0.9808
 ------------------------------------------------------------------------------

wrapping first mol.:       11.44226       16.18180       28.02770
wrapping first mol.:       11.44226       16.18180       28.02770

 NSTEP =    45600   TIME(PS) =      91.200  TEMP(K) =   294.75  PRESS =    34.5
 Etot   =     -7826.9720  EKtot   =      1797.6064  EPtot      =     -9624.5785
 BOND   =         0.5305  ANGLE   =        12.2081  DIHED      =         5.1146
 UB     =         0.0000  IMP     =         0.0000  CMAP       =         0.6567
 1-4 NB =         4.4017  1-4 EEL =        45.7326  VDWAALS    =      1404.5172
 EELEC  =    -11097.7398  EHBOND  =         0.0000  RESTRAINT  =         0.0000
 EKCMT  =       898.0573  VIRIAL  =       874.8462  VOLUME     =     31136.9338
                                                    Density    =         0.9820
 ------------------------------------------------------------------------------

wrapping first mol.:       11.44746       16.18915       28.04043
wrapping first mol.:       11.44746       16.18915       28.04043

 NSTEP =    45700   TIME(PS) =      91.400  TEMP(K) =   295.66  PRESS =   177.5
 Etot   =     -7864.8731  EKtot   =      1803.1438  EPtot      =     -9668.0169
 BOND   =         1.9397  ANGLE   =        13.7360  DIHED      =         4.9332
 UB     =         0.0000  IMP     =         0.0000  CMAP       =         0.0172
 1-4 NB =         3.1362  1-4 EEL =        43.0938  VDWAALS    =      1462.8899
 EELEC  =    -11197.7629  EHBOND  =         0.0000  RESTRAINT  =         0.0000
 EKCMT  =       898.1465  VIRIAL  =       778.6855  VOLUME     =     31178.9968
                                                    Density    =         0.9806
 ------------------------------------------------------------------------------

wrapping first mol.:       11.44877       16.19101       28.04365
wrapping first mol.:       11.44877       16.19101       28.04365

 NSTEP =    45800   TIME(PS) =      91.600  TEMP(K) =   300.40  PRESS =   101.0
 Etot   =     -7844.9374  EKtot   =      1832.0398  EPtot      =     -9676.9772
 BOND   =         2.0299  ANGLE   =        13.0944  DIHED      =         4.2209
 UB     =         0.0000  IMP     =         0.0000  CMAP       =         1.1121
 1-4 NB =         3.8661  1-4 EEL =        46.8986  VDWAALS    =      1450.2837
 EELEC  =    -11198.4828  EHBOND  =         0.0000  RESTRAINT  =         0.0000
 EKCMT  =       909.5845  VIRIAL  =       841.5924  VOLUME     =     31189.9568
                                                    Density    =         0.9803
 ------------------------------------------------------------------------------

wrapping first mol.:       11.44313       16.18303       28.02983
wrapping first mol.:       11.44313       16.18303       28.02983

 NSTEP =    45900   TIME(PS) =      91.800  TEMP(K) =   311.00  PRESS =     6.0
 Etot   =     -7813.2031  EKtot   =      1896.6715  EPtot      =     -9709.8746
 BOND   =         2.2242  ANGLE   =        11.3917  DIHED      =         5.1870
 UB     =         0.0000  IMP     =         0.0000  CMAP       =         1.0336
 1-4 NB =         2.9033  1-4 EEL =        43.3796  VDWAALS    =      1440.3700
 EELEC  =    -11216.3640  EHBOND  =         0.0000  RESTRAINT  =         0.0000
 EKCMT  =       954.4407  VIRIAL  =       950.3967  VOLUME     =     31144.1154
                                                    Density    =         0.9817
 ------------------------------------------------------------------------------

wrapping first mol.:       11.44882       16.19108       28.04377
wrapping first mol.:       11.44882       16.19108       28.04377

 NSTEP =    46000   TIME(PS) =      92.000  TEMP(K) =   304.10  PRESS =   788.3
 Etot   =     -7834.0423  EKtot   =      1854.5980  EPtot      =     -9688.6403
 BOND   =         5.6252  ANGLE   =         8.0093  DIHED      =         5.4078
 UB     =         0.0000  IMP     =         0.0000  CMAP       =         1.5385
 1-4 NB =         2.8483  1-4 EEL =        45.5495  VDWAALS    =      1531.7884
 EELEC  =    -11289.4074  EHBOND  =         0.0000  RESTRAINT  =         0.0000
 EKCMT  =       926.8180  VIRIAL  =       396.0104  VOLUME     =     31188.4349
                                                    Density    =         0.9803
 ------------------------------------------------------------------------------

wrapping first mol.:       11.45679       16.20235       28.06329
wrapping first mol.:       11.45679       16.20235       28.06329

 NSTEP =    46100   TIME(PS) =      92.200  TEMP(K) =   296.95  PRESS =  -384.9
 Etot   =     -7820.0683  EKtot   =      1811.0327  EPtot      =     -9631.1010
 BOND   =         6.9681  ANGLE   =         8.0080  DIHED      =         5.2730
 UB     =         0.0000  IMP     =         0.0000  CMAP       =         1.2292
 1-4 NB =         4.3203  1-4 EEL =        42.1272  VDWAALS    =      1365.7985
 EELEC  =    -11064.8253  EHBOND  =         0.0000  RESTRAINT  =         0.0000
 EKCMT  =       918.8798  VIRIAL  =      1178.6128  VOLUME     =     31256.8942
                                                    Density    =         0.9782
 ------------------------------------------------------------------------------

wrapping first mol.:       11.44909       16.19146       28.04443
wrapping first mol.:       11.44909       16.19146       28.04443

 NSTEP =    46200   TIME(PS) =      92.400  TEMP(K) =   302.44  PRESS =    57.5
 Etot   =     -7812.7932  EKtot   =      1844.4932  EPtot      =     -9657.2864
 BOND   =         3.9475  ANGLE   =        10.9686  DIHED      =         4.4210
 UB     =         0.0000  IMP     =         0.0000  CMAP       =         1.4336
 1-4 NB =         3.2404  1-4 EEL =        43.8964  VDWAALS    =      1436.7511
 EELEC  =    -11161.9450  EHBOND  =         0.0000  RESTRAINT  =         0.0000
 EKCMT  =       910.3239  VIRIAL  =       871.5838  VOLUME     =     31192.6788
                                                    Density    =         0.9802
 ------------------------------------------------------------------------------

wrapping first mol.:       11.45475       16.19946       28.05829
wrapping first mol.:       11.45475       16.19946       28.05829

 NSTEP =    46300   TIME(PS) =      92.600  TEMP(K) =   301.58  PRESS =    68.9
 Etot   =     -7803.3494  EKtot   =      1839.2603  EPtot      =     -9642.6097
 BOND   =         2.6482  ANGLE   =        10.9135  DIHED      =         3.4888
 UB     =         0.0000  IMP     =         0.0000  CMAP       =         1.7167
 1-4 NB =         2.8110  1-4 EEL =        45.0788  VDWAALS    =      1424.2535
 EELEC  =    -11133.5202  EHBOND  =         0.0000  RESTRAINT  =         0.0000
 EKCMT  =       926.4958  VIRIAL  =       880.0028  VOLUME     =     31238.9098
                                                    Density    =         0.9787
 ------------------------------------------------------------------------------

wrapping first mol.:       11.45242       16.19616       28.05257
wrapping first mol.:       11.45242       16.19616       28.05257

 NSTEP =    46400   TIME(PS) =      92.800  TEMP(K) =   299.89  PRESS =  -108.3
 Etot   =     -7817.7918  EKtot   =      1828.9662  EPtot      =     -9646.7580
 BOND   =         3.1460  ANGLE   =        10.4126  DIHED      =         5.0571
 UB     =         0.0000  IMP     =         0.0000  CMAP       =         1.9660
 1-4 NB =         4.3311  1-4 EEL =        42.8806  VDWAALS    =      1421.3713
 EELEC  =    -11135.9227  EHBOND  =         0.0000  RESTRAINT  =         0.0000
 EKCMT  =       907.4309  VIRIAL  =       980.4501  VOLUME     =     31220.3212
                                                    Density    =         0.9793
 ------------------------------------------------------------------------------

wrapping first mol.:       11.45092       16.19405       28.04892
wrapping first mol.:       11.45092       16.19405       28.04892

 NSTEP =    46500   TIME(PS) =      93.000  TEMP(K) =   302.52  PRESS =   314.5
 Etot   =     -7789.6304  EKtot   =      1844.9766  EPtot      =     -9634.6070
 BOND   =         1.5318  ANGLE   =        11.8817  DIHED      =         3.2010
 UB     =         0.0000  IMP     =         0.0000  CMAP       =         2.0994
 1-4 NB =         2.4521  1-4 EEL =        45.7865  VDWAALS    =      1456.2810
 EELEC  =    -11157.8404  EHBOND  =         0.0000  RESTRAINT  =         0.0000
 EKCMT  =       940.2490  VIRIAL  =       728.3377  VOLUME     =     31206.9317
                                                    Density    =         0.9798
 ------------------------------------------------------------------------------

wrapping first mol.:       11.44878       16.19102       28.04366
wrapping first mol.:       11.44878       16.19102       28.04366

 NSTEP =    46600   TIME(PS) =      93.200  TEMP(K) =   303.45  PRESS =    82.3
 Etot   =     -7784.4971  EKtot   =      1850.6427  EPtot      =     -9635.1398
 BOND   =         2.2998  ANGLE   =         8.7684  DIHED      =         4.2082
 UB     =         0.0000  IMP     =         0.0000  CMAP       =         1.8546
 1-4 NB =         4.3559  1-4 EEL =        42.9386  VDWAALS    =      1422.1735
 EELEC  =    -11121.7387  EHBOND  =         0.0000  RESTRAINT  =         0.0000
 EKCMT  =       932.6600  VIRIAL  =       877.2147  VOLUME     =     31190.0362
                                                    Density    =         0.9803
 ------------------------------------------------------------------------------

wrapping first mol.:       11.44512       16.18584       28.03469
wrapping first mol.:       11.44512       16.18584       28.03469

 NSTEP =    46700   TIME(PS) =      93.400  TEMP(K) =   307.82  PRESS =    55.7
 Etot   =     -7765.0383  EKtot   =      1877.2792  EPtot      =     -9642.3175
 BOND   =         3.1046  ANGLE   =        13.6767  DIHED      =         6.1591
 UB     =         0.0000  IMP     =         0.0000  CMAP       =         1.5794
 1-4 NB =         3.6808  1-4 EEL =        44.9121  VDWAALS    =      1416.3091
 EELEC  =    -11131.7394  EHBOND  =         0.0000  RESTRAINT  =         0.0000
 EKCMT  =       950.4311  VIRIAL  =       912.9778  VOLUME     =     31160.1944
                                                    Density    =         0.9812
 ------------------------------------------------------------------------------

wrapping first mol.:       11.44806       16.19000       28.04191
wrapping first mol.:       11.44806       16.19000       28.04191

 NSTEP =    46800   TIME(PS) =      93.600  TEMP(K) =   299.72  PRESS =   -31.6
 Etot   =     -7790.8073  EKtot   =      1827.9077  EPtot      =     -9618.7150
 BOND   =         2.0757  ANGLE   =        11.1850  DIHED      =         4.1228
 UB     =         0.0000  IMP     =         0.0000  CMAP       =         1.2298
 1-4 NB =         3.0846  1-4 EEL =        45.7301  VDWAALS    =      1400.8006
 EELEC  =    -11086.9437  EHBOND  =         0.0000  RESTRAINT  =         0.0000
 EKCMT  =       912.0585  VIRIAL  =       933.3421  VOLUME     =     31184.5093
                                                    Density    =         0.9805
 ------------------------------------------------------------------------------

wrapping first mol.:       11.44749       16.18920       28.04051
wrapping first mol.:       11.44749       16.18920       28.04051

 NSTEP =    46900   TIME(PS) =      93.800  TEMP(K) =   308.27  PRESS =   -43.2
 Etot   =     -7757.8096  EKtot   =      1880.0563  EPtot      =     -9637.8659
 BOND   =         3.3560  ANGLE   =         8.9138  DIHED      =         2.9079
 UB     =         0.0000  IMP     =         0.0000  CMAP       =        -0.0419
 1-4 NB =         3.0690  1-4 EEL =        46.6435  VDWAALS    =      1400.2462
 EELEC  =    -11102.9605  EHBOND  =         0.0000  RESTRAINT  =         0.0000
 EKCMT  =       951.1173  VIRIAL  =       980.1771  VOLUME     =     31179.8748
                                                    Density    =         0.9806
 ------------------------------------------------------------------------------

wrapping first mol.:       11.43997       16.17856       28.02208
wrapping first mol.:       11.43997       16.17856       28.02208

 NSTEP =    47000   TIME(PS) =      94.000  TEMP(K) =   302.07  PRESS =   -48.6
 Etot   =     -7814.3065  EKtot   =      1842.2401  EPtot      =     -9656.5466
 BOND   =         1.2831  ANGLE   =         9.8501  DIHED      =         4.4913
 UB     =         0.0000  IMP     =         0.0000  CMAP       =         0.1382
 1-4 NB =         4.3035  1-4 EEL =        46.6832  VDWAALS    =      1414.2206
 EELEC  =    -11137.5167  EHBOND  =         0.0000  RESTRAINT  =         0.0000
 EKCMT  =       894.7131  VIRIAL  =       927.3356  VOLUME     =     31118.4468
                                                    Density    =         0.9825
 ------------------------------------------------------------------------------

wrapping first mol.:       11.44211       16.18159       28.02734
wrapping first mol.:       11.44211       16.18159       28.02734

 NSTEP =    47100   TIME(PS) =      94.200  TEMP(K) =   310.28  PRESS =  -266.6
 Etot   =     -7793.6449  EKtot   =      1892.3275  EPtot      =     -9685.9724
 BOND   =         3.6429  ANGLE   =         7.3767  DIHED      =         4.0446
 UB     =         0.0000  IMP     =         0.0000  CMAP       =        -0.2236
 1-4 NB =         2.5346  1-4 EEL =        44.3542  VDWAALS    =      1388.9000
 EELEC  =    -11136.6018  EHBOND  =         0.0000  RESTRAINT  =         0.0000
 EKCMT  =       927.9882  VIRIAL  =      1107.2503  VOLUME     =     31136.5806
                                                    Density    =         0.9820
 ------------------------------------------------------------------------------

wrapping first mol.:       11.43342       16.16929       28.00603
wrapping first mol.:       11.43342       16.16929       28.00603

 NSTEP =    47200   TIME(PS) =      94.400  TEMP(K) =   310.71  PRESS =  -335.1
 Etot   =     -7807.7312  EKtot   =      1894.9332  EPtot      =     -9702.6645
 BOND   =         0.7635  ANGLE   =        10.9660  DIHED      =         5.2767
 UB     =         0.0000  IMP     =         0.0000  CMAP       =        -0.3471
 1-4 NB =         3.4878  1-4 EEL =        43.4829  VDWAALS    =      1391.5613
 EELEC  =    -11157.8555  EHBOND  =         0.0000  RESTRAINT  =         0.0000
 EKCMT  =       934.2311  VIRIAL  =      1158.9729  VOLUME     =     31065.8085
                                                    Density    =         0.9842
 ------------------------------------------------------------------------------

wrapping first mol.:       11.44132       16.18047       28.02540
wrapping first mol.:       11.44132       16.18047       28.02540

 NSTEP =    47300   TIME(PS) =      94.600  TEMP(K) =   304.51  PRESS =    11.8
 Etot   =     -7845.7858  EKtot   =      1857.1343  EPtot      =     -9702.9201
 BOND   =         0.7351  ANGLE   =         8.6319  DIHED      =         4.4061
 UB     =         0.0000  IMP     =         0.0000  CMAP       =        -0.0191
 1-4 NB =         4.5766  1-4 EEL =        44.9776  VDWAALS    =      1424.5173
 EELEC  =    -11190.7456  EHBOND  =         0.0000  RESTRAINT  =         0.0000
 EKCMT  =       935.7776  VIRIAL  =       927.8558  VOLUME     =     31129.3455
                                                    Density    =         0.9822
 ------------------------------------------------------------------------------

wrapping first mol.:       11.44024       16.17894       28.02275
wrapping first mol.:       11.44024       16.17894       28.02275

 NSTEP =    47400   TIME(PS) =      94.800  TEMP(K) =   299.58  PRESS =    62.4
 Etot   =     -7833.8450  EKtot   =      1827.0688  EPtot      =     -9660.9139
 BOND   =         4.9501  ANGLE   =         4.9517  DIHED      =         3.1419
 UB     =         0.0000  IMP     =         0.0000  CMAP       =        -0.5892
 1-4 NB =         1.7219  1-4 EEL =        45.4752  VDWAALS    =      1429.6069
 EELEC  =    -11150.1724  EHBOND  =         0.0000  RESTRAINT  =         0.0000
 EKCMT  =       908.5412  VIRIAL  =       866.6292  VOLUME     =     31120.3742
                                                    Density    =         0.9825
 ------------------------------------------------------------------------------

wrapping first mol.:       11.43166       16.16681       28.00173
wrapping first mol.:       11.43166       16.16681       28.00173

 NSTEP =    47500   TIME(PS) =      95.000  TEMP(K) =   303.47  PRESS =  -546.9
 Etot   =     -7839.5124  EKtot   =      1850.7654  EPtot      =     -9690.2777
 BOND   =         2.4252  ANGLE   =         6.3359  DIHED      =         3.3996
 UB     =         0.0000  IMP     =         0.0000  CMAP       =        -1.0349
 1-4 NB =         3.6870  1-4 EEL =        47.9767  VDWAALS    =      1355.3219
 EELEC  =    -11108.3892  EHBOND  =         0.0000  RESTRAINT  =         0.0000
 EKCMT  =       903.3836  VIRIAL  =      1270.0336  VOLUME     =     31052.0949
                                                    Density    =         0.9846
 ------------------------------------------------------------------------------

wrapping first mol.:       11.42885       16.16284       27.99486
wrapping first mol.:       11.42885       16.16284       27.99486

 NSTEP =    47600   TIME(PS) =      95.200  TEMP(K) =   299.83  PRESS =    36.4
 Etot   =     -7856.0963  EKtot   =      1828.5759  EPtot      =     -9684.6722
 BOND   =         1.9459  ANGLE   =         8.1159  DIHED      =         3.4642
 UB     =         0.0000  IMP     =         0.0000  CMAP       =        -1.2030
 1-4 NB =         2.3042  1-4 EEL =        43.1548  VDWAALS    =      1431.2920
 EELEC  =    -11173.7461  EHBOND  =         0.0000  RESTRAINT  =         0.0000
 EKCMT  =       905.0045  VIRIAL  =       880.6178  VOLUME     =     31027.6133
                                                    Density    =         0.9854
 ------------------------------------------------------------------------------

wrapping first mol.:       11.42729       16.16063       27.99103
wrapping first mol.:       11.42729       16.16063       27.99103

 NSTEP =    47700   TIME(PS) =      95.400  TEMP(K) =   301.13  PRESS =   416.8
 Etot   =     -7814.8705  EKtot   =      1836.4785  EPtot      =     -9651.3490
 BOND   =         2.6726  ANGLE   =         8.5112  DIHED      =         5.2392
 UB     =         0.0000  IMP     =         0.0000  CMAP       =        -1.0600
 1-4 NB =         2.6141  1-4 EEL =        43.1229  VDWAALS    =      1475.3831
 EELEC  =    -11187.8320  EHBOND  =         0.0000  RESTRAINT  =         0.0000
 EKCMT  =       881.3924  VIRIAL  =       602.2906  VOLUME     =     31013.8244
                                                    Density    =         0.9859
 ------------------------------------------------------------------------------

wrapping first mol.:       11.43968       16.17815       28.02137
wrapping first mol.:       11.43968       16.17815       28.02137

 NSTEP =    47800   TIME(PS) =      95.600  TEMP(K) =   312.62  PRESS =   125.2
 Etot   =     -7821.3978  EKtot   =      1906.5796  EPtot      =     -9727.9774
 BOND   =         2.3389  ANGLE   =         9.3357  DIHED      =         3.7647
 UB     =         0.0000  IMP     =         0.0000  CMAP       =        -1.0694
 1-4 NB =         2.9709  1-4 EEL =        45.0423  VDWAALS    =      1451.2903
 EELEC  =    -11241.6507  EHBOND  =         0.0000  RESTRAINT  =         0.0000
 EKCMT  =       945.4664  VIRIAL  =       861.3756  VOLUME     =     31115.5984
                                                    Density    =         0.9826
 ------------------------------------------------------------------------------

wrapping first mol.:       11.43011       16.16462       27.99793
wrapping first mol.:       11.43011       16.16462       27.99793

 NSTEP =    47900   TIME(PS) =      95.800  TEMP(K) =   299.80  PRESS =  -111.6
 Etot   =     -7763.0935  EKtot   =      1828.3729  EPtot      =     -9591.4665
 BOND   =         3.3419  ANGLE   =         7.5205  DIHED      =         7.5475
 UB     =         0.0000  IMP     =         0.0000  CMAP       =        -0.5144
 1-4 NB =         2.7162  1-4 EEL =        43.9672  VDWAALS    =      1375.4926
 EELEC  =    -11031.5379  EHBOND  =         0.0000  RESTRAINT  =         0.0000
 EKCMT  =       919.8269  VIRIAL  =       994.6081  VOLUME     =     31038.2523
                                                    Density    =         0.9851
 ------------------------------------------------------------------------------

wrapping first mol.:       11.42362       16.15543       27.98203
wrapping first mol.:       11.42362       16.15543       27.98203

 NSTEP =    48000   TIME(PS) =      96.000  TEMP(K) =   293.93  PRESS =    37.1
 Etot   =     -7787.8415  EKtot   =      1792.6102  EPtot      =     -9580.4518
 BOND   =         2.6886  ANGLE   =         8.7650  DIHED      =         4.9372
 UB     =         0.0000  IMP     =         0.0000  CMAP       =        -0.5223
 1-4 NB =         2.6957  1-4 EEL =        43.9840  VDWAALS    =      1390.5586
 EELEC  =    -11033.5587  EHBOND  =         0.0000  RESTRAINT  =         0.0000
 EKCMT  =       899.2122  VIRIAL  =       874.3628  VOLUME     =     30984.9650
                                                    Density    =         0.9868
 ------------------------------------------------------------------------------

wrapping first mol.:       11.42510       16.15753       27.98566
wrapping first mol.:       11.42510       16.15753       27.98566

 NSTEP =    48100   TIME(PS) =      96.200  TEMP(K) =   308.99  PRESS =  -200.6
 Etot   =     -7804.2035  EKtot   =      1884.4637  EPtot      =     -9688.6673
 BOND   =         2.2730  ANGLE   =         5.2956  DIHED      =         4.8836
 UB     =         0.0000  IMP     =         0.0000  CMAP       =        -0.4876
 1-4 NB =         3.5174  1-4 EEL =        46.2589  VDWAALS    =      1390.4345
 EELEC  =    -11140.8428  EHBOND  =         0.0000  RESTRAINT  =         0.0000
 EKCMT  =       952.6847  VIRIAL  =      1086.9147  VOLUME     =     30997.6923
                                                    Density    =         0.9864
 ------------------------------------------------------------------------------

wrapping first mol.:       11.42434       16.15646       27.98381
wrapping first mol.:       11.42434       16.15646       27.98381

 NSTEP =    48200   TIME(PS) =      96.400  TEMP(K) =   304.61  PRESS =    97.1
 Etot   =     -7838.5319  EKtot   =      1857.6982  EPtot      =     -9696.2301
 BOND   =         3.0342  ANGLE   =         5.6176  DIHED      =         5.9406
 UB     =         0.0000  IMP     =         0.0000  CMAP       =        -0.5253
 1-4 NB =         3.6718  1-4 EEL =        47.7062  VDWAALS    =      1435.4100
 EELEC  =    -11197.0853  EHBOND  =         0.0000  RESTRAINT  =         0.0000
 EKCMT  =       932.4373  VIRIAL  =       867.4439  VOLUME     =     30990.7163
                                                    Density    =         0.9866
 ------------------------------------------------------------------------------

wrapping first mol.:       11.42722       16.16052       27.99085
wrapping first mol.:       11.42722       16.16052       27.99085

 NSTEP =    48300   TIME(PS) =      96.600  TEMP(K) =   300.50  PRESS =  -152.8
 Etot   =     -7856.3543  EKtot   =      1832.6832  EPtot      =     -9689.0375
 BOND   =         3.7619  ANGLE   =         6.5482  DIHED      =        10.1325
 UB     =         0.0000  IMP     =         0.0000  CMAP       =        -0.5368
 1-4 NB =         3.4227  1-4 EEL =        47.4243  VDWAALS    =      1401.5267
 EELEC  =    -11161.3170  EHBOND  =         0.0000  RESTRAINT  =         0.0000
 EKCMT  =       903.8182  VIRIAL  =      1006.1267  VOLUME     =     31014.8031
                                                    Density    =         0.9858
 ------------------------------------------------------------------------------

wrapping first mol.:       11.41796       16.14743       27.96817
wrapping first mol.:       11.41796       16.14743       27.96817

 NSTEP =    48400   TIME(PS) =      96.800  TEMP(K) =   300.08  PRESS =    37.2
 Etot   =     -7856.8339  EKtot   =      1830.1161  EPtot      =     -9686.9500
 BOND   =         2.2875  ANGLE   =         5.6693  DIHED      =         6.2664
 UB     =         0.0000  IMP     =         0.0000  CMAP       =        -0.3247
 1-4 NB =         4.0007  1-4 EEL =        52.9561  VDWAALS    =      1417.0357
 EELEC  =    -11174.8409  EHBOND  =         0.0000  RESTRAINT  =         0.0000
 EKCMT  =       944.1836  VIRIAL  =       919.3270  VOLUME     =     30938.9551
                                                    Density    =         0.9882
 ------------------------------------------------------------------------------

wrapping first mol.:       11.42716       16.16044       27.99071
wrapping first mol.:       11.42716       16.16044       27.99071

 NSTEP =    48500   TIME(PS) =      97.000  TEMP(K) =   312.84  PRESS =     1.2
 Etot   =     -7803.2750  EKtot   =      1907.9189  EPtot      =     -9711.1940
 BOND   =         4.7521  ANGLE   =         4.0905  DIHED      =         6.8436
 UB     =         0.0000  IMP     =         0.0000  CMAP       =         0.5108
 1-4 NB =         2.9790  1-4 EEL =        43.7737  VDWAALS    =      1423.6634
 EELEC  =    -11197.8071  EHBOND  =         0.0000  RESTRAINT  =         0.0000
 EKCMT  =       932.8617  VIRIAL  =       932.0252  VOLUME     =     31013.9108
                                                    Density    =         0.9858
 ------------------------------------------------------------------------------

wrapping first mol.:       11.43570       16.17252       28.01163
wrapping first mol.:       11.43570       16.17252       28.01163

 NSTEP =    48600   TIME(PS) =      97.200  TEMP(K) =   300.22  PRESS =   -46.5
 Etot   =     -7858.9099  EKtot   =      1830.9624  EPtot      =     -9689.8723
 BOND   =         2.4782  ANGLE   =         9.2369  DIHED      =         4.0594
 UB     =         0.0000  IMP     =         0.0000  CMAP       =        -0.3473
 1-4 NB =         2.5916  1-4 EEL =        41.8866  VDWAALS    =      1422.8101
 EELEC  =    -11172.5879  EHBOND  =         0.0000  RESTRAINT  =         0.0000
 EKCMT  =       906.3309  VIRIAL  =       937.5543  VOLUME     =     31083.6493
                                                    Density    =         0.9836
 ------------------------------------------------------------------------------

wrapping first mol.:       11.44217       16.18167       28.02747
wrapping first mol.:       11.44217       16.18167       28.02747

 NSTEP =    48700   TIME(PS) =      97.400  TEMP(K) =   304.98  PRESS =    62.6
 Etot   =     -7861.5502  EKtot   =      1859.9614  EPtot      =     -9721.5117
 BOND   =         3.5762  ANGLE   =         6.6889  DIHED      =         3.8039
 UB     =         0.0000  IMP     =         0.0000  CMAP       =        -0.3423
 1-4 NB =         2.9258  1-4 EEL =        45.2194  VDWAALS    =      1445.9473
 EELEC  =    -11229.3308  EHBOND  =         0.0000  RESTRAINT  =         0.0000
 EKCMT  =       943.7527  VIRIAL  =       901.6715  VOLUME     =     31136.1144
                                                    Density    =         0.9820
 ------------------------------------------------------------------------------

wrapping first mol.:       11.44710       16.18864       28.03955
wrapping first mol.:       11.44710       16.18864       28.03955

 NSTEP =    48800   TIME(PS) =      97.600  TEMP(K) =   306.30  PRESS =     7.1
 Etot   =     -7889.8401  EKtot   =      1868.0031  EPtot      =     -9757.8431
 BOND   =         3.4725  ANGLE   =         9.1101  DIHED      =         4.2475
 UB     =         0.0000  IMP     =         0.0000  CMAP       =        -0.0827
 1-4 NB =         3.7267  1-4 EEL =        49.6215  VDWAALS    =      1450.0815
 EELEC  =    -11278.0201  EHBOND  =         0.0000  RESTRAINT  =         0.0000
 EKCMT  =       963.7362  VIRIAL  =       958.9234  VOLUME     =     31176.5414
                                                    Density    =         0.9807
 ------------------------------------------------------------------------------

wrapping first mol.:       11.44757       16.18930       28.04069
wrapping first mol.:       11.44757       16.18930       28.04069

 NSTEP =    48900   TIME(PS) =      97.800  TEMP(K) =   308.79  PRESS =   230.9
 Etot   =     -7909.3017  EKtot   =      1883.2056  EPtot      =     -9792.5073
 BOND   =         3.5178  ANGLE   =         9.9621  DIHED      =         4.2892
 UB     =         0.0000  IMP     =         0.0000  CMAP       =        -1.0294
 1-4 NB =         2.7922  1-4 EEL =        43.4332  VDWAALS    =      1499.7554
 EELEC  =    -11355.2277  EHBOND  =         0.0000  RESTRAINT  =         0.0000
 EKCMT  =       951.0426  VIRIAL  =       795.6146  VOLUME     =     31179.7309
                                                    Density    =         0.9806
 ------------------------------------------------------------------------------

wrapping first mol.:       11.45307       16.19708       28.05417
wrapping first mol.:       11.45307       16.19708       28.05417

 NSTEP =    49000   TIME(PS) =      98.000  TEMP(K) =   296.77  PRESS =    23.8
 Etot   =     -7930.2489  EKtot   =      1809.8998  EPtot      =     -9740.1487
 BOND   =         4.4775  ANGLE   =         8.1004  DIHED      =         4.8509
 UB     =         0.0000  IMP     =         0.0000  CMAP       =         0.1070
 1-4 NB =         3.7826  1-4 EEL =        44.9031  VDWAALS    =      1464.5974
 EELEC  =    -11270.9677  EHBOND  =         0.0000  RESTRAINT  =         0.0000
 EKCMT  =       894.9850  VIRIAL  =       878.9450  VOLUME     =     31225.2674
                                                    Density    =         0.9792
 ------------------------------------------------------------------------------

wrapping first mol.:       11.44401       16.18428       28.03199
wrapping first mol.:       11.44401       16.18428       28.03199

 NSTEP =    49100   TIME(PS) =      98.200  TEMP(K) =   298.75  PRESS =  -242.3
 Etot   =     -7953.2464  EKtot   =      1821.9563  EPtot      =     -9775.2027
 BOND   =         2.9933  ANGLE   =        11.8548  DIHED      =         3.9964
 UB     =         0.0000  IMP     =         0.0000  CMAP       =         0.3433
 1-4 NB =         3.5810  1-4 EEL =        45.5768  VDWAALS    =      1441.3498
 EELEC  =    -11284.8982  EHBOND  =         0.0000  RESTRAINT  =         0.0000
 EKCMT  =       889.8580  VIRIAL  =      1052.8463  VOLUME     =     31152.0116
                                                    Density    =         0.9815
 ------------------------------------------------------------------------------

wrapping first mol.:       11.43503       16.17157       28.00999
wrapping first mol.:       11.43503       16.17157       28.00999

 NSTEP =    49200   TIME(PS) =      98.400  TEMP(K) =   300.85  PRESS =  -189.5
 Etot   =     -7934.3706  EKtot   =      1834.8203  EPtot      =     -9769.1910
 BOND   =         2.6826  ANGLE   =         8.5736  DIHED      =         5.3109
 UB     =         0.0000  IMP     =         0.0000  CMAP       =        -0.6856
 1-4 NB =         2.4967  1-4 EEL =        42.8485  VDWAALS    =      1431.6740
 EELEC  =    -11262.0917  EHBOND  =         0.0000  RESTRAINT  =         0.0000
 EKCMT  =       922.0378  VIRIAL  =      1049.1955  VOLUME     =     31078.5698
                                                    Density    =         0.9838
 ------------------------------------------------------------------------------

wrapping first mol.:       11.43474       16.17116       28.00926
wrapping first mol.:       11.43474       16.17116       28.00926

 NSTEP =    49300   TIME(PS) =      98.600  TEMP(K) =   296.88  PRESS =  -162.8
 Etot   =     -7896.1268  EKtot   =      1810.5924  EPtot      =     -9706.7193
 BOND   =         2.1199  ANGLE   =         8.3550  DIHED      =         3.9476
 UB     =         0.0000  IMP     =         0.0000  CMAP       =        -0.6701
 1-4 NB =         2.8990  1-4 EEL =        47.5335  VDWAALS    =      1419.0924
 EELEC  =    -11189.9966  EHBOND  =         0.0000  RESTRAINT  =         0.0000
 EKCMT  =       917.4411  VIRIAL  =      1026.6761  VOLUME     =     31076.0944
                                                    Density    =         0.9839
 ------------------------------------------------------------------------------

wrapping first mol.:       11.42518       16.15764       27.98585
wrapping first mol.:       11.42518       16.15764       27.98585

 NSTEP =    49400   TIME(PS) =      98.800  TEMP(K) =   295.90  PRESS =   -83.3
 Etot   =     -7917.3197  EKtot   =      1804.6113  EPtot      =     -9721.9310
 BOND   =         6.1720  ANGLE   =         7.3142  DIHED      =         6.7490
 UB     =         0.0000  IMP     =         0.0000  CMAP       =        -0.6311
 1-4 NB =         3.8157  1-4 EEL =        46.1505  VDWAALS    =      1436.2505
 EELEC  =    -11227.7517  EHBOND  =         0.0000  RESTRAINT  =         0.0000
 EKCMT  =       889.2281  VIRIAL  =       945.0100  VOLUME     =     30998.0029
                                                    Density    =         0.9864
 ------------------------------------------------------------------------------

wrapping first mol.:       11.41860       16.14834       27.96975
wrapping first mol.:       11.41860       16.14834       27.96975

 NSTEP =    49500   TIME(PS) =      99.000  TEMP(K) =   294.99  PRESS =  -382.8
 Etot   =     -7930.4995  EKtot   =      1799.0680  EPtot      =     -9729.5675
 BOND   =         2.5643  ANGLE   =         9.5733  DIHED      =         3.9040
 UB     =         0.0000  IMP     =         0.0000  CMAP       =        -0.1895
 1-4 NB =         3.4352  1-4 EEL =        44.1878  VDWAALS    =      1386.2610
 EELEC  =    -11179.3035  EHBOND  =         0.0000  RESTRAINT  =         0.0000
 EKCMT  =       904.3621  VIRIAL  =      1160.1601  VOLUME     =     30945.3679
                                                    Density    =         0.9880
 ------------------------------------------------------------------------------

wrapping first mol.:       11.40908       16.13488       27.94642
wrapping first mol.:       11.40908       16.13488       27.94642

 NSTEP =    49600   TIME(PS) =      99.200  TEMP(K) =   290.89  PRESS =    38.1
 Etot   =     -7944.6922  EKtot   =      1774.0293  EPtot      =     -9718.7215
 BOND   =         2.1621  ANGLE   =         9.3053  DIHED      =         3.4612
 UB     =         0.0000  IMP     =         0.0000  CMAP       =        -0.5758
 1-4 NB =         2.5009  1-4 EEL =        42.9316  VDWAALS    =      1433.7984
 EELEC  =    -11212.3052  EHBOND  =         0.0000  RESTRAINT  =         0.0000
 EKCMT  =       862.2068  VIRIAL  =       836.8324  VOLUME     =     30866.8483
                                                    Density    =         0.9905
 ------------------------------------------------------------------------------

wrapping first mol.:       11.41105       16.13767       27.95126
wrapping first mol.:       11.41105       16.13767       27.95126

 NSTEP =    49700   TIME(PS) =      99.400  TEMP(K) =   298.60  PRESS =  -247.8
 Etot   =     -7952.7883  EKtot   =      1821.0663  EPtot      =     -9773.8546
 BOND   =         4.4217  ANGLE   =         6.3457  DIHED      =         3.7255
 UB     =         0.0000  IMP     =         0.0000  CMAP       =        -0.1002
 1-4 NB =         3.3283  1-4 EEL =        45.6148  VDWAALS    =      1427.3302
 EELEC  =    -11264.5207  EHBOND  =         0.0000  RESTRAINT  =         0.0000
 EKCMT  =       886.1242  VIRIAL  =      1051.3896  VOLUME     =     30883.6467
                                                    Density    =         0.9900
 ------------------------------------------------------------------------------

wrapping first mol.:       11.40830       16.13377       27.94450
wrapping first mol.:       11.40830       16.13377       27.94450

 NSTEP =    49800   TIME(PS) =      99.600  TEMP(K) =   294.39  PRESS =   -82.1
 Etot   =     -7954.4595  EKtot   =      1795.3657  EPtot      =     -9749.8252
 BOND   =         3.2304  ANGLE   =        10.3463  DIHED      =         4.9786
 UB     =         0.0000  IMP     =         0.0000  CMAP       =         0.9160
 1-4 NB =         3.9203  1-4 EEL =        45.9397  VDWAALS    =      1429.1380
 EELEC  =    -11248.2944  EHBOND  =         0.0000  RESTRAINT  =         0.0000
 EKCMT  =       878.9167  VIRIAL  =       933.5932  VOLUME     =     30860.8088
                                                    Density    =         0.9907
 ------------------------------------------------------------------------------

wrapping first mol.:       11.40504       16.12916       27.93653
wrapping first mol.:       11.40504       16.12916       27.93653

 NSTEP =    49900   TIME(PS) =      99.800  TEMP(K) =   298.94  PRESS =   678.1
 Etot   =     -7950.8695  EKtot   =      1823.1470  EPtot      =     -9774.0165
 BOND   =         3.3697  ANGLE   =         7.9638  DIHED      =         3.4983
 UB     =         0.0000  IMP     =         0.0000  CMAP       =         0.1011
 1-4 NB =         2.9199  1-4 EEL =        46.5024  VDWAALS    =      1532.3265
 EELEC  =    -11370.6982  EHBOND  =         0.0000  RESTRAINT  =         0.0000
 EKCMT  =       906.1611  VIRIAL  =       454.7728  VOLUME     =     30832.2984
                                                    Density    =         0.9917
 ------------------------------------------------------------------------------

wrapping first mol.:       11.40661       16.13139       27.94038
wrapping first mol.:       11.40661       16.13139       27.94038

 NSTEP =    50000   TIME(PS) =     100.000  TEMP(K) =   302.71  PRESS =  -279.5
 Etot   =     -7953.5467  EKtot   =      1846.1118  EPtot      =     -9799.6585
 BOND   =         3.5855  ANGLE   =         6.2153  DIHED      =         3.8852
 UB     =         0.0000  IMP     =         0.0000  CMAP       =         0.1168
 1-4 NB =         3.1877  1-4 EEL =        49.4975  VDWAALS    =      1413.2145
 EELEC  =    -11279.3610  EHBOND  =         0.0000  RESTRAINT  =         0.0000
 EKCMT  =       927.0708  VIRIAL  =      1113.2182  VOLUME     =     30847.7070
                                                    Density    =         0.9912
 ------------------------------------------------------------------------------

wrapping first mol.:       11.40155       16.12422       27.92797
wrapping first mol.:       11.40155       16.12422       27.92797

 NSTEP =    50100   TIME(PS) =     100.200  TEMP(K) =   298.70  PRESS =   -50.3
 Etot   =     -7945.4300  EKtot   =      1821.6714  EPtot      =     -9767.1014
 BOND   =         2.3774  ANGLE   =         9.5202  DIHED      =         3.7839
 UB     =         0.0000  IMP     =         0.0000  CMAP       =        -0.5493
 1-4 NB =         2.3091  1-4 EEL =        45.8925  VDWAALS    =      1428.1752
 EELEC  =    -11258.6104  EHBOND  =         0.0000  RESTRAINT  =         0.0000
 EKCMT  =       929.0108  VIRIAL  =       962.4480  VOLUME     =     30805.9695
                                                    Density    =         0.9925
 ------------------------------------------------------------------------------

wrapping first mol.:       11.39677       16.11747       27.91628
wrapping first mol.:       11.39677       16.11747       27.91628

 NSTEP =    50200   TIME(PS) =     100.400  TEMP(K) =   292.98  PRESS =    23.5
 Etot   =     -7973.9626  EKtot   =      1786.7780  EPtot      =     -9760.7406
 BOND   =         1.2190  ANGLE   =         7.8046  DIHED      =         2.8694
 UB     =         0.0000  IMP     =         0.0000  CMAP       =        -0.0751
 1-4 NB =         3.9511  1-4 EEL =        49.1249  VDWAALS    =      1442.2106
 EELEC  =    -11267.8450  EHBOND  =         0.0000  RESTRAINT  =         0.0000
 EKCMT  =       899.7161  VIRIAL  =       884.1234  VOLUME     =     30767.0972
                                                    Density    =         0.9938
 ------------------------------------------------------------------------------

wrapping first mol.:       11.38935       16.10697       27.89808
wrapping first mol.:       11.38935       16.10697       27.89808

 NSTEP =    50300   TIME(PS) =     100.600  TEMP(K) =   293.97  PRESS =  -194.7
 Etot   =     -7963.5637  EKtot   =      1792.8380  EPtot      =     -9756.4017
 BOND   =         6.4676  ANGLE   =         8.4363  DIHED      =         4.6813
 UB     =         0.0000  IMP     =         0.0000  CMAP       =        -0.5692
 1-4 NB =         1.7278  1-4 EEL =        47.0009  VDWAALS    =      1406.5499
 EELEC  =    -11230.6964  EHBOND  =         0.0000  RESTRAINT  =         0.0000
 EKCMT  =       907.2453  VIRIAL  =      1036.3464  VOLUME     =     30707.5761
                                                    Density    =         0.9957
 ------------------------------------------------------------------------------

wrapping first mol.:       11.39300       16.11214       27.90704
wrapping first mol.:       11.39300       16.11214       27.90704

 NSTEP =    50400   TIME(PS) =     100.800  TEMP(K) =   299.44  PRESS =  -255.6
 Etot   =     -7952.2217  EKtot   =      1826.2091  EPtot      =     -9778.4308
 BOND   =         3.3777  ANGLE   =         6.7991  DIHED      =         4.7616
 UB     =         0.0000  IMP     =         0.0000  CMAP       =         0.1880
 1-4 NB =         3.0089  1-4 EEL =        44.7793  VDWAALS    =      1402.2701
 EELEC  =    -11243.6156  EHBOND  =         0.0000  RESTRAINT  =         0.0000
 EKCMT  =       933.2375  VIRIAL  =      1102.8772  VOLUME     =     30737.3291
                                                    Density    =         0.9947
 ------------------------------------------------------------------------------

wrapping first mol.:       11.39435       16.11404       27.91033
wrapping first mol.:       11.39435       16.11404       27.91033

 NSTEP =    50500   TIME(PS) =     101.000  TEMP(K) =   304.99  PRESS =  -241.2
 Etot   =     -7872.9287  EKtot   =      1860.0513  EPtot      =     -9732.9800
 BOND   =         4.5590  ANGLE   =         8.0929  DIHED      =         6.2230
 UB     =         0.0000  IMP     =         0.0000  CMAP       =        -0.6152
 1-4 NB =         3.6372  1-4 EEL =        43.4373  VDWAALS    =      1394.4302
 EELEC  =    -11192.7444  EHBOND  =         0.0000  RESTRAINT  =         0.0000
 EKCMT  =       919.1806  VIRIAL  =      1079.3107  VOLUME     =     30748.1764
                                                    Density    =         0.9944
 ------------------------------------------------------------------------------

wrapping first mol.:       11.40003       16.12208       27.92425
wrapping first mol.:       11.40003       16.12208       27.92425

 NSTEP =    50600   TIME(PS) =     101.200  TEMP(K) =   306.49  PRESS =   398.2
 Etot   =     -7815.8835  EKtot   =      1869.2012  EPtot      =     -9685.0847
 BOND   =         2.8627  ANGLE   =         8.5153  DIHED      =         5.7927
 UB     =         0.0000  IMP     =         0.0000  CMAP       =         0.3596
 1-4 NB =         2.5476  1-4 EEL =        48.6734  VDWAALS    =      1457.9567
 EELEC  =    -11211.7928  EHBOND  =         0.0000  RESTRAINT  =         0.0000
 EKCMT  =       941.8741  VIRIAL  =       677.1125  VOLUME     =     30792.4551
                                                    Density    =         0.9929
 ------------------------------------------------------------------------------

wrapping first mol.:       11.40941       16.13535       27.94724
wrapping first mol.:       11.40941       16.13535       27.94724

 NSTEP =    50700   TIME(PS) =     101.400  TEMP(K) =   304.02  PRESS =     5.8
 Etot   =     -7823.0946  EKtot   =      1854.1519  EPtot      =     -9677.2465
 BOND   =         2.5180  ANGLE   =         8.0932  DIHED      =         7.1517
 UB     =         0.0000  IMP     =         0.0000  CMAP       =        -0.7029
 1-4 NB =         3.8949  1-4 EEL =        47.0918  VDWAALS    =      1409.6510
 EELEC  =    -11154.9441  EHBOND  =         0.0000  RESTRAINT  =         0.0000
 EKCMT  =       926.0550  VIRIAL  =       922.1921  VOLUME     =     30869.6382
                                                    Density    =         0.9905
 ------------------------------------------------------------------------------

wrapping first mol.:       11.40753       16.13269       27.94263
wrapping first mol.:       11.40753       16.13269       27.94263

 NSTEP =    50800   TIME(PS) =     101.600  TEMP(K) =   300.56  PRESS =   400.4
 Etot   =     -7828.6935  EKtot   =      1833.0463  EPtot      =     -9661.7397
 BOND   =         4.7646  ANGLE   =        10.3176  DIHED      =         3.8086
 UB     =         0.0000  IMP     =         0.0000  CMAP       =         0.0848
 1-4 NB =         3.5538  1-4 EEL =        46.2078  VDWAALS    =      1437.9758
 EELEC  =    -11168.4528  EHBOND  =         0.0000  RESTRAINT  =         0.0000
 EKCMT  =       937.5967  VIRIAL  =       670.8542  VOLUME     =     30853.2802
                                                    Density    =         0.9910
 ------------------------------------------------------------------------------

wrapping first mol.:       11.41169       16.13857       27.95282
wrapping first mol.:       11.41169       16.13857       27.95282

 NSTEP =    50900   TIME(PS) =     101.800  TEMP(K) =   310.57  PRESS =   -42.9
 Etot   =     -7858.8984  EKtot   =      1894.0696  EPtot      =     -9752.9680
 BOND   =         2.1120  ANGLE   =         9.0594  DIHED      =         5.0724
 UB     =         0.0000  IMP     =         0.0000  CMAP       =        -0.0230
 1-4 NB =         3.4305  1-4 EEL =        46.7514  VDWAALS    =      1431.6684
 EELEC  =    -11251.0390  EHBOND  =         0.0000  RESTRAINT  =         0.0000
 EKCMT  =       918.1766  VIRIAL  =       946.8176  VOLUME     =     30888.2767
                                                    Density    =         0.9899
 ------------------------------------------------------------------------------

wrapping first mol.:       11.41380       16.14155       27.95798
wrapping first mol.:       11.41380       16.14155       27.95798

 NSTEP =    51000   TIME(PS) =     102.000  TEMP(K) =   299.47  PRESS =   602.0
 Etot   =     -7888.7804  EKtot   =      1826.3695  EPtot      =     -9715.1499
 BOND   =         8.0468  ANGLE   =         6.9225  DIHED      =         3.7288
 UB     =         0.0000  IMP     =         0.0000  CMAP       =        -0.6923
 1-4 NB =         2.9402  1-4 EEL =        49.1513  VDWAALS    =      1496.2479
 EELEC  =    -11281.4951  EHBOND  =         0.0000  RESTRAINT  =         0.0000
 EKCMT  =       937.0459  VIRIAL  =       535.3684  VOLUME     =     30903.5906
                                                    Density    =         0.9894
 ------------------------------------------------------------------------------

wrapping first mol.:       11.42297       16.15452       27.98045
wrapping first mol.:       11.42297       16.15452       27.98045

 NSTEP =    51100   TIME(PS) =     102.200  TEMP(K) =   306.42  PRESS =   -86.1
 Etot   =     -7898.6074  EKtot   =      1868.7366  EPtot      =     -9767.3440
 BOND   =         2.9666  ANGLE   =         8.4222  DIHED      =         7.5198
 UB     =         0.0000  IMP     =         0.0000  CMAP       =        -0.3523
 1-4 NB =         3.7527  1-4 EEL =        46.4603  VDWAALS    =      1431.3047
 EELEC  =    -11267.4178  EHBOND  =         0.0000  RESTRAINT  =         0.0000
 EKCMT  =       937.4094  VIRIAL  =       995.0333  VOLUME     =     30980.0877
                                                    Density    =         0.9869
 ------------------------------------------------------------------------------

wrapping first mol.:       11.41953       16.14965       27.97201
wrapping first mol.:       11.41953       16.14965       27.97201

 NSTEP =    51200   TIME(PS) =     102.400  TEMP(K) =   297.28  PRESS =  -420.7
 Etot   =     -7893.7777  EKtot   =      1813.0081  EPtot      =     -9706.7857
 BOND   =         3.0873  ANGLE   =         9.5170  DIHED      =         6.0402
 UB     =         0.0000  IMP     =         0.0000  CMAP       =         0.0216
 1-4 NB =         3.9391  1-4 EEL =        46.1005  VDWAALS    =      1360.7702
 EELEC  =    -11136.2616  EHBOND  =         0.0000  RESTRAINT  =         0.0000
 EKCMT  =       910.9188  VIRIAL  =      1192.1039  VOLUME     =     30952.9571
                                                    Density    =         0.9878
 ------------------------------------------------------------------------------

wrapping first mol.:       11.42655       16.15959       27.98922
wrapping first mol.:       11.42655       16.15959       27.98922

 NSTEP =    51300   TIME(PS) =     102.600  TEMP(K) =   307.63  PRESS =   343.8
 Etot   =     -7837.4933  EKtot   =      1876.1221  EPtot      =     -9713.6154
 BOND   =         4.7035  ANGLE   =         8.6048  DIHED      =         8.0517
 UB     =         0.0000  IMP     =         0.0000  CMAP       =        -1.3003
 1-4 NB =         3.4226  1-4 EEL =        43.6505  VDWAALS    =      1486.4531
 EELEC  =    -11267.2012  EHBOND  =         0.0000  RESTRAINT  =         0.0000
 EKCMT  =       922.8410  VIRIAL  =       692.6927  VOLUME     =     31008.0356
                                                    Density    =         0.9860
 ------------------------------------------------------------------------------

wrapping first mol.:       11.42878       16.16274       27.99468
wrapping first mol.:       11.42878       16.16274       27.99468

 NSTEP =    51400   TIME(PS) =     102.800  TEMP(K) =   299.97  PRESS =    63.2
 Etot   =     -7826.5998  EKtot   =      1829.4075  EPtot      =     -9656.0073
 BOND   =         3.0604  ANGLE   =         9.0406  DIHED      =         4.8835
 UB     =         0.0000  IMP     =         0.0000  CMAP       =        -0.7734
 1-4 NB =         4.3504  1-4 EEL =        45.1902  VDWAALS    =      1414.6764
 EELEC  =    -11136.4354  EHBOND  =         0.0000  RESTRAINT  =         0.0000
 EKCMT  =       912.7642  VIRIAL  =       870.3971  VOLUME     =     31026.9602
                                                    Density    =         0.9854
 ------------------------------------------------------------------------------

wrapping first mol.:       11.44303       16.18289       28.02959
wrapping first mol.:       11.44303       16.18289       28.02959

 NSTEP =    51500   TIME(PS) =     103.000  TEMP(K) =   301.69  PRESS =   401.7
 Etot   =     -7805.6786  EKtot   =      1839.8929  EPtot      =     -9645.5715
 BOND   =         2.4581  ANGLE   =         9.8290  DIHED      =         7.0493
 UB     =         0.0000  IMP     =         0.0000  CMAP       =        -0.2952
 1-4 NB =         4.0103  1-4 EEL =        43.9935  VDWAALS    =      1458.1365
 EELEC  =    -11170.7529  EHBOND  =         0.0000  RESTRAINT  =         0.0000
 EKCMT  =       936.4471  VIRIAL  =       666.3718  VOLUME     =     31142.2322
                                                    Density    =         0.9818
 ------------------------------------------------------------------------------

wrapping first mol.:       11.44143       16.18062       28.02565
wrapping first mol.:       11.44143       16.18062       28.02565

 NSTEP =    51600   TIME(PS) =     103.200  TEMP(K) =   304.82  PRESS =  -215.1
 Etot   =     -7827.5372  EKtot   =      1859.0050  EPtot      =     -9686.5422
 BOND   =         2.5282  ANGLE   =         9.6670  DIHED      =         7.2188
 UB     =         0.0000  IMP     =         0.0000  CMAP       =         0.3636
 1-4 NB =         2.4935  1-4 EEL =        45.3020  VDWAALS    =      1385.6698
 EELEC  =    -11139.7852  EHBOND  =         0.0000  RESTRAINT  =         0.0000
 EKCMT  =       900.9426  VIRIAL  =      1045.5389  VOLUME     =     31130.8244
                                                    Density    =         0.9821
 ------------------------------------------------------------------------------

wrapping first mol.:       11.44785       16.18970       28.04139
wrapping first mol.:       11.44785       16.18970       28.04139

 NSTEP =    51700   TIME(PS) =     103.400  TEMP(K) =   299.24  PRESS =    20.0
 Etot   =     -7846.0567  EKtot   =      1824.9816  EPtot      =     -9671.0382
 BOND   =         7.9840  ANGLE   =         7.6317  DIHED      =         5.3805
 UB     =         0.0000  IMP     =         0.0000  CMAP       =         0.3436
 1-4 NB =         3.1848  1-4 EEL =        43.9736  VDWAALS    =      1419.7162
 EELEC  =    -11159.2526  EHBOND  =         0.0000  RESTRAINT  =         0.0000
 EKCMT  =       940.7087  VIRIAL  =       927.2539  VOLUME     =     31182.6212
                                                    Density    =         0.9805
 ------------------------------------------------------------------------------

wrapping first mol.:       11.44007       16.17871       28.02234
wrapping first mol.:       11.44007       16.17871       28.02234

 NSTEP =    51800   TIME(PS) =     103.600  TEMP(K) =   293.84  PRESS =   213.7
 Etot   =     -7840.2794  EKtot   =      1792.0452  EPtot      =     -9632.3246
 BOND   =         6.3616  ANGLE   =         8.2096  DIHED      =         4.7075
 UB     =         0.0000  IMP     =         0.0000  CMAP       =        -0.0834
 1-4 NB =         2.6300  1-4 EEL =        43.1384  VDWAALS    =      1438.8591
 EELEC  =    -11136.1474  EHBOND  =         0.0000  RESTRAINT  =         0.0000
 EKCMT  =       896.7870  VIRIAL  =       753.1942  VOLUME     =     31118.5960
                                                    Density    =         0.9825
 ------------------------------------------------------------------------------

wrapping first mol.:       11.44042       16.17920       28.02319
wrapping first mol.:       11.44042       16.17920       28.02319

 NSTEP =    51900   TIME(PS) =     103.800  TEMP(K) =   306.07  PRESS =   264.9
 Etot   =     -7887.7594  EKtot   =      1866.6497  EPtot      =     -9754.4091
 BOND   =         4.0843  ANGLE   =         9.4263  DIHED      =         3.7368
 UB     =         0.0000  IMP     =         0.0000  CMAP       =         0.5064
 1-4 NB =         2.5806  1-4 EEL =        46.9469  VDWAALS    =      1490.7119
 EELEC  =    -11312.4024  EHBOND  =         0.0000  RESTRAINT  =         0.0000
 EKCMT  =       955.7550  VIRIAL  =       777.7864  VOLUME     =     31121.2651
                                                    Density    =         0.9824
 ------------------------------------------------------------------------------

wrapping first mol.:       11.45611       16.20139       28.06163
wrapping first mol.:       11.45611       16.20139       28.06163

 NSTEP =    52000   TIME(PS) =     104.000  TEMP(K) =   296.38  PRESS =   472.3
 Etot   =     -7926.6129  EKtot   =      1807.5385  EPtot      =     -9734.1514
 BOND   =         8.2405  ANGLE   =        10.5210  DIHED      =         6.3550
 UB     =         0.0000  IMP     =         0.0000  CMAP       =         0.6471
 1-4 NB =         2.9946  1-4 EEL =        42.4281  VDWAALS    =      1536.8373
 EELEC  =    -11342.1750  EHBOND  =         0.0000  RESTRAINT  =         0.0000
 EKCMT  =       904.8265  VIRIAL  =       586.1593  VOLUME     =     31248.9481
                                                    Density    =         0.9784
 ------------------------------------------------------------------------------

wrapping first mol.:       11.45903       16.20551       28.06877
wrapping first mol.:       11.45903       16.20551       28.06877

 NSTEP =    52100   TIME(PS) =     104.200  TEMP(K) =   298.41  PRESS =   195.0
 Etot   =     -7880.9075  EKtot   =      1819.9187  EPtot      =     -9700.8262
 BOND   =         4.2708  ANGLE   =         5.8991  DIHED      =         4.5163
 UB     =         0.0000  IMP     =         0.0000  CMAP       =         0.9286
 1-4 NB =         3.0497  1-4 EEL =        42.7567  VDWAALS    =      1470.8690
 EELEC  =    -11233.1164  EHBOND  =         0.0000  RESTRAINT  =         0.0000
 EKCMT  =       936.8906  VIRIAL  =       805.2227  VOLUME     =     31273.5838
                                                    Density    =         0.9777
 ------------------------------------------------------------------------------

wrapping first mol.:       11.45329       16.19740       28.05472
wrapping first mol.:       11.45329       16.19740       28.05472

 NSTEP =    52200   TIME(PS) =     104.400  TEMP(K) =   299.87  PRESS =  -570.8
 Etot   =     -7880.9299  EKtot   =      1828.7985  EPtot      =     -9709.7284
 BOND   =         3.7657  ANGLE   =         6.8164  DIHED      =         3.0276
 UB     =         0.0000  IMP     =         0.0000  CMAP       =         0.4074
 1-4 NB =         2.0501  1-4 EEL =        45.0378  VDWAALS    =      1373.1552
 EELEC  =    -11143.9886  EHBOND  =         0.0000  RESTRAINT  =         0.0000
 EKCMT  =       926.2724  VIRIAL  =      1311.1119  VOLUME     =     31228.7753
                                                    Density    =         0.9791
 ------------------------------------------------------------------------------

wrapping first mol.:       11.44654       16.18786       28.03819
wrapping first mol.:       11.44654       16.18786       28.03819

 NSTEP =    52300   TIME(PS) =     104.600  TEMP(K) =   305.30  PRESS =  -738.0
 Etot   =     -7863.1548  EKtot   =      1861.9226  EPtot      =     -9725.0775
 BOND   =         6.6004  ANGLE   =         8.4694  DIHED      =         3.3688
 UB     =         0.0000  IMP     =         0.0000  CMAP       =         0.6652
 1-4 NB =         3.7298  1-4 EEL =        44.0732  VDWAALS    =      1337.0220
 EELEC  =    -11129.0062  EHBOND  =         0.0000  RESTRAINT  =         0.0000
 EKCMT  =       914.7712  VIRIAL  =      1411.5126  VOLUME     =     31174.0556
                                                    Density    =         0.9808
 ------------------------------------------------------------------------------

wrapping first mol.:       11.43747       16.17503       28.01597
wrapping first mol.:       11.43747       16.17503       28.01597

 NSTEP =    52400   TIME(PS) =     104.800  TEMP(K) =   301.02  PRESS =  -150.2
 Etot   =     -7871.0192  EKtot   =      1835.8352  EPtot      =     -9706.8545
 BOND   =         4.3888  ANGLE   =         9.6836  DIHED      =         3.8424
 UB     =         0.0000  IMP     =         0.0000  CMAP       =        -0.1653
 1-4 NB =         3.4605  1-4 EEL =        44.6546  VDWAALS    =      1398.2152
 EELEC  =    -11170.9342  EHBOND  =         0.0000  RESTRAINT  =         0.0000
 EKCMT  =       921.3665  VIRIAL  =      1022.2343  VOLUME     =     31098.3848
                                                    Density    =         0.9832
 ------------------------------------------------------------------------------

wrapping first mol.:       11.43526       16.17190       28.01056
wrapping first mol.:       11.43526       16.17190       28.01056

 NSTEP =    52500   TIME(PS) =     105.000  TEMP(K) =   296.55  PRESS =    92.1
 Etot   =     -7868.6745  EKtot   =      1808.5652  EPtot      =     -9677.2397
 BOND   =         6.4853  ANGLE   =        11.0774  DIHED      =         3.7885
 UB     =         0.0000  IMP     =         0.0000  CMAP       =        -0.2785
 1-4 NB =         4.1353  1-4 EEL =        47.0370  VDWAALS    =      1439.6514
 EELEC  =    -11189.1360  EHBOND  =         0.0000  RESTRAINT  =         0.0000
 EKCMT  =       887.2226  VIRIAL  =       825.4134  VOLUME     =     31079.6887
                                                    Density    =         0.9838
 ------------------------------------------------------------------------------

wrapping first mol.:       11.43094       16.16579       27.99997
wrapping first mol.:       11.43094       16.16579       27.99997

 NSTEP =    52600   TIME(PS) =     105.200  TEMP(K) =   292.44  PRESS =   132.1
 Etot   =     -7896.8725  EKtot   =      1783.4836  EPtot      =     -9680.3561
 BOND   =         5.3565  ANGLE   =         7.5016  DIHED      =         5.7401
 UB     =         0.0000  IMP     =         0.0000  CMAP       =         0.6990
 1-4 NB =         2.5100  1-4 EEL =        47.4864  VDWAALS    =      1453.2472
 EELEC  =    -11202.8970  EHBOND  =         0.0000  RESTRAINT  =         0.0000
 EKCMT  =       883.1518  VIRIAL  =       794.5768  VOLUME     =     31044.3390
                                                    Density    =         0.9849
 ------------------------------------------------------------------------------

wrapping first mol.:       11.44032       16.17906       28.02295
wrapping first mol.:       11.44032       16.17906       28.02295

 NSTEP =    52700   TIME(PS) =     105.400  TEMP(K) =   305.12  PRESS =   325.5
 Etot   =     -7864.3093  EKtot   =      1860.8235  EPtot      =     -9725.1328
 BOND   =         1.4974  ANGLE   =         9.2085  DIHED      =         5.6848
 UB     =         0.0000  IMP     =         0.0000  CMAP       =         0.5253
 1-4 NB =         4.9433  1-4 EEL =        43.7958  VDWAALS    =      1500.3644
 EELEC  =    -11291.1523  EHBOND  =         0.0000  RESTRAINT  =         0.0000
 EKCMT  =       940.2751  VIRIAL  =       721.5578  VOLUME     =     31120.3096
                                                    Density    =         0.9825
 ------------------------------------------------------------------------------

wrapping first mol.:       11.43934       16.17767       28.02055
wrapping first mol.:       11.43934       16.17767       28.02055

 NSTEP =    52800   TIME(PS) =     105.600  TEMP(K) =   301.19  PRESS =  -220.6
 Etot   =     -7886.6012  EKtot   =      1836.8821  EPtot      =     -9723.4833
 BOND   =         3.9300  ANGLE   =         8.8004  DIHED      =         7.2736
 UB     =         0.0000  IMP     =         0.0000  CMAP       =         0.4005
 1-4 NB =         3.3026  1-4 EEL =        40.3431  VDWAALS    =      1434.7280
 EELEC  =    -11222.2614  EHBOND  =         0.0000  RESTRAINT  =         0.0000
 EKCMT  =       890.8226  VIRIAL  =      1038.9927  VOLUME     =     31113.8347
                                                    Density    =         0.9827
 ------------------------------------------------------------------------------

wrapping first mol.:       11.43864       16.17668       28.01883
wrapping first mol.:       11.43864       16.17668       28.01883

 NSTEP =    52900   TIME(PS) =     105.800  TEMP(K) =   308.19  PRESS =  -199.7
 Etot   =     -7867.8879  EKtot   =      1879.5681  EPtot      =     -9747.4560
 BOND   =         3.3567  ANGLE   =         7.0217  DIHED      =         5.3476
 UB     =         0.0000  IMP     =         0.0000  CMAP       =        -1.0626
 1-4 NB =         4.6229  1-4 EEL =        45.6918  VDWAALS    =      1429.2462
 EELEC  =    -11241.6804  EHBOND  =         0.0000  RESTRAINT  =         0.0000
 EKCMT  =       944.5693  VIRIAL  =      1078.7041  VOLUME     =     31108.0400
                                                    Density    =         0.9829
 ------------------------------------------------------------------------------

wrapping first mol.:       11.44365       16.18376       28.03109
wrapping first mol.:       11.44365       16.18376       28.03109

 NSTEP =    53000   TIME(PS) =     106.000  TEMP(K) =   294.93  PRESS =    41.9
 Etot   =     -7876.1658  EKtot   =      1798.6870  EPtot      =     -9674.8528
 BOND   =         6.2067  ANGLE   =         4.9100  DIHED      =         3.6809
 UB     =         0.0000  IMP     =         0.0000  CMAP       =         0.3801
 1-4 NB =         4.0628  1-4 EEL =        42.6468  VDWAALS    =      1437.6389
 EELEC  =    -11174.3789  EHBOND  =         0.0000  RESTRAINT  =         0.0000
 EKCMT  =       900.3537  VIRIAL  =       872.1644  VOLUME     =     31148.2207
                                                    Density    =         0.9816
 ------------------------------------------------------------------------------

wrapping first mol.:       11.43811       16.17593       28.01753
wrapping first mol.:       11.43811       16.17593       28.01753

 NSTEP =    53100   TIME(PS) =     106.200  TEMP(K) =   303.52  PRESS =    -5.3
 Etot   =     -7887.2053  EKtot   =      1851.0613  EPtot      =     -9738.2666
 BOND   =         5.7384  ANGLE   =         9.9096  DIHED      =         4.4642
 UB     =         0.0000  IMP     =         0.0000  CMAP       =        -0.7819
 1-4 NB =         3.4900  1-4 EEL =        41.3733  VDWAALS    =      1445.1068
 EELEC  =    -11247.5670  EHBOND  =         0.0000  RESTRAINT  =         0.0000
 EKCMT  =       911.8135  VIRIAL  =       915.3823  VOLUME     =     31103.1791
                                                    Density    =         0.9830
 ------------------------------------------------------------------------------

wrapping first mol.:       11.44127       16.18040       28.02527
wrapping first mol.:       11.44127       16.18040       28.02527

 NSTEP =    53200   TIME(PS) =     106.400  TEMP(K) =   306.24  PRESS =  -106.9
 Etot   =     -7876.7706  EKtot   =      1867.6595  EPtot      =     -9744.4301
 BOND   =         4.3977  ANGLE   =         6.5553  DIHED      =         4.5058
 UB     =         0.0000  IMP     =         0.0000  CMAP       =         0.2483
 1-4 NB =         3.8888  1-4 EEL =        44.1398  VDWAALS    =      1438.4840
 EELEC  =    -11246.6497  EHBOND  =         0.0000  RESTRAINT  =         0.0000
 EKCMT  =       928.0206  VIRIAL  =       999.8418  VOLUME     =     31129.2384
                                                    Density    =         0.9822
 ------------------------------------------------------------------------------

wrapping first mol.:       11.43396       16.17006       28.00736
wrapping first mol.:       11.43396       16.17006       28.00736

 NSTEP =    53300   TIME(PS) =     106.600  TEMP(K) =   299.55  PRESS =  -458.4
 Etot   =     -7871.6946  EKtot   =      1826.8779  EPtot      =     -9698.5726
 BOND   =         5.1268  ANGLE   =         8.0097  DIHED      =         6.7854
 UB     =         0.0000  IMP     =         0.0000  CMAP       =         0.6698
 1-4 NB =         3.8212  1-4 EEL =        44.5824  VDWAALS    =      1376.4986
 EELEC  =    -11144.0664  EHBOND  =         0.0000  RESTRAINT  =         0.0000
 EKCMT  =       913.4283  VIRIAL  =      1220.9273  VOLUME     =     31070.5595
                                                    Density    =         0.9841
 ------------------------------------------------------------------------------

wrapping first mol.:       11.42743       16.16082       27.99137
wrapping first mol.:       11.42743       16.16082       27.99137

 NSTEP =    53400   TIME(PS) =     106.800  TEMP(K) =   290.70  PRESS =  -288.2
 Etot   =     -7933.5588  EKtot   =      1772.8792  EPtot      =     -9706.4380
 BOND   =         3.5015  ANGLE   =         6.4084  DIHED      =         5.5240
 UB     =         0.0000  IMP     =         0.0000  CMAP       =        -0.3057
 1-4 NB =         3.6746  1-4 EEL =        42.7103  VDWAALS    =      1404.5588
 EELEC  =    -11172.5099  EHBOND  =         0.0000  RESTRAINT  =         0.0000
 EKCMT  =       875.5760  VIRIAL  =      1068.5752  VOLUME     =     31016.9080
                                                    Density    =         0.9858
 ------------------------------------------------------------------------------

wrapping first mol.:       11.42294       16.15447       27.98036
wrapping first mol.:       11.42294       16.15447       27.98036

 NSTEP =    53500   TIME(PS) =     107.000  TEMP(K) =   304.56  PRESS =  -183.5
 Etot   =     -7911.6966  EKtot   =      1857.3976  EPtot      =     -9769.0942
 BOND   =         4.3241  ANGLE   =         6.5262  DIHED      =         5.0683
 UB     =         0.0000  IMP     =         0.0000  CMAP       =         0.2300
 1-4 NB =         3.1155  1-4 EEL =        41.8636  VDWAALS    =      1424.2320
 EELEC  =    -11254.4538  EHBOND  =         0.0000  RESTRAINT  =         0.0000
 EKCMT  =       893.1551  VIRIAL  =      1015.9236  VOLUME     =     30980.0482
                                                    Density    =         0.9869
 ------------------------------------------------------------------------------

wrapping first mol.:       11.42380       16.15569       27.98248
wrapping first mol.:       11.42380       16.15569       27.98248

 NSTEP =    53600   TIME(PS) =     107.200  TEMP(K) =   300.94  PRESS =  -140.4
 Etot   =     -7898.7889  EKtot   =      1835.3434  EPtot      =     -9734.1323
 BOND   =         2.5554  ANGLE   =         7.8941  DIHED      =         7.7801
 UB     =         0.0000  IMP     =         0.0000  CMAP       =        -0.1338
 1-4 NB =         3.3451  1-4 EEL =        44.7267  VDWAALS    =      1426.0756
 EELEC  =    -11226.3755  EHBOND  =         0.0000  RESTRAINT  =         0.0000
 EKCMT  =       880.1868  VIRIAL  =       974.1027  VOLUME     =     30986.9548
                                                    Density    =         0.9867
 ------------------------------------------------------------------------------

wrapping first mol.:       11.42839       16.16218       27.99371
wrapping first mol.:       11.42839       16.16218       27.99371

 NSTEP =    53700   TIME(PS) =     107.400  TEMP(K) =   294.43  PRESS =   210.8
 Etot   =     -7912.1519  EKtot   =      1795.6375  EPtot      =     -9707.7894
 BOND   =         4.0455  ANGLE   =         8.7147  DIHED      =         5.4584
 UB     =         0.0000  IMP     =         0.0000  CMAP       =         0.1890
 1-4 NB =         2.9628  1-4 EEL =        44.5552  VDWAALS    =      1473.4877
 EELEC  =    -11247.2026  EHBOND  =         0.0000  RESTRAINT  =         0.0000
 EKCMT  =       893.7844  VIRIAL  =       752.6004  VOLUME     =     31023.3113
                                                    Density    =         0.9855
 ------------------------------------------------------------------------------

wrapping first mol.:       11.43127       16.16626       28.00078
wrapping first mol.:       11.43127       16.16626       28.00078

 NSTEP =    53800   TIME(PS) =     107.600  TEMP(K) =   300.95  PRESS =    -2.0
 Etot   =     -7864.3158  EKtot   =      1835.4290  EPtot      =     -9699.7447
 BOND   =         2.9361  ANGLE   =        11.0255  DIHED      =         3.4110
 UB     =         0.0000  IMP     =         0.0000  CMAP       =        -0.2326
 1-4 NB =         3.5189  1-4 EEL =        44.2964  VDWAALS    =      1433.5690
 EELEC  =    -11198.2691  EHBOND  =         0.0000  RESTRAINT  =         0.0000
 EKCMT  =       910.3464  VIRIAL  =       911.7145  VOLUME     =     31047.4098
                                                    Density    =         0.9848
 ------------------------------------------------------------------------------

wrapping first mol.:       11.43063       16.16535       27.99920
wrapping first mol.:       11.43063       16.16535       27.99920

 NSTEP =    53900   TIME(PS) =     107.800  TEMP(K) =   299.62  PRESS =   -55.2
 Etot   =     -7896.6700  EKtot   =      1827.2845  EPtot      =     -9723.9546
 BOND   =         3.0270  ANGLE   =         7.5531  DIHED      =         4.3885
 UB     =         0.0000  IMP     =         0.0000  CMAP       =        -0.2215
 1-4 NB =         3.7849  1-4 EEL =        47.6079  VDWAALS    =      1421.0365
 EELEC  =    -11211.1310  EHBOND  =         0.0000  RESTRAINT  =         0.0000
 EKCMT  =       910.7603  VIRIAL  =       947.7908  VOLUME     =     31042.3173
                                                    Density    =         0.9849
 ------------------------------------------------------------------------------

wrapping first mol.:       11.43873       16.17681       28.01905
wrapping first mol.:       11.43873       16.17681       28.01905

 NSTEP =    54000   TIME(PS) =     108.000  TEMP(K) =   298.61  PRESS =   -70.1
 Etot   =     -7908.7621  EKtot   =      1821.1538  EPtot      =     -9729.9159
 BOND   =         2.6407  ANGLE   =        10.6453  DIHED      =         3.9409
 UB     =         0.0000  IMP     =         0.0000  CMAP       =        -0.4228
 1-4 NB =         3.1732  1-4 EEL =        43.6744  VDWAALS    =      1428.7352
 EELEC  =    -11222.3027  EHBOND  =         0.0000  RESTRAINT  =         0.0000
 EKCMT  =       943.1572  VIRIAL  =       990.2300  VOLUME     =     31108.4254
                                                    Density    =         0.9829
 ------------------------------------------------------------------------------

wrapping first mol.:       11.44042       16.17920       28.02319
wrapping first mol.:       11.44042       16.17920       28.02319

 NSTEP =    54100   TIME(PS) =     108.200  TEMP(K) =   289.88  PRESS =   503.2
 Etot   =     -7957.9729  EKtot   =      1767.9072  EPtot      =     -9725.8801
 BOND   =         2.5789  ANGLE   =        11.8884  DIHED      =         6.2128
 UB     =         0.0000  IMP     =         0.0000  CMAP       =        -0.2105
 1-4 NB =         2.9917  1-4 EEL =        43.3845  VDWAALS    =      1514.4603
 EELEC  =    -11307.1862  EHBOND  =         0.0000  RESTRAINT  =         0.0000
 EKCMT  =       864.3458  VIRIAL  =       526.2320  VOLUME     =     31120.6273
                                                    Density    =         0.9825
 ------------------------------------------------------------------------------

wrapping first mol.:       11.44832       16.19037       28.04254
wrapping first mol.:       11.44832       16.19037       28.04254

 NSTEP =    54200   TIME(PS) =     108.400  TEMP(K) =   301.48  PRESS =  -347.1
 Etot   =     -7935.2912  EKtot   =      1838.6392  EPtot      =     -9773.9304
 BOND   =         1.9560  ANGLE   =         7.9408  DIHED      =         5.8362
 UB     =         0.0000  IMP     =         0.0000  CMAP       =         0.2209
 1-4 NB =         3.5679  1-4 EEL =        45.5145  VDWAALS    =      1414.0045
 EELEC  =    -11252.9711  EHBOND  =         0.0000  RESTRAINT  =         0.0000
 EKCMT  =       913.0311  VIRIAL  =      1146.7837  VOLUME     =     31187.4933
                                                    Density    =         0.9804
 ------------------------------------------------------------------------------

wrapping first mol.:       11.45376       16.19806       28.05586
wrapping first mol.:       11.45376       16.19806       28.05586

 NSTEP =    54300   TIME(PS) =     108.600  TEMP(K) =   294.16  PRESS =   388.7
 Etot   =     -7939.3170  EKtot   =      1793.9922  EPtot      =     -9733.3092
 BOND   =         3.0101  ANGLE   =         8.0400  DIHED      =         4.4806
 UB     =         0.0000  IMP     =         0.0000  CMAP       =         0.8838
 1-4 NB =         3.7080  1-4 EEL =        46.9004  VDWAALS    =      1511.7411
 EELEC  =    -11312.0732  EHBOND  =         0.0000  RESTRAINT  =         0.0000
 EKCMT  =       880.4426  VIRIAL  =       618.3351  VOLUME     =     31229.9176
                                                    Density    =         0.9790
 ------------------------------------------------------------------------------

wrapping first mol.:       11.45721       16.20294       28.06431
wrapping first mol.:       11.45721       16.20294       28.06431

 NSTEP =    54400   TIME(PS) =     108.800  TEMP(K) =   304.88  PRESS =  -394.6
 Etot   =     -7915.2162  EKtot   =      1859.3928  EPtot      =     -9774.6090
 BOND   =         3.7017  ANGLE   =        14.4779  DIHED      =         3.9397
 UB     =         0.0000  IMP     =         0.0000  CMAP       =         1.6437
 1-4 NB =         3.8703  1-4 EEL =        40.8113  VDWAALS    =      1404.5297
 EELEC  =    -11247.5834  EHBOND  =         0.0000  RESTRAINT  =         0.0000
 EKCMT  =       930.3719  VIRIAL  =      1196.7258  VOLUME     =     31260.3157
                                                    Density    =         0.9781
 ------------------------------------------------------------------------------

wrapping first mol.:       11.46023       16.20721       28.07171
wrapping first mol.:       11.46023       16.20721       28.07171

 NSTEP =    54500   TIME(PS) =     109.000  TEMP(K) =   302.89  PRESS =   114.0
 Etot   =     -7889.4671  EKtot   =      1847.2520  EPtot      =     -9736.7191
 BOND   =         5.1174  ANGLE   =         9.7299  DIHED      =         3.7718
 UB     =         0.0000  IMP     =         0.0000  CMAP       =         0.9542
 1-4 NB =         2.5538  1-4 EEL =        43.6229  VDWAALS    =      1486.1925
 EELEC  =    -11288.6617  EHBOND  =         0.0000  RESTRAINT  =         0.0000
 EKCMT  =       906.0140  VIRIAL  =       829.0110  VOLUME     =     31283.6183
                                                    Density    =         0.9773
 ------------------------------------------------------------------------------

wrapping first mol.:       11.46387       16.21236       28.08063
wrapping first mol.:       11.46387       16.21236       28.08063

 NSTEP =    54600   TIME(PS) =     109.200  TEMP(K) =   299.43  PRESS =   395.4
 Etot   =     -7889.1218  EKtot   =      1826.1486  EPtot      =     -9715.2704
 BOND   =         3.9207  ANGLE   =         9.3084  DIHED      =         3.9428
 UB     =         0.0000  IMP     =         0.0000  CMAP       =         1.7915
 1-4 NB =         2.7484  1-4 EEL =        48.2684  VDWAALS    =      1508.9710
 EELEC  =    -11294.2214  EHBOND  =         0.0000  RESTRAINT  =         0.0000
 EKCMT  =       886.8569  VIRIAL  =       619.5603  VOLUME     =     31312.6830
                                                    Density    =         0.9764
 ------------------------------------------------------------------------------

wrapping first mol.:       11.46387       16.21236       28.08062
wrapping first mol.:       11.46387       16.21236       28.08062

 NSTEP =    54700   TIME(PS) =     109.400  TEMP(K) =   294.46  PRESS =  -190.4
 Etot   =     -7874.6443  EKtot   =      1795.7991  EPtot      =     -9670.4434
 BOND   =         3.2982  ANGLE   =         7.3226  DIHED      =         5.0427
 UB     =         0.0000  IMP     =         0.0000  CMAP       =         1.3951
 1-4 NB =         2.8791  1-4 EEL =        47.3090  VDWAALS    =      1423.7625
 EELEC  =    -11161.4526  EHBOND  =         0.0000  RESTRAINT  =         0.0000
 EKCMT  =       870.6097  VIRIAL  =       999.3279  VOLUME     =     31314.2865
                                                    Density    =         0.9764
 ------------------------------------------------------------------------------

wrapping first mol.:       11.46015       16.20710       28.07152
wrapping first mol.:       11.46015       16.20710       28.07152

 NSTEP =    54800   TIME(PS) =     109.600  TEMP(K) =   307.41  PRESS =  -462.3
 Etot   =     -7832.7988  EKtot   =      1874.8018  EPtot      =     -9707.6006
 BOND   =         1.9310  ANGLE   =        11.0439  DIHED      =         6.2721
 UB     =         0.0000  IMP     =         0.0000  CMAP       =         1.0469
 1-4 NB =         2.2234  1-4 EEL =        42.3854  VDWAALS    =      1379.7003
 EELEC  =    -11152.2037  EHBOND  =         0.0000  RESTRAINT  =         0.0000
 EKCMT  =       921.6128  VIRIAL  =      1233.8787  VOLUME     =     31284.5917
                                                    Density    =         0.9773
 ------------------------------------------------------------------------------

wrapping first mol.:       11.45409       16.19854       28.05668
wrapping first mol.:       11.45409       16.19854       28.05668

 NSTEP =    54900   TIME(PS) =     109.800  TEMP(K) =   299.78  PRESS =  -228.9
 Etot   =     -7827.3886  EKtot   =      1828.2568  EPtot      =     -9655.6454
 BOND   =         3.6978  ANGLE   =         7.7890  DIHED      =         3.7518
 UB     =         0.0000  IMP     =         0.0000  CMAP       =        -0.0290
 1-4 NB =         3.4356  1-4 EEL =        45.2273  VDWAALS    =      1383.7411
 EELEC  =    -11103.2590  EHBOND  =         0.0000  RESTRAINT  =         0.0000
 EKCMT  =       916.4369  VIRIAL  =      1070.8322  VOLUME     =     31234.3810
                                                    Density    =         0.9789
 ------------------------------------------------------------------------------

wrapping first mol.:       11.44650       16.18779       28.03807
wrapping first mol.:       11.44650       16.18779       28.03807

 NSTEP =    55000   TIME(PS) =     110.000  TEMP(K) =   300.53  PRESS =    62.9
 Etot   =     -7822.8786  EKtot   =      1832.8573  EPtot      =     -9655.7359
 BOND   =         2.5814  ANGLE   =         6.5037  DIHED      =         3.3365
 UB     =         0.0000  IMP     =         0.0000  CMAP       =         0.6294
 1-4 NB =         3.8284  1-4 EEL =        48.7157  VDWAALS    =      1420.7643
 EELEC  =    -11142.0954  EHBOND  =         0.0000  RESTRAINT  =         0.0000
 EKCMT  =       914.7052  VIRIAL  =       872.3465  VOLUME     =     31171.4423
                                                    Density    =         0.9809
 ------------------------------------------------------------------------------

wrapping first mol.:       11.45491       16.19969       28.05868
wrapping first mol.:       11.45491       16.19969       28.05868

 NSTEP =    55100   TIME(PS) =     110.200  TEMP(K) =   303.92  PRESS =   104.1
 Etot   =     -7871.7096  EKtot   =      1853.5294  EPtot      =     -9725.2390
 BOND   =         1.6489  ANGLE   =         8.4936  DIHED      =         4.5786
 UB     =         0.0000  IMP     =         0.0000  CMAP       =         0.0357
 1-4 NB =         4.2510  1-4 EEL =        47.0306  VDWAALS    =      1465.0190
 EELEC  =    -11256.2963  EHBOND  =         0.0000  RESTRAINT  =         0.0000
 EKCMT  =       906.2019  VIRIAL  =       835.9846  VOLUME     =     31240.1329
                                                    Density    =         0.9787
 ------------------------------------------------------------------------------

wrapping first mol.:       11.45970       16.20646       28.07041
wrapping first mol.:       11.45970       16.20646       28.07041

 NSTEP =    55200   TIME(PS) =     110.400  TEMP(K) =   302.50  PRESS =  -322.6
 Etot   =     -7859.6720  EKtot   =      1844.8354  EPtot      =     -9704.5075
 BOND   =         0.9418  ANGLE   =         7.9814  DIHED      =         4.5946
 UB     =         0.0000  IMP     =         0.0000  CMAP       =         1.0664
 1-4 NB =         2.8598  1-4 EEL =        45.9616  VDWAALS    =      1388.9990
 EELEC  =    -11156.9122  EHBOND  =         0.0000  RESTRAINT  =         0.0000
 EKCMT  =       937.4912  VIRIAL  =      1155.3538  VOLUME     =     31280.4950
                                                    Density    =         0.9774
 ------------------------------------------------------------------------------

wrapping first mol.:       11.46045       16.20753       28.07225
wrapping first mol.:       11.46045       16.20753       28.07225

 NSTEP =    55300   TIME(PS) =     110.600  TEMP(K) =   301.42  PRESS =  -190.7
 Etot   =     -7904.8972  EKtot   =      1838.2863  EPtot      =     -9743.1834
 BOND   =         2.8985  ANGLE   =         7.8426  DIHED      =         3.7484
 UB     =         0.0000  IMP     =         0.0000  CMAP       =         0.4621
 1-4 NB =         2.9470  1-4 EEL =        44.2464  VDWAALS    =      1436.0315
 EELEC  =    -11241.3599  EHBOND  =         0.0000  RESTRAINT  =         0.0000
 EKCMT  =       929.2242  VIRIAL  =      1058.0136  VOLUME     =     31286.3051
                                                    Density    =         0.9773
 ------------------------------------------------------------------------------

wrapping first mol.:       11.44598       16.18705       28.03680
wrapping first mol.:       11.44598       16.18705       28.03680

 NSTEP =    55400   TIME(PS) =     110.800  TEMP(K) =   301.11  PRESS =  -232.3
 Etot   =     -7871.6148  EKtot   =      1836.3478  EPtot      =     -9707.9626
 BOND   =         4.5503  ANGLE   =         9.0346  DIHED      =         3.7729
 UB     =         0.0000  IMP     =         0.0000  CMAP       =         0.4085
 1-4 NB =         3.8146  1-4 EEL =        41.2414  VDWAALS    =      1406.8523
 EELEC  =    -11177.6373  EHBOND  =         0.0000  RESTRAINT  =         0.0000
 EKCMT  =       928.9697  VIRIAL  =      1085.3038  VOLUME     =     31168.0152
                                                    Density    =         0.9810
 ------------------------------------------------------------------------------

wrapping first mol.:       11.44926       16.19170       28.04485
wrapping first mol.:       11.44926       16.19170       28.04485

 NSTEP =    55500   TIME(PS) =     111.000  TEMP(K) =   304.52  PRESS =   -26.1
 Etot   =     -7831.6814  EKtot   =      1857.1559  EPtot      =     -9688.8373
 BOND   =         4.3215  ANGLE   =         7.7402  DIHED      =         4.1183
 UB     =         0.0000  IMP     =         0.0000  CMAP       =         0.4964
 1-4 NB =         2.7927  1-4 EEL =        45.9082  VDWAALS    =      1414.6469
 EELEC  =    -11168.8615  EHBOND  =         0.0000  RESTRAINT  =         0.0000
 EKCMT  =       935.4995  VIRIAL  =       953.0832  VOLUME     =     31194.3030
                                                    Density    =         0.9801
 ------------------------------------------------------------------------------

wrapping first mol.:       11.45179       16.19527       28.05103
wrapping first mol.:       11.45179       16.19527       28.05103

 NSTEP =    55600   TIME(PS) =     111.200  TEMP(K) =   298.24  PRESS =   147.2
 Etot   =     -7867.7242  EKtot   =      1818.8956  EPtot      =     -9686.6199
 BOND   =         3.1961  ANGLE   =         8.3299  DIHED      =         4.2314
 UB     =         0.0000  IMP     =         0.0000  CMAP       =         0.0041
 1-4 NB =         4.0292  1-4 EEL =        45.3381  VDWAALS    =      1459.8481
 EELEC  =    -11211.5968  EHBOND  =         0.0000  RESTRAINT  =         0.0000
 EKCMT  =       879.6280  VIRIAL  =       780.4034  VOLUME     =     31214.4680
                                                    Density    =         0.9795
 ------------------------------------------------------------------------------

wrapping first mol.:       11.44935       16.19183       28.04507
wrapping first mol.:       11.44935       16.19183       28.04507

 NSTEP =    55700   TIME(PS) =     111.400  TEMP(K) =   293.18  PRESS =  -578.3
 Etot   =     -7906.6869  EKtot   =      1788.0299  EPtot      =     -9694.7168
 BOND   =         3.7334  ANGLE   =         9.7281  DIHED      =         3.0898
 UB     =         0.0000  IMP     =         0.0000  CMAP       =         0.1313
 1-4 NB =         4.0552  1-4 EEL =        43.6896  VDWAALS    =      1365.0012
 EELEC  =    -11124.1456  EHBOND  =         0.0000  RESTRAINT  =         0.0000
 EKCMT  =       909.9828  VIRIAL  =      1299.5162  VOLUME     =     31196.5913
                                                    Density    =         0.9801
 ------------------------------------------------------------------------------

wrapping first mol.:       11.44752       16.18923       28.04057
wrapping first mol.:       11.44752       16.18923       28.04057

 NSTEP =    55800   TIME(PS) =     111.600  TEMP(K) =   300.64  PRESS =    61.9
 Etot   =     -7925.5511  EKtot   =      1833.5193  EPtot      =     -9759.0703
 BOND   =         3.3991  ANGLE   =         9.4105  DIHED      =         4.5945
 UB     =         0.0000  IMP     =         0.0000  CMAP       =         0.9992
 1-4 NB =         2.5176  1-4 EEL =        45.1373  VDWAALS    =      1462.4953
 EELEC  =    -11287.6239  EHBOND  =         0.0000  RESTRAINT  =         0.0000
 EKCMT  =       924.2641  VIRIAL  =       882.6173  VOLUME     =     31179.7931
                                                    Density    =         0.9806
 ------------------------------------------------------------------------------

wrapping first mol.:       11.45624       16.20157       28.06195
wrapping first mol.:       11.45624       16.20157       28.06195

 NSTEP =    55900   TIME(PS) =     111.800  TEMP(K) =   297.06  PRESS =   298.8
 Etot   =     -7910.1849  EKtot   =      1811.6912  EPtot      =     -9721.8761
 BOND   =         5.7221  ANGLE   =        10.3735  DIHED      =         5.6195
 UB     =         0.0000  IMP     =         0.0000  CMAP       =         0.7415
 1-4 NB =         2.8322  1-4 EEL =        45.0716  VDWAALS    =      1496.8051
 EELEC  =    -11289.0415  EHBOND  =         0.0000  RESTRAINT  =         0.0000
 EKCMT  =       917.3535  VIRIAL  =       715.7386  VOLUME     =     31250.4933
                                                    Density    =         0.9784
 ------------------------------------------------------------------------------

wrapping first mol.:       11.45317       16.19723       28.05441
wrapping first mol.:       11.45317       16.19723       28.05441

 NSTEP =    56000   TIME(PS) =     112.000  TEMP(K) =   300.18  PRESS =    73.1
 Etot   =     -7912.7750  EKtot   =      1830.6934  EPtot      =     -9743.4684
 BOND   =         3.8469  ANGLE   =         5.6169  DIHED      =         4.6023
 UB     =         0.0000  IMP     =         0.0000  CMAP       =         1.1472
 1-4 NB =         2.1454  1-4 EEL =        46.0357  VDWAALS    =      1472.8738
 EELEC  =    -11279.7366  EHBOND  =         0.0000  RESTRAINT  =         0.0000
 EKCMT  =       894.4929  VIRIAL  =       845.2064  VOLUME     =     31225.9599
                                                    Density    =         0.9792
 ------------------------------------------------------------------------------

wrapping first mol.:       11.45343       16.19760       28.05506
wrapping first mol.:       11.45343       16.19760       28.05506

 NSTEP =    56100   TIME(PS) =     112.200  TEMP(K) =   305.23  PRESS =   -76.8
 Etot   =     -7850.2896  EKtot   =      1861.5234  EPtot      =     -9711.8130
 BOND   =         2.2512  ANGLE   =         9.9761  DIHED      =         5.4954
 UB     =         0.0000  IMP     =         0.0000  CMAP       =         1.3623
 1-4 NB =         2.1155  1-4 EEL =        45.7124  VDWAALS    =      1431.3424
 EELEC  =    -11210.0684  EHBOND  =         0.0000  RESTRAINT  =         0.0000
 EKCMT  =       935.7370  VIRIAL  =       987.4903  VOLUME     =     31228.5375
                                                    Density    =         0.9791
 ------------------------------------------------------------------------------

wrapping first mol.:       11.44712       16.18867       28.03959
wrapping first mol.:       11.44712       16.18867       28.03959

 NSTEP =    56200   TIME(PS) =     112.400  TEMP(K) =   296.25  PRESS =  -543.2
 Etot   =     -7864.1291  EKtot   =      1806.7228  EPtot      =     -9670.8519
 BOND   =         0.8362  ANGLE   =         9.6135  DIHED      =         5.2861
 UB     =         0.0000  IMP     =         0.0000  CMAP       =         0.5725
 1-4 NB =         4.9507  1-4 EEL =        49.0431  VDWAALS    =      1348.4405
 EELEC  =    -11089.5945  EHBOND  =         0.0000  RESTRAINT  =         0.0000
 EKCMT  =       913.1550  VIRIAL  =      1278.8126  VOLUME     =     31178.2021
                                                    Density    =         0.9807
 ------------------------------------------------------------------------------

wrapping first mol.:       11.44352       16.18357       28.03077
wrapping first mol.:       11.44352       16.18357       28.03077

 NSTEP =    56300   TIME(PS) =     112.600  TEMP(K) =   299.05  PRESS =  -162.1
 Etot   =     -7786.7144  EKtot   =      1823.8308  EPtot      =     -9610.5452
 BOND   =         2.1540  ANGLE   =         7.6356  DIHED      =         6.4196
 UB     =         0.0000  IMP     =         0.0000  CMAP       =         0.1573
 1-4 NB =         3.1600  1-4 EEL =        44.4334  VDWAALS    =      1365.9632
 EELEC  =    -11040.4683  EHBOND  =         0.0000  RESTRAINT  =         0.0000
 EKCMT  =       908.5657  VIRIAL  =      1017.5913  VOLUME     =     31147.7273
                                                    Density    =         0.9816
 ------------------------------------------------------------------------------

wrapping first mol.:       11.42755       16.16099       27.99165
wrapping first mol.:       11.42755       16.16099       27.99165

 NSTEP =    56400   TIME(PS) =     112.800  TEMP(K) =   306.29  PRESS =   -55.3
 Etot   =     -7811.8013  EKtot   =      1867.9509  EPtot      =     -9679.7523
 BOND   =         3.4233  ANGLE   =         5.7751  DIHED      =         3.7587
 UB     =         0.0000  IMP     =         0.0000  CMAP       =         0.4158
 1-4 NB =         4.1567  1-4 EEL =        46.0090  VDWAALS    =      1417.9612
 EELEC  =    -11161.2521  EHBOND  =         0.0000  RESTRAINT  =         0.0000
 EKCMT  =       914.8165  VIRIAL  =       951.8197  VOLUME     =     31017.2142
                                                    Density    =         0.9857
 ------------------------------------------------------------------------------

wrapping first mol.:       11.43210       16.16743       28.00281
wrapping first mol.:       11.43210       16.16743       28.00281

 NSTEP =    56500   TIME(PS) =     113.000  TEMP(K) =   304.93  PRESS =   347.4
 Etot   =     -7819.1971  EKtot   =      1859.6521  EPtot      =     -9678.8492
 BOND   =         4.3682  ANGLE   =         6.0931  DIHED      =         4.4311
 UB     =         0.0000  IMP     =         0.0000  CMAP       =         0.5878
 1-4 NB =         4.1465  1-4 EEL =        46.2628  VDWAALS    =      1466.3602
 EELEC  =    -11211.0990  EHBOND  =         0.0000  RESTRAINT  =         0.0000
 EKCMT  =       907.7815  VIRIAL  =       674.8795  VOLUME     =     31053.2146
                                                    Density    =         0.9846
 ------------------------------------------------------------------------------

wrapping first mol.:       11.43870       16.17676       28.01897
wrapping first mol.:       11.43870       16.17676       28.01897

 NSTEP =    56600   TIME(PS) =     113.200  TEMP(K) =   313.86  PRESS =  -316.1
 Etot   =     -7802.9073  EKtot   =      1914.1652  EPtot      =     -9717.0724
 BOND   =         2.3098  ANGLE   =         6.3613  DIHED      =         4.8207
 UB     =         0.0000  IMP     =         0.0000  CMAP       =         0.2665
 1-4 NB =         3.3892  1-4 EEL =        47.0540  VDWAALS    =      1385.2622
 EELEC  =    -11166.5361  EHBOND  =         0.0000  RESTRAINT  =         0.0000
 EKCMT  =       956.8960  VIRIAL  =      1169.2215  VOLUME     =     31108.8252
                                                    Density    =         0.9828
 ------------------------------------------------------------------------------

wrapping first mol.:       11.43051       16.16519       27.99892
wrapping first mol.:       11.43051       16.16519       27.99892

 NSTEP =    56700   TIME(PS) =     113.400  TEMP(K) =   305.71  PRESS =   127.3
 Etot   =     -7836.4860  EKtot   =      1864.4568  EPtot      =     -9700.9428
 BOND   =         1.4492  ANGLE   =         9.4501  DIHED      =         2.9889
 UB     =         0.0000  IMP     =         0.0000  CMAP       =         0.8945
 1-4 NB =         4.4221  1-4 EEL =        45.6201  VDWAALS    =      1433.6142
 EELEC  =    -11199.3819  EHBOND  =         0.0000  RESTRAINT  =         0.0000
 EKCMT  =       930.4046  VIRIAL  =       845.1076  VOLUME     =     31040.8848
                                                    Density    =         0.9850
 ------------------------------------------------------------------------------

wrapping first mol.:       11.43484       16.17130       28.00952
wrapping first mol.:       11.43484       16.17130       28.00952

 NSTEP =    56800   TIME(PS) =     113.600  TEMP(K) =   306.04  PRESS =  -193.6
 Etot   =     -7862.6726  EKtot   =      1866.4233  EPtot      =     -9729.0959
 BOND   =         3.8530  ANGLE   =        10.9834  DIHED      =         6.3846
 UB     =         0.0000  IMP     =         0.0000  CMAP       =         0.4354
 1-4 NB =         2.5412  1-4 EEL =        45.3010  VDWAALS    =      1410.7260
 EELEC  =    -11209.3206  EHBOND  =         0.0000  RESTRAINT  =         0.0000
 EKCMT  =       908.2076  VIRIAL  =      1038.1278  VOLUME     =     31077.0190
                                                    Density    =         0.9838
 ------------------------------------------------------------------------------

wrapping first mol.:       11.44126       16.18038       28.02525
wrapping first mol.:       11.44126       16.18038       28.02525

 NSTEP =    56900   TIME(PS) =     113.800  TEMP(K) =   302.88  PRESS =   -49.8
 Etot   =     -7861.6759  EKtot   =      1847.1992  EPtot      =     -9708.8751
 BOND   =         4.0203  ANGLE   =        11.4137  DIHED      =         5.5736
 UB     =         0.0000  IMP     =         0.0000  CMAP       =        -0.1535
 1-4 NB =         5.5670  1-4 EEL =        46.8505  VDWAALS    =      1431.4199
 EELEC  =    -11213.5665  EHBOND  =         0.0000  RESTRAINT  =         0.0000
 EKCMT  =       923.2536  VIRIAL  =       956.7307  VOLUME     =     31129.0035
                                                    Density    =         0.9822
 ------------------------------------------------------------------------------

wrapping first mol.:       11.44195       16.18136       28.02694
wrapping first mol.:       11.44195       16.18136       28.02694

 NSTEP =    57000   TIME(PS) =     114.000  TEMP(K) =   310.18  PRESS =    99.6
 Etot   =     -7867.1335  EKtot   =      1891.7133  EPtot      =     -9758.8468
 BOND   =         2.0570  ANGLE   =         8.4020  DIHED      =         3.6533
 UB     =         0.0000  IMP     =         0.0000  CMAP       =         0.2836
 1-4 NB =         3.0150  1-4 EEL =        45.1323  VDWAALS    =      1465.3324
 EELEC  =    -11286.7224  EHBOND  =         0.0000  RESTRAINT  =         0.0000
 EKCMT  =       933.8909  VIRIAL  =       866.9638  VOLUME     =     31134.2267
                                                    Density    =         0.9820
 ------------------------------------------------------------------------------

wrapping first mol.:       11.44593       16.18698       28.03668
wrapping first mol.:       11.44593       16.18698       28.03668

 NSTEP =    57100   TIME(PS) =     114.200  TEMP(K) =   293.86  PRESS =   -33.8
 Etot   =     -7862.3925  EKtot   =      1792.1807  EPtot      =     -9654.5732
 BOND   =         1.1778  ANGLE   =         8.3990  DIHED      =         4.6649
 UB     =         0.0000  IMP     =         0.0000  CMAP       =         1.5419
 1-4 NB =         3.1331  1-4 EEL =        46.8289  VDWAALS    =      1405.1683
 EELEC  =    -11125.4872  EHBOND  =         0.0000  RESTRAINT  =         0.0000
 EKCMT  =       897.6179  VIRIAL  =       920.3870  VOLUME     =     31167.0616
                                                    Density    =         0.9810
 ------------------------------------------------------------------------------

wrapping first mol.:       11.44976       16.19240       28.04606
wrapping first mol.:       11.44976       16.19240       28.04606

 NSTEP =    57200   TIME(PS) =     114.400  TEMP(K) =   299.18  PRESS =   419.2
 Etot   =     -7883.5374  EKtot   =      1824.6279  EPtot      =     -9708.1653
 BOND   =         0.7954  ANGLE   =         6.3848  DIHED      =         4.5555
 UB     =         0.0000  IMP     =         0.0000  CMAP       =         0.2381
 1-4 NB =         3.4641  1-4 EEL =        44.1197  VDWAALS    =      1493.4629
 EELEC  =    -11261.1859  EHBOND  =         0.0000  RESTRAINT  =         0.0000
 EKCMT  =       903.3722  VIRIAL  =       621.0097  VOLUME     =     31197.1050
                                                    Density    =         0.9801
 ------------------------------------------------------------------------------

wrapping first mol.:       11.45472       16.19942       28.05822
wrapping first mol.:       11.45472       16.19942       28.05822

 NSTEP =    57300   TIME(PS) =     114.600  TEMP(K) =   298.72  PRESS =   -37.3
 Etot   =     -7871.5587  EKtot   =      1821.7979  EPtot      =     -9693.3565
 BOND   =         2.8643  ANGLE   =         6.9431  DIHED      =         4.6252
 UB     =         0.0000  IMP     =         0.0000  CMAP       =         0.1267
 1-4 NB =         2.4988  1-4 EEL =        44.0644  VDWAALS    =      1425.3741
 EELEC  =    -11179.8531  EHBOND  =         0.0000  RESTRAINT  =         0.0000
 EKCMT  =       898.1028  VIRIAL  =       923.2616  VOLUME     =     31238.9657
                                                    Density    =         0.9787
 ------------------------------------------------------------------------------

wrapping first mol.:       11.45623       16.20155       28.06191
wrapping first mol.:       11.45623       16.20155       28.06191

 NSTEP =    57400   TIME(PS) =     114.800  TEMP(K) =   303.32  PRESS =   -84.9
 Etot   =     -7788.2231  EKtot   =      1849.8738  EPtot      =     -9638.0969
 BOND   =         6.8725  ANGLE   =        10.7291  DIHED      =         5.0303
 UB     =         0.0000  IMP     =         0.0000  CMAP       =         0.1602
 1-4 NB =         3.1824  1-4 EEL =        41.8947  VDWAALS    =      1401.7225
 EELEC  =    -11107.6886  EHBOND  =         0.0000  RESTRAINT  =         0.0000
 EKCMT  =       956.2932  VIRIAL  =      1013.5535  VOLUME     =     31251.4296
                                                    Density    =         0.9784
 ------------------------------------------------------------------------------

wrapping first mol.:       11.45509       16.19994       28.05912
wrapping first mol.:       11.45509       16.19994       28.05912

 NSTEP =    57500   TIME(PS) =     115.000  TEMP(K) =   297.58  PRESS =   236.1
 Etot   =     -7823.4548  EKtot   =      1814.8245  EPtot      =     -9638.2793
 BOND   =         2.4050  ANGLE   =         8.0611  DIHED      =         4.9327
 UB     =         0.0000  IMP     =         0.0000  CMAP       =         0.2635
 1-4 NB =         2.9112  1-4 EEL =        43.5045  VDWAALS    =      1467.9061
 EELEC  =    -11168.2635  EHBOND  =         0.0000  RESTRAINT  =         0.0000
 EKCMT  =       885.6914  VIRIAL  =       726.4311  VOLUME     =     31241.2254
                                                    Density    =         0.9787
 ------------------------------------------------------------------------------

wrapping first mol.:       11.46215       16.20993       28.07642
wrapping first mol.:       11.46215       16.20993       28.07642

 NSTEP =    57600   TIME(PS) =     115.200  TEMP(K) =   298.48  PRESS =   435.3
 Etot   =     -7801.4786  EKtot   =      1820.3434  EPtot      =     -9621.8220
 BOND   =         1.3288  ANGLE   =         9.1784  DIHED      =         5.6218
 UB     =         0.0000  IMP     =         0.0000  CMAP       =         0.9983
 1-4 NB =         3.9300  1-4 EEL =        46.5802  VDWAALS    =      1467.3359
 EELEC  =    -11156.7955  EHBOND  =         0.0000  RESTRAINT  =         0.0000
 EKCMT  =       931.3549  VIRIAL  =       637.2037  VOLUME     =     31298.4726
                                                    Density    =         0.9769
 ------------------------------------------------------------------------------

wrapping first mol.:       11.47415       16.22690       28.10581
wrapping first mol.:       11.47415       16.22690       28.10581

 NSTEP =    57700   TIME(PS) =     115.400  TEMP(K) =   306.55  PRESS =    15.1
 Etot   =     -7807.2264  EKtot   =      1869.5754  EPtot      =     -9676.8018
 BOND   =         2.3005  ANGLE   =         6.5319  DIHED      =         4.5971
 UB     =         0.0000  IMP     =         0.0000  CMAP       =         0.8172
 1-4 NB =         4.8534  1-4 EEL =        49.0965  VDWAALS    =      1442.0057
 EELEC  =    -11187.0041  EHBOND  =         0.0000  RESTRAINT  =         0.0000
 EKCMT  =       951.1043  VIRIAL  =       940.8615  VOLUME     =     31398.0698
                                                    Density    =         0.9738
 ------------------------------------------------------------------------------

wrapping first mol.:       11.47385       16.22647       28.10506
wrapping first mol.:       11.47385       16.22647       28.10506

 NSTEP =    57800   TIME(PS) =     115.600  TEMP(K) =   303.72  PRESS =  -150.1
 Etot   =     -7836.5016  EKtot   =      1852.3190  EPtot      =     -9688.8205
 BOND   =         1.5111  ANGLE   =         8.0225  DIHED      =         5.2381
 UB     =         0.0000  IMP     =         0.0000  CMAP       =         0.2145
 1-4 NB =         4.0830  1-4 EEL =        47.9393  VDWAALS    =      1435.8462
 EELEC  =    -11191.6752  EHBOND  =         0.0000  RESTRAINT  =         0.0000
 EKCMT  =       902.1919  VIRIAL  =      1003.9404  VOLUME     =     31396.0145
                                                    Density    =         0.9739
 ------------------------------------------------------------------------------

wrapping first mol.:       11.47080       16.22215       28.09759
wrapping first mol.:       11.47080       16.22215       28.09759

 NSTEP =    57900   TIME(PS) =     115.800  TEMP(K) =   303.79  PRESS =   -92.8
 Etot   =     -7843.2004  EKtot   =      1852.7202  EPtot      =     -9695.9207
 BOND   =         2.7564  ANGLE   =         6.8345  DIHED      =         4.2500
 UB     =         0.0000  IMP     =         0.0000  CMAP       =         0.3449
 1-4 NB =         4.1302  1-4 EEL =        46.7317  VDWAALS    =      1445.4947
 EELEC  =    -11206.4631  EHBOND  =         0.0000  RESTRAINT  =         0.0000
 EKCMT  =       908.2909  VIRIAL  =       971.1367  VOLUME     =     31370.8224
                                                    Density    =         0.9746
 ------------------------------------------------------------------------------

wrapping first mol.:       11.45789       16.20391       28.06599
wrapping first mol.:       11.45789       16.20391       28.06599

 NSTEP =    58000   TIME(PS) =     116.000  TEMP(K) =   297.57  PRESS =  -299.2
 Etot   =     -7884.8196  EKtot   =      1814.7899  EPtot      =     -9699.6095
 BOND   =         3.4886  ANGLE   =         8.6173  DIHED      =         3.8231
 UB     =         0.0000  IMP     =         0.0000  CMAP       =         0.6690
 1-4 NB =         1.9866  1-4 EEL =        42.8976  VDWAALS    =      1419.5109
 EELEC  =    -11180.6026  EHBOND  =         0.0000  RESTRAINT  =         0.0000
 EKCMT  =       867.1912  VIRIAL  =      1069.2013  VOLUME     =     31265.6672
                                                    Density    =         0.9779
 ------------------------------------------------------------------------------

wrapping first mol.:       11.44598       16.18705       28.03680
wrapping first mol.:       11.44598       16.18705       28.03680

 NSTEP =    58100   TIME(PS) =     116.200  TEMP(K) =   295.81  PRESS =  -201.5
 Etot   =     -7887.1590  EKtot   =      1804.0388  EPtot      =     -9691.1978
 BOND   =         3.6961  ANGLE   =         8.3752  DIHED      =         8.4551
 UB     =         0.0000  IMP     =         0.0000  CMAP       =         0.4991
 1-4 NB =         2.3639  1-4 EEL =        41.7581  VDWAALS    =      1432.6415
 EELEC  =    -11188.9869  EHBOND  =         0.0000  RESTRAINT  =         0.0000
 EKCMT  =       882.3362  VIRIAL  =      1017.9328  VOLUME     =     31167.9308
                                                    Density    =         0.9810
 ------------------------------------------------------------------------------

wrapping first mol.:       11.43230       16.16771       28.00329
wrapping first mol.:       11.43230       16.16771       28.00329

 NSTEP =    58200   TIME(PS) =     116.400  TEMP(K) =   296.39  PRESS =    64.3
 Etot   =     -7878.7636  EKtot   =      1807.5974  EPtot      =     -9686.3610
 BOND   =         4.0858  ANGLE   =         5.9173  DIHED      =         3.7406
 UB     =         0.0000  IMP     =         0.0000  CMAP       =         1.3579
 1-4 NB =         2.7680  1-4 EEL =        46.1176  VDWAALS    =      1435.5447
 EELEC  =    -11185.8930  EHBOND  =         0.0000  RESTRAINT  =         0.0000
 EKCMT  =       919.1738  VIRIAL  =       876.0731  VOLUME     =     31055.5756
                                                    Density    =         0.9845
 ------------------------------------------------------------------------------

wrapping first mol.:       11.43345       16.16934       28.00612
wrapping first mol.:       11.43345       16.16934       28.00612

 NSTEP =    58300   TIME(PS) =     116.600  TEMP(K) =   302.16  PRESS =   139.5
 Etot   =     -7843.6529  EKtot   =      1842.8066  EPtot      =     -9686.4595
 BOND   =         4.1461  ANGLE   =         5.9372  DIHED      =         3.9860
 UB     =         0.0000  IMP     =         0.0000  CMAP       =         0.0480
 1-4 NB =         4.2692  1-4 EEL =        47.0535  VDWAALS    =      1438.6202
 EELEC  =    -11190.5197  EHBOND  =         0.0000  RESTRAINT  =         0.0000
 EKCMT  =       913.6719  VIRIAL  =       820.0777  VOLUME     =     31064.7860
                                                    Density    =         0.9842
 ------------------------------------------------------------------------------

wrapping first mol.:       11.43688       16.17419       28.01452
wrapping first mol.:       11.43688       16.17419       28.01452

 NSTEP =    58400   TIME(PS) =     116.800  TEMP(K) =   303.23  PRESS =  -144.3
 Etot   =     -7846.2914  EKtot   =      1849.3013  EPtot      =     -9695.5927
 BOND   =         3.9191  ANGLE   =         5.4179  DIHED      =         3.4980
 UB     =         0.0000  IMP     =         0.0000  CMAP       =         0.6934
 1-4 NB =         2.4926  1-4 EEL =        44.4719  VDWAALS    =      1403.3690
 EELEC  =    -11159.4547  EHBOND  =         0.0000  RESTRAINT  =         0.0000
 EKCMT  =       916.9247  VIRIAL  =      1013.8321  VOLUME     =     31093.5411
                                                    Density    =         0.9833
 ------------------------------------------------------------------------------

wrapping first mol.:       11.43722       16.17467       28.01534
wrapping first mol.:       11.43722       16.17467       28.01534

 NSTEP =    58500   TIME(PS) =     117.000  TEMP(K) =   295.77  PRESS =   167.8
 Etot   =     -7874.6594  EKtot   =      1803.7949  EPtot      =     -9678.4543
 BOND   =         2.9640  ANGLE   =         5.2269  DIHED      =         5.3201
 UB     =         0.0000  IMP     =         0.0000  CMAP       =         1.9056
 1-4 NB =         3.1957  1-4 EEL =        43.6943  VDWAALS    =      1456.0487
 EELEC  =    -11196.8095  EHBOND  =         0.0000  RESTRAINT  =         0.0000
 EKCMT  =       890.0465  VIRIAL  =       777.3898  VOLUME     =     31095.4134
                                                    Density    =         0.9833
 ------------------------------------------------------------------------------

wrapping first mol.:       11.43690       16.17422       28.01456
wrapping first mol.:       11.43690       16.17422       28.01456

 NSTEP =    58600   TIME(PS) =     117.200  TEMP(K) =   302.28  PRESS =  -166.8
 Etot   =     -7920.3725  EKtot   =      1843.5154  EPtot      =     -9763.8879
 BOND   =         3.2631  ANGLE   =         6.8169  DIHED      =         3.9671
 UB     =         0.0000  IMP     =         0.0000  CMAP       =         1.5300
 1-4 NB =         4.1072  1-4 EEL =        44.2945  VDWAALS    =      1445.7830
 EELEC  =    -11273.6497  EHBOND  =         0.0000  RESTRAINT  =         0.0000
 EKCMT  =       909.7708  VIRIAL  =      1021.7830  VOLUME     =     31093.7430
                                                    Density    =         0.9833
 ------------------------------------------------------------------------------

wrapping first mol.:       11.44065       16.17952       28.02375
wrapping first mol.:       11.44065       16.17952       28.02375

 NSTEP =    58700   TIME(PS) =     117.400  TEMP(K) =   298.27  PRESS =  -138.0
 Etot   =     -7910.8825  EKtot   =      1819.0840  EPtot      =     -9729.9665
 BOND   =         4.1401  ANGLE   =         7.1078  DIHED      =         3.4538
 UB     =         0.0000  IMP     =         0.0000  CMAP       =         0.7912
 1-4 NB =         3.5747  1-4 EEL =        48.6729  VDWAALS    =      1432.7203
 EELEC  =    -11230.4273  EHBOND  =         0.0000  RESTRAINT  =         0.0000
 EKCMT  =       901.8266  VIRIAL  =       994.5655  VOLUME     =     31124.2498
                                                    Density    =         0.9824
 ------------------------------------------------------------------------------

wrapping first mol.:       11.44833       16.19039       28.04257
wrapping first mol.:       11.44833       16.19039       28.04257

 NSTEP =    58800   TIME(PS) =     117.600  TEMP(K) =   296.15  PRESS =   218.1
 Etot   =     -7938.6126  EKtot   =      1806.1296  EPtot      =     -9744.7423
 BOND   =         2.6910  ANGLE   =         9.5922  DIHED      =         5.2614
 UB     =         0.0000  IMP     =         0.0000  CMAP       =         0.7972
 1-4 NB =         2.6257  1-4 EEL =        43.8951  VDWAALS    =      1491.0168
 EELEC  =    -11300.6217  EHBOND  =         0.0000  RESTRAINT  =         0.0000
 EKCMT  =       920.0858  VIRIAL  =       773.2414  VOLUME     =     31186.0160
                                                    Density    =         0.9804
 ------------------------------------------------------------------------------

wrapping first mol.:       11.45916       16.20569       28.06908
wrapping first mol.:       11.45916       16.20569       28.06908

 NSTEP =    58900   TIME(PS) =     117.800  TEMP(K) =   295.81  PRESS =  -128.4
 Etot   =     -7932.2575  EKtot   =      1804.0408  EPtot      =     -9736.2982
 BOND   =         3.9643  ANGLE   =         9.4160  DIHED      =         4.7782
 UB     =         0.0000  IMP     =         0.0000  CMAP       =         0.9138
 1-4 NB =         3.5976  1-4 EEL =        42.3364  VDWAALS    =      1440.9114
 EELEC  =    -11242.2160  EHBOND  =         0.0000  RESTRAINT  =         0.0000
 EKCMT  =       896.9151  VIRIAL  =       983.6369  VOLUME     =     31275.5199
                                                    Density    =         0.9776
 ------------------------------------------------------------------------------

wrapping first mol.:       11.44964       16.19224       28.04577
wrapping first mol.:       11.44964       16.19224       28.04577

 NSTEP =    59000   TIME(PS) =     118.000  TEMP(K) =   299.14  PRESS =   482.6
 Etot   =     -7892.3462  EKtot   =      1824.3501  EPtot      =     -9716.6963
 BOND   =         3.2585  ANGLE   =         4.5227  DIHED      =         5.1166
 UB     =         0.0000  IMP     =         0.0000  CMAP       =         0.7837
 1-4 NB =         3.3225  1-4 EEL =        46.3557  VDWAALS    =      1511.2404
 EELEC  =    -11291.2964  EHBOND  =         0.0000  RESTRAINT  =         0.0000
 EKCMT  =       901.5771  VIRIAL  =       576.5326  VOLUME     =     31195.9746
                                                    Density    =         0.9801
 ------------------------------------------------------------------------------

wrapping first mol.:       11.45478       16.19950       28.05836
wrapping first mol.:       11.45478       16.19950       28.05836

 NSTEP =    59100   TIME(PS) =     118.200  TEMP(K) =   303.85  PRESS =  -287.3
 Etot   =     -7898.4191  EKtot   =      1853.0984  EPtot      =     -9751.5175
 BOND   =         3.3435  ANGLE   =        10.2160  DIHED      =         4.7967
 UB     =         0.0000  IMP     =         0.0000  CMAP       =         0.6075
 1-4 NB =         3.1597  1-4 EEL =        45.2519  VDWAALS    =      1420.0983
 EELEC  =    -11238.9912  EHBOND  =         0.0000  RESTRAINT  =         0.0000
 EKCMT  =       913.6248  VIRIAL  =      1107.3878  VOLUME     =     31240.1394
                                                    Density    =         0.9787
 ------------------------------------------------------------------------------

wrapping first mol.:       11.43635       16.17344       28.01322
wrapping first mol.:       11.43635       16.17344       28.01322

 NSTEP =    59200   TIME(PS) =     118.400  TEMP(K) =   292.51  PRESS =  -634.6
 Etot   =     -7927.2960  EKtot   =      1783.9149  EPtot      =     -9711.2109
 BOND   =         3.8494  ANGLE   =         7.5950  DIHED      =         3.9223
 UB     =         0.0000  IMP     =         0.0000  CMAP       =         0.2793
 1-4 NB =         3.4115  1-4 EEL =        44.3526  VDWAALS    =      1354.4651
 EELEC  =    -11129.0861  EHBOND  =         0.0000  RESTRAINT  =         0.0000
 EKCMT  =       890.1753  VIRIAL  =      1316.1753  VOLUME     =     31090.5729
                                                    Density    =         0.9834
 ------------------------------------------------------------------------------

wrapping first mol.:       11.43561       16.17239       28.01140
wrapping first mol.:       11.43561       16.17239       28.01140

 NSTEP =    59300   TIME(PS) =     118.600  TEMP(K) =   302.54  PRESS =   212.1
 Etot   =     -7891.1471  EKtot   =      1845.0992  EPtot      =     -9736.2464
 BOND   =         2.3844  ANGLE   =         9.5599  DIHED      =         4.8655
 UB     =         0.0000  IMP     =         0.0000  CMAP       =         2.7026
 1-4 NB =         3.8044  1-4 EEL =        47.5583  VDWAALS    =      1474.4703
 EELEC  =    -11281.5918  EHBOND  =         0.0000  RESTRAINT  =         0.0000
 EKCMT  =       910.6302  VIRIAL  =       768.2845  VOLUME     =     31082.1662
                                                    Density    =         0.9837
 ------------------------------------------------------------------------------

wrapping first mol.:       11.44440       16.18482       28.03293
wrapping first mol.:       11.44440       16.18482       28.03293

 NSTEP =    59400   TIME(PS) =     118.800  TEMP(K) =   300.48  PRESS =   369.2
 Etot   =     -7835.0232  EKtot   =      1832.5532  EPtot      =     -9667.5764
 BOND   =         3.5991  ANGLE   =         8.5010  DIHED      =         4.5986
 UB     =         0.0000  IMP     =         0.0000  CMAP       =         2.5238
 1-4 NB =         2.4248  1-4 EEL =        42.9923  VDWAALS    =      1478.1179
 EELEC  =    -11210.3340  EHBOND  =         0.0000  RESTRAINT  =         0.0000
 EKCMT  =       944.0450  VIRIAL  =       695.6888  VOLUME     =     31153.4476
                                                    Density    =         0.9814
 ------------------------------------------------------------------------------

wrapping first mol.:       11.43798       16.17575       28.01722
wrapping first mol.:       11.43798       16.17575       28.01722

 NSTEP =    59500   TIME(PS) =     119.000  TEMP(K) =   301.22  PRESS =  -147.1
 Etot   =     -7812.4105  EKtot   =      1837.0691  EPtot      =     -9649.4796
 BOND   =         4.8967  ANGLE   =         6.6016  DIHED      =         3.9768
 UB     =         0.0000  IMP     =         0.0000  CMAP       =         2.8802
 1-4 NB =         3.7432  1-4 EEL =        44.8553  VDWAALS    =      1385.0975
 EELEC  =    -11101.5309  EHBOND  =         0.0000  RESTRAINT  =         0.0000
 EKCMT  =       900.0530  VIRIAL  =       998.8510  VOLUME     =     31102.5396
                                                    Density    =         0.9830
 ------------------------------------------------------------------------------

wrapping first mol.:       11.41960       16.14975       27.97218
wrapping first mol.:       11.41960       16.14975       27.97218

 NSTEP =    59600   TIME(PS) =     119.200  TEMP(K) =   309.49  PRESS =  -555.0
 Etot   =     -7818.9935  EKtot   =      1887.4650  EPtot      =     -9706.4585
 BOND   =         3.2560  ANGLE   =        10.0433  DIHED      =         5.5137
 UB     =         0.0000  IMP     =         0.0000  CMAP       =         2.8364
 1-4 NB =         2.9243  1-4 EEL =        46.5023  VDWAALS    =      1340.1048
 EELEC  =    -11117.6394  EHBOND  =         0.0000  RESTRAINT  =         0.0000
 EKCMT  =       963.4637  VIRIAL  =      1334.4100  VOLUME     =     30953.9161
                                                    Density    =         0.9878
 ------------------------------------------------------------------------------

wrapping first mol.:       11.40963       16.13566       27.94778
wrapping first mol.:       11.40963       16.13566       27.94778

 NSTEP =    59700   TIME(PS) =     119.400  TEMP(K) =   297.29  PRESS =  -274.1
 Etot   =     -7847.5817  EKtot   =      1813.0972  EPtot      =     -9660.6788
 BOND   =         5.9889  ANGLE   =         9.7814  DIHED      =         3.7807
 UB     =         0.0000  IMP     =         0.0000  CMAP       =         2.5935
 1-4 NB =         2.2689  1-4 EEL =        47.3304  VDWAALS    =      1358.6382
 EELEC  =    -11091.0609  EHBOND  =         0.0000  RESTRAINT  =         0.0000
 EKCMT  =       905.4201  VIRIAL  =      1088.1586  VOLUME     =     30872.1843
                                                    Density    =         0.9904
 ------------------------------------------------------------------------------

wrapping first mol.:       11.40273       16.12589       27.93086
wrapping first mol.:       11.40273       16.12589       27.93086

 NSTEP =    59800   TIME(PS) =     119.600  TEMP(K) =   300.93  PRESS =   147.1
 Etot   =     -7873.1794  EKtot   =      1835.2897  EPtot      =     -9708.4691
 BOND   =         4.0111  ANGLE   =         7.7961  DIHED      =         3.5413
 UB     =         0.0000  IMP     =         0.0000  CMAP       =         1.5001
 1-4 NB =         3.4347  1-4 EEL =        44.7216  VDWAALS    =      1426.1737
 EELEC  =    -11199.6476  EHBOND  =         0.0000  RESTRAINT  =         0.0000
 EKCMT  =       901.1407  VIRIAL  =       803.2423  VOLUME     =     30815.0056
                                                    Density    =         0.9922
 ------------------------------------------------------------------------------

wrapping first mol.:       11.41195       16.13893       27.95345
wrapping first mol.:       11.41195       16.13893       27.95345

 NSTEP =    59900   TIME(PS) =     119.800  TEMP(K) =   307.39  PRESS =   -70.4
 Etot   =     -7868.7562  EKtot   =      1874.6733  EPtot      =     -9743.4295
 BOND   =         3.7511  ANGLE   =         7.6869  DIHED      =         3.0823
 UB     =         0.0000  IMP     =         0.0000  CMAP       =         0.8809
 1-4 NB =         2.5272  1-4 EEL =        44.8560  VDWAALS    =      1403.9321
 EELEC  =    -11210.1460  EHBOND  =         0.0000  RESTRAINT  =         0.0000
 EKCMT  =       923.0514  VIRIAL  =       969.9813  VOLUME     =     30890.4292
                                                    Density    =         0.9898
 ------------------------------------------------------------------------------

wrapping first mol.:       11.42522       16.15770       27.98595
wrapping first mol.:       11.42522       16.15770       27.98595

 NSTEP =    60000   TIME(PS) =     120.000  TEMP(K) =   310.83  PRESS =   -19.7
 Etot   =     -7862.5756  EKtot   =      1895.6301  EPtot      =     -9758.2058
 BOND   =         1.5693  ANGLE   =         9.5134  DIHED      =         3.7247
 UB     =         0.0000  IMP     =         0.0000  CMAP       =         2.0128
 1-4 NB =         2.6924  1-4 EEL =        46.4343  VDWAALS    =      1431.6148
 EELEC  =    -11255.7675  EHBOND  =         0.0000  RESTRAINT  =         0.0000
 EKCMT  =       928.5028  VIRIAL  =       941.6763  VOLUME     =     30998.1705
                                                    Density    =         0.9863
 ------------------------------------------------------------------------------

wrapping first mol.:       11.43677       16.17403       28.01425
wrapping first mol.:       11.43677       16.17403       28.01425

 NSTEP =    60100   TIME(PS) =     120.200  TEMP(K) =   304.99  PRESS =   137.6
 Etot   =     -7852.1894  EKtot   =      1860.0411  EPtot      =     -9712.2305
 BOND   =         2.2024  ANGLE   =         6.4343  DIHED      =         2.9284
 UB     =         0.0000  IMP     =         0.0000  CMAP       =         0.5923
 1-4 NB =         3.8238  1-4 EEL =        46.5877  VDWAALS    =      1449.7720
 EELEC  =    -11224.5716  EHBOND  =         0.0000  RESTRAINT  =         0.0000
 EKCMT  =       894.2118  VIRIAL  =       801.8162  VOLUME     =     31091.8463
                                                    Density    =         0.9834
 ------------------------------------------------------------------------------

wrapping first mol.:       11.43318       16.16896       28.00545
wrapping first mol.:       11.43318       16.16896       28.00545

 NSTEP =    60200   TIME(PS) =     120.400  TEMP(K) =   306.85  PRESS =   312.3
 Etot   =     -7872.8837  EKtot   =      1871.3931  EPtot      =     -9744.2768
 BOND   =         2.4565  ANGLE   =         8.5756  DIHED      =         3.9064
 UB     =         0.0000  IMP     =         0.0000  CMAP       =         0.3460
 1-4 NB =         2.9537  1-4 EEL =        44.1258  VDWAALS    =      1487.8010
 EELEC  =    -11294.4420  EHBOND  =         0.0000  RESTRAINT  =         0.0000
 EKCMT  =       910.7943  VIRIAL  =       701.3271  VOLUME     =     31062.0902
                                                    Density    =         0.9843
 ------------------------------------------------------------------------------

wrapping first mol.:       11.43303       16.16874       28.00508
wrapping first mol.:       11.43303       16.16874       28.00508

 NSTEP =    60300   TIME(PS) =     120.600  TEMP(K) =   304.91  PRESS =   368.7
 Etot   =     -7906.7780  EKtot   =      1859.5297  EPtot      =     -9766.3077
 BOND   =         3.2322  ANGLE   =        10.8937  DIHED      =         3.7991
 UB     =         0.0000  IMP     =         0.0000  CMAP       =        -0.0256
 1-4 NB =         2.5897  1-4 EEL =        44.3221  VDWAALS    =      1507.8631
 EELEC  =    -11338.9821  EHBOND  =         0.0000  RESTRAINT  =         0.0000
 EKCMT  =       922.5391  VIRIAL  =       675.3047  VOLUME     =     31060.6817
                                                    Density    =         0.9844
 ------------------------------------------------------------------------------

wrapping first mol.:       11.43766       16.17529       28.01642
wrapping first mol.:       11.43766       16.17529       28.01642

 NSTEP =    60400   TIME(PS) =     120.800  TEMP(K) =   307.42  PRESS =   -39.2
 Etot   =     -7882.8903  EKtot   =      1874.8877  EPtot      =     -9757.7780
 BOND   =         2.0661  ANGLE   =         8.5051  DIHED      =         5.2772
 UB     =         0.0000  IMP     =         0.0000  CMAP       =        -0.0161
 1-4 NB =         3.7804  1-4 EEL =        44.1745  VDWAALS    =      1439.4310
 EELEC  =    -11260.9961  EHBOND  =         0.0000  RESTRAINT  =         0.0000
 EKCMT  =       924.1514  VIRIAL  =       950.4598  VOLUME     =     31099.5713
                                                    Density    =         0.9831
 ------------------------------------------------------------------------------

wrapping first mol.:       11.43662       16.17382       28.01388
wrapping first mol.:       11.43662       16.17382       28.01388

 NSTEP =    60500   TIME(PS) =     121.000  TEMP(K) =   300.55  PRESS =   201.9
 Etot   =     -7919.7648  EKtot   =      1832.9880  EPtot      =     -9752.7528
 BOND   =         2.2803  ANGLE   =        10.6687  DIHED      =         5.7518
 UB     =         0.0000  IMP     =         0.0000  CMAP       =         0.2829
 1-4 NB =         2.4122  1-4 EEL =        42.7338  VDWAALS    =      1470.3371
 EELEC  =    -11287.2197  EHBOND  =         0.0000  RESTRAINT  =         0.0000
 EKCMT  =       929.2158  VIRIAL  =       793.7066  VOLUME     =     31090.4596
                                                    Density    =         0.9834
 ------------------------------------------------------------------------------

wrapping first mol.:       11.43278       16.16840       28.00448
wrapping first mol.:       11.43278       16.16840       28.00448

 NSTEP =    60600   TIME(PS) =     121.200  TEMP(K) =   301.14  PRESS =  -433.5
 Etot   =     -7911.9605  EKtot   =      1836.5668  EPtot      =     -9748.5273
 BOND   =         1.7081  ANGLE   =        10.5641  DIHED      =         4.1178
 UB     =         0.0000  IMP     =         0.0000  CMAP       =        -0.2686
 1-4 NB =         4.4268  1-4 EEL =        45.9365  VDWAALS    =      1391.7062
 EELEC  =    -11206.7182  EHBOND  =         0.0000  RESTRAINT  =         0.0000
 EKCMT  =       910.3551  VIRIAL  =      1201.1045  VOLUME     =     31060.9277
                                                    Density    =         0.9844
 ------------------------------------------------------------------------------

wrapping first mol.:       11.42679       16.15993       27.98981
wrapping first mol.:       11.42679       16.15993       27.98981

 NSTEP =    60700   TIME(PS) =     121.400  TEMP(K) =   292.29  PRESS =    45.5
 Etot   =     -7942.0669  EKtot   =      1782.5670  EPtot      =     -9724.6340
 BOND   =         2.8567  ANGLE   =        14.6548  DIHED      =         3.5882
 UB     =         0.0000  IMP     =         0.0000  CMAP       =        -0.0435
 1-4 NB =         2.4959  1-4 EEL =        41.7964  VDWAALS    =      1439.2018
 EELEC  =    -11229.1843  EHBOND  =         0.0000  RESTRAINT  =         0.0000
 EKCMT  =       889.4282  VIRIAL  =       858.9961  VOLUME     =     31010.8099
                                                    Density    =         0.9859
 ------------------------------------------------------------------------------

wrapping first mol.:       11.41879       16.14860       27.97019
wrapping first mol.:       11.41879       16.14860       27.97019

 NSTEP =    60800   TIME(PS) =     121.600  TEMP(K) =   300.59  PRESS =   -59.3
 Etot   =     -7946.2743  EKtot   =      1833.1960  EPtot      =     -9779.4703
 BOND   =         2.6735  ANGLE   =        10.8258  DIHED      =         4.1925
 UB     =         0.0000  IMP     =         0.0000  CMAP       =        -0.2202
 1-4 NB =         3.0829  1-4 EEL =        42.1686  VDWAALS    =      1440.9256
 EELEC  =    -11283.1189  EHBOND  =         0.0000  RESTRAINT  =         0.0000
 EKCMT  =       924.9448  VIRIAL  =       964.5714  VOLUME     =     30945.9450
                                                    Density    =         0.9880
 ------------------------------------------------------------------------------

wrapping first mol.:       11.41909       16.14903       27.97094
wrapping first mol.:       11.41909       16.14903       27.97094

 NSTEP =    60900   TIME(PS) =     121.800  TEMP(K) =   298.01  PRESS =   228.4
 Etot   =     -7956.6714  EKtot   =      1817.4663  EPtot      =     -9774.1377
 BOND   =         1.7398  ANGLE   =         7.9940  DIHED      =         3.8995
 UB     =         0.0000  IMP     =         0.0000  CMAP       =        -0.4460
 1-4 NB =         3.5707  1-4 EEL =        45.8161  VDWAALS    =      1468.3894
 EELEC  =    -11305.1012  EHBOND  =         0.0000  RESTRAINT  =         0.0000
 EKCMT  =       929.2557  VIRIAL  =       776.6137  VOLUME     =     30947.6355
                                                    Density    =         0.9880
 ------------------------------------------------------------------------------

wrapping first mol.:       11.42046       16.15098       27.97431
wrapping first mol.:       11.42046       16.15098       27.97431

 NSTEP =    61000   TIME(PS) =     122.000  TEMP(K) =   295.10  PRESS =  -176.8
 Etot   =     -7958.4957  EKtot   =      1799.7538  EPtot      =     -9758.2494
 BOND   =         3.9756  ANGLE   =         8.5382  DIHED      =         4.3217
 UB     =         0.0000  IMP     =         0.0000  CMAP       =        -0.2244
 1-4 NB =         4.2426  1-4 EEL =        48.0647  VDWAALS    =      1432.8118
 EELEC  =    -11259.9795  EHBOND  =         0.0000  RESTRAINT  =         0.0000
 EKCMT  =       893.9156  VIRIAL  =      1012.0795  VOLUME     =     30959.9228
                                                    Density    =         0.9876
 ------------------------------------------------------------------------------

wrapping first mol.:       11.42192       16.15304       27.97788
wrapping first mol.:       11.42192       16.15304       27.97788

 NSTEP =    61100   TIME(PS) =     122.200  TEMP(K) =   300.88  PRESS =   550.6
 Etot   =     -7951.1803  EKtot   =      1835.0015  EPtot      =     -9786.1818
 BOND   =         2.8531  ANGLE   =        10.7592  DIHED      =         4.7675
 UB     =         0.0000  IMP     =         0.0000  CMAP       =         0.1383
 1-4 NB =         3.1278  1-4 EEL =        45.6175  VDWAALS    =      1527.9539
 EELEC  =    -11381.3990  EHBOND  =         0.0000  RESTRAINT  =         0.0000
 EKCMT  =       925.2884  VIRIAL  =       557.0957  VOLUME     =     30969.7622
                                                    Density    =         0.9873
 ------------------------------------------------------------------------------

wrapping first mol.:       11.43168       16.16684       28.00179
wrapping first mol.:       11.43168       16.16684       28.00179

 NSTEP =    61200   TIME(PS) =     122.400  TEMP(K) =   303.63  PRESS =   216.4
 Etot   =     -7929.5916  EKtot   =      1851.7510  EPtot      =     -9781.3426
 BOND   =         3.5752  ANGLE   =         5.1138  DIHED      =         6.3967
 UB     =         0.0000  IMP     =         0.0000  CMAP       =         1.1578
 1-4 NB =         4.1272  1-4 EEL =        46.1265  VDWAALS    =      1497.9993
 EELEC  =    -11345.8392  EHBOND  =         0.0000  RESTRAINT  =         0.0000
 EKCMT  =       918.1020  VIRIAL  =       773.0048  VOLUME     =     31050.1653
                                                    Density    =         0.9847
 ------------------------------------------------------------------------------

wrapping first mol.:       11.44477       16.18534       28.03383
wrapping first mol.:       11.44477       16.18534       28.03383

 NSTEP =    61300   TIME(PS) =     122.600  TEMP(K) =   289.26  PRESS =   314.2
 Etot   =     -7901.4081  EKtot   =      1764.1243  EPtot      =     -9665.5323
 BOND   =         2.7976  ANGLE   =         7.7109  DIHED      =         4.0413
 UB     =         0.0000  IMP     =         0.0000  CMAP       =         1.9683
 1-4 NB =         2.7769  1-4 EEL =        47.5182  VDWAALS    =      1479.7979
 EELEC  =    -11212.1434  EHBOND  =         0.0000  RESTRAINT  =         0.0000
 EKCMT  =       870.2398  VIRIAL  =       658.8906  VOLUME     =     31156.6202
                                                    Density    =         0.9813
 ------------------------------------------------------------------------------

wrapping first mol.:       11.43832       16.17623       28.01804
wrapping first mol.:       11.43832       16.17623       28.01804

 NSTEP =    61400   TIME(PS) =     122.800  TEMP(K) =   298.59  PRESS =   574.6
 Etot   =     -7924.4120  EKtot   =      1821.0221  EPtot      =     -9745.4341
 BOND   =         2.0225  ANGLE   =         9.2810  DIHED      =         4.8318
 UB     =         0.0000  IMP     =         0.0000  CMAP       =         0.6029
 1-4 NB =         2.7902  1-4 EEL =        45.2850  VDWAALS    =      1527.7337
 EELEC  =    -11337.9812  EHBOND  =         0.0000  RESTRAINT  =         0.0000
 EKCMT  =       878.9739  VIRIAL  =       493.1062  VOLUME     =     31103.2749
                                                    Density    =         0.9830
 ------------------------------------------------------------------------------

wrapping first mol.:       11.44736       16.18902       28.04020
wrapping first mol.:       11.44736       16.18902       28.04020

 NSTEP =    61500   TIME(PS) =     123.000  TEMP(K) =   291.16  PRESS =   114.9
 Etot   =     -7908.9932  EKtot   =      1775.6692  EPtot      =     -9684.6624
 BOND   =         6.4618  ANGLE   =        15.4964  DIHED      =         4.7750
 UB     =         0.0000  IMP     =         0.0000  CMAP       =         1.1292
 1-4 NB =         3.8506  1-4 EEL =        39.8378  VDWAALS    =      1476.5689
 EELEC  =    -11232.7820  EHBOND  =         0.0000  RESTRAINT  =         0.0000
 EKCMT  =       883.0854  VIRIAL  =       805.7200  VOLUME     =     31178.3987
                                                    Density    =         0.9806
 ------------------------------------------------------------------------------

wrapping first mol.:       11.45427       16.19879       28.05712
wrapping first mol.:       11.45427       16.19879       28.05712

 NSTEP =    61600   TIME(PS) =     123.200  TEMP(K) =   297.22  PRESS =    79.2
 Etot   =     -7940.7243  EKtot   =      1812.6624  EPtot      =     -9753.3866
 BOND   =         0.7123  ANGLE   =         8.3869  DIHED      =         4.6925
 UB     =         0.0000  IMP     =         0.0000  CMAP       =         1.0372
 1-4 NB =         3.6523  1-4 EEL =        45.7456  VDWAALS    =      1470.8420
 EELEC  =    -11288.4553  EHBOND  =         0.0000  RESTRAINT  =         0.0000
 EKCMT  =       919.9721  VIRIAL  =       866.5678  VOLUME     =     31234.9919
                                                    Density    =         0.9789
 ------------------------------------------------------------------------------

wrapping first mol.:       11.44408       16.18437       28.03214
wrapping first mol.:       11.44408       16.18437       28.03214

 NSTEP =    61700   TIME(PS) =     123.400  TEMP(K) =   293.11  PRESS =  -240.8
 Etot   =     -7946.6539  EKtot   =      1787.5652  EPtot      =     -9734.2191
 BOND   =         3.4456  ANGLE   =        10.9393  DIHED      =         3.6729
 UB     =         0.0000  IMP     =         0.0000  CMAP       =         0.3617
 1-4 NB =         2.5515  1-4 EEL =        44.1154  VDWAALS    =      1423.5582
 EELEC  =    -11222.8636  EHBOND  =         0.0000  RESTRAINT  =         0.0000
 EKCMT  =       890.2141  VIRIAL  =      1052.1873  VOLUME     =     31152.5282
                                                    Density    =         0.9815
 ------------------------------------------------------------------------------

wrapping first mol.:       11.44178       16.18113       28.02653
wrapping first mol.:       11.44178       16.18113       28.02653

 NSTEP =    61800   TIME(PS) =     123.600  TEMP(K) =   299.10  PRESS =   217.3
 Etot   =     -7945.1614  EKtot   =      1824.1038  EPtot      =     -9769.2651
 BOND   =         3.9270  ANGLE   =         6.6828  DIHED      =         3.3204
 UB     =         0.0000  IMP     =         0.0000  CMAP       =         1.4977
 1-4 NB =         3.1893  1-4 EEL =        46.5265  VDWAALS    =      1495.2702
 EELEC  =    -11329.6790  EHBOND  =         0.0000  RESTRAINT  =         0.0000
 EKCMT  =       899.1758  VIRIAL  =       753.1036  VOLUME     =     31132.5386
                                                    Density    =         0.9821
 ------------------------------------------------------------------------------

wrapping first mol.:       11.43667       16.17389       28.01400
wrapping first mol.:       11.43667       16.17389       28.01400

 NSTEP =    61900   TIME(PS) =     123.800  TEMP(K) =   297.33  PRESS =   -81.7
 Etot   =     -7957.3214  EKtot   =      1813.3477  EPtot      =     -9770.6691
 BOND   =         4.4829  ANGLE   =         9.3794  DIHED      =         3.8062
 UB     =         0.0000  IMP     =         0.0000  CMAP       =         0.9164
 1-4 NB =         3.3288  1-4 EEL =        44.8877  VDWAALS    =      1450.9252
 EELEC  =    -11288.3958  EHBOND  =         0.0000  RESTRAINT  =         0.0000
 EKCMT  =       907.8533  VIRIAL  =       962.7319  VOLUME     =     31091.6433
                                                    Density    =         0.9834
 ------------------------------------------------------------------------------

wrapping first mol.:       11.43336       16.16921       28.00589
wrapping first mol.:       11.43336       16.16921       28.00589

 NSTEP =    62000   TIME(PS) =     124.000  TEMP(K) =   297.02  PRESS =   -75.7
 Etot   =     -7938.3044  EKtot   =      1811.4083  EPtot      =     -9749.7127
 BOND   =         2.9158  ANGLE   =         7.8693  DIHED      =         5.5636
 UB     =         0.0000  IMP     =         0.0000  CMAP       =         1.3058
 1-4 NB =         2.4712  1-4 EEL =        46.0741  VDWAALS    =      1438.5707
 EELEC  =    -11254.4834  EHBOND  =         0.0000  RESTRAINT  =         0.0000
 EKCMT  =       917.1011  VIRIAL  =       967.8864  VOLUME     =     31064.6363
                                                    Density    =         0.9842
 ------------------------------------------------------------------------------

wrapping first mol.:       11.43161       16.16674       28.00161
wrapping first mol.:       11.43161       16.16674       28.00161

 NSTEP =    62100   TIME(PS) =     124.200  TEMP(K) =   303.24  PRESS =   211.4
 Etot   =     -7897.3571  EKtot   =      1849.3425  EPtot      =     -9746.6996
 BOND   =         3.3592  ANGLE   =         9.7508  DIHED      =         6.0024
 UB     =         0.0000  IMP     =         0.0000  CMAP       =         0.1258
 1-4 NB =         3.7051  1-4 EEL =        41.2206  VDWAALS    =      1474.5057
 EELEC  =    -11285.3693  EHBOND  =         0.0000  RESTRAINT  =         0.0000
 EKCMT  =       919.7058  VIRIAL  =       777.9726  VOLUME     =     31049.5754
                                                    Density    =         0.9847
 ------------------------------------------------------------------------------

wrapping first mol.:       11.42614       16.15900       27.98820
wrapping first mol.:       11.42614       16.15900       27.98820

 NSTEP =    62200   TIME(PS) =     124.400  TEMP(K) =   293.13  PRESS =    91.4
 Etot   =     -7913.8730  EKtot   =      1787.7192  EPtot      =     -9701.5923
 BOND   =         4.1897  ANGLE   =         7.4804  DIHED      =         5.5703
 UB     =         0.0000  IMP     =         0.0000  CMAP       =        -0.1584
 1-4 NB =         4.1457  1-4 EEL =        46.0126  VDWAALS    =      1448.7880
 EELEC  =    -11217.6206  EHBOND  =         0.0000  RESTRAINT  =         0.0000
 EKCMT  =       912.5783  VIRIAL  =       851.3840  VOLUME     =     31005.3416
                                                    Density    =         0.9861
 ------------------------------------------------------------------------------

wrapping first mol.:       11.41819       16.14776       27.96874
wrapping first mol.:       11.41819       16.14776       27.96874

 NSTEP =    62300   TIME(PS) =     124.600  TEMP(K) =   297.92  PRESS =  -496.4
 Etot   =     -7884.2752  EKtot   =      1816.9430  EPtot      =     -9701.2182
 BOND   =         2.9403  ANGLE   =         9.1560  DIHED      =         4.4037
 UB     =         0.0000  IMP     =         0.0000  CMAP       =         1.3046
 1-4 NB =         3.7868  1-4 EEL =        46.0485  VDWAALS    =      1357.7393
 EELEC  =    -11126.5973  EHBOND  =         0.0000  RESTRAINT  =         0.0000
 EKCMT  =       896.1000  VIRIAL  =      1227.7291  VOLUME     =     30942.3322
                                                    Density    =         0.9881
 ------------------------------------------------------------------------------

wrapping first mol.:       11.41246       16.13965       27.95470
wrapping first mol.:       11.41246       16.13965       27.95470

 NSTEP =    62400   TIME(PS) =     124.800  TEMP(K) =   304.96  PRESS =  -412.2
 Etot   =     -7862.0603  EKtot   =      1859.8542  EPtot      =     -9721.9146
 BOND   =         4.9375  ANGLE   =         8.4605  DIHED      =         3.2279
 UB     =         0.0000  IMP     =         0.0000  CMAP       =         1.2766
 1-4 NB =         3.5722  1-4 EEL =        42.4036  VDWAALS    =      1366.4251
 EELEC  =    -11152.2179  EHBOND  =         0.0000  RESTRAINT  =         0.0000
 EKCMT  =       921.8936  VIRIAL  =      1196.8646  VOLUME     =     30895.5116
                                                    Density    =         0.9896
 ------------------------------------------------------------------------------

wrapping first mol.:       11.41946       16.14956       27.97186
wrapping first mol.:       11.41946       16.14956       27.97186

 NSTEP =    62500   TIME(PS) =     125.000  TEMP(K) =   301.37  PRESS =   259.2
 Etot   =     -7895.1953  EKtot   =      1837.9539  EPtot      =     -9733.1491
 BOND   =         2.0766  ANGLE   =         7.3288  DIHED      =         6.2798
 UB     =         0.0000  IMP     =         0.0000  CMAP       =         2.2965
 1-4 NB =         2.4975  1-4 EEL =        41.0722  VDWAALS    =      1472.3695
 EELEC  =    -11267.0701  EHBOND  =         0.0000  RESTRAINT  =         0.0000
 EKCMT  =       915.8037  VIRIAL  =       742.5905  VOLUME     =     30950.5815
                                                    Density    =         0.9879
 ------------------------------------------------------------------------------

wrapping first mol.:       11.41676       16.14573       27.96522
wrapping first mol.:       11.41676       16.14573       27.96522

 NSTEP =    62600   TIME(PS) =     125.200  TEMP(K) =   291.91  PRESS =   133.3
 Etot   =     -7899.2552  EKtot   =      1780.2434  EPtot      =     -9679.4986
 BOND   =         3.3811  ANGLE   =        12.2806  DIHED      =         4.5280
 UB     =         0.0000  IMP     =         0.0000  CMAP       =         2.1834
 1-4 NB =         3.6150  1-4 EEL =        46.4179  VDWAALS    =      1435.9379
 EELEC  =    -11187.8423  EHBOND  =         0.0000  RESTRAINT  =         0.0000
 EKCMT  =       899.1190  VIRIAL  =       810.1232  VOLUME     =     30928.9108
                                                    Density    =         0.9886
 ------------------------------------------------------------------------------

wrapping first mol.:       11.40517       16.12934       27.93684
wrapping first mol.:       11.40517       16.12934       27.93684

 NSTEP =    62700   TIME(PS) =     125.400  TEMP(K) =   302.92  PRESS =    26.1
 Etot   =     -7888.6212  EKtot   =      1847.4419  EPtot      =     -9736.0631
 BOND   =         2.9262  ANGLE   =        12.8414  DIHED      =         4.7586
 UB     =         0.0000  IMP     =         0.0000  CMAP       =         1.4274
 1-4 NB =         4.4277  1-4 EEL =        43.0863  VDWAALS    =      1440.6520
 EELEC  =    -11246.1827  EHBOND  =         0.0000  RESTRAINT  =         0.0000
 EKCMT  =       902.9403  VIRIAL  =       885.5756  VOLUME     =     30835.1325
                                                    Density    =         0.9916
 ------------------------------------------------------------------------------

wrapping first mol.:       11.40223       16.12518       27.92964
wrapping first mol.:       11.40223       16.12518       27.92964

 NSTEP =    62800   TIME(PS) =     125.600  TEMP(K) =   298.93  PRESS =  -211.7
 Etot   =     -7898.7197  EKtot   =      1823.0862  EPtot      =     -9721.8059
 BOND   =         5.9216  ANGLE   =        12.3621  DIHED      =         4.0397
 UB     =         0.0000  IMP     =         0.0000  CMAP       =         0.7406
 1-4 NB =         2.0407  1-4 EEL =        42.9912  VDWAALS    =      1384.1662
 EELEC  =    -11174.0680  EHBOND  =         0.0000  RESTRAINT  =         0.0000
 EKCMT  =       923.6849  VIRIAL  =      1064.5046  VOLUME     =     30811.9357
                                                    Density    =         0.9923
 ------------------------------------------------------------------------------

wrapping first mol.:       11.40518       16.12936       27.93688
wrapping first mol.:       11.40518       16.12936       27.93688

 NSTEP =    62900   TIME(PS) =     125.800  TEMP(K) =   289.97  PRESS =    58.4
 Etot   =     -7928.6687  EKtot   =      1768.4458  EPtot      =     -9697.1145
 BOND   =         3.3990  ANGLE   =        12.9981  DIHED      =         5.5406
 UB     =         0.0000  IMP     =         0.0000  CMAP       =         0.3785
 1-4 NB =         3.5068  1-4 EEL =        44.1983  VDWAALS    =      1402.8400
 EELEC  =    -11169.9758  EHBOND  =         0.0000  RESTRAINT  =         0.0000
 EKCMT  =       881.5184  VIRIAL  =       842.6116  VOLUME     =     30835.1647
                                                    Density    =         0.9916
 ------------------------------------------------------------------------------

wrapping first mol.:       11.40837       16.13387       27.94467
wrapping first mol.:       11.40837       16.13387       27.94467

 NSTEP =    63000   TIME(PS) =     126.000  TEMP(K) =   296.53  PRESS =   -26.7
 Etot   =     -7934.1970  EKtot   =      1808.4250  EPtot      =     -9742.6220
 BOND   =         5.2436  ANGLE   =        13.3749  DIHED      =         6.3398
 UB     =         0.0000  IMP     =         0.0000  CMAP       =         1.7455
 1-4 NB =         2.8843  1-4 EEL =        45.5676  VDWAALS    =      1443.3061
 EELEC  =    -11261.0838  EHBOND  =         0.0000  RESTRAINT  =         0.0000
 EKCMT  =       885.0765  VIRIAL  =       902.8841  VOLUME     =     30861.2218
                                                    Density    =         0.9907
 ------------------------------------------------------------------------------

wrapping first mol.:       11.41313       16.14060       27.95634
wrapping first mol.:       11.41313       16.14060       27.95634

 NSTEP =    63100   TIME(PS) =     126.200  TEMP(K) =   299.73  PRESS =   356.1
 Etot   =     -7924.9728  EKtot   =      1827.9659  EPtot      =     -9752.9387
 BOND   =         7.2926  ANGLE   =        14.2727  DIHED      =         3.4853
 UB     =         0.0000  IMP     =         0.0000  CMAP       =         1.4070
 1-4 NB =         2.6889  1-4 EEL =        46.3664  VDWAALS    =      1475.4869
 EELEC  =    -11303.9386  EHBOND  =         0.0000  RESTRAINT  =         0.0000
 EKCMT  =       931.5828  VIRIAL  =       694.0105  VOLUME     =     30898.8312
                                                    Density    =         0.9895
 ------------------------------------------------------------------------------

wrapping first mol.:       11.41890       16.14876       27.97047
wrapping first mol.:       11.41890       16.14876       27.97047

 NSTEP =    63200   TIME(PS) =     126.400  TEMP(K) =   307.99  PRESS =    19.5
 Etot   =     -7886.1520  EKtot   =      1878.3643  EPtot      =     -9764.5162
 BOND   =         1.4164  ANGLE   =         9.9780  DIHED      =         5.7168
 UB     =         0.0000  IMP     =         0.0000  CMAP       =         2.2370
 1-4 NB =         3.2318  1-4 EEL =        44.7669  VDWAALS    =      1433.1338
 EELEC  =    -11264.9970  EHBOND  =         0.0000  RESTRAINT  =         0.0000
 EKCMT  =       955.3042  VIRIAL  =       942.2880  VOLUME     =     30946.6332
                                                    Density    =         0.9880
 ------------------------------------------------------------------------------

wrapping first mol.:       11.41686       16.14588       27.96548
wrapping first mol.:       11.41686       16.14588       27.96548

 NSTEP =    63300   TIME(PS) =     126.600  TEMP(K) =   303.58  PRESS =  -132.1
 Etot   =     -7905.6307  EKtot   =      1851.4602  EPtot      =     -9757.0909
 BOND   =         2.5770  ANGLE   =         4.2948  DIHED      =         4.5663
 UB     =         0.0000  IMP     =         0.0000  CMAP       =         1.3565
 1-4 NB =         3.0170  1-4 EEL =        46.5141  VDWAALS    =      1416.3083
 EELEC  =    -11235.7249  EHBOND  =         0.0000  RESTRAINT  =         0.0000
 EKCMT  =       929.8036  VIRIAL  =      1018.0561  VOLUME     =     30930.4992
                                                    Density    =         0.9885
 ------------------------------------------------------------------------------

wrapping first mol.:       11.43045       16.16510       27.99877
wrapping first mol.:       11.43045       16.16510       27.99877

 NSTEP =    63400   TIME(PS) =     126.800  TEMP(K) =   306.83  PRESS =   321.4
 Etot   =     -7899.4869  EKtot   =      1871.2600  EPtot      =     -9770.7469
 BOND   =         4.2479  ANGLE   =         7.5397  DIHED      =         5.3751
 UB     =         0.0000  IMP     =         0.0000  CMAP       =         0.7619
 1-4 NB =         3.2726  1-4 EEL =        44.4264  VDWAALS    =      1488.0051
 EELEC  =    -11324.3757  EHBOND  =         0.0000  RESTRAINT  =         0.0000
 EKCMT  =       931.1832  VIRIAL  =       715.7776  VOLUME     =     31039.8310
                                                    Density    =         0.9850
 ------------------------------------------------------------------------------

wrapping first mol.:       11.43329       16.16912       28.00574
wrapping first mol.:       11.43329       16.16912       28.00574

 NSTEP =    63500   TIME(PS) =     127.000  TEMP(K) =   305.07  PRESS =  -514.0
 Etot   =     -7850.9979  EKtot   =      1860.5483  EPtot      =     -9711.5462
 BOND   =         3.6574  ANGLE   =         6.5514  DIHED      =         4.7143
 UB     =         0.0000  IMP     =         0.0000  CMAP       =         2.4244
 1-4 NB =         3.4650  1-4 EEL =        42.7801  VDWAALS    =      1362.1965
 EELEC  =    -11137.3352  EHBOND  =         0.0000  RESTRAINT  =         0.0000
 EKCMT  =       924.5815  VIRIAL  =      1269.3368  VOLUME     =     31065.3203
                                                    Density    =         0.9842
 ------------------------------------------------------------------------------

wrapping first mol.:       11.43425       16.17048       28.00809
wrapping first mol.:       11.43425       16.17048       28.00809

 NSTEP =    63600   TIME(PS) =     127.200  TEMP(K) =   303.50  PRESS =   300.9
 Etot   =     -7831.1305  EKtot   =      1850.9553  EPtot      =     -9682.0858
 BOND   =         2.7646  ANGLE   =         3.6309  DIHED      =         4.3017
 UB     =         0.0000  IMP     =         0.0000  CMAP       =         1.4490
 1-4 NB =         2.8511  1-4 EEL =        45.1884  VDWAALS    =      1462.1433
 EELEC  =    -11204.4147  EHBOND  =         0.0000  RESTRAINT  =         0.0000
 EKCMT  =       913.3195  VIRIAL  =       711.4703  VOLUME     =     31070.8862
                                                    Density    =         0.9840
 ------------------------------------------------------------------------------

wrapping first mol.:       11.43670       16.17393       28.01407
wrapping first mol.:       11.43670       16.17393       28.01407

 NSTEP =    63700   TIME(PS) =     127.400  TEMP(K) =   305.22  PRESS =   489.4
 Etot   =     -7792.2993  EKtot   =      1861.4706  EPtot      =     -9653.7699
 BOND   =         4.1583  ANGLE   =         9.6063  DIHED      =         5.3630
 UB     =         0.0000  IMP     =         0.0000  CMAP       =        -0.1486
 1-4 NB =         3.3324  1-4 EEL =        45.2933  VDWAALS    =      1475.7223
 EELEC  =    -11197.0969  EHBOND  =         0.0000  RESTRAINT  =         0.0000
 EKCMT  =       927.2494  VIRIAL  =       598.7383  VOLUME     =     31090.2901
                                                    Density    =         0.9834
 ------------------------------------------------------------------------------

wrapping first mol.:       11.44573       16.18671       28.03620
wrapping first mol.:       11.44573       16.18671       28.03620

 NSTEP =    63800   TIME(PS) =     127.600  TEMP(K) =   299.69  PRESS =   365.6
 Etot   =     -7823.5690  EKtot   =      1827.7462  EPtot      =     -9651.3152
 BOND   =         1.4263  ANGLE   =        11.5458  DIHED      =         4.0096
 UB     =         0.0000  IMP     =         0.0000  CMAP       =         0.8215
 1-4 NB =         4.3650  1-4 EEL =        45.6331  VDWAALS    =      1461.8660
 EELEC  =    -11180.9825  EHBOND  =         0.0000  RESTRAINT  =         0.0000
 EKCMT  =       903.1164  VIRIAL  =       657.1197  VOLUME     =     31164.3593
                                                    Density    =         0.9811
 ------------------------------------------------------------------------------

wrapping first mol.:       11.46156       16.20910       28.07498
wrapping first mol.:       11.46156       16.20910       28.07498

 NSTEP =    63900   TIME(PS) =     127.800  TEMP(K) =   300.75  PRESS =   393.9
 Etot   =     -7837.3732  EKtot   =      1834.1677  EPtot      =     -9671.5409
 BOND   =         3.8997  ANGLE   =         9.5222  DIHED      =         3.9224
 UB     =         0.0000  IMP     =         0.0000  CMAP       =        -0.1952
 1-4 NB =         3.1864  1-4 EEL =        44.1430  VDWAALS    =      1484.2200
 EELEC  =    -11220.2394  EHBOND  =         0.0000  RESTRAINT  =         0.0000
 EKCMT  =       911.3164  VIRIAL  =       645.1743  VOLUME     =     31293.7865
                                                    Density    =         0.9770
 ------------------------------------------------------------------------------

wrapping first mol.:       11.46109       16.20843       28.07382
wrapping first mol.:       11.46109       16.20843       28.07382

 NSTEP =    64000   TIME(PS) =     128.000  TEMP(K) =   296.74  PRESS =  -136.9
 Etot   =     -7825.3222  EKtot   =      1809.7352  EPtot      =     -9635.0574
 BOND   =         2.8140  ANGLE   =        11.2797  DIHED      =         5.2670
 UB     =         0.0000  IMP     =         0.0000  CMAP       =         0.6795
 1-4 NB =         2.8590  1-4 EEL =        44.4942  VDWAALS    =      1396.5157
 EELEC  =    -11098.9664  EHBOND  =         0.0000  RESTRAINT  =         0.0000
 EKCMT  =       904.0658  VIRIAL  =       996.5911  VOLUME     =     31291.3777
                                                    Density    =         0.9771
 ------------------------------------------------------------------------------

wrapping first mol.:       11.45686       16.20244       28.06345
wrapping first mol.:       11.45686       16.20244       28.06345

 NSTEP =    64100   TIME(PS) =     128.200  TEMP(K) =   292.47  PRESS =   478.1
 Etot   =     -7877.7126  EKtot   =      1783.6926  EPtot      =     -9661.4052
 BOND   =         3.7122  ANGLE   =        10.3085  DIHED      =         3.9263
 UB     =         0.0000  IMP     =         0.0000  CMAP       =         0.0933
 1-4 NB =         3.9321  1-4 EEL =        46.0120  VDWAALS    =      1512.0584
 EELEC  =    -11241.4480  EHBOND  =         0.0000  RESTRAINT  =         0.0000
 EKCMT  =       893.9164  VIRIAL  =       571.2529  VOLUME     =     31254.9995
                                                    Density    =         0.9782
 ------------------------------------------------------------------------------

wrapping first mol.:       11.44935       16.19183       28.04507
wrapping first mol.:       11.44935       16.19183       28.04507

 NSTEP =    64200   TIME(PS) =     128.400  TEMP(K) =   300.22  PRESS =  -414.5
 Etot   =     -7860.7204  EKtot   =      1830.9618  EPtot      =     -9691.6822
 BOND   =         2.8045  ANGLE   =         9.8021  DIHED      =         4.4864
 UB     =         0.0000  IMP     =         0.0000  CMAP       =        -0.0372
 1-4 NB =         2.7895  1-4 EEL =        44.3470  VDWAALS    =      1389.1304
 EELEC  =    -11145.0050  EHBOND  =         0.0000  RESTRAINT  =         0.0000
 EKCMT  =       927.6946  VIRIAL  =      1206.9128  VOLUME     =     31196.1344
                                                    Density    =         0.9801
 ------------------------------------------------------------------------------

wrapping first mol.:       11.44086       16.17982       28.02427
wrapping first mol.:       11.44086       16.17982       28.02427

 NSTEP =    64300   TIME(PS) =     128.600  TEMP(K) =   302.67  PRESS =  -121.6
 Etot   =     -7877.5667  EKtot   =      1845.8889  EPtot      =     -9723.4556
 BOND   =         1.8959  ANGLE   =         6.5612  DIHED      =         7.9160
 UB     =         0.0000  IMP     =         0.0000  CMAP       =         0.5349
 1-4 NB =         4.4291  1-4 EEL =        47.6442  VDWAALS    =      1425.0620
 EELEC  =    -11217.4989  EHBOND  =         0.0000  RESTRAINT  =         0.0000
 EKCMT  =       935.0861  VIRIAL  =      1016.7967  VOLUME     =     31125.9431
                                                    Density    =         0.9823
 ------------------------------------------------------------------------------

wrapping first mol.:       11.43031       16.16490       27.99843
wrapping first mol.:       11.43031       16.16490       27.99843

 NSTEP =    64400   TIME(PS) =     128.800  TEMP(K) =   299.00  PRESS =    76.1
 Etot   =     -7875.7135  EKtot   =      1823.5227  EPtot      =     -9699.2362
 BOND   =         2.1386  ANGLE   =         6.7200  DIHED      =         6.9500
 UB     =         0.0000  IMP     =         0.0000  CMAP       =         0.5200
 1-4 NB =         4.3297  1-4 EEL =        46.3325  VDWAALS    =      1433.7651
 EELEC  =    -11199.9920  EHBOND  =         0.0000  RESTRAINT  =         0.0000
 EKCMT  =       882.1514  VIRIAL  =       831.1351  VOLUME     =     31039.3888
                                                    Density    =         0.9850
 ------------------------------------------------------------------------------

wrapping first mol.:       11.43441       16.17070       28.00846
wrapping first mol.:       11.43441       16.17070       28.00846

 NSTEP =    64500   TIME(PS) =     129.000  TEMP(K) =   301.93  PRESS =   158.1
 Etot   =     -7832.8020  EKtot   =      1841.4043  EPtot      =     -9674.2063
 BOND   =         3.3408  ANGLE   =         8.3652  DIHED      =         5.4330
 UB     =         0.0000  IMP     =         0.0000  CMAP       =         0.2020
 1-4 NB =         3.0590  1-4 EEL =        46.7547  VDWAALS    =      1441.3485
 EELEC  =    -11182.7094  EHBOND  =         0.0000  RESTRAINT  =         0.0000
 EKCMT  =       891.5121  VIRIAL  =       785.4184  VOLUME     =     31072.5394
                                                    Density    =         0.9840
 ------------------------------------------------------------------------------

wrapping first mol.:       11.44604       16.18714       28.03695
wrapping first mol.:       11.44604       16.18714       28.03695

 NSTEP =    64600   TIME(PS) =     129.200  TEMP(K) =   313.77  PRESS =   -63.2
 Etot   =     -7799.3227  EKtot   =      1913.5981  EPtot      =     -9712.9208
 BOND   =         5.7193  ANGLE   =        13.6509  DIHED      =         6.3335
 UB     =         0.0000  IMP     =         0.0000  CMAP       =         2.0945
 1-4 NB =         1.4849  1-4 EEL =        42.4328  VDWAALS    =      1414.4629
 EELEC  =    -11199.0996  EHBOND  =         0.0000  RESTRAINT  =         0.0000
 EKCMT  =       944.5694  VIRIAL  =       987.1199  VOLUME     =     31168.0472
                                                    Density    =         0.9810
 ------------------------------------------------------------------------------

wrapping first mol.:       11.44180       16.18114       28.02656
wrapping first mol.:       11.44180       16.18114       28.02656

 NSTEP =    64700   TIME(PS) =     129.400  TEMP(K) =   307.23  PRESS =  -520.2
 Etot   =     -7799.1054  EKtot   =      1873.6886  EPtot      =     -9672.7940
 BOND   =         3.6939  ANGLE   =        10.0751  DIHED      =         5.6381
 UB     =         0.0000  IMP     =         0.0000  CMAP       =         1.4936
 1-4 NB =         3.0937  1-4 EEL =        45.8967  VDWAALS    =      1349.9408
 EELEC  =    -11092.6259  EHBOND  =         0.0000  RESTRAINT  =         0.0000
 EKCMT  =       938.4797  VIRIAL  =      1288.2066  VOLUME     =     31134.6846
                                                    Density    =         0.9820
 ------------------------------------------------------------------------------

wrapping first mol.:       11.44170       16.18100       28.02632
wrapping first mol.:       11.44170       16.18100       28.02632

 NSTEP =    64800   TIME(PS) =     129.600  TEMP(K) =   292.25  PRESS =  -420.3
 Etot   =     -7839.7028  EKtot   =      1782.3579  EPtot      =     -9622.0608
 BOND   =         3.8011  ANGLE   =        14.0737  DIHED      =         4.1390
 UB     =         0.0000  IMP     =         0.0000  CMAP       =         0.2309
 1-4 NB =         3.6422  1-4 EEL =        48.3431  VDWAALS    =      1347.0350
 EELEC  =    -11043.3258  EHBOND  =         0.0000  RESTRAINT  =         0.0000
 EKCMT  =       883.2717  VIRIAL  =      1165.7696  VOLUME     =     31133.6108
                                                    Density    =         0.9821
 ------------------------------------------------------------------------------

wrapping first mol.:       11.43430       16.17055       28.00821
wrapping first mol.:       11.43430       16.17055       28.00821

 NSTEP =    64900   TIME(PS) =     129.800  TEMP(K) =   302.04  PRESS =   -60.9
 Etot   =     -7822.5808  EKtot   =      1842.0393  EPtot      =     -9664.6201
 BOND   =         1.0154  ANGLE   =         9.3097  DIHED      =         6.0931
 UB     =         0.0000  IMP     =         0.0000  CMAP       =         1.7232
 1-4 NB =         2.8009  1-4 EEL =        46.6450  VDWAALS    =      1406.9596
 EELEC  =    -11139.1670  EHBOND  =         0.0000  RESTRAINT  =         0.0000
 EKCMT  =       901.4121  VIRIAL  =       942.2659  VOLUME     =     31072.2967
                                                    Density    =         0.9840
 ------------------------------------------------------------------------------

wrapping first mol.:       11.43339       16.16926       28.00597
wrapping first mol.:       11.43339       16.16926       28.00597

 NSTEP =    65000   TIME(PS) =     130.000  TEMP(K) =   302.10  PRESS =   -81.4
 Etot   =     -7826.9141  EKtot   =      1842.4326  EPtot      =     -9669.3467
 BOND   =         4.5666  ANGLE   =         7.5998  DIHED      =         4.7220
 UB     =         0.0000  IMP     =         0.0000  CMAP       =         1.0659
 1-4 NB =         2.8951  1-4 EEL =        47.5891  VDWAALS    =      1402.7361
 EELEC  =    -11140.5212  EHBOND  =         0.0000  RESTRAINT  =         0.0000
 EKCMT  =       905.4977  VIRIAL  =       960.1016  VOLUME     =     31064.9091
                                                    Density    =         0.9842
 ------------------------------------------------------------------------------

wrapping first mol.:       11.42424       16.15632       27.98357
wrapping first mol.:       11.42424       16.15632       27.98357

 NSTEP =    65100   TIME(PS) =     130.200  TEMP(K) =   304.83  PRESS =   -61.4
 Etot   =     -7830.1321  EKtot   =      1859.0818  EPtot      =     -9689.2139
 BOND   =         3.2095  ANGLE   =        10.2651  DIHED      =         3.1875
 UB     =         0.0000  IMP     =         0.0000  CMAP       =         1.2524
 1-4 NB =         2.4901  1-4 EEL =        44.2418  VDWAALS    =      1402.5262
 EELEC  =    -11156.3865  EHBOND  =         0.0000  RESTRAINT  =         0.0000
 EKCMT  =       942.8903  VIRIAL  =       983.9571  VOLUME     =     30990.3516
                                                    Density    =         0.9866
 ------------------------------------------------------------------------------

wrapping first mol.:       11.43910       16.17733       28.01995
wrapping first mol.:       11.43910       16.17733       28.01995

 NSTEP =    65200   TIME(PS) =     130.400  TEMP(K) =   303.35  PRESS =  -153.6
 Etot   =     -7838.7185  EKtot   =      1850.0646  EPtot      =     -9688.7830
 BOND   =         3.4245  ANGLE   =         8.3890  DIHED      =         5.1750
 UB     =         0.0000  IMP     =         0.0000  CMAP       =         0.0028
 1-4 NB =         5.1075  1-4 EEL =        47.8247  VDWAALS    =      1393.9890
 EELEC  =    -11152.6956  EHBOND  =         0.0000  RESTRAINT  =         0.0000
 EKCMT  =       899.3084  VIRIAL  =      1002.5145  VOLUME     =     31111.6372
                                                    Density    =         0.9828
 ------------------------------------------------------------------------------

wrapping first mol.:       11.43451       16.17084       28.00872
wrapping first mol.:       11.43451       16.17084       28.00872

 NSTEP =    65300   TIME(PS) =     130.600  TEMP(K) =   304.63  PRESS =   -10.3
 Etot   =     -7826.5155  EKtot   =      1857.8243  EPtot      =     -9684.3398
 BOND   =         2.2654  ANGLE   =        14.3744  DIHED      =         5.8536
 UB     =         0.0000  IMP     =         0.0000  CMAP       =         1.1157
 1-4 NB =         3.1709  1-4 EEL =        45.2498  VDWAALS    =      1434.0822
 EELEC  =    -11190.4517  EHBOND  =         0.0000  RESTRAINT  =         0.0000
 EKCMT  =       917.1445  VIRIAL  =       924.0327  VOLUME     =     31073.8507
                                                    Density    =         0.9839
 ------------------------------------------------------------------------------

wrapping first mol.:       11.44240       16.18199       28.02803
wrapping first mol.:       11.44240       16.18199       28.02803

 NSTEP =    65400   TIME(PS) =     130.800  TEMP(K) =   301.59  PRESS =    13.4
 Etot   =     -7828.5733  EKtot   =      1839.2891  EPtot      =     -9667.8624
 BOND   =         2.3008  ANGLE   =        10.8087  DIHED      =         5.3314
 UB     =         0.0000  IMP     =         0.0000  CMAP       =        -0.0851
 1-4 NB =         3.7357  1-4 EEL =        42.8093  VDWAALS    =      1436.4101
 EELEC  =    -11169.1732  EHBOND  =         0.0000  RESTRAINT  =         0.0000
 EKCMT  =       902.3027  VIRIAL  =       893.3015  VOLUME     =     31138.1008
                                                    Density    =         0.9819
 ------------------------------------------------------------------------------

wrapping first mol.:       11.44026       16.17896       28.02279
wrapping first mol.:       11.44026       16.17896       28.02279

 NSTEP =    65500   TIME(PS) =     131.000  TEMP(K) =   308.62  PRESS =   221.3
 Etot   =     -7796.6460  EKtot   =      1882.1895  EPtot      =     -9678.8355
 BOND   =         1.8844  ANGLE   =         9.3357  DIHED      =         5.9639
 UB     =         0.0000  IMP     =         0.0000  CMAP       =         0.0201
 1-4 NB =         2.9716  1-4 EEL =        46.2399  VDWAALS    =      1464.2680
 EELEC  =    -11209.5190  EHBOND  =         0.0000  RESTRAINT  =         0.0000
 EKCMT  =       918.1422  VIRIAL  =       769.4598  VOLUME     =     31120.0519
                                                    Density    =         0.9825
 ------------------------------------------------------------------------------

wrapping first mol.:       11.44775       16.18956       28.04114
wrapping first mol.:       11.44775       16.18956       28.04114

 NSTEP =    65600   TIME(PS) =     131.200  TEMP(K) =   306.21  PRESS =    33.7
 Etot   =     -7798.7038  EKtot   =      1867.4810  EPtot      =     -9666.1848
 BOND   =         1.3410  ANGLE   =         6.9687  DIHED      =         3.2705
 UB     =         0.0000  IMP     =         0.0000  CMAP       =         0.8138
 1-4 NB =         3.8612  1-4 EEL =        46.8438  VDWAALS    =      1424.3633
 EELEC  =    -11153.6471  EHBOND  =         0.0000  RESTRAINT  =         0.0000
 EKCMT  =       908.3911  VIRIAL  =       885.7116  VOLUME     =     31181.7758
                                                    Density    =         0.9805
 ------------------------------------------------------------------------------

wrapping first mol.:       11.44312       16.18301       28.02980
wrapping first mol.:       11.44312       16.18301       28.02980

 NSTEP =    65700   TIME(PS) =     131.400  TEMP(K) =   310.63  PRESS =  -446.9
 Etot   =     -7806.6684  EKtot   =      1894.4315  EPtot      =     -9701.0999
 BOND   =         3.8446  ANGLE   =         6.7542  DIHED      =         3.0471
 UB     =         0.0000  IMP     =         0.0000  CMAP       =        -0.4436
 1-4 NB =         2.9739  1-4 EEL =        43.7137  VDWAALS    =      1368.7603
 EELEC  =    -11129.7501  EHBOND  =         0.0000  RESTRAINT  =         0.0000
 EKCMT  =       918.5581  VIRIAL  =      1219.0571  VOLUME     =     31145.2683
                                                    Density    =         0.9817
 ------------------------------------------------------------------------------

wrapping first mol.:       11.44856       16.19071       28.04314
wrapping first mol.:       11.44856       16.19071       28.04314

 NSTEP =    65800   TIME(PS) =     131.600  TEMP(K) =   299.46  PRESS =   347.2
 Etot   =     -7854.9681  EKtot   =      1826.3000  EPtot      =     -9681.2682
 BOND   =         5.2538  ANGLE   =        11.4149  DIHED      =         4.5550
 UB     =         0.0000  IMP     =         0.0000  CMAP       =        -0.2529
 1-4 NB =         3.2245  1-4 EEL =        40.3288  VDWAALS    =      1481.4892
 EELEC  =    -11227.2813  EHBOND  =         0.0000  RESTRAINT  =         0.0000
 EKCMT  =       878.6786  VIRIAL  =       644.8880  VOLUME     =     31187.5570
                                                    Density    =         0.9804
 ------------------------------------------------------------------------------

wrapping first mol.:       11.43626       16.17331       28.01300
wrapping first mol.:       11.43626       16.17331       28.01300

 NSTEP =    65900   TIME(PS) =     131.800  TEMP(K) =   295.93  PRESS =  -293.4
 Etot   =     -7829.2996  EKtot   =      1804.8058  EPtot      =     -9634.1054
 BOND   =         3.8864  ANGLE   =         8.5880  DIHED      =         4.4039
 UB     =         0.0000  IMP     =         0.0000  CMAP       =        -0.3091
 1-4 NB =         3.7811  1-4 EEL =        42.4354  VDWAALS    =      1366.7924
 EELEC  =    -11063.6836  EHBOND  =         0.0000  RESTRAINT  =         0.0000
 EKCMT  =       879.2289  VIRIAL  =      1076.1634  VOLUME     =     31088.8851
                                                    Density    =         0.9835
 ------------------------------------------------------------------------------

wrapping first mol.:       11.42900       16.16305       27.99522
wrapping first mol.:       11.42900       16.16305       27.99522

 NSTEP =    66000   TIME(PS) =     132.000  TEMP(K) =   309.61  PRESS =   132.9
 Etot   =     -7866.3741  EKtot   =      1888.2290  EPtot      =     -9754.6031
 BOND   =         2.2566  ANGLE   =         9.6701  DIHED      =         5.7220
 UB     =         0.0000  IMP     =         0.0000  CMAP       =        -0.4332
 1-4 NB =         3.4194  1-4 EEL =        44.7050  VDWAALS    =      1470.1089
 EELEC  =    -11290.0518  EHBOND  =         0.0000  RESTRAINT  =         0.0000
 EKCMT  =       924.6077  VIRIAL  =       835.5673  VOLUME     =     31028.5670
                                                    Density    =         0.9854
 ------------------------------------------------------------------------------

wrapping first mol.:       11.43395       16.17005       28.00735
wrapping first mol.:       11.43395       16.17005       28.00735

 NSTEP =    66100   TIME(PS) =     132.200  TEMP(K) =   302.28  PRESS =   -48.6
 Etot   =     -7865.3569  EKtot   =      1843.4839  EPtot      =     -9708.8408
 BOND   =         3.6045  ANGLE   =         6.7252  DIHED      =         2.8153
 UB     =         0.0000  IMP     =         0.0000  CMAP       =         0.2575
 1-4 NB =         2.6367  1-4 EEL =        45.4495  VDWAALS    =      1439.8257
 EELEC  =    -11210.1551  EHBOND  =         0.0000  RESTRAINT  =         0.0000
 EKCMT  =       890.0275  VIRIAL  =       922.6411  VOLUME     =     31069.4080
                                                    Density    =         0.9841
 ------------------------------------------------------------------------------

wrapping first mol.:       11.43996       16.17855       28.02206
wrapping first mol.:       11.43996       16.17855       28.02206

 NSTEP =    66200   TIME(PS) =     132.400  TEMP(K) =   298.44  PRESS =   165.2
 Etot   =     -7867.1855  EKtot   =      1820.0959  EPtot      =     -9687.2814
 BOND   =         2.2774  ANGLE   =         9.0205  DIHED      =         4.2070
 UB     =         0.0000  IMP     =         0.0000  CMAP       =         0.0648
 1-4 NB =         4.0918  1-4 EEL =        45.2408  VDWAALS    =      1462.2444
 EELEC  =    -11214.4281  EHBOND  =         0.0000  RESTRAINT  =         0.0000
 EKCMT  =       878.5613  VIRIAL  =       767.5383  VOLUME     =     31117.7968
                                                    Density    =         0.9826
 ------------------------------------------------------------------------------

wrapping first mol.:       11.43873       16.17681       28.01906
wrapping first mol.:       11.43873       16.17681       28.01906

 NSTEP =    66300   TIME(PS) =     132.600  TEMP(K) =   306.55  PRESS =   128.2
 Etot   =     -7852.5180  EKtot   =      1869.5448  EPtot      =     -9722.0628
 BOND   =         1.2341  ANGLE   =        11.2981  DIHED      =         4.3343
 UB     =         0.0000  IMP     =         0.0000  CMAP       =         0.2308
 1-4 NB =         2.3389  1-4 EEL =        44.3331  VDWAALS    =      1436.4429
 EELEC  =    -11222.2751  EHBOND  =         0.0000  RESTRAINT  =         0.0000
 EKCMT  =       915.7720  VIRIAL  =       829.6462  VOLUME     =     31107.8924
                                                    Density    =         0.9829
 ------------------------------------------------------------------------------

wrapping first mol.:       11.43962       16.17807       28.02123
wrapping first mol.:       11.43962       16.17807       28.02123

 NSTEP =    66400   TIME(PS) =     132.800  TEMP(K) =   286.78  PRESS =  -218.7
 Etot   =     -7897.8398  EKtot   =      1748.9746  EPtot      =     -9646.8144
 BOND   =         1.3114  ANGLE   =         6.9561  DIHED      =         4.8936
 UB     =         0.0000  IMP     =         0.0000  CMAP       =         0.3045
 1-4 NB =         3.5150  1-4 EEL =        45.5803  VDWAALS    =      1382.4435
 EELEC  =    -11091.8187  EHBOND  =         0.0000  RESTRAINT  =         0.0000
 EKCMT  =       881.7950  VIRIAL  =      1028.7376  VOLUME     =     31116.0881
                                                    Density    =         0.9826
 ------------------------------------------------------------------------------

wrapping first mol.:       11.43556       16.17232       28.01127
wrapping first mol.:       11.43556       16.17232       28.01127

 NSTEP =    66500   TIME(PS) =     133.000  TEMP(K) =   300.75  PRESS =   245.0
 Etot   =     -7891.4029  EKtot   =      1834.1995  EPtot      =     -9725.6024
 BOND   =         0.7648  ANGLE   =         6.3381  DIHED      =         3.5921
 UB     =         0.0000  IMP     =         0.0000  CMAP       =         1.3430
 1-4 NB =         2.8077  1-4 EEL =        47.0084  VDWAALS    =      1463.9581
 EELEC  =    -11251.4147  EHBOND  =         0.0000  RESTRAINT  =         0.0000
 EKCMT  =       924.1702  VIRIAL  =       759.7204  VOLUME     =     31081.6548
                                                    Density    =         0.9837
 ------------------------------------------------------------------------------

wrapping first mol.:       11.44342       16.18344       28.03053
wrapping first mol.:       11.44342       16.18344       28.03053

 NSTEP =    66600   TIME(PS) =     133.200  TEMP(K) =   287.15  PRESS =   161.7
 Etot   =     -7883.5566  EKtot   =      1751.2098  EPtot      =     -9634.7665
 BOND   =         2.1378  ANGLE   =         5.9932  DIHED      =         5.6630
 UB     =         0.0000  IMP     =         0.0000  CMAP       =         0.2091
 1-4 NB =         3.3264  1-4 EEL =        43.3005  VDWAALS    =      1439.7736
 EELEC  =    -11135.1700  EHBOND  =         0.0000  RESTRAINT  =         0.0000
 EKCMT  =       870.6339  VIRIAL  =       761.9159  VOLUME     =     31146.0331
                                                    Density    =         0.9817
 ------------------------------------------------------------------------------

wrapping first mol.:       11.44188       16.18126       28.02676
wrapping first mol.:       11.44188       16.18126       28.02676

 NSTEP =    66700   TIME(PS) =     133.400  TEMP(K) =   301.83  PRESS =  -313.9
 Etot   =     -7874.4270  EKtot   =      1840.7501  EPtot      =     -9715.1772
 BOND   =         2.5692  ANGLE   =         6.4815  DIHED      =         4.2246
 UB     =         0.0000  IMP     =         0.0000  CMAP       =         0.3298
 1-4 NB =         2.2215  1-4 EEL =        44.0160  VDWAALS    =      1390.2808
 EELEC  =    -11165.3006  EHBOND  =         0.0000  RESTRAINT  =         0.0000
 EKCMT  =       907.3636  VIRIAL  =      1118.3833  VOLUME     =     31134.7690
                                                    Density    =         0.9820
 ------------------------------------------------------------------------------

wrapping first mol.:       11.43144       16.16650       28.00120
wrapping first mol.:       11.43144       16.16650       28.00120

 NSTEP =    66800   TIME(PS) =     133.600  TEMP(K) =   300.90  PRESS =  -437.3
 Etot   =     -7919.3724  EKtot   =      1835.1016  EPtot      =     -9754.4740
 BOND   =         2.9287  ANGLE   =         5.3940  DIHED      =         4.2519
 UB     =         0.0000  IMP     =         0.0000  CMAP       =         0.6072
 1-4 NB =         2.8586  1-4 EEL =        46.5410  VDWAALS    =      1397.9981
 EELEC  =    -11215.0533  EHBOND  =         0.0000  RESTRAINT  =         0.0000
 EKCMT  =       902.9886  VIRIAL  =      1196.1491  VOLUME     =     31050.0295
                                                    Density    =         0.9847
 ------------------------------------------------------------------------------

wrapping first mol.:       11.43490       16.17139       28.00967
wrapping first mol.:       11.43490       16.17139       28.00967

 NSTEP =    66900   TIME(PS) =     133.800  TEMP(K) =   288.17  PRESS =   213.1
 Etot   =     -7933.8602  EKtot   =      1757.4869  EPtot      =     -9691.3471
 BOND   =         2.3988  ANGLE   =         7.7036  DIHED      =         5.2713
 UB     =         0.0000  IMP     =         0.0000  CMAP       =        -0.2144
 1-4 NB =         3.8353  1-4 EEL =        46.6455  VDWAALS    =      1468.4533
 EELEC  =    -11225.4405  EHBOND  =         0.0000  RESTRAINT  =         0.0000
 EKCMT  =       849.9152  VIRIAL  =       706.9231  VOLUME     =     31076.3884
                                                    Density    =         0.9839
 ------------------------------------------------------------------------------

wrapping first mol.:       11.43107       16.16597       28.00028
wrapping first mol.:       11.43107       16.16597       28.00028

 NSTEP =    67000   TIME(PS) =     134.000  TEMP(K) =   292.31  PRESS =  -421.9
 Etot   =     -7920.0991  EKtot   =      1782.6986  EPtot      =     -9702.7977
 BOND   =         2.9755  ANGLE   =         6.4631  DIHED      =         4.4600
 UB     =         0.0000  IMP     =         0.0000  CMAP       =         0.3221
 1-4 NB =         4.2429  1-4 EEL =        43.9931  VDWAALS    =      1377.8556
 EELEC  =    -11143.1099  EHBOND  =         0.0000  RESTRAINT  =         0.0000
 EKCMT  =       880.2346  VIRIAL  =      1163.0621  VOLUME     =     31046.9043
                                                    Density    =         0.9848
 ------------------------------------------------------------------------------

wrapping first mol.:       11.42723       16.16054       27.99088
wrapping first mol.:       11.42723       16.16054       27.99088

 NSTEP =    67100   TIME(PS) =     134.200  TEMP(K) =   300.36  PRESS =   185.8
 Etot   =     -7918.1221  EKtot   =      1831.8314  EPtot      =     -9749.9535
 BOND   =         3.1346  ANGLE   =         7.8988  DIHED      =         3.0927
 UB     =         0.0000  IMP     =         0.0000  CMAP       =         0.6242
 1-4 NB =         3.3110  1-4 EEL =        43.3885  VDWAALS    =      1469.4028
 EELEC  =    -11280.8061  EHBOND  =         0.0000  RESTRAINT  =         0.0000
 EKCMT  =       904.8248  VIRIAL  =       780.4019  VOLUME     =     31013.9849
                                                    Density    =         0.9858
 ------------------------------------------------------------------------------

wrapping first mol.:       11.43366       16.16963       28.00662
wrapping first mol.:       11.43366       16.16963       28.00662

 NSTEP =    67200   TIME(PS) =     134.400  TEMP(K) =   295.52  PRESS =  -179.6
 Etot   =     -7956.8312  EKtot   =      1802.2612  EPtot      =     -9759.0924
 BOND   =         2.4702  ANGLE   =         6.7890  DIHED      =         5.8298
 UB     =         0.0000  IMP     =         0.0000  CMAP       =         0.1402
 1-4 NB =         2.8704  1-4 EEL =        45.8380  VDWAALS    =      1434.5108
 EELEC  =    -11257.5409  EHBOND  =         0.0000  RESTRAINT  =         0.0000
 EKCMT  =       899.7637  VIRIAL  =      1020.2372  VOLUME     =     31067.3515
                                                    Density    =         0.9842
 ------------------------------------------------------------------------------

wrapping first mol.:       11.43177       16.16697       28.00200
wrapping first mol.:       11.43177       16.16697       28.00200

 NSTEP =    67300   TIME(PS) =     134.600  TEMP(K) =   293.92  PRESS =  -289.6
 Etot   =     -7907.8040  EKtot   =      1792.5078  EPtot      =     -9700.3118
 BOND   =         2.6572  ANGLE   =         5.5395  DIHED      =         4.0461
 UB     =         0.0000  IMP     =         0.0000  CMAP       =         0.0515
 1-4 NB =         3.8673  1-4 EEL =        48.7115  VDWAALS    =      1389.9306
 EELEC  =    -11155.1156  EHBOND  =         0.0000  RESTRAINT  =         0.0000
 EKCMT  =       884.3771  VIRIAL  =      1078.5397  VOLUME     =     31052.2840
                                                    Density    =         0.9846
 ------------------------------------------------------------------------------

wrapping first mol.:       11.42666       16.15974       27.98949
wrapping first mol.:       11.42666       16.15974       27.98949

 NSTEP =    67400   TIME(PS) =     134.800  TEMP(K) =   291.67  PRESS =   250.2
 Etot   =     -7922.3338  EKtot   =      1778.8115  EPtot      =     -9701.1453
 BOND   =         2.6471  ANGLE   =        10.1852  DIHED      =         5.1710
 UB     =         0.0000  IMP     =         0.0000  CMAP       =         1.0149
 1-4 NB =         3.0349  1-4 EEL =        45.2736  VDWAALS    =      1477.6888
 EELEC  =    -11246.1609  EHBOND  =         0.0000  RESTRAINT  =         0.0000
 EKCMT  =       898.1735  VIRIAL  =       730.6571  VOLUME     =     31009.1900
                                                    Density    =         0.9860
 ------------------------------------------------------------------------------

wrapping first mol.:       11.42274       16.15419       27.97987
wrapping first mol.:       11.42274       16.15419       27.97987

 NSTEP =    67500   TIME(PS) =     135.000  TEMP(K) =   304.22  PRESS =  -338.8
 Etot   =     -7881.6961  EKtot   =      1855.3617  EPtot      =     -9737.0578
 BOND   =         2.7041  ANGLE   =         9.9717  DIHED      =         4.7785
 UB     =         0.0000  IMP     =         0.0000  CMAP       =         0.7696
 1-4 NB =         3.2559  1-4 EEL =        45.2807  VDWAALS    =      1397.8997
 EELEC  =    -11201.7180  EHBOND  =         0.0000  RESTRAINT  =         0.0000
 EKCMT  =       899.1116  VIRIAL  =      1125.7353  VOLUME     =     30978.8474
                                                    Density    =         0.9870
 ------------------------------------------------------------------------------

wrapping first mol.:       11.41905       16.14898       27.97085
wrapping first mol.:       11.41905       16.14898       27.97085

 NSTEP =    67600   TIME(PS) =     135.200  TEMP(K) =   297.15  PRESS =  -222.7
 Etot   =     -7941.5768  EKtot   =      1812.2206  EPtot      =     -9753.7974
 BOND   =         1.6802  ANGLE   =        10.7193  DIHED      =         5.6937
 UB     =         0.0000  IMP     =         0.0000  CMAP       =         0.1667
 1-4 NB =         3.6058  1-4 EEL =        44.6362  VDWAALS    =      1408.5243
 EELEC  =    -11228.8237  EHBOND  =         0.0000  RESTRAINT  =         0.0000
 EKCMT  =       919.1110  VIRIAL  =      1067.9321  VOLUME     =     30948.5600
                                                    Density    =         0.9879
 ------------------------------------------------------------------------------

wrapping first mol.:       11.42297       16.15453       27.98046
wrapping first mol.:       11.42297       16.15453       27.98046

 NSTEP =    67700   TIME(PS) =     135.400  TEMP(K) =   304.91  PRESS =   -85.9
 Etot   =     -7906.3871  EKtot   =      1859.5295  EPtot      =     -9765.9166
 BOND   =         4.0720  ANGLE   =        10.1882  DIHED      =         4.0189
 UB     =         0.0000  IMP     =         0.0000  CMAP       =        -0.3717
 1-4 NB =         2.7481  1-4 EEL =        43.6314  VDWAALS    =      1440.8520
 EELEC  =    -11271.0555  EHBOND  =         0.0000  RESTRAINT  =         0.0000
 EKCMT  =       907.5812  VIRIAL  =       965.0568  VOLUME     =     30980.0930
                                                    Density    =         0.9869
 ------------------------------------------------------------------------------

wrapping first mol.:       11.42162       16.15261       27.97713
wrapping first mol.:       11.42162       16.15261       27.97713

 NSTEP =    67800   TIME(PS) =     135.600  TEMP(K) =   299.39  PRESS =   179.7
 Etot   =     -7921.2385  EKtot   =      1825.9030  EPtot      =     -9747.1415
 BOND   =         1.7631  ANGLE   =        10.7776  DIHED      =         3.4540
 UB     =         0.0000  IMP     =         0.0000  CMAP       =         0.5805
 1-4 NB =         2.8913  1-4 EEL =        42.8201  VDWAALS    =      1463.7322
 EELEC  =    -11273.1604  EHBOND  =         0.0000  RESTRAINT  =         0.0000
 EKCMT  =       896.5027  VIRIAL  =       776.3548  VOLUME     =     30968.3213
                                                    Density    =         0.9873
 ------------------------------------------------------------------------------

wrapping first mol.:       11.42877       16.16273       27.99466
wrapping first mol.:       11.42877       16.16273       27.99466

 NSTEP =    67900   TIME(PS) =     135.800  TEMP(K) =   297.02  PRESS =  -216.8
 Etot   =     -7934.8366  EKtot   =      1811.4126  EPtot      =     -9746.2492
 BOND   =         1.6473  ANGLE   =        11.6799  DIHED      =         5.2581
 UB     =         0.0000  IMP     =         0.0000  CMAP       =        -0.4361
 1-4 NB =         3.9792  1-4 EEL =        46.7157  VDWAALS    =      1420.1901
 EELEC  =    -11235.2833  EHBOND  =         0.0000  RESTRAINT  =         0.0000
 EKCMT  =       899.4929  VIRIAL  =      1044.7518  VOLUME     =     31027.6560
                                                    Density    =         0.9854
 ------------------------------------------------------------------------------

wrapping first mol.:       11.43550       16.17223       28.01113
wrapping first mol.:       11.43550       16.17223       28.01113

 NSTEP =    68000   TIME(PS) =     136.000  TEMP(K) =   294.37  PRESS =   287.3
 Etot   =     -7875.1258  EKtot   =      1795.2626  EPtot      =     -9670.3884
 BOND   =         2.4904  ANGLE   =         9.2511  DIHED      =         3.5231
 UB     =         0.0000  IMP     =         0.0000  CMAP       =        -0.1283
 1-4 NB =         4.2988  1-4 EEL =        48.3571  VDWAALS    =      1458.3588
 EELEC  =    -11196.5394  EHBOND  =         0.0000  RESTRAINT  =         0.0000
 EKCMT  =       890.7826  VIRIAL  =       697.9579  VOLUME     =     31081.0512
                                                    Density    =         0.9837
 ------------------------------------------------------------------------------

wrapping first mol.:       11.43491       16.17141       28.00970
wrapping first mol.:       11.43491       16.17141       28.00970

 NSTEP =    68100   TIME(PS) =     136.200  TEMP(K) =   295.20  PRESS =   148.7
 Etot   =     -7840.8584  EKtot   =      1800.3263  EPtot      =     -9641.1847
 BOND   =         1.3936  ANGLE   =         9.2028  DIHED      =         6.0666
 UB     =         0.0000  IMP     =         0.0000  CMAP       =        -0.2681
 1-4 NB =         4.8108  1-4 EEL =        45.9877  VDWAALS    =      1431.6085
 EELEC  =    -11139.9866  EHBOND  =         0.0000  RESTRAINT  =         0.0000
 EKCMT  =       885.9594  VIRIAL  =       786.1711  VOLUME     =     31076.6778
                                                    Density    =         0.9839
 ------------------------------------------------------------------------------

wrapping first mol.:       11.43477       16.17120       28.00934
wrapping first mol.:       11.43477       16.17120       28.00934

 NSTEP =    68200   TIME(PS) =     136.400  TEMP(K) =   301.73  PRESS =   105.8
 Etot   =     -7854.3293  EKtot   =      1840.1434  EPtot      =     -9694.4727
 BOND   =         5.5864  ANGLE   =         7.2243  DIHED      =         4.1334
 UB     =         0.0000  IMP     =         0.0000  CMAP       =        -0.3568
 1-4 NB =         3.2876  1-4 EEL =        44.8641  VDWAALS    =      1440.7634
 EELEC  =    -11199.9752  EHBOND  =         0.0000  RESTRAINT  =         0.0000
 EKCMT  =       937.9786  VIRIAL  =       866.9771  VOLUME     =     31075.6145
                                                    Density    =         0.9839
 ------------------------------------------------------------------------------

wrapping first mol.:       11.43224       16.16763       28.00315
wrapping first mol.:       11.43224       16.16763       28.00315

 NSTEP =    68300   TIME(PS) =     136.600  TEMP(K) =   293.90  PRESS =  -590.9
 Etot   =     -7903.9607  EKtot   =      1792.4231  EPtot      =     -9696.3838
 BOND   =         4.8893  ANGLE   =         8.6171  DIHED      =         4.6696
 UB     =         0.0000  IMP     =         0.0000  CMAP       =        -0.3315
 1-4 NB =         4.9235  1-4 EEL =        48.3789  VDWAALS    =      1348.3496
 EELEC  =    -11115.8803  EHBOND  =         0.0000  RESTRAINT  =         0.0000
 EKCMT  =       902.7293  VIRIAL  =      1298.9825  VOLUME     =     31056.9293
                                                    Density    =         0.9845
 ------------------------------------------------------------------------------

wrapping first mol.:       11.41924       16.14925       27.97132
wrapping first mol.:       11.41924       16.14925       27.97132

 NSTEP =    68400   TIME(PS) =     136.800  TEMP(K) =   305.44  PRESS =  -225.4
 Etot   =     -7913.7429  EKtot   =      1862.7756  EPtot      =     -9776.5185
 BOND   =         4.6719  ANGLE   =         3.5437  DIHED      =         4.9725
 UB     =         0.0000  IMP     =         0.0000  CMAP       =        -0.3519
 1-4 NB =         3.9989  1-4 EEL =        46.4375  VDWAALS    =      1430.3942
 EELEC  =    -11270.1853  EHBOND  =         0.0000  RESTRAINT  =         0.0000
 EKCMT  =       911.5505  VIRIAL  =      1062.1510  VOLUME     =     30950.1251
                                                    Density    =         0.9879
 ------------------------------------------------------------------------------

wrapping first mol.:       11.41881       16.14864       27.97026
wrapping first mol.:       11.41881       16.14864       27.97026

 NSTEP =    68500   TIME(PS) =     137.000  TEMP(K) =   297.09  PRESS =   -46.5
 Etot   =     -7914.1593  EKtot   =      1811.8645  EPtot      =     -9726.0238
 BOND   =         2.9674  ANGLE   =         7.3540  DIHED      =         4.7906
 UB     =         0.0000  IMP     =         0.0000  CMAP       =         0.4127
 1-4 NB =         3.5885  1-4 EEL =        44.8869  VDWAALS    =      1435.9286
 EELEC  =    -11225.9524  EHBOND  =         0.0000  RESTRAINT  =         0.0000
 EKCMT  =       903.8155  VIRIAL  =       934.8879  VOLUME     =     30946.1432
                                                    Density    =         0.9880
 ------------------------------------------------------------------------------

wrapping first mol.:       11.41137       16.13812       27.95203
wrapping first mol.:       11.41137       16.13812       27.95203

 NSTEP =    68600   TIME(PS) =     137.200  TEMP(K) =   303.99  PRESS =   -74.1
 Etot   =     -7923.2939  EKtot   =      1853.9410  EPtot      =     -9777.2349
 BOND   =         2.4378  ANGLE   =        14.3543  DIHED      =         4.9674
 UB     =         0.0000  IMP     =         0.0000  CMAP       =         0.0306
 1-4 NB =         3.1644  1-4 EEL =        44.1070  VDWAALS    =      1447.2501
 EELEC  =    -11293.5464  EHBOND  =         0.0000  RESTRAINT  =         0.0000
 EKCMT  =       905.3397  VIRIAL  =       954.7667  VOLUME     =     30885.7448
                                                    Density    =         0.9899
 ------------------------------------------------------------------------------

wrapping first mol.:       11.42056       16.15111       27.97453
wrapping first mol.:       11.42056       16.15111       27.97453

 NSTEP =    68700   TIME(PS) =     137.400  TEMP(K) =   297.58  PRESS =  -341.3
 Etot   =     -7920.1167  EKtot   =      1814.8411  EPtot      =     -9734.9578
 BOND   =         2.2733  ANGLE   =        11.6149  DIHED      =         6.4673
 UB     =         0.0000  IMP     =         0.0000  CMAP       =         0.4799
 1-4 NB =         3.6178  1-4 EEL =        45.8505  VDWAALS    =      1389.6466
 EELEC  =    -11194.9081  EHBOND  =         0.0000  RESTRAINT  =         0.0000
 EKCMT  =       909.3773  VIRIAL  =      1137.5271  VOLUME     =     30961.1310
                                                    Density    =         0.9875
 ------------------------------------------------------------------------------

wrapping first mol.:       11.41420       16.14212       27.95897
wrapping first mol.:       11.41420       16.14212       27.95897

 NSTEP =    68800   TIME(PS) =     137.600  TEMP(K) =   295.62  PRESS =  -182.8
 Etot   =     -7970.1651  EKtot   =      1802.9252  EPtot      =     -9773.0902
 BOND   =         2.5842  ANGLE   =        13.7609  DIHED      =         3.0507
 UB     =         0.0000  IMP     =         0.0000  CMAP       =         0.7603
 1-4 NB =         4.1788  1-4 EEL =        45.7188  VDWAALS    =      1424.0665
 EELEC  =    -11267.2105  EHBOND  =         0.0000  RESTRAINT  =         0.0000
 EKCMT  =       904.8927  VIRIAL  =      1026.8819  VOLUME     =     30909.0326
                                                    Density    =         0.9892
 ------------------------------------------------------------------------------

wrapping first mol.:       11.41004       16.13624       27.94878
wrapping first mol.:       11.41004       16.13624       27.94878

 NSTEP =    68900   TIME(PS) =     137.800  TEMP(K) =   296.83  PRESS =   -19.9
 Etot   =     -7976.0265  EKtot   =      1810.2690  EPtot      =     -9786.2955
 BOND   =         4.9605  ANGLE   =        10.7601  DIHED      =         3.5859
 UB     =         0.0000  IMP     =         0.0000  CMAP       =         0.3824
 1-4 NB =         4.4021  1-4 EEL =        45.7402  VDWAALS    =      1453.0883
 EELEC  =    -11309.2151  EHBOND  =         0.0000  RESTRAINT  =         0.0000
 EKCMT  =       923.0554  VIRIAL  =       936.3240  VOLUME     =     30874.8288
                                                    Density    =         0.9903
 ------------------------------------------------------------------------------

wrapping first mol.:       11.42176       16.15281       27.97749
wrapping first mol.:       11.42176       16.15281       27.97749

 NSTEP =    69000   TIME(PS) =     138.000  TEMP(K) =   297.57  PRESS =   366.4
 Etot   =     -7956.9958  EKtot   =      1814.7781  EPtot      =     -9771.7739
 BOND   =         5.2144  ANGLE   =         9.3469  DIHED      =         5.5115
 UB     =         0.0000  IMP     =         0.0000  CMAP       =         1.1601
 1-4 NB =         2.9332  1-4 EEL =        42.7315  VDWAALS    =      1504.9114
 EELEC  =    -11343.5829  EHBOND  =         0.0000  RESTRAINT  =         0.0000
 EKCMT  =       900.8709  VIRIAL  =       655.8982  VOLUME     =     30968.9880
                                                    Density    =         0.9873
 ------------------------------------------------------------------------------

wrapping first mol.:       11.43006       16.16455       27.99782
wrapping first mol.:       11.43006       16.16455       27.99782

 NSTEP =    69100   TIME(PS) =     138.200  TEMP(K) =   300.00  PRESS =    55.9
 Etot   =     -7992.4388  EKtot   =      1829.6245  EPtot      =     -9822.0634
 BOND   =         2.9348  ANGLE   =        11.5392  DIHED      =         7.5247
 UB     =         0.0000  IMP     =         0.0000  CMAP       =         0.7414
 1-4 NB =         1.9569  1-4 EEL =        44.4683  VDWAALS    =      1493.9419
 EELEC  =    -11385.1705  EHBOND  =         0.0000  RESTRAINT  =         0.0000
 EKCMT  =       894.4820  VIRIAL  =       857.0153  VOLUME     =     31037.4191
                                                    Density    =         0.9851
 ------------------------------------------------------------------------------

wrapping first mol.:       11.42345       16.15520       27.98163
wrapping first mol.:       11.42345       16.15520       27.98163

 NSTEP =    69200   TIME(PS) =     138.400  TEMP(K) =   297.22  PRESS =  -128.1
 Etot   =     -7999.7782  EKtot   =      1812.6440  EPtot      =     -9812.4223
 BOND   =         4.0711  ANGLE   =         9.7795  DIHED      =         3.4725
 UB     =         0.0000  IMP     =         0.0000  CMAP       =         0.2424
 1-4 NB =         4.0258  1-4 EEL =        46.8024  VDWAALS    =      1443.3689
 EELEC  =    -11324.1849  EHBOND  =         0.0000  RESTRAINT  =         0.0000
 EKCMT  =       889.7826  VIRIAL  =       975.4918  VOLUME     =     30984.1037
                                                    Density    =         0.9868
 ------------------------------------------------------------------------------

wrapping first mol.:       11.42095       16.15167       27.97550
wrapping first mol.:       11.42095       16.15167       27.97550

 NSTEP =    69300   TIME(PS) =     138.600  TEMP(K) =   288.23  PRESS =  -125.5
 Etot   =     -7962.6127  EKtot   =      1757.8159  EPtot      =     -9720.4287
 BOND   =         1.6918  ANGLE   =         9.8387  DIHED      =         4.2625
 UB     =         0.0000  IMP     =         0.0000  CMAP       =        -0.3065
 1-4 NB =         4.5130  1-4 EEL =        45.5112  VDWAALS    =      1424.6569
 EELEC  =    -11210.5963  EHBOND  =         0.0000  RESTRAINT  =         0.0000
 EKCMT  =       875.6401  VIRIAL  =       959.5678  VOLUME     =     30963.7563
                                                    Density    =         0.9874
 ------------------------------------------------------------------------------

wrapping first mol.:       11.41816       16.14772       27.96867
wrapping first mol.:       11.41816       16.14772       27.96867

 NSTEP =    69400   TIME(PS) =     138.800  TEMP(K) =   301.60  PRESS =  -252.0
 Etot   =     -7976.3765  EKtot   =      1839.3429  EPtot      =     -9815.7194
 BOND   =         5.3410  ANGLE   =         7.4525  DIHED      =         4.8285
 UB     =         0.0000  IMP     =         0.0000  CMAP       =        -0.1071
 1-4 NB =         3.4917  1-4 EEL =        45.1646  VDWAALS    =      1447.9773
 EELEC  =    -11329.8678  EHBOND  =         0.0000  RESTRAINT  =         0.0000
 EKCMT  =       896.7550  VIRIAL  =      1065.0860  VOLUME     =     30941.4182
                                                    Density    =         0.9882
 ------------------------------------------------------------------------------

wrapping first mol.:       11.41262       16.13988       27.95510
wrapping first mol.:       11.41262       16.13988       27.95510

 NSTEP =    69500   TIME(PS) =     139.000  TEMP(K) =   287.58  PRESS =   255.3
 Etot   =     -8027.6452  EKtot   =      1753.8348  EPtot      =     -9781.4801
 BOND   =         5.7870  ANGLE   =        11.6147  DIHED      =         4.5599
 UB     =         0.0000  IMP     =         0.0000  CMAP       =         1.8020
 1-4 NB =         2.5225  1-4 EEL =        43.8142  VDWAALS    =      1501.1949
 EELEC  =    -11352.7752  EHBOND  =         0.0000  RESTRAINT  =         0.0000
 EKCMT  =       879.7529  VIRIAL  =       709.4305  VOLUME     =     30894.9950
                                                    Density    =         0.9896
 ------------------------------------------------------------------------------

wrapping first mol.:       11.41323       16.14075       27.95659
wrapping first mol.:       11.41323       16.14075       27.95659

 NSTEP =    69600   TIME(PS) =     139.200  TEMP(K) =   287.71  PRESS =  -345.8
 Etot   =     -8034.1274  EKtot   =      1754.6348  EPtot      =     -9788.7622
 BOND   =         3.4704  ANGLE   =        12.7744  DIHED      =         6.0539
 UB     =         0.0000  IMP     =         0.0000  CMAP       =         0.6642
 1-4 NB =         3.6919  1-4 EEL =        41.2389  VDWAALS    =      1410.6309
 EELEC  =    -11267.2867  EHBOND  =         0.0000  RESTRAINT  =         0.0000
 EKCMT  =       856.9307  VIRIAL  =      1087.6331  VOLUME     =     30901.6126
                                                    Density    =         0.9894
 ------------------------------------------------------------------------------

wrapping first mol.:       11.41717       16.14631       27.96623
wrapping first mol.:       11.41717       16.14631       27.96623

 NSTEP =    69700   TIME(PS) =     139.400  TEMP(K) =   297.09  PRESS =   412.8
 Etot   =     -7955.8930  EKtot   =      1811.8628  EPtot      =     -9767.7558
 BOND   =         1.4419  ANGLE   =        12.8832  DIHED      =         4.2187
 UB     =         0.0000  IMP     =         0.0000  CMAP       =         1.2142
 1-4 NB =         2.8962  1-4 EEL =        46.0643  VDWAALS    =      1521.4472
 EELEC  =    -11357.9214  EHBOND  =         0.0000  RESTRAINT  =         0.0000
 EKCMT  =       892.1384  VIRIAL  =       616.4484  VOLUME     =     30931.4820
                                                    Density    =         0.9885
 ------------------------------------------------------------------------------

wrapping first mol.:       11.41572       16.14427       27.96269
wrapping first mol.:       11.41572       16.14427       27.96269

 NSTEP =    69800   TIME(PS) =     139.600  TEMP(K) =   295.08  PRESS =  -209.1
 Etot   =     -7985.0570  EKtot   =      1799.6061  EPtot      =     -9784.6630
 BOND   =         0.7335  ANGLE   =         8.0636  DIHED      =         6.0505
 UB     =         0.0000  IMP     =         0.0000  CMAP       =         0.1744
 1-4 NB =         3.2971  1-4 EEL =        45.2314  VDWAALS    =      1432.7628
 EELEC  =    -11280.9763  EHBOND  =         0.0000  RESTRAINT  =         0.0000
 EKCMT  =       914.8510  VIRIAL  =      1054.4355  VOLUME     =     30921.4509
                                                    Density    =         0.9888
 ------------------------------------------------------------------------------

wrapping first mol.:       11.41633       16.14513       27.96419
wrapping first mol.:       11.41633       16.14513       27.96419

 NSTEP =    69900   TIME(PS) =     139.800  TEMP(K) =   295.54  PRESS =  -395.3
 Etot   =     -8008.4250  EKtot   =      1802.4368  EPtot      =     -9810.8617
 BOND   =         2.2833  ANGLE   =         7.9569  DIHED      =         6.4542
 UB     =         0.0000  IMP     =         0.0000  CMAP       =         0.7470
 1-4 NB =         3.2571  1-4 EEL =        45.7154  VDWAALS    =      1413.4686
 EELEC  =    -11290.7442  EHBOND  =         0.0000  RESTRAINT  =         0.0000
 EKCMT  =       931.7340  VIRIAL  =      1195.7238  VOLUME     =     30926.9379
                                                    Density    =         0.9886
 ------------------------------------------------------------------------------

wrapping first mol.:       11.40714       16.13213       27.94166
wrapping first mol.:       11.40714       16.13213       27.94166

 NSTEP =    70000   TIME(PS) =     140.000  TEMP(K) =   287.12  PRESS =  -491.2
 Etot   =     -8015.3380  EKtot   =      1751.0396  EPtot      =     -9766.3776
 BOND   =         2.7508  ANGLE   =         9.2945  DIHED      =         4.6648
 UB     =         0.0000  IMP     =         0.0000  CMAP       =         1.8403
 1-4 NB =         2.9180  1-4 EEL =        46.2440  VDWAALS    =      1387.0783
 EELEC  =    -11221.1682  EHBOND  =         0.0000  RESTRAINT  =         0.0000
 EKCMT  =       859.6983  VIRIAL  =      1186.9120  VOLUME     =     30852.5236
                                                    Density    =         0.9910
 ------------------------------------------------------------------------------

wrapping first mol.:       11.40435       16.12818       27.93483
wrapping first mol.:       11.40435       16.12818       27.93483

 NSTEP =    70100   TIME(PS) =     140.200  TEMP(K) =   293.56  PRESS =   -11.3
 Etot   =     -7979.5890  EKtot   =      1790.3319  EPtot      =     -9769.9209
 BOND   =         2.4308  ANGLE   =         8.2892  DIHED      =         4.3264
 UB     =         0.0000  IMP     =         0.0000  CMAP       =         0.1765
 1-4 NB =         4.0995  1-4 EEL =        44.5358  VDWAALS    =      1439.3753
 EELEC  =    -11273.1544  EHBOND  =         0.0000  RESTRAINT  =         0.0000
 EKCMT  =       913.5642  VIRIAL  =       921.1089  VOLUME     =     30828.5741
                                                    Density    =         0.9918
 ------------------------------------------------------------------------------

wrapping first mol.:       11.40635       16.13101       27.93973
wrapping first mol.:       11.40635       16.13101       27.93973

 NSTEP =    70200   TIME(PS) =     140.400  TEMP(K) =   293.49  PRESS =   283.0
 Etot   =     -7951.2470  EKtot   =      1789.9236  EPtot      =     -9741.1706
 BOND   =         2.0240  ANGLE   =        10.5222  DIHED      =         4.8194
 UB     =         0.0000  IMP     =         0.0000  CMAP       =         1.2908
 1-4 NB =         2.5838  1-4 EEL =        45.3775  VDWAALS    =      1470.5981
 EELEC  =    -11278.3862  EHBOND  =         0.0000  RESTRAINT  =         0.0000
 EKCMT  =       912.6538  VIRIAL  =       724.1712  VOLUME     =     30843.9930
                                                    Density    =         0.9913
 ------------------------------------------------------------------------------

wrapping first mol.:       11.40485       16.12889       27.93605
wrapping first mol.:       11.40485       16.12889       27.93605

 NSTEP =    70300   TIME(PS) =     140.600  TEMP(K) =   294.88  PRESS =   196.1
 Etot   =     -7944.0863  EKtot   =      1798.3799  EPtot      =     -9742.4662
 BOND   =         3.0222  ANGLE   =         8.2438  DIHED      =         6.2743
 UB     =         0.0000  IMP     =         0.0000  CMAP       =         1.5051
 1-4 NB =         2.3415  1-4 EEL =        44.7735  VDWAALS    =      1459.8280
 EELEC  =    -11268.4545  EHBOND  =         0.0000  RESTRAINT  =         0.0000
 EKCMT  =       911.3447  VIRIAL  =       780.8234  VOLUME     =     30832.0661
                                                    Density    =         0.9917
 ------------------------------------------------------------------------------

wrapping first mol.:       11.40589       16.13037       27.93862
wrapping first mol.:       11.40589       16.13037       27.93862

 NSTEP =    70400   TIME(PS) =     140.800  TEMP(K) =   295.45  PRESS =  -136.0
 Etot   =     -7981.9813  EKtot   =      1801.8503  EPtot      =     -9783.8317
 BOND   =         1.9624  ANGLE   =         8.3094  DIHED      =         5.5302
 UB     =         0.0000  IMP     =         0.0000  CMAP       =         0.0633
 1-4 NB =         4.0905  1-4 EEL =        45.5495  VDWAALS    =      1424.1512
 EELEC  =    -11273.4882  EHBOND  =         0.0000  RESTRAINT  =         0.0000
 EKCMT  =       936.7032  VIRIAL  =      1027.2361  VOLUME     =     30841.4576
                                                    Density    =         0.9914
 ------------------------------------------------------------------------------

wrapping first mol.:       11.40638       16.13106       27.93982
wrapping first mol.:       11.40638       16.13106       27.93982

 NSTEP =    70500   TIME(PS) =     141.000  TEMP(K) =   292.49  PRESS =   548.9
 Etot   =     -7953.4227  EKtot   =      1783.7831  EPtot      =     -9737.2058
 BOND   =         4.9232  ANGLE   =        17.1913  DIHED      =         4.1487
 UB     =         0.0000  IMP     =         0.0000  CMAP       =         0.8295
 1-4 NB =         1.9769  1-4 EEL =        43.0332  VDWAALS    =      1505.0883
 EELEC  =    -11314.3970  EHBOND  =         0.0000  RESTRAINT  =         0.0000
 EKCMT  =       885.5721  VIRIAL  =       520.0009  VOLUME     =     30843.5542
                                                    Density    =         0.9913
 ------------------------------------------------------------------------------

wrapping first mol.:       11.41600       16.14467       27.96338
wrapping first mol.:       11.41600       16.14467       27.96338

 NSTEP =    70600   TIME(PS) =     141.200  TEMP(K) =   300.06  PRESS =  -224.7
 Etot   =     -7912.6891  EKtot   =      1829.9857  EPtot      =     -9742.6749
 BOND   =         1.9421  ANGLE   =        10.5005  DIHED      =         4.5491
 UB     =         0.0000  IMP     =         0.0000  CMAP       =         0.6069
 1-4 NB =         4.8797  1-4 EEL =        47.7602  VDWAALS    =      1398.7824
 EELEC  =    -11211.6959  EHBOND  =         0.0000  RESTRAINT  =         0.0000
 EKCMT  =       923.6039  VIRIAL  =      1073.6381  VOLUME     =     30923.7824
                                                    Density    =         0.9887
 ------------------------------------------------------------------------------

wrapping first mol.:       11.42247       16.15381       27.97922
wrapping first mol.:       11.42247       16.15381       27.97922

 NSTEP =    70700   TIME(PS) =     141.400  TEMP(K) =   311.52  PRESS =    39.7
 Etot   =     -7920.1396  EKtot   =      1899.8364  EPtot      =     -9819.9760
 BOND   =         2.6046  ANGLE   =        10.8145  DIHED      =         3.6335
 UB     =         0.0000  IMP     =         0.0000  CMAP       =         0.0762
 1-4 NB =         4.3062  1-4 EEL =        48.4542  VDWAALS    =      1473.2648
 EELEC  =    -11363.1300  EHBOND  =         0.0000  RESTRAINT  =         0.0000
 EKCMT  =       934.7855  VIRIAL  =       908.2401  VOLUME     =     30975.6473
                                                    Density    =         0.9871
 ------------------------------------------------------------------------------

wrapping first mol.:       11.42614       16.15900       27.98821
wrapping first mol.:       11.42614       16.15900       27.98821

 NSTEP =    70800   TIME(PS) =     141.600  TEMP(K) =   292.92  PRESS =  -237.6
 Etot   =     -7928.4425  EKtot   =      1786.4114  EPtot      =     -9714.8538
 BOND   =         2.3672  ANGLE   =        10.6352  DIHED      =         4.8139
 UB     =         0.0000  IMP     =         0.0000  CMAP       =         0.4307
 1-4 NB =         4.1054  1-4 EEL =        44.1326  VDWAALS    =      1404.1178
 EELEC  =    -11185.4567  EHBOND  =         0.0000  RESTRAINT  =         0.0000
 EKCMT  =       879.1537  VIRIAL  =      1038.2239  VOLUME     =     31006.2766
                                                    Density    =         0.9861
 ------------------------------------------------------------------------------

wrapping first mol.:       11.41345       16.14105       27.95712
wrapping first mol.:       11.41345       16.14105       27.95712

 NSTEP =    70900   TIME(PS) =     141.800  TEMP(K) =   291.59  PRESS =  -123.9
 Etot   =     -7942.1314  EKtot   =      1778.3259  EPtot      =     -9720.4574
 BOND   =         2.6727  ANGLE   =        12.8839  DIHED      =         4.0909
 UB     =         0.0000  IMP     =         0.0000  CMAP       =        -0.0154
 1-4 NB =         3.1641  1-4 EEL =        44.5375  VDWAALS    =      1427.2542
 EELEC  =    -11215.0454  EHBOND  =         0.0000  RESTRAINT  =         0.0000
 EKCMT  =       850.4740  VIRIAL  =       933.1288  VOLUME     =     30902.7587
                                                    Density    =         0.9894
 ------------------------------------------------------------------------------

wrapping first mol.:       11.40479       16.12881       27.93591
wrapping first mol.:       11.40479       16.12881       27.93591

 NSTEP =    71000   TIME(PS) =     142.000  TEMP(K) =   294.74  PRESS =  -527.1
 Etot   =     -7929.9136  EKtot   =      1797.5137  EPtot      =     -9727.4273
 BOND   =         4.0721  ANGLE   =         8.8627  DIHED      =         5.6490
 UB     =         0.0000  IMP     =         0.0000  CMAP       =        -0.0479
 1-4 NB =         3.6522  1-4 EEL =        43.0522  VDWAALS    =      1356.8023
 EELEC  =    -11149.4699  EHBOND  =         0.0000  RESTRAINT  =         0.0000
 EKCMT  =       886.1198  VIRIAL  =      1237.0075  VOLUME     =     30833.5779
                                                    Density    =         0.9916
 ------------------------------------------------------------------------------

wrapping first mol.:       11.40510       16.12925       27.93668
wrapping first mol.:       11.40510       16.12925       27.93668

 NSTEP =    71100   TIME(PS) =     142.200  TEMP(K) =   299.45  PRESS =   158.7
 Etot   =     -7932.6118  EKtot   =      1826.2354  EPtot      =     -9758.8471
 BOND   =         3.5311  ANGLE   =         7.1119  DIHED      =         5.1854
 UB     =         0.0000  IMP     =         0.0000  CMAP       =        -0.0074
 1-4 NB =         4.4335  1-4 EEL =        44.2533  VDWAALS    =      1458.4502
 EELEC  =    -11281.8052  EHBOND  =         0.0000  RESTRAINT  =         0.0000
 EKCMT  =       915.0824  VIRIAL  =       809.4572  VOLUME     =     30834.2309
                                                    Density    =         0.9916
 ------------------------------------------------------------------------------

wrapping first mol.:       11.41269       16.13998       27.95526
wrapping first mol.:       11.41269       16.13998       27.95526

 NSTEP =    71200   TIME(PS) =     142.400  TEMP(K) =   296.99  PRESS =  -344.1
 Etot   =     -7917.9753  EKtot   =      1811.2384  EPtot      =     -9729.2137
 BOND   =         7.0500  ANGLE   =        14.5856  DIHED      =         3.1109
 UB     =         0.0000  IMP     =         0.0000  CMAP       =         0.0125
 1-4 NB =         2.3469  1-4 EEL =        40.9349  VDWAALS    =      1368.4110
 EELEC  =    -11165.6655  EHBOND  =         0.0000  RESTRAINT  =         0.0000
 EKCMT  =       906.4476  VIRIAL  =      1135.9728  VOLUME     =     30897.1885
                                                    Density    =         0.9896
 ------------------------------------------------------------------------------

wrapping first mol.:       11.41493       16.14316       27.96076
wrapping first mol.:       11.41493       16.14316       27.96076

 NSTEP =    71300   TIME(PS) =     142.600  TEMP(K) =   298.32  PRESS =  -197.2
 Etot   =     -7920.3520  EKtot   =      1819.3507  EPtot      =     -9739.7027
 BOND   =         3.6843  ANGLE   =        11.4541  DIHED      =         4.7713
 UB     =         0.0000  IMP     =         0.0000  CMAP       =         0.0227
 1-4 NB =         5.0141  1-4 EEL =        45.6337  VDWAALS    =      1404.1322
 EELEC  =    -11214.4151  EHBOND  =         0.0000  RESTRAINT  =         0.0000
 EKCMT  =       917.0558  VIRIAL  =      1048.6889  VOLUME     =     30915.0306
                                                    Density    =         0.9890
 ------------------------------------------------------------------------------

wrapping first mol.:       11.41131       16.13802       27.95187
wrapping first mol.:       11.41131       16.13802       27.95187

 NSTEP =    71400   TIME(PS) =     142.800  TEMP(K) =   294.51  PRESS =   351.1
 Etot   =     -7942.2389  EKtot   =      1796.1251  EPtot      =     -9738.3640
 BOND   =         2.6231  ANGLE   =         9.9883  DIHED      =         4.1358
 UB     =         0.0000  IMP     =         0.0000  CMAP       =        -0.0700
 1-4 NB =         3.0766  1-4 EEL =        44.9434  VDWAALS    =      1466.0162
 EELEC  =    -11269.0773  EHBOND  =         0.0000  RESTRAINT  =         0.0000
 EKCMT  =       917.5940  VIRIAL  =       683.4652  VOLUME     =     30884.0479
                                                    Density    =         0.9900
 ------------------------------------------------------------------------------

wrapping first mol.:       11.42098       16.15170       27.97556
wrapping first mol.:       11.42098       16.15170       27.97556

 NSTEP =    71500   TIME(PS) =     143.000  TEMP(K) =   296.86  PRESS =   200.0
 Etot   =     -7926.0972  EKtot   =      1810.4658  EPtot      =     -9736.5631
 BOND   =         2.0339  ANGLE   =        10.5708  DIHED      =         3.3584
 UB     =         0.0000  IMP     =         0.0000  CMAP       =         0.6737
 1-4 NB =         3.0722  1-4 EEL =        44.3486  VDWAALS    =      1462.0889
 EELEC  =    -11262.7096  EHBOND  =         0.0000  RESTRAINT  =         0.0000
 EKCMT  =       908.8863  VIRIAL  =       775.1872  VOLUME     =     30963.0518
                                                    Density    =         0.9875
 ------------------------------------------------------------------------------

wrapping first mol.:       11.41384       16.14161       27.95809
wrapping first mol.:       11.41384       16.14161       27.95809

 NSTEP =    71600   TIME(PS) =     143.200  TEMP(K) =   299.73  PRESS =  -260.1
 Etot   =     -7957.5771  EKtot   =      1827.9396  EPtot      =     -9785.5167
 BOND   =         3.1160  ANGLE   =        11.6445  DIHED      =         2.8881
 UB     =         0.0000  IMP     =         0.0000  CMAP       =         0.6603
 1-4 NB =         2.5913  1-4 EEL =        42.2362  VDWAALS    =      1411.2974
 EELEC  =    -11259.9506  EHBOND  =         0.0000  RESTRAINT  =         0.0000
 EKCMT  =       913.8080  VIRIAL  =      1087.3657  VOLUME     =     30906.3497
                                                    Density    =         0.9893
 ------------------------------------------------------------------------------

wrapping first mol.:       11.41471       16.14284       27.96021
wrapping first mol.:       11.41471       16.14284       27.96021

 NSTEP =    71700   TIME(PS) =     143.400  TEMP(K) =   295.17  PRESS =    81.0
 Etot   =     -7999.9149  EKtot   =      1800.1599  EPtot      =     -9800.0748
 BOND   =         3.9728  ANGLE   =         8.4579  DIHED      =         4.1380
 UB     =         0.0000  IMP     =         0.0000  CMAP       =         0.1081
 1-4 NB =         2.5932  1-4 EEL =        43.1748  VDWAALS    =      1464.7963
 EELEC  =    -11327.3160  EHBOND  =         0.0000  RESTRAINT  =         0.0000
 EKCMT  =       890.3861  VIRIAL  =       836.3122  VOLUME     =     30912.4270
                                                    Density    =         0.9891
 ------------------------------------------------------------------------------

wrapping first mol.:       11.41246       16.13966       27.95470
wrapping first mol.:       11.41246       16.13966       27.95470

 NSTEP =    71800   TIME(PS) =     143.600  TEMP(K) =   290.69  PRESS =  -297.8
 Etot   =     -8012.8860  EKtot   =      1772.8390  EPtot      =     -9785.7250
 BOND   =         5.1582  ANGLE   =        10.4119  DIHED      =         4.1204
 UB     =         0.0000  IMP     =         0.0000  CMAP       =        -0.0452
 1-4 NB =         4.1966  1-4 EEL =        43.8997  VDWAALS    =      1420.0999
 EELEC  =    -11273.5664  EHBOND  =         0.0000  RESTRAINT  =         0.0000
 EKCMT  =       872.9831  VIRIAL  =      1071.6316  VOLUME     =     30895.2143
                                                    Density    =         0.9896
 ------------------------------------------------------------------------------

wrapping first mol.:       11.40303       16.12631       27.93159
wrapping first mol.:       11.40303       16.12631       27.93159

 NSTEP =    71900   TIME(PS) =     143.800  TEMP(K) =   291.64  PRESS =  -385.3
 Etot   =     -7994.9317  EKtot   =      1778.6010  EPtot      =     -9773.5327
 BOND   =         5.1836  ANGLE   =         7.2144  DIHED      =         3.2577
 UB     =         0.0000  IMP     =         0.0000  CMAP       =         1.1991
 1-4 NB =         1.8616  1-4 EEL =        43.7456  VDWAALS    =      1402.1598
 EELEC  =    -11238.1545  EHBOND  =         0.0000  RESTRAINT  =         0.0000
 EKCMT  =       875.2663  VIRIAL  =      1131.6213  VOLUME     =     30818.8962
                                                    Density    =         0.9921
 ------------------------------------------------------------------------------

wrapping first mol.:       11.39785       16.11899       27.91891
wrapping first mol.:       11.39785       16.11899       27.91891

 NSTEP =    72000   TIME(PS) =     144.000  TEMP(K) =   293.30  PRESS =   -15.1
 Etot   =     -7987.7589  EKtot   =      1788.7451  EPtot      =     -9776.5040
 BOND   =         1.3834  ANGLE   =         7.2468  DIHED      =         4.6886
 UB     =         0.0000  IMP     =         0.0000  CMAP       =         0.3155
 1-4 NB =         3.2751  1-4 EEL =        44.2450  VDWAALS    =      1432.1655
 EELEC  =    -11269.8239  EHBOND  =         0.0000  RESTRAINT  =         0.0000
 EKCMT  =       907.4528  VIRIAL  =       917.4830  VOLUME     =     30775.9021
                                                    Density    =         0.9935
 ------------------------------------------------------------------------------

wrapping first mol.:       11.40893       16.13467       27.94606
wrapping first mol.:       11.40893       16.13467       27.94606

 NSTEP =    72100   TIME(PS) =     144.200  TEMP(K) =   309.14  PRESS =   338.9
 Etot   =     -7959.8179  EKtot   =      1885.3733  EPtot      =     -9845.1912
 BOND   =         3.9033  ANGLE   =         7.2078  DIHED      =         3.1024
 UB     =         0.0000  IMP     =         0.0000  CMAP       =         0.4280
 1-4 NB =         3.8406  1-4 EEL =        46.3650  VDWAALS    =      1511.1219
 EELEC  =    -11421.1601  EHBOND  =         0.0000  RESTRAINT  =         0.0000
 EKCMT  =       963.8092  VIRIAL  =       737.9427  VOLUME     =     30864.8255
                                                    Density    =         0.9906
 ------------------------------------------------------------------------------

wrapping first mol.:       11.41888       16.14874       27.97043
wrapping first mol.:       11.41888       16.14874       27.97043

 NSTEP =    72200   TIME(PS) =     144.400  TEMP(K) =   307.48  PRESS =   403.6
 Etot   =     -7953.3818  EKtot   =      1875.2109  EPtot      =     -9828.5928
 BOND   =         2.4352  ANGLE   =         7.2213  DIHED      =         4.0931
 UB     =         0.0000  IMP     =         0.0000  CMAP       =         1.0267
 1-4 NB =         2.6476  1-4 EEL =        44.9334  VDWAALS    =      1510.1820
 EELEC  =    -11401.1320  EHBOND  =         0.0000  RESTRAINT  =         0.0000
 EKCMT  =       920.0968  VIRIAL  =       650.4114  VOLUME     =     30945.4517
                                                    Density    =         0.9880
 ------------------------------------------------------------------------------

wrapping first mol.:       11.41578       16.14435       27.96283
wrapping first mol.:       11.41578       16.14435       27.96283

 NSTEP =    72300   TIME(PS) =     144.600  TEMP(K) =   298.19  PRESS =  -369.6
 Etot   =     -7951.2124  EKtot   =      1818.5626  EPtot      =     -9769.7750
 BOND   =         1.1895  ANGLE   =         9.7063  DIHED      =         5.3633
 UB     =         0.0000  IMP     =         0.0000  CMAP       =         1.0714
 1-4 NB =         4.6614  1-4 EEL =        48.3011  VDWAALS    =      1397.9117
 EELEC  =    -11237.9797  EHBOND  =         0.0000  RESTRAINT  =         0.0000
 EKCMT  =       884.9884  VIRIAL  =      1131.7564  VOLUME     =     30922.3706
                                                    Density    =         0.9888
 ------------------------------------------------------------------------------

wrapping first mol.:       11.41861       16.14835       27.96976
wrapping first mol.:       11.41861       16.14835       27.96976

 NSTEP =    72400   TIME(PS) =     144.800  TEMP(K) =   296.36  PRESS =    33.9
 Etot   =     -7950.3335  EKtot   =      1807.4277  EPtot      =     -9757.7612
 BOND   =         2.0295  ANGLE   =         5.5907  DIHED      =         5.2483
 UB     =         0.0000  IMP     =         0.0000  CMAP       =         0.6734
 1-4 NB =         3.7410  1-4 EEL =        48.8431  VDWAALS    =      1454.7685
 EELEC  =    -11278.6557  EHBOND  =         0.0000  RESTRAINT  =         0.0000
 EKCMT  =       903.2801  VIRIAL  =       880.6502  VOLUME     =     30944.2338
                                                    Density    =         0.9881
 ------------------------------------------------------------------------------

wrapping first mol.:       11.40934       16.13524       27.94706
wrapping first mol.:       11.40934       16.13524       27.94706

 NSTEP =    72500   TIME(PS) =     145.000  TEMP(K) =   297.65  PRESS =  -609.7
 Etot   =     -7965.1100  EKtot   =      1815.2759  EPtot      =     -9780.3858
 BOND   =         3.4340  ANGLE   =         5.0753  DIHED      =         4.7387
 UB     =         0.0000  IMP     =         0.0000  CMAP       =         0.1940
 1-4 NB =         3.6158  1-4 EEL =        45.7744  VDWAALS    =      1368.5399
 EELEC  =    -11211.7580  EHBOND  =         0.0000  RESTRAINT  =         0.0000
 EKCMT  =       897.4566  VIRIAL  =      1303.8240  VOLUME     =     30870.7414
                                                    Density    =         0.9904
 ------------------------------------------------------------------------------

wrapping first mol.:       11.41049       16.13688       27.94989
wrapping first mol.:       11.41049       16.13688       27.94989

 NSTEP =    72600   TIME(PS) =     145.200  TEMP(K) =   306.25  PRESS =  -160.6
 Etot   =     -7980.8351  EKtot   =      1867.7410  EPtot      =     -9848.5761
 BOND   =         0.9889  ANGLE   =        12.2296  DIHED      =         4.3565
 UB     =         0.0000  IMP     =         0.0000  CMAP       =         0.5009
 1-4 NB =         2.4038  1-4 EEL =        44.2476  VDWAALS    =      1462.1142
 EELEC  =    -11375.4176  EHBOND  =         0.0000  RESTRAINT  =         0.0000
 EKCMT  =       935.1124  VIRIAL  =      1042.1953  VOLUME     =     30878.8671
                                                    Density    =         0.9902
 ------------------------------------------------------------------------------

wrapping first mol.:       11.40465       16.12861       27.93558
wrapping first mol.:       11.40465       16.12861       27.93558

 NSTEP =    72700   TIME(PS) =     145.400  TEMP(K) =   291.63  PRESS =  -183.7
 Etot   =     -7977.9734  EKtot   =      1778.5730  EPtot      =     -9756.5464
 BOND   =         2.2277  ANGLE   =         9.5684  DIHED      =         5.2553
 UB     =         0.0000  IMP     =         0.0000  CMAP       =         0.2513
 1-4 NB =         2.7046  1-4 EEL =        44.9938  VDWAALS    =      1414.9078
 EELEC  =    -11236.4553  EHBOND  =         0.0000  RESTRAINT  =         0.0000
 EKCMT  =       887.4357  VIRIAL  =      1009.7053  VOLUME     =     30831.5266
                                                    Density    =         0.9917
 ------------------------------------------------------------------------------

wrapping first mol.:       11.40399       16.12767       27.93395
wrapping first mol.:       11.40399       16.12767       27.93395

 NSTEP =    72800   TIME(PS) =     145.600  TEMP(K) =   296.99  PRESS =  -389.6
 Etot   =     -7974.2290  EKtot   =      1811.2651  EPtot      =     -9785.4941
 BOND   =         1.6759  ANGLE   =         8.2089  DIHED      =         6.0528
 UB     =         0.0000  IMP     =         0.0000  CMAP       =         2.3928
 1-4 NB =         3.7459  1-4 EEL =        42.7582  VDWAALS    =      1389.8491
 EELEC  =    -11240.1777  EHBOND  =         0.0000  RESTRAINT  =         0.0000
 EKCMT  =       887.6432  VIRIAL  =      1146.9442  VOLUME     =     30826.7003
                                                    Density    =         0.9918
 ------------------------------------------------------------------------------

wrapping first mol.:       11.39994       16.12194       27.92402
wrapping first mol.:       11.39994       16.12194       27.92402

 NSTEP =    72900   TIME(PS) =     145.800  TEMP(K) =   293.49  PRESS =  -193.1
 Etot   =     -8002.9517  EKtot   =      1789.9006  EPtot      =     -9792.8524
 BOND   =         1.0856  ANGLE   =         7.3232  DIHED      =         4.6423
 UB     =         0.0000  IMP     =         0.0000  CMAP       =         3.2242
 1-4 NB =         2.9121  1-4 EEL =        48.7761  VDWAALS    =      1427.1917
 EELEC  =    -11288.0076  EHBOND  =         0.0000  RESTRAINT  =         0.0000
 EKCMT  =       868.2963  VIRIAL  =       996.6893  VOLUME     =     30793.3185
                                                    Density    =         0.9929
 ------------------------------------------------------------------------------

wrapping first mol.:       11.39760       16.11864       27.91831
wrapping first mol.:       11.39760       16.11864       27.91831

 NSTEP =    73000   TIME(PS) =     146.000  TEMP(K) =   294.89  PRESS =  -123.5
 Etot   =     -8011.8345  EKtot   =      1798.4442  EPtot      =     -9810.2787
 BOND   =         0.6246  ANGLE   =         4.2158  DIHED      =         3.9366
 UB     =         0.0000  IMP     =         0.0000  CMAP       =         0.7122
 1-4 NB =         5.5073  1-4 EEL =        48.2053  VDWAALS    =      1437.3203
 EELEC  =    -11310.8007  EHBOND  =         0.0000  RESTRAINT  =         0.0000
 EKCMT  =       886.0116  VIRIAL  =       968.0666  VOLUME     =     30774.2188
                                                    Density    =         0.9935
 ------------------------------------------------------------------------------

wrapping first mol.:       11.40109       16.12357       27.92684
wrapping first mol.:       11.40109       16.12357       27.92684

 NSTEP =    73100   TIME(PS) =     146.200  TEMP(K) =   288.47  PRESS =   343.0
 Etot   =     -7986.5087  EKtot   =      1759.2710  EPtot      =     -9745.7797
 BOND   =         1.5572  ANGLE   =         6.3089  DIHED      =         4.3884
 UB     =         0.0000  IMP     =         0.0000  CMAP       =        -0.2105
 1-4 NB =         3.5916  1-4 EEL =        46.9952  VDWAALS    =      1480.3661
 EELEC  =    -11288.7767  EHBOND  =         0.0000  RESTRAINT  =         0.0000
 EKCMT  =       850.9317  VIRIAL  =       622.8385  VOLUME     =     30801.1571
                                                    Density    =         0.9927
 ------------------------------------------------------------------------------

wrapping first mol.:       11.40767       16.13288       27.94297
wrapping first mol.:       11.40767       16.13288       27.94297

 NSTEP =    73200   TIME(PS) =     146.400  TEMP(K) =   299.59  PRESS =   396.4
 Etot   =     -7958.4297  EKtot   =      1827.1189  EPtot      =     -9785.5486
 BOND   =         2.4982  ANGLE   =        11.2425  DIHED      =         4.5539
 UB     =         0.0000  IMP     =         0.0000  CMAP       =         0.1395
 1-4 NB =         3.5311  1-4 EEL =        41.6480  VDWAALS    =      1508.4799
 EELEC  =    -11357.6417  EHBOND  =         0.0000  RESTRAINT  =         0.0000
 EKCMT  =       901.8256  VIRIAL  =       637.7711  VOLUME     =     30854.4296
                                                    Density    =         0.9909
 ------------------------------------------------------------------------------

wrapping first mol.:       11.41125       16.13794       27.95173
wrapping first mol.:       11.41125       16.13794       27.95173

 NSTEP =    73300   TIME(PS) =     146.600  TEMP(K) =   297.63  PRESS =   -55.9
 Etot   =     -7970.2880  EKtot   =      1815.1550  EPtot      =     -9785.4430
 BOND   =         2.3208  ANGLE   =         7.9562  DIHED      =         3.1075
 UB     =         0.0000  IMP     =         0.0000  CMAP       =         1.7199
 1-4 NB =         2.1503  1-4 EEL =        44.4013  VDWAALS    =      1439.3920
 EELEC  =    -11286.4910  EHBOND  =         0.0000  RESTRAINT  =         0.0000
 EKCMT  =       892.4392  VIRIAL  =       929.6987  VOLUME     =     30884.6920
                                                    Density    =         0.9900
 ------------------------------------------------------------------------------

wrapping first mol.:       11.40597       16.13048       27.93880
wrapping first mol.:       11.40597       16.13048       27.93880

 NSTEP =    73400   TIME(PS) =     146.800  TEMP(K) =   297.17  PRESS =   150.7
 Etot   =     -7975.8031  EKtot   =      1812.3237  EPtot      =     -9788.1268
 BOND   =         2.2248  ANGLE   =         9.6369  DIHED      =         3.5242
 UB     =         0.0000  IMP     =         0.0000  CMAP       =         1.9211
 1-4 NB =         4.3941  1-4 EEL =        43.7722  VDWAALS    =      1470.5377
 EELEC  =    -11324.1379  EHBOND  =         0.0000  RESTRAINT  =         0.0000
 EKCMT  =       890.2200  VIRIAL  =       789.8485  VOLUME     =     30841.2856
                                                    Density    =         0.9914
 ------------------------------------------------------------------------------

wrapping first mol.:       11.40158       16.12427       27.92805
wrapping first mol.:       11.40158       16.12427       27.92805

 NSTEP =    73500   TIME(PS) =     147.000  TEMP(K) =   293.38  PRESS =   -13.2
 Etot   =     -7988.3192  EKtot   =      1789.2498  EPtot      =     -9777.5690
 BOND   =         1.7311  ANGLE   =         4.9809  DIHED      =         3.8985
 UB     =         0.0000  IMP     =         0.0000  CMAP       =        -0.7832
 1-4 NB =         3.7794  1-4 EEL =        45.2787  VDWAALS    =      1439.8650
 EELEC  =    -11276.3191  EHBOND  =         0.0000  RESTRAINT  =         0.0000
 EKCMT  =       880.0300  VIRIAL  =       888.8323  VOLUME     =     30806.1476
                                                    Density    =         0.9925
 ------------------------------------------------------------------------------

wrapping first mol.:       11.40940       16.13533       27.94722
wrapping first mol.:       11.40940       16.13533       27.94722

 NSTEP =    73600   TIME(PS) =     147.200  TEMP(K) =   302.51  PRESS =   -50.9
 Etot   =     -7976.3285  EKtot   =      1844.9301  EPtot      =     -9821.2586
 BOND   =         1.7775  ANGLE   =        10.2272  DIHED      =         5.0198
 UB     =         0.0000  IMP     =         0.0000  CMAP       =         0.4139
 1-4 NB =         3.1854  1-4 EEL =        42.1441  VDWAALS    =      1444.8798
 EELEC  =    -11328.9063  EHBOND  =         0.0000  RESTRAINT  =         0.0000
 EKCMT  =       903.4714  VIRIAL  =       937.4228  VOLUME     =     30869.7199
                                                    Density    =         0.9905
 ------------------------------------------------------------------------------

wrapping first mol.:       11.41172       16.13860       27.95288
wrapping first mol.:       11.41172       16.13860       27.95288

 NSTEP =    73700   TIME(PS) =     147.400  TEMP(K) =   292.81  PRESS =    92.7
 Etot   =     -7978.2711  EKtot   =      1785.7343  EPtot      =     -9764.0054
 BOND   =         2.2455  ANGLE   =        10.2202  DIHED      =         4.0488
 UB     =         0.0000  IMP     =         0.0000  CMAP       =        -0.2863
 1-4 NB =         3.3449  1-4 EEL =        43.4511  VDWAALS    =      1473.5773
 EELEC  =    -11300.6068  EHBOND  =         0.0000  RESTRAINT  =         0.0000
 EKCMT  =       873.9812  VIRIAL  =       812.1744  VOLUME     =     30888.0886
                                                    Density    =         0.9899
 ------------------------------------------------------------------------------

wrapping first mol.:       11.42325       16.15491       27.98113
wrapping first mol.:       11.42325       16.15491       27.98113

 NSTEP =    73800   TIME(PS) =     147.600  TEMP(K) =   298.36  PRESS =   154.2
 Etot   =     -7906.1250  EKtot   =      1819.6035  EPtot      =     -9725.7285
 BOND   =         2.8907  ANGLE   =         8.0366  DIHED      =         4.1858
 UB     =         0.0000  IMP     =         0.0000  CMAP       =         0.6419
 1-4 NB =         2.7088  1-4 EEL =        42.8680  VDWAALS    =      1450.9674
 EELEC  =    -11238.0277  EHBOND  =         0.0000  RESTRAINT  =         0.0000
 EKCMT  =       901.7531  VIRIAL  =       798.5946  VOLUME     =     30981.6553
                                                    Density    =         0.9869
 ------------------------------------------------------------------------------

wrapping first mol.:       11.42333       16.15503       27.98132
wrapping first mol.:       11.42333       16.15503       27.98132

 NSTEP =    73900   TIME(PS) =     147.800  TEMP(K) =   298.80  PRESS =   137.4
 Etot   =     -7906.7404  EKtot   =      1822.3000  EPtot      =     -9729.0404
 BOND   =         1.3289  ANGLE   =         8.5273  DIHED      =         4.7240
 UB     =         0.0000  IMP     =         0.0000  CMAP       =         0.2628
 1-4 NB =         3.6836  1-4 EEL =        44.6773  VDWAALS    =      1458.3521
 EELEC  =    -11250.5964  EHBOND  =         0.0000  RESTRAINT  =         0.0000
 EKCMT  =       921.6487  VIRIAL  =       829.7552  VOLUME     =     30982.3527
                                                    Density    =         0.9869
 ------------------------------------------------------------------------------

wrapping first mol.:       11.42852       16.16237       27.99404
wrapping first mol.:       11.42852       16.16237       27.99404

 NSTEP =    74000   TIME(PS) =     148.000  TEMP(K) =   294.08  PRESS =   121.1
 Etot   =     -7869.9831  EKtot   =      1793.5243  EPtot      =     -9663.5074
 BOND   =         1.6406  ANGLE   =         5.8299  DIHED      =         7.2686
 UB     =         0.0000  IMP     =         0.0000  CMAP       =        -0.2121
 1-4 NB =         3.9063  1-4 EEL =        46.8088  VDWAALS    =      1437.4500
 EELEC  =    -11166.1994  EHBOND  =         0.0000  RESTRAINT  =         0.0000
 EKCMT  =       909.8949  VIRIAL  =       828.8031  VOLUME     =     31024.6653
                                                    Density    =         0.9855
 ------------------------------------------------------------------------------

wrapping first mol.:       11.43075       16.16553       27.99951
wrapping first mol.:       11.43075       16.16553       27.99951

 NSTEP =    74100   TIME(PS) =     148.200  TEMP(K) =   310.41  PRESS =  -115.8
 Etot   =     -7820.9403  EKtot   =      1893.0754  EPtot      =     -9714.0157
 BOND   =         0.6280  ANGLE   =         7.1745  DIHED      =         5.2294
 UB     =         0.0000  IMP     =         0.0000  CMAP       =        -0.8617
 1-4 NB =         5.1880  1-4 EEL =        43.4399  VDWAALS    =      1411.2638
 EELEC  =    -11186.0776  EHBOND  =         0.0000  RESTRAINT  =         0.0000
 EKCMT  =       957.1963  VIRIAL  =      1034.7970  VOLUME     =     31043.5059
                                                    Density    =         0.9849
 ------------------------------------------------------------------------------

wrapping first mol.:       11.42664       16.15970       27.98943
wrapping first mol.:       11.42664       16.15970       27.98943

 NSTEP =    74200   TIME(PS) =     148.400  TEMP(K) =   303.71  PRESS =  -195.0
 Etot   =     -7845.6666  EKtot   =      1852.2117  EPtot      =     -9697.8783
 BOND   =         1.9349  ANGLE   =         6.1392  DIHED      =         6.2488
 UB     =         0.0000  IMP     =         0.0000  CMAP       =         0.0802
 1-4 NB =         4.1574  1-4 EEL =        44.4455  VDWAALS    =      1402.8572
 EELEC  =    -11163.7414  EHBOND  =         0.0000  RESTRAINT  =         0.0000
 EKCMT  =       920.9304  VIRIAL  =      1051.4854  VOLUME     =     31010.1954
                                                    Density    =         0.9860
 ------------------------------------------------------------------------------

wrapping first mol.:       11.44035       16.17910       28.02303
wrapping first mol.:       11.44035       16.17910       28.02303

 NSTEP =    74300   TIME(PS) =     148.600  TEMP(K) =   307.69  PRESS =   541.7
 Etot   =     -7831.7562  EKtot   =      1876.4915  EPtot      =     -9708.2476
 BOND   =         3.2673  ANGLE   =         8.8280  DIHED      =         4.8316
 UB     =         0.0000  IMP     =         0.0000  CMAP       =        -0.3263
 1-4 NB =         2.8611  1-4 EEL =        42.6336  VDWAALS    =      1506.3369
 EELEC  =    -11276.6797  EHBOND  =         0.0000  RESTRAINT  =         0.0000
 EKCMT  =       947.6460  VIRIAL  =       583.6722  VOLUME     =     31119.9742
                                                    Density    =         0.9825
 ------------------------------------------------------------------------------

wrapping first mol.:       11.44656       16.18788       28.03823
wrapping first mol.:       11.44656       16.18788       28.03823

 NSTEP =    74400   TIME(PS) =     148.800  TEMP(K) =   301.40  PRESS =   229.5
 Etot   =     -7866.6976  EKtot   =      1838.1349  EPtot      =     -9704.8325
 BOND   =         2.5597  ANGLE   =         7.9045  DIHED      =         3.4556
 UB     =         0.0000  IMP     =         0.0000  CMAP       =        -0.3293
 1-4 NB =         3.0379  1-4 EEL =        46.0295  VDWAALS    =      1468.9756
 EELEC  =    -11236.4660  EHBOND  =         0.0000  RESTRAINT  =         0.0000
 EKCMT  =       926.6385  VIRIAL  =       772.1876  VOLUME     =     31171.5173
                                                    Density    =         0.9809
 ------------------------------------------------------------------------------

wrapping first mol.:       11.44207       16.18154       28.02724
wrapping first mol.:       11.44207       16.18154       28.02724

 NSTEP =    74500   TIME(PS) =     149.000  TEMP(K) =   301.76  PRESS =  -510.8
 Etot   =     -7855.4426  EKtot   =      1840.3142  EPtot      =     -9695.7568
 BOND   =         4.3360  ANGLE   =         7.4197  DIHED      =         7.2257
 UB     =         0.0000  IMP     =         0.0000  CMAP       =        -0.1693
 1-4 NB =         2.9035  1-4 EEL =        43.3907  VDWAALS    =      1358.7237
 EELEC  =    -11119.5867  EHBOND  =         0.0000  RESTRAINT  =         0.0000
 EKCMT  =       930.0413  VIRIAL  =      1273.4641  VOLUME     =     31136.9270
                                                    Density    =         0.9820
 ------------------------------------------------------------------------------

wrapping first mol.:       11.44718       16.18876       28.03975
wrapping first mol.:       11.44718       16.18876       28.03975

 NSTEP =    74600   TIME(PS) =     149.200  TEMP(K) =   300.12  PRESS =   619.9
 Etot   =     -7833.3241  EKtot   =      1830.3192  EPtot      =     -9663.6434
 BOND   =         5.4528  ANGLE   =         4.2469  DIHED      =         5.9148
 UB     =         0.0000  IMP     =         0.0000  CMAP       =         0.0698
 1-4 NB =         5.0739  1-4 EEL =        46.0377  VDWAALS    =      1509.5106
 EELEC  =    -11239.9498  EHBOND  =         0.0000  RESTRAINT  =         0.0000
 EKCMT  =       931.8463  VIRIAL  =       514.5688  VOLUME     =     31175.4900
                                                    Density    =         0.9807
 ------------------------------------------------------------------------------

wrapping first mol.:       11.44313       16.18303       28.02983
wrapping first mol.:       11.44313       16.18303       28.02983

 NSTEP =    74700   TIME(PS) =     149.400  TEMP(K) =   302.48  PRESS =  -612.4
 Etot   =     -7833.1049  EKtot   =      1844.7246  EPtot      =     -9677.8295
 BOND   =         5.7483  ANGLE   =        12.7287  DIHED      =         6.1840
 UB     =         0.0000  IMP     =         0.0000  CMAP       =        -0.3224
 1-4 NB =         4.1099  1-4 EEL =        42.5073  VDWAALS    =      1361.4318
 EELEC  =    -11110.2171  EHBOND  =         0.0000  RESTRAINT  =         0.0000
 EKCMT  =       897.1451  VIRIAL  =      1308.9640  VOLUME     =     31145.8477
                                                    Density    =         0.9817
 ------------------------------------------------------------------------------

wrapping first mol.:       11.43082       16.16562       27.99967
wrapping first mol.:       11.43082       16.16562       27.99967

 NSTEP =    74800   TIME(PS) =     149.600  TEMP(K) =   298.34  PRESS =   231.5
 Etot   =     -7838.3841  EKtot   =      1819.4799  EPtot      =     -9657.8640
 BOND   =         5.6869  ANGLE   =        12.3395  DIHED      =         5.5099
 UB     =         0.0000  IMP     =         0.0000  CMAP       =        -0.2219
 1-4 NB =         5.2130  1-4 EEL =        41.7480  VDWAALS    =      1455.3474
 EELEC  =    -11183.4869  EHBOND  =         0.0000  RESTRAINT  =         0.0000
 EKCMT  =       867.7870  VIRIAL  =       712.6115  VOLUME     =     31043.0621
                                                    Density    =         0.9849
 ------------------------------------------------------------------------------

wrapping first mol.:       11.43820       16.17606       28.01776
wrapping first mol.:       11.43820       16.17606       28.01776

 NSTEP =    74900   TIME(PS) =     149.800  TEMP(K) =   303.59  PRESS =   131.1
 Etot   =     -7863.3643  EKtot   =      1851.5151  EPtot      =     -9714.8794
 BOND   =         4.8221  ANGLE   =        11.6320  DIHED      =         4.3316
 UB     =         0.0000  IMP     =         0.0000  CMAP       =        -0.3009
 1-4 NB =         3.9011  1-4 EEL =        45.2105  VDWAALS    =      1451.4079
 EELEC  =    -11235.8838  EHBOND  =         0.0000  RESTRAINT  =         0.0000
 EKCMT  =       909.0194  VIRIAL  =       820.9574  VOLUME     =     31103.5633
                                                    Density    =         0.9830
 ------------------------------------------------------------------------------

wrapping first mol.:       11.44644       16.18771       28.03793
wrapping first mol.:       11.44644       16.18771       28.03793

 NSTEP =    75000   TIME(PS) =     150.000  TEMP(K) =   300.05  PRESS =  -176.5
 Etot   =     -7854.9966  EKtot   =      1829.9362  EPtot      =     -9684.9328
 BOND   =         2.0855  ANGLE   =        10.1662  DIHED      =         8.2467
 UB     =         0.0000  IMP     =         0.0000  CMAP       =        -0.1826
 1-4 NB =         3.2592  1-4 EEL =        42.2745  VDWAALS    =      1406.8050
 EELEC  =    -11157.5874  EHBOND  =         0.0000  RESTRAINT  =         0.0000
 EKCMT  =       932.1322  VIRIAL  =      1050.9303  VOLUME     =     31171.6402
                                                    Density    =         0.9809
 ------------------------------------------------------------------------------

wrapping first mol.:       11.44473       16.18529       28.03374
wrapping first mol.:       11.44473       16.18529       28.03374

 NSTEP =    75100   TIME(PS) =     150.200  TEMP(K) =   304.51  PRESS =  -397.6
 Etot   =     -7871.9094  EKtot   =      1857.0862  EPtot      =     -9728.9956
 BOND   =         5.4866  ANGLE   =         6.2306  DIHED      =         8.3007
 UB     =         0.0000  IMP     =         0.0000  CMAP       =        -0.8179
 1-4 NB =         3.5025  1-4 EEL =        41.2647  VDWAALS    =      1377.9298
 EELEC  =    -11170.8926  EHBOND  =         0.0000  RESTRAINT  =         0.0000
 EKCMT  =       935.7589  VIRIAL  =      1203.2628  VOLUME     =     31158.2838
                                                    Density    =         0.9813
 ------------------------------------------------------------------------------

wrapping first mol.:       11.43989       16.17844       28.02188
wrapping first mol.:       11.43989       16.17844       28.02188

 NSTEP =    75200   TIME(PS) =     150.400  TEMP(K) =   302.38  PRESS =   395.8
 Etot   =     -7885.0945  EKtot   =      1844.1379  EPtot      =     -9729.2325
 BOND   =         3.8719  ANGLE   =         5.8626  DIHED      =         3.8401
 UB     =         0.0000  IMP     =         0.0000  CMAP       =        -0.5625
 1-4 NB =         3.7253  1-4 EEL =        43.8669  VDWAALS    =      1501.2935
 EELEC  =    -11291.1303  EHBOND  =         0.0000  RESTRAINT  =         0.0000
 EKCMT  =       926.7594  VIRIAL  =       660.8403  VOLUME     =     31116.5532
                                                    Density    =         0.9826
 ------------------------------------------------------------------------------

wrapping first mol.:       11.44023       16.17892       28.02271
wrapping first mol.:       11.44023       16.17892       28.02271

 NSTEP =    75300   TIME(PS) =     150.600  TEMP(K) =   291.27  PRESS =   206.1
 Etot   =     -7877.2379  EKtot   =      1776.3755  EPtot      =     -9653.6134
 BOND   =         1.8953  ANGLE   =         7.9630  DIHED      =         5.3196
 UB     =         0.0000  IMP     =         0.0000  CMAP       =        -0.6878
 1-4 NB =         3.1784  1-4 EEL =        43.8156  VDWAALS    =      1458.6004
 EELEC  =    -11173.6980  EHBOND  =         0.0000  RESTRAINT  =         0.0000
 EKCMT  =       863.9341  VIRIAL  =       725.4846  VOLUME     =     31119.8547
                                                    Density    =         0.9825
 ------------------------------------------------------------------------------

wrapping first mol.:       11.44216       16.18166       28.02745
wrapping first mol.:       11.44216       16.18166       28.02745

 NSTEP =    75400   TIME(PS) =     150.800  TEMP(K) =   294.93  PRESS =     0.3
 Etot   =     -7890.7618  EKtot   =      1798.6573  EPtot      =     -9689.4192
 BOND   =         1.7543  ANGLE   =         7.3678  DIHED      =         3.9817
 UB     =         0.0000  IMP     =         0.0000  CMAP       =        -0.8778
 1-4 NB =         4.3627  1-4 EEL =        44.7513  VDWAALS    =      1439.7393
 EELEC  =    -11190.4984  EHBOND  =         0.0000  RESTRAINT  =         0.0000
 EKCMT  =       895.3008  VIRIAL  =       895.1122  VOLUME     =     31136.2079
                                                    Density    =         0.9820
 ------------------------------------------------------------------------------

wrapping first mol.:       11.43654       16.17371       28.01369
wrapping first mol.:       11.43654       16.17371       28.01369

 NSTEP =    75500   TIME(PS) =     151.000  TEMP(K) =   295.70  PRESS =  -279.3
 Etot   =     -7900.9161  EKtot   =      1803.3892  EPtot      =     -9704.3052
 BOND   =         5.6555  ANGLE   =        10.6031  DIHED      =         3.5610
 UB     =         0.0000  IMP     =         0.0000  CMAP       =        -0.2600
 1-4 NB =         3.3160  1-4 EEL =        45.3584  VDWAALS    =      1401.7971
 EELEC  =    -11174.3364  EHBOND  =         0.0000  RESTRAINT  =         0.0000
 EKCMT  =       923.5853  VIRIAL  =      1111.1008  VOLUME     =     31091.1358
                                                    Density    =         0.9834
 ------------------------------------------------------------------------------

wrapping first mol.:       11.42648       16.15949       27.98905
wrapping first mol.:       11.42648       16.15949       27.98905

 NSTEP =    75600   TIME(PS) =     151.200  TEMP(K) =   302.71  PRESS =  -259.4
 Etot   =     -7913.9703  EKtot   =      1846.1466  EPtot      =     -9760.1169
 BOND   =         4.0790  ANGLE   =        11.5712  DIHED      =         2.9751
 UB     =         0.0000  IMP     =         0.0000  CMAP       =        -0.7542
 1-4 NB =         4.1866  1-4 EEL =        42.6186  VDWAALS    =      1414.3811
 EELEC  =    -11239.1743  EHBOND  =         0.0000  RESTRAINT  =         0.0000
 EKCMT  =       912.1996  VIRIAL  =      1085.8534  VOLUME     =     31009.1198
                                                    Density    =         0.9860
 ------------------------------------------------------------------------------

wrapping first mol.:       11.42001       16.15033       27.97318
wrapping first mol.:       11.42001       16.15033       27.97318

 NSTEP =    75700   TIME(PS) =     151.400  TEMP(K) =   308.06  PRESS =  -406.7
 Etot   =     -7931.9451  EKtot   =      1878.7538  EPtot      =     -9810.6989
 BOND   =         3.3179  ANGLE   =        13.6426  DIHED      =         3.4577
 UB     =         0.0000  IMP     =         0.0000  CMAP       =        -0.7142
 1-4 NB =         3.3468  1-4 EEL =        39.9927  VDWAALS    =      1403.2775
 EELEC  =    -11277.0199  EHBOND  =         0.0000  RESTRAINT  =         0.0000
 EKCMT  =       934.2293  VIRIAL  =      1206.0737  VOLUME     =     30956.8294
                                                    Density    =         0.9877
 ------------------------------------------------------------------------------

wrapping first mol.:       11.41807       16.14758       27.96843
wrapping first mol.:       11.41807       16.14758       27.96843

 NSTEP =    75800   TIME(PS) =     151.600  TEMP(K) =   302.67  PRESS =  -291.3
 Etot   =     -7926.6079  EKtot   =      1845.8922  EPtot      =     -9772.5001
 BOND   =         1.2958  ANGLE   =        10.4448  DIHED      =         4.0439
 UB     =         0.0000  IMP     =         0.0000  CMAP       =        -0.2335
 1-4 NB =         4.1120  1-4 EEL =        42.9156  VDWAALS    =      1414.6780
 EELEC  =    -11249.7566  EHBOND  =         0.0000  RESTRAINT  =         0.0000
 EKCMT  =       921.2627  VIRIAL  =      1115.8605  VOLUME     =     30940.7353
                                                    Density    =         0.9882
 ------------------------------------------------------------------------------

wrapping first mol.:       11.41477       16.14292       27.96036
wrapping first mol.:       11.41477       16.14292       27.96036

 NSTEP =    75900   TIME(PS) =     151.800  TEMP(K) =   301.04  PRESS =  -376.4
 Etot   =     -7915.4033  EKtot   =      1835.9396  EPtot      =     -9751.3429
 BOND   =         0.8864  ANGLE   =         9.4030  DIHED      =         6.0287
 UB     =         0.0000  IMP     =         0.0000  CMAP       =        -0.9567
 1-4 NB =         2.9838  1-4 EEL =        40.0894  VDWAALS    =      1391.1983
 EELEC  =    -11200.9759  EHBOND  =         0.0000  RESTRAINT  =         0.0000
 EKCMT  =       901.1485  VIRIAL  =      1152.3661  VOLUME     =     30914.1820
                                                    Density    =         0.9890
 ------------------------------------------------------------------------------

wrapping first mol.:       11.42301       16.15458       27.98055
wrapping first mol.:       11.42301       16.15458       27.98055

 NSTEP =    76000   TIME(PS) =     152.000  TEMP(K) =   296.71  PRESS =   454.7
 Etot   =     -7960.2895  EKtot   =      1809.5134  EPtot      =     -9769.8030
 BOND   =         1.8329  ANGLE   =         6.1821  DIHED      =         5.9196
 UB     =         0.0000  IMP     =         0.0000  CMAP       =        -0.6937
 1-4 NB =         3.2773  1-4 EEL =        44.8838  VDWAALS    =      1513.1961
 EELEC  =    -11344.4011  EHBOND  =         0.0000  RESTRAINT  =         0.0000
 EKCMT  =       900.0804  VIRIAL  =       595.9528  VOLUME     =     30978.9209
                                                    Density    =         0.9870
 ------------------------------------------------------------------------------

wrapping first mol.:       11.43736       16.17487       28.01569
wrapping first mol.:       11.43736       16.17487       28.01569

 NSTEP =    76100   TIME(PS) =     152.200  TEMP(K) =   299.36  PRESS =   221.1
 Etot   =     -7927.5724  EKtot   =      1825.6768  EPtot      =     -9753.2492
 BOND   =         1.2248  ANGLE   =         8.5833  DIHED      =         6.7399
 UB     =         0.0000  IMP     =         0.0000  CMAP       =        -0.7232
 1-4 NB =         3.7695  1-4 EEL =        43.7780  VDWAALS    =      1470.4512
 EELEC  =    -11287.0726  EHBOND  =         0.0000  RESTRAINT  =         0.0000
 EKCMT  =       899.1264  VIRIAL  =       750.6575  VOLUME     =     31096.4188
                                                    Density    =         0.9832
 ------------------------------------------------------------------------------

wrapping first mol.:       11.43603       16.17298       28.01243
wrapping first mol.:       11.43603       16.17298       28.01243

 NSTEP =    76200   TIME(PS) =     152.400  TEMP(K) =   295.57  PRESS =   457.1
 Etot   =     -7946.9447  EKtot   =      1802.5931  EPtot      =     -9749.5379
 BOND   =         1.4568  ANGLE   =         6.7937  DIHED      =         5.9322
 UB     =         0.0000  IMP     =         0.0000  CMAP       =        -0.3223
 1-4 NB =         4.8357  1-4 EEL =        45.3687  VDWAALS    =      1529.7868
 EELEC  =    -11343.3895  EHBOND  =         0.0000  RESTRAINT  =         0.0000
 EKCMT  =       883.6881  VIRIAL  =       576.9084  VOLUME     =     31084.9076
                                                    Density    =         0.9836
 ------------------------------------------------------------------------------

wrapping first mol.:       11.43876       16.17686       28.01913
wrapping first mol.:       11.43876       16.17686       28.01913

 NSTEP =    76300   TIME(PS) =     152.600  TEMP(K) =   294.55  PRESS =   158.3
 Etot   =     -7952.2371  EKtot   =      1796.3838  EPtot      =     -9748.6208
 BOND   =         3.3042  ANGLE   =         9.5133  DIHED      =         3.5852
 UB     =         0.0000  IMP     =         0.0000  CMAP       =        -0.5363
 1-4 NB =         3.8686  1-4 EEL =        46.2017  VDWAALS    =      1492.2830
 EELEC  =    -11306.8407  EHBOND  =         0.0000  RESTRAINT  =         0.0000
 EKCMT  =       891.2248  VIRIAL  =       784.9302  VOLUME     =     31108.0613
                                                    Density    =         0.9829
 ------------------------------------------------------------------------------

wrapping first mol.:       11.43583       16.17271       28.01195
wrapping first mol.:       11.43583       16.17271       28.01195

 NSTEP =    76400   TIME(PS) =     152.800  TEMP(K) =   302.32  PRESS =  -644.7
 Etot   =     -7941.7826  EKtot   =      1843.7510  EPtot      =     -9785.5336
 BOND   =         1.4304  ANGLE   =         6.1941  DIHED      =         5.1321
 UB     =         0.0000  IMP     =         0.0000  CMAP       =        -0.7342
 1-4 NB =         3.9731  1-4 EEL =        45.7046  VDWAALS    =      1367.2758
 EELEC  =    -11214.5095  EHBOND  =         0.0000  RESTRAINT  =         0.0000
 EKCMT  =       918.6379  VIRIAL  =      1351.3452  VOLUME     =     31086.3716
                                                    Density    =         0.9836
 ------------------------------------------------------------------------------

wrapping first mol.:       11.42953       16.16380       27.99652
wrapping first mol.:       11.42953       16.16380       27.99652

 NSTEP =    76500   TIME(PS) =     153.000  TEMP(K) =   302.14  PRESS =  -520.3
 Etot   =     -7962.1880  EKtot   =      1842.6793  EPtot      =     -9804.8673
 BOND   =         3.1141  ANGLE   =        10.0985  DIHED      =         4.5383
 UB     =         0.0000  IMP     =         0.0000  CMAP       =         0.1115
 1-4 NB =         3.5208  1-4 EEL =        44.9806  VDWAALS    =      1392.4388
 EELEC  =    -11263.6700  EHBOND  =         0.0000  RESTRAINT  =         0.0000
 EKCMT  =       940.1543  VIRIAL  =      1288.7641  VOLUME     =     31034.6745
                                                    Density    =         0.9852
 ------------------------------------------------------------------------------

wrapping first mol.:       11.43263       16.16819       28.00412
wrapping first mol.:       11.43263       16.16819       28.00412

 NSTEP =    76600   TIME(PS) =     153.200  TEMP(K) =   294.62  PRESS =   399.5
 Etot   =     -7929.8266  EKtot   =      1796.8176  EPtot      =     -9726.6443
 BOND   =         3.0192  ANGLE   =        12.2912  DIHED      =         5.2864
 UB     =         0.0000  IMP     =         0.0000  CMAP       =        -0.4144
 1-4 NB =         4.3589  1-4 EEL =        43.8010  VDWAALS    =      1499.7992
 EELEC  =    -11294.7858  EHBOND  =         0.0000  RESTRAINT  =         0.0000
 EKCMT  =       900.4077  VIRIAL  =       632.5405  VOLUME     =     31057.4109
                                                    Density    =         0.9845
 ------------------------------------------------------------------------------

wrapping first mol.:       11.44264       16.18234       28.02863
wrapping first mol.:       11.44264       16.18234       28.02863

 NSTEP =    76700   TIME(PS) =     153.400  TEMP(K) =   292.65  PRESS =   357.7
 Etot   =     -7889.5094  EKtot   =      1784.7664  EPtot      =     -9674.2758
 BOND   =         4.5129  ANGLE   =        12.4321  DIHED      =         3.3508
 UB     =         0.0000  IMP     =         0.0000  CMAP       =        -0.6326
 1-4 NB =         3.9584  1-4 EEL =        41.0792  VDWAALS    =      1469.1840
 EELEC  =    -11208.1606  EHBOND  =         0.0000  RESTRAINT  =         0.0000
 EKCMT  =       885.2802  VIRIAL  =       644.7547  VOLUME     =     31139.1637
                                                    Density    =         0.9819
 ------------------------------------------------------------------------------

wrapping first mol.:       11.44638       16.18763       28.03780
wrapping first mol.:       11.44638       16.18763       28.03780

 NSTEP =    76800   TIME(PS) =     153.600  TEMP(K) =   293.78  PRESS =   130.2
 Etot   =     -7920.4901  EKtot   =      1791.6708  EPtot      =     -9712.1608
 BOND   =         2.3386  ANGLE   =        10.6927  DIHED      =         3.4059
 UB     =         0.0000  IMP     =         0.0000  CMAP       =        -0.4931
 1-4 NB =         4.2472  1-4 EEL =        43.9381  VDWAALS    =      1466.1703
 EELEC  =    -11242.4606  EHBOND  =         0.0000  RESTRAINT  =         0.0000
 EKCMT  =       863.0708  VIRIAL  =       775.4165  VOLUME     =     31170.3417
                                                    Density    =         0.9809
 ------------------------------------------------------------------------------

wrapping first mol.:       11.44824       16.19026       28.04234
wrapping first mol.:       11.44824       16.19026       28.04234

 NSTEP =    76900   TIME(PS) =     153.800  TEMP(K) =   296.63  PRESS =  -505.3
 Etot   =     -7958.9746  EKtot   =      1809.0828  EPtot      =     -9768.0573
 BOND   =         2.1935  ANGLE   =        13.4786  DIHED      =         6.4891
 UB     =         0.0000  IMP     =         0.0000  CMAP       =         0.2495
 1-4 NB =         3.9604  1-4 EEL =        40.7608  VDWAALS    =      1393.2514
 EELEC  =    -11228.4404  EHBOND  =         0.0000  RESTRAINT  =         0.0000
 EKCMT  =       889.1239  VIRIAL  =      1229.3787  VOLUME     =     31187.2825
                                                    Density    =         0.9804
 ------------------------------------------------------------------------------

wrapping first mol.:       11.43661       16.17381       28.01386
wrapping first mol.:       11.43661       16.17381       28.01386

 NSTEP =    77000   TIME(PS) =     154.000  TEMP(K) =   297.87  PRESS =   -63.0
 Etot   =     -7970.9647  EKtot   =      1816.6167  EPtot      =     -9787.5814
 BOND   =         4.8305  ANGLE   =        11.6602  DIHED      =         3.3476
 UB     =         0.0000  IMP     =         0.0000  CMAP       =        -0.2299
 1-4 NB =         3.0219  1-4 EEL =        40.4033  VDWAALS    =      1463.9807
 EELEC  =    -11314.5957  EHBOND  =         0.0000  RESTRAINT  =         0.0000
 EKCMT  =       904.6221  VIRIAL  =       946.9156  VOLUME     =     31091.1265
                                                    Density    =         0.9834
 ------------------------------------------------------------------------------

wrapping first mol.:       11.44027       16.17898       28.02282
wrapping first mol.:       11.44027       16.17898       28.02282

 NSTEP =    77100   TIME(PS) =     154.200  TEMP(K) =   294.22  PRESS =    18.6
 Etot   =     -7940.0465  EKtot   =      1794.3621  EPtot      =     -9734.4086
 BOND   =        11.0738  ANGLE   =         9.6044  DIHED      =         4.4902
 UB     =         0.0000  IMP     =         0.0000  CMAP       =        -0.2576
 1-4 NB =         1.9584  1-4 EEL =        41.4122  VDWAALS    =      1448.6055
 EELEC  =    -11251.2954  EHBOND  =         0.0000  RESTRAINT  =         0.0000
 EKCMT  =       894.4998  VIRIAL  =       882.0307  VOLUME     =     31120.7353
                                                    Density    =         0.9825
 ------------------------------------------------------------------------------

wrapping first mol.:       11.43888       16.17701       28.01941
wrapping first mol.:       11.43888       16.17701       28.01941

 NSTEP =    77200   TIME(PS) =     154.400  TEMP(K) =   300.43  PRESS =  -498.6
 Etot   =     -7966.2221  EKtot   =      1832.2531  EPtot      =     -9798.4751
 BOND   =         3.5953  ANGLE   =         9.8492  DIHED      =         3.3411
 UB     =         0.0000  IMP     =         0.0000  CMAP       =         0.4811
 1-4 NB =         5.0676  1-4 EEL =        46.2260  VDWAALS    =      1415.2279
 EELEC  =    -11282.2633  EHBOND  =         0.0000  RESTRAINT  =         0.0000
 EKCMT  =       864.0793  VIRIAL  =      1198.9887  VOLUME     =     31110.7907
                                                    Density    =         0.9828
 ------------------------------------------------------------------------------

wrapping first mol.:       11.43262       16.16816       28.00407
wrapping first mol.:       11.43262       16.16816       28.00407

 NSTEP =    77300   TIME(PS) =     154.600  TEMP(K) =   293.37  PRESS =  -176.2
 Etot   =     -7944.2376  EKtot   =      1789.1471  EPtot      =     -9733.3847
 BOND   =         3.5040  ANGLE   =         9.7360  DIHED      =         4.6507
 UB     =         0.0000  IMP     =         0.0000  CMAP       =         1.0454
 1-4 NB =         3.2242  1-4 EEL =        45.4723  VDWAALS    =      1425.8371
 EELEC  =    -11226.8544  EHBOND  =         0.0000  RESTRAINT  =         0.0000
 EKCMT  =       874.3615  VIRIAL  =       992.5036  VOLUME     =     31058.8596
                                                    Density    =         0.9844
 ------------------------------------------------------------------------------

wrapping first mol.:       11.42438       16.15651       27.98390
wrapping first mol.:       11.42438       16.15651       27.98390

 NSTEP =    77400   TIME(PS) =     154.800  TEMP(K) =   296.56  PRESS =  -157.2
 Etot   =     -7940.5972  EKtot   =      1808.5994  EPtot      =     -9749.1966
 BOND   =         2.1478  ANGLE   =         7.2454  DIHED      =         4.6190
 UB     =         0.0000  IMP     =         0.0000  CMAP       =         1.2513
 1-4 NB =         4.0064  1-4 EEL =        48.2323  VDWAALS    =      1422.3661
 EELEC  =    -11239.0648  EHBOND  =         0.0000  RESTRAINT  =         0.0000
 EKCMT  =       896.3335  VIRIAL  =      1001.5009  VOLUME     =     30991.7192
                                                    Density    =         0.9866
 ------------------------------------------------------------------------------

wrapping first mol.:       11.42542       16.15799       27.98645
wrapping first mol.:       11.42542       16.15799       27.98645

 NSTEP =    77500   TIME(PS) =     155.000  TEMP(K) =   298.67  PRESS =   184.3
 Etot   =     -7928.2469  EKtot   =      1821.4945  EPtot      =     -9749.7414
 BOND   =         3.5009  ANGLE   =        11.8012  DIHED      =         3.5537
 UB     =         0.0000  IMP     =         0.0000  CMAP       =         1.0194
 1-4 NB =         2.2611  1-4 EEL =        41.9714  VDWAALS    =      1473.6989
 EELEC  =    -11287.5480  EHBOND  =         0.0000  RESTRAINT  =         0.0000
 EKCMT  =       889.0202  VIRIAL  =       765.6328  VOLUME     =     30999.2598
                                                    Density    =         0.9863
 ------------------------------------------------------------------------------

wrapping first mol.:       11.43434       16.17060       28.00830
wrapping first mol.:       11.43434       16.17060       28.00830

 NSTEP =    77600   TIME(PS) =     155.200  TEMP(K) =   305.65  PRESS =   432.6
 Etot   =     -7887.3654  EKtot   =      1864.0813  EPtot      =     -9751.4467
 BOND   =         4.5028  ANGLE   =         9.3661  DIHED      =         3.7850
 UB     =         0.0000  IMP     =         0.0000  CMAP       =         0.9360
 1-4 NB =         3.5756  1-4 EEL =        42.4460  VDWAALS    =      1495.5504
 EELEC  =    -11311.6086  EHBOND  =         0.0000  RESTRAINT  =         0.0000
 EKCMT  =       927.7892  VIRIAL  =       637.5878  VOLUME     =     31071.2366
                                                    Density    =         0.9840
 ------------------------------------------------------------------------------

wrapping first mol.:       11.43729       16.17477       28.01552
wrapping first mol.:       11.43729       16.17477       28.01552

 NSTEP =    77700   TIME(PS) =     155.400  TEMP(K) =   297.54  PRESS =   362.0
 Etot   =     -7879.0865  EKtot   =      1814.6338  EPtot      =     -9693.7203
 BOND   =         3.5663  ANGLE   =        10.5756  DIHED      =         5.3240
 UB     =         0.0000  IMP     =         0.0000  CMAP       =         1.1198
 1-4 NB =         4.0913  1-4 EEL =        47.4576  VDWAALS    =      1474.6533
 EELEC  =    -11240.5082  EHBOND  =         0.0000  RESTRAINT  =         0.0000
 EKCMT  =       921.3268  VIRIAL  =       678.3168  VOLUME     =     31095.4554
                                                    Density    =         0.9833
 ------------------------------------------------------------------------------

wrapping first mol.:       11.44869       16.19089       28.04344
wrapping first mol.:       11.44869       16.19089       28.04344

 NSTEP =    77800   TIME(PS) =     155.600  TEMP(K) =   295.09  PRESS =   573.1
 Etot   =     -7906.2691  EKtot   =      1799.6581  EPtot      =     -9705.9272
 BOND   =         1.9575  ANGLE   =         7.9218  DIHED      =         5.2562
 UB     =         0.0000  IMP     =         0.0000  CMAP       =         0.8124
 1-4 NB =         3.1291  1-4 EEL =        46.1435  VDWAALS    =      1528.8916
 EELEC  =    -11300.0392  EHBOND  =         0.0000  RESTRAINT  =         0.0000
 EKCMT  =       871.8185  VIRIAL  =       485.8735  VOLUME     =     31187.9519
                                                    Density    =         0.9803
 ------------------------------------------------------------------------------

wrapping first mol.:       11.44942       16.19192       28.04523
wrapping first mol.:       11.44942       16.19192       28.04523

 NSTEP =    77900   TIME(PS) =     155.800  TEMP(K) =   289.60  PRESS =   173.6
 Etot   =     -7924.9760  EKtot   =      1766.1880  EPtot      =     -9691.1640
 BOND   =         4.4853  ANGLE   =         8.6387  DIHED      =         3.9351
 UB     =         0.0000  IMP     =         0.0000  CMAP       =         0.6330
 1-4 NB =         2.6293  1-4 EEL =        46.4787  VDWAALS    =      1463.5599
 EELEC  =    -11221.5241  EHBOND  =         0.0000  RESTRAINT  =         0.0000
 EKCMT  =       862.7818  VIRIAL  =       745.8223  VOLUME     =     31195.0273
                                                    Density    =         0.9801
 ------------------------------------------------------------------------------

wrapping first mol.:       11.44779       16.18961       28.04123
wrapping first mol.:       11.44779       16.18961       28.04123

 NSTEP =    78000   TIME(PS) =     156.000  TEMP(K) =   296.06  PRESS =  -519.0
 Etot   =     -7892.6405  EKtot   =      1805.5811  EPtot      =     -9698.2216
 BOND   =         2.4690  ANGLE   =        10.0991  DIHED      =         4.0889
 UB     =         0.0000  IMP     =         0.0000  CMAP       =         0.8132
 1-4 NB =         3.1087  1-4 EEL =        43.2666  VDWAALS    =      1360.2428
 EELEC  =    -11122.3098  EHBOND  =         0.0000  RESTRAINT  =         0.0000
 EKCMT  =       936.9627  VIRIAL  =      1286.3903  VOLUME     =     31183.6102
                                                    Density    =         0.9805
 ------------------------------------------------------------------------------

wrapping first mol.:       11.43933       16.17766       28.02052
wrapping first mol.:       11.43933       16.17766       28.02052

 NSTEP =    78100   TIME(PS) =     156.200  TEMP(K) =   306.64  PRESS =  -308.8
 Etot   =     -7854.6071  EKtot   =      1870.0833  EPtot      =     -9724.6903
 BOND   =         1.0221  ANGLE   =         9.9395  DIHED      =         2.6737
 UB     =         0.0000  IMP     =         0.0000  CMAP       =         0.8461
 1-4 NB =         3.5443  1-4 EEL =        44.5333  VDWAALS    =      1392.3285
 EELEC  =    -11179.5777  EHBOND  =         0.0000  RESTRAINT  =         0.0000
 EKCMT  =       929.9334  VIRIAL  =      1137.4050  VOLUME     =     31113.9886
                                                    Density    =         0.9827
 ------------------------------------------------------------------------------

wrapping first mol.:       11.43870       16.17677       28.01898
wrapping first mol.:       11.43870       16.17677       28.01898

 NSTEP =    78200   TIME(PS) =     156.400  TEMP(K) =   293.42  PRESS =   181.8
 Etot   =     -7870.8988  EKtot   =      1789.4720  EPtot      =     -9660.3708
 BOND   =         2.3097  ANGLE   =         9.8344  DIHED      =         3.6279
 UB     =         0.0000  IMP     =         0.0000  CMAP       =         1.4740
 1-4 NB =         3.6559  1-4 EEL =        46.7265  VDWAALS    =      1437.7703
 EELEC  =    -11165.7695  EHBOND  =         0.0000  RESTRAINT  =         0.0000
 EKCMT  =       878.8269  VIRIAL  =       756.7379  VOLUME     =     31107.4850
                                                    Density    =         0.9829
 ------------------------------------------------------------------------------

wrapping first mol.:       11.43009       16.16459       27.99789
wrapping first mol.:       11.43009       16.16459       27.99789

 NSTEP =    78300   TIME(PS) =     156.600  TEMP(K) =   307.56  PRESS =  -314.0
 Etot   =     -7881.2414  EKtot   =      1875.6877  EPtot      =     -9756.9292
 BOND   =         2.0911  ANGLE   =         6.0309  DIHED      =         4.2705
 UB     =         0.0000  IMP     =         0.0000  CMAP       =         0.8204
 1-4 NB =         3.0088  1-4 EEL =        46.7531  VDWAALS    =      1389.9277
 EELEC  =    -11209.8317  EHBOND  =         0.0000  RESTRAINT  =         0.0000
 EKCMT  =       936.3228  VIRIAL  =      1146.7642  VOLUME     =     31038.6574
                                                    Density    =         0.9851
 ------------------------------------------------------------------------------

wrapping first mol.:       11.41724       16.14641       27.96640
wrapping first mol.:       11.41724       16.14641       27.96640

 NSTEP =    78400   TIME(PS) =     156.800  TEMP(K) =   297.29  PRESS =  -458.2
 Etot   =     -7907.6276  EKtot   =      1813.0739  EPtot      =     -9720.7015
 BOND   =         3.5503  ANGLE   =         6.4405  DIHED      =         4.6911
 UB     =         0.0000  IMP     =         0.0000  CMAP       =         0.7547
 1-4 NB =         3.3356  1-4 EEL =        46.9251  VDWAALS    =      1359.1724
 EELEC  =    -11145.5710  EHBOND  =         0.0000  RESTRAINT  =         0.0000
 EKCMT  =       890.6848  VIRIAL  =      1196.7502  VOLUME     =     30934.4688
                                                    Density    =         0.9884
 ------------------------------------------------------------------------------

wrapping first mol.:       11.42285       16.15435       27.98016
wrapping first mol.:       11.42285       16.15435       27.98016

 NSTEP =    78500   TIME(PS) =     157.000  TEMP(K) =   303.06  PRESS =    17.2
 Etot   =     -7922.8597  EKtot   =      1848.2856  EPtot      =     -9771.1453
 BOND   =         2.4587  ANGLE   =        14.5165  DIHED      =         4.6665
 UB     =         0.0000  IMP     =         0.0000  CMAP       =         0.9085
 1-4 NB =         2.9448  1-4 EEL =        42.9003  VDWAALS    =      1439.0393
 EELEC  =    -11278.5799  EHBOND  =         0.0000  RESTRAINT  =         0.0000
 EKCMT  =       940.5189  VIRIAL  =       929.0094  VOLUME     =     30978.8220
                                                    Density    =         0.9870
 ------------------------------------------------------------------------------

wrapping first mol.:       11.43197       16.16725       28.00250
wrapping first mol.:       11.43197       16.16725       28.00250

 NSTEP =    78600   TIME(PS) =     157.200  TEMP(K) =   300.52  PRESS =   641.7
 Etot   =     -7874.7210  EKtot   =      1832.7618  EPtot      =     -9707.4828
 BOND   =         3.2452  ANGLE   =         9.3971  DIHED      =         3.4302
 UB     =         0.0000  IMP     =         0.0000  CMAP       =         1.3752
 1-4 NB =         2.9516  1-4 EEL =        45.1187  VDWAALS    =      1505.0444
 EELEC  =    -11278.0452  EHBOND  =         0.0000  RESTRAINT  =         0.0000
 EKCMT  =       899.0694  VIRIAL  =       468.8368  VOLUME     =     31051.3447
                                                    Density    =         0.9847
 ------------------------------------------------------------------------------

wrapping first mol.:       11.43173       16.16691       28.00191
wrapping first mol.:       11.43173       16.16691       28.00191

 NSTEP =    78700   TIME(PS) =     157.400  TEMP(K) =   294.03  PRESS =  -141.5
 Etot   =     -7898.1529  EKtot   =      1793.1893  EPtot      =     -9691.3423
 BOND   =         3.8721  ANGLE   =        11.0534  DIHED      =         4.3829
 UB     =         0.0000  IMP     =         0.0000  CMAP       =         1.1879
 1-4 NB =         2.4522  1-4 EEL =        43.0486  VDWAALS    =      1388.1257
 EELEC  =    -11145.4652  EHBOND  =         0.0000  RESTRAINT  =         0.0000
 EKCMT  =       902.5938  VIRIAL  =       997.4585  VOLUME     =     31051.5641
                                                    Density    =         0.9847
 ------------------------------------------------------------------------------

wrapping first mol.:       11.41985       16.15011       27.97280
wrapping first mol.:       11.41985       16.15011       27.97280

 NSTEP =    78800   TIME(PS) =     157.600  TEMP(K) =   299.39  PRESS =  -328.9
 Etot   =     -7856.3111  EKtot   =      1825.8685  EPtot      =     -9682.1796
 BOND   =         2.1104  ANGLE   =        10.9550  DIHED      =         5.2501
 UB     =         0.0000  IMP     =         0.0000  CMAP       =         0.8562
 1-4 NB =         3.0436  1-4 EEL =        45.7586  VDWAALS    =      1367.1450
 EELEC  =    -11117.2986  EHBOND  =         0.0000  RESTRAINT  =         0.0000
 EKCMT  =       878.2833  VIRIAL  =      1098.0824  VOLUME     =     30955.3393
                                                    Density    =         0.9877
 ------------------------------------------------------------------------------

wrapping first mol.:       11.41305       16.14048       27.95614
wrapping first mol.:       11.41305       16.14048       27.95614

 NSTEP =    78900   TIME(PS) =     157.800  TEMP(K) =   302.75  PRESS =  -512.6
 Etot   =     -7863.0646  EKtot   =      1846.3567  EPtot      =     -9709.4213
 BOND   =         5.6884  ANGLE   =         8.4637  DIHED      =         5.1645
 UB     =         0.0000  IMP     =         0.0000  CMAP       =         0.7077
 1-4 NB =         3.6152  1-4 EEL =        46.8457  VDWAALS    =      1347.8509
 EELEC  =    -11127.7575  EHBOND  =         0.0000  RESTRAINT  =         0.0000
 EKCMT  =       896.4520  VIRIAL  =      1238.4502  VOLUME     =     30900.5598
                                                    Density    =         0.9895
 ------------------------------------------------------------------------------

wrapping first mol.:       11.41060       16.13702       27.95013
wrapping first mol.:       11.41060       16.13702       27.95013

 NSTEP =    79000   TIME(PS) =     158.000  TEMP(K) =   301.31  PRESS =  -392.8
 Etot   =     -7877.0566  EKtot   =      1837.6210  EPtot      =     -9714.6776
 BOND   =         1.2994  ANGLE   =         8.0149  DIHED      =         3.7988
 UB     =         0.0000  IMP     =         0.0000  CMAP       =         2.1402
 1-4 NB =         2.6077  1-4 EEL =        45.4774  VDWAALS    =      1373.5547
 EELEC  =    -11151.5706  EHBOND  =         0.0000  RESTRAINT  =         0.0000
 EKCMT  =       918.3566  VIRIAL  =      1180.2858  VOLUME     =     30880.3278
                                                    Density    =         0.9901
 ------------------------------------------------------------------------------

wrapping first mol.:       11.42776       16.16130       27.99219
wrapping first mol.:       11.42776       16.16130       27.99219

 NSTEP =    79100   TIME(PS) =     158.200  TEMP(K) =   301.85  PRESS =   327.6
 Etot   =     -7870.6325  EKtot   =      1840.9166  EPtot      =     -9711.5491
 BOND   =         4.9955  ANGLE   =         8.9313  DIHED      =         3.4143
 UB     =         0.0000  IMP     =         0.0000  CMAP       =         0.8339
 1-4 NB =         2.6339  1-4 EEL =        43.5602  VDWAALS    =      1471.6890
 EELEC  =    -11247.6072  EHBOND  =         0.0000  RESTRAINT  =         0.0000
 EKCMT  =       905.5773  VIRIAL  =       686.1586  VOLUME     =     31017.9251
                                                    Density    =         0.9857
 ------------------------------------------------------------------------------

wrapping first mol.:       11.43137       16.16640       28.00102
wrapping first mol.:       11.43137       16.16640       28.00102

 NSTEP =    79200   TIME(PS) =     158.400  TEMP(K) =   300.92  PRESS =    39.7
 Etot   =     -7850.2846  EKtot   =      1835.2163  EPtot      =     -9685.5009
 BOND   =         1.5964  ANGLE   =         8.0486  DIHED      =         4.1610
 UB     =         0.0000  IMP     =         0.0000  CMAP       =         0.7563
 1-4 NB =         4.2782  1-4 EEL =        45.1657  VDWAALS    =      1422.4374
 EELEC  =    -11171.9443  EHBOND  =         0.0000  RESTRAINT  =         0.0000
 EKCMT  =       921.9392  VIRIAL  =       895.3325  VOLUME     =     31048.0841
                                                    Density    =         0.9848
 ------------------------------------------------------------------------------

wrapping first mol.:       11.43862       16.17665       28.01877
wrapping first mol.:       11.43862       16.17665       28.01877

 NSTEP =    79300   TIME(PS) =     158.600  TEMP(K) =   303.28  PRESS =   292.4
 Etot   =     -7872.2906  EKtot   =      1849.6265  EPtot      =     -9721.9170
 BOND   =         4.3452  ANGLE   =         8.0891  DIHED      =         4.2362
 UB     =         0.0000  IMP     =         0.0000  CMAP       =        -0.0500
 1-4 NB =         2.7806  1-4 EEL =        44.1041  VDWAALS    =      1465.4186
 EELEC  =    -11250.8410  EHBOND  =         0.0000  RESTRAINT  =         0.0000
 EKCMT  =       922.3994  VIRIAL  =       726.0348  VOLUME     =     31106.4787
                                                    Density    =         0.9829
 ------------------------------------------------------------------------------

wrapping first mol.:       11.44388       16.18409       28.03167
wrapping first mol.:       11.44388       16.18409       28.03167

 NSTEP =    79400   TIME(PS) =     158.800  TEMP(K) =   303.86  PRESS =  -313.1
 Etot   =     -7885.4537  EKtot   =      1853.1592  EPtot      =     -9738.6129
 BOND   =         3.3293  ANGLE   =         5.2500  DIHED      =         3.6412
 UB     =         0.0000  IMP     =         0.0000  CMAP       =        -0.3294
 1-4 NB =         4.4895  1-4 EEL =        46.5325  VDWAALS    =      1395.9357
 EELEC  =    -11197.4617  EHBOND  =         0.0000  RESTRAINT  =         0.0000
 EKCMT  =       933.2441  VIRIAL  =      1143.8140  VOLUME     =     31151.1321
                                                    Density    =         0.9815
 ------------------------------------------------------------------------------

wrapping first mol.:       11.44160       16.18087       28.02608
wrapping first mol.:       11.44160       16.18087       28.02608

 NSTEP =    79500   TIME(PS) =     159.000  TEMP(K) =   296.68  PRESS =   103.9
 Etot   =     -7877.9662  EKtot   =      1809.3853  EPtot      =     -9687.3515
 BOND   =         3.6444  ANGLE   =         8.8511  DIHED      =         4.8321
 UB     =         0.0000  IMP     =         0.0000  CMAP       =        -0.0315
 1-4 NB =         3.6989  1-4 EEL =        45.2090  VDWAALS    =      1438.0490
 EELEC  =    -11191.6045  EHBOND  =         0.0000  RESTRAINT  =         0.0000
 EKCMT  =       927.5580  VIRIAL  =       857.7196  VOLUME     =     31131.3717
                                                    Density    =         0.9821
 ------------------------------------------------------------------------------

wrapping first mol.:       11.45129       16.19457       28.04981
wrapping first mol.:       11.45129       16.19457       28.04981

 NSTEP =    79600   TIME(PS) =     159.200  TEMP(K) =   302.51  PRESS =  1017.9
 Etot   =     -7868.2350  EKtot   =      1844.9193  EPtot      =     -9713.1543
 BOND   =         3.6666  ANGLE   =        12.6732  DIHED      =         6.3383
 UB     =         0.0000  IMP     =         0.0000  CMAP       =         0.0059
 1-4 NB =         3.8044  1-4 EEL =        39.7409  VDWAALS    =      1573.1695
 EELEC  =    -11352.5532  EHBOND  =         0.0000  RESTRAINT  =         0.0000
 EKCMT  =       948.1029  VIRIAL  =       262.2429  VOLUME     =     31207.9681
                                                    Density    =         0.9797
 ------------------------------------------------------------------------------

wrapping first mol.:       11.45584       16.20100       28.06096
wrapping first mol.:       11.45584       16.20100       28.06096

 NSTEP =    79700   TIME(PS) =     159.400  TEMP(K) =   296.45  PRESS =  -162.2
 Etot   =     -7894.0177  EKtot   =      1807.9749  EPtot      =     -9701.9925
 BOND   =         5.0967  ANGLE   =        11.1678  DIHED      =         3.2167
 UB     =         0.0000  IMP     =         0.0000  CMAP       =        -0.1347
 1-4 NB =         2.8934  1-4 EEL =        43.3436  VDWAALS    =      1420.5890
 EELEC  =    -11188.1650  EHBOND  =         0.0000  RESTRAINT  =         0.0000
 EKCMT  =       912.7270  VIRIAL  =      1022.1410  VOLUME     =     31248.4765
                                                    Density    =         0.9784
 ------------------------------------------------------------------------------

wrapping first mol.:       11.44976       16.19241       28.04608
wrapping first mol.:       11.44976       16.19241       28.04608

 NSTEP =    79800   TIME(PS) =     159.600  TEMP(K) =   303.05  PRESS =   237.2
 Etot   =     -7890.5619  EKtot   =      1848.2156  EPtot      =     -9738.7775
 BOND   =         2.6294  ANGLE   =         5.6940  DIHED      =         4.3194
 UB     =         0.0000  IMP     =         0.0000  CMAP       =         0.2372
 1-4 NB =         3.2707  1-4 EEL =        44.2935  VDWAALS    =      1491.4526
 EELEC  =    -11290.6744  EHBOND  =         0.0000  RESTRAINT  =         0.0000
 EKCMT  =       926.7290  VIRIAL  =       766.9389  VOLUME     =     31197.6696
                                                    Density    =         0.9800
 ------------------------------------------------------------------------------

wrapping first mol.:       11.45259       16.19641       28.05300
wrapping first mol.:       11.45259       16.19641       28.05300

 NSTEP =    79900   TIME(PS) =     159.800  TEMP(K) =   302.16  PRESS =  -123.0
 Etot   =     -7914.9657  EKtot   =      1842.7920  EPtot      =     -9757.7577
 BOND   =         3.0688  ANGLE   =         8.4270  DIHED      =         4.4359
 UB     =         0.0000  IMP     =         0.0000  CMAP       =        -0.0808
 1-4 NB =         2.7657  1-4 EEL =        44.3801  VDWAALS    =      1452.8608
 EELEC  =    -11273.6151  EHBOND  =         0.0000  RESTRAINT  =         0.0000
 EKCMT  =       901.0972  VIRIAL  =       983.9998  VOLUME     =     31221.7900
                                                    Density    =         0.9793
 ------------------------------------------------------------------------------

wrapping first mol.:       11.44534       16.18615       28.03524
wrapping first mol.:       11.44534       16.18615       28.03524

 NSTEP =    80000   TIME(PS) =     160.000  TEMP(K) =   299.99  PRESS =   -76.1
 Etot   =     -7880.3730  EKtot   =      1829.5177  EPtot      =     -9709.8907
 BOND   =         3.2020  ANGLE   =         7.5636  DIHED      =         4.1189
 UB     =         0.0000  IMP     =         0.0000  CMAP       =        -0.2306
 1-4 NB =         4.2471  1-4 EEL =        44.6533  VDWAALS    =      1431.5079
 EELEC  =    -11204.9528  EHBOND  =         0.0000  RESTRAINT  =         0.0000
 EKCMT  =       924.0330  VIRIAL  =       975.2483  VOLUME     =     31162.3791
                                                    Density    =         0.9812
 ------------------------------------------------------------------------------

wrapping first mol.:       11.44286       16.18265       28.02916
wrapping first mol.:       11.44286       16.18265       28.02916

 NSTEP =    80100   TIME(PS) =     160.200  TEMP(K) =   305.41  PRESS =    -1.4
 Etot   =     -7854.0785  EKtot   =      1862.5776  EPtot      =     -9716.6562
 BOND   =         4.4286  ANGLE   =         9.5967  DIHED      =         4.9706
 UB     =         0.0000  IMP     =         0.0000  CMAP       =         1.1085
 1-4 NB =         2.2764  1-4 EEL =        44.0210  VDWAALS    =      1427.8403
 EELEC  =    -11210.8982  EHBOND  =         0.0000  RESTRAINT  =         0.0000
 EKCMT  =       924.2371  VIRIAL  =       925.2061  VOLUME     =     31141.9283
                                                    Density    =         0.9818
 ------------------------------------------------------------------------------

wrapping first mol.:       11.44667       16.18803       28.03849
wrapping first mol.:       11.44667       16.18803       28.03849

 NSTEP =    80200   TIME(PS) =     160.400  TEMP(K) =   304.65  PRESS =   -79.2
 Etot   =     -7842.7417  EKtot   =      1857.9669  EPtot      =     -9700.7086
 BOND   =         4.2319  ANGLE   =         8.4843  DIHED      =         3.3758
 UB     =         0.0000  IMP     =         0.0000  CMAP       =         0.1382
 1-4 NB =         2.1942  1-4 EEL =        43.2341  VDWAALS    =      1430.6159
 EELEC  =    -11192.9829  EHBOND  =         0.0000  RESTRAINT  =         0.0000
 EKCMT  =       916.7826  VIRIAL  =       970.0565  VOLUME     =     31173.2479
                                                    Density    =         0.9808
 ------------------------------------------------------------------------------

wrapping first mol.:       11.44517       16.18591       28.03482
wrapping first mol.:       11.44517       16.18591       28.03482

 NSTEP =    80300   TIME(PS) =     160.600  TEMP(K) =   301.20  PRESS =   680.0
 Etot   =     -7832.0568  EKtot   =      1836.9086  EPtot      =     -9668.9654
 BOND   =         4.0367  ANGLE   =         5.8725  DIHED      =         5.3495
 UB     =         0.0000  IMP     =         0.0000  CMAP       =         1.0127
 1-4 NB =         3.5082  1-4 EEL =        46.2365  VDWAALS    =      1518.0027
 EELEC  =    -11252.9841  EHBOND  =         0.0000  RESTRAINT  =         0.0000
 EKCMT  =       924.7331  VIRIAL  =       467.2660  VOLUME     =     31158.9047
                                                    Density    =         0.9813
 ------------------------------------------------------------------------------

wrapping first mol.:       11.45783       16.20381       28.06583
wrapping first mol.:       11.45783       16.20381       28.06583

 NSTEP =    80400   TIME(PS) =     160.800  TEMP(K) =   301.29  PRESS =   230.8
 Etot   =     -7859.5676  EKtot   =      1837.4551  EPtot      =     -9697.0227
 BOND   =         5.2471  ANGLE   =         8.4738  DIHED      =         4.3562
 UB     =         0.0000  IMP     =         0.0000  CMAP       =         1.2847
 1-4 NB =         2.2496  1-4 EEL =        43.6210  VDWAALS    =      1459.0440
 EELEC  =    -11221.2989  EHBOND  =         0.0000  RESTRAINT  =         0.0000
 EKCMT  =       933.0418  VIRIAL  =       777.2588  VOLUME     =     31263.6443
                                                    Density    =         0.9780
 ------------------------------------------------------------------------------

wrapping first mol.:       11.45773       16.20368       28.06559
wrapping first mol.:       11.45773       16.20368       28.06559

 NSTEP =    80500   TIME(PS) =     161.000  TEMP(K) =   303.69  PRESS =  -395.3
 Etot   =     -7858.5567  EKtot   =      1852.1034  EPtot      =     -9710.6601
 BOND   =         3.2018  ANGLE   =         5.8590  DIHED      =         4.3852
 UB     =         0.0000  IMP     =         0.0000  CMAP       =         0.6691
 1-4 NB =         3.5296  1-4 EEL =        48.0560  VDWAALS    =      1392.4433
 EELEC  =    -11168.8040  EHBOND  =         0.0000  RESTRAINT  =         0.0000
 EKCMT  =       905.9924  VIRIAL  =      1172.8112  VOLUME     =     31264.6090
                                                    Density    =         0.9779
 ------------------------------------------------------------------------------

wrapping first mol.:       11.44524       16.18601       28.03499
wrapping first mol.:       11.44524       16.18601       28.03499

 NSTEP =    80600   TIME(PS) =     161.200  TEMP(K) =   306.27  PRESS =  -795.9
 Etot   =     -7847.8586  EKtot   =      1867.8756  EPtot      =     -9715.7342
 BOND   =         3.5985  ANGLE   =         8.7444  DIHED      =         3.0321
 UB     =         0.0000  IMP     =         0.0000  CMAP       =         2.0131
 1-4 NB =         2.7745  1-4 EEL =        44.2547  VDWAALS    =      1340.2600
 EELEC  =    -11120.4115  EHBOND  =         0.0000  RESTRAINT  =         0.0000
 EKCMT  =       911.6583  VIRIAL  =      1447.2085  VOLUME     =     31163.5428
                                                    Density    =         0.9811
 ------------------------------------------------------------------------------

wrapping first mol.:       11.43897       16.17715       28.01965
wrapping first mol.:       11.43897       16.17715       28.01965

 NSTEP =    80700   TIME(PS) =     161.400  TEMP(K) =   293.36  PRESS =    40.6
 Etot   =     -7875.1105  EKtot   =      1789.1316  EPtot      =     -9664.2421
 BOND   =         2.6959  ANGLE   =         6.2143  DIHED      =         4.4476
 UB     =         0.0000  IMP     =         0.0000  CMAP       =         1.7999
 1-4 NB =         2.0786  1-4 EEL =        46.6379  VDWAALS    =      1430.3353
 EELEC  =    -11158.4515  EHBOND  =         0.0000  RESTRAINT  =         0.0000
 EKCMT  =       862.3824  VIRIAL  =       835.0958  VOLUME     =     31110.0993
                                                    Density    =         0.9828
 ------------------------------------------------------------------------------

wrapping first mol.:       11.43084       16.16564       27.99971
wrapping first mol.:       11.43084       16.16564       27.99971

 NSTEP =    80800   TIME(PS) =     161.600  TEMP(K) =   304.31  PRESS =  -326.1
 Etot   =     -7880.3212  EKtot   =      1855.8783  EPtot      =     -9736.1995
 BOND   =         1.9004  ANGLE   =         7.6876  DIHED      =         5.7956
 UB     =         0.0000  IMP     =         0.0000  CMAP       =         0.9960
 1-4 NB =         4.1320  1-4 EEL =        47.1329  VDWAALS    =      1392.2774
 EELEC  =    -11196.1213  EHBOND  =         0.0000  RESTRAINT  =         0.0000
 EKCMT  =       916.6195  VIRIAL  =      1135.2346  VOLUME     =     31044.7662
                                                    Density    =         0.9849
 ------------------------------------------------------------------------------

wrapping first mol.:       11.43055       16.16524       27.99901
wrapping first mol.:       11.43055       16.16524       27.99901

 NSTEP =    80900   TIME(PS) =     161.800  TEMP(K) =   292.02  PRESS =    -3.1
 Etot   =     -7868.7305  EKtot   =      1780.9106  EPtot      =     -9649.6411
 BOND   =         2.8292  ANGLE   =         6.7373  DIHED      =         3.7314
 UB     =         0.0000  IMP     =         0.0000  CMAP       =         0.3911
 1-4 NB =         4.1675  1-4 EEL =        47.7316  VDWAALS    =      1399.1423
 EELEC  =    -11114.3714  EHBOND  =         0.0000  RESTRAINT  =         0.0000
 EKCMT  =       902.9146  VIRIAL  =       904.9721  VOLUME     =     31041.5273
                                                    Density    =         0.9850
 ------------------------------------------------------------------------------

wrapping first mol.:       11.43772       16.17537       28.01657
wrapping first mol.:       11.43772       16.17537       28.01657

 NSTEP =    81000   TIME(PS) =     162.000  TEMP(K) =   303.35  PRESS =   196.4
 Etot   =     -7838.5120  EKtot   =      1850.0082  EPtot      =     -9688.5202
 BOND   =         2.4606  ANGLE   =         8.4197  DIHED      =         4.5421
 UB     =         0.0000  IMP     =         0.0000  CMAP       =         0.5449
 1-4 NB =         2.5657  1-4 EEL =        44.3467  VDWAALS    =      1454.5098
 EELEC  =    -11205.9098  EHBOND  =         0.0000  RESTRAINT  =         0.0000
 EKCMT  =       911.8467  VIRIAL  =       779.9842  VOLUME     =     31099.4088
                                                    Density    =         0.9831
 ------------------------------------------------------------------------------

wrapping first mol.:       11.43567       16.17248       28.01156
wrapping first mol.:       11.43567       16.17248       28.01156

 NSTEP =    81100   TIME(PS) =     162.200  TEMP(K) =   301.06  PRESS =   -66.5
 Etot   =     -7834.9004  EKtot   =      1836.0636  EPtot      =     -9670.9640
 BOND   =         2.7149  ANGLE   =         6.7179  DIHED      =         4.6745
 UB     =         0.0000  IMP     =         0.0000  CMAP       =         0.0117
 1-4 NB =         4.9415  1-4 EEL =        46.0891  VDWAALS    =      1415.9623
 EELEC  =    -11152.0759  EHBOND  =         0.0000  RESTRAINT  =         0.0000
 EKCMT  =       906.3015  VIRIAL  =       950.9479  VOLUME     =     31083.4680
                                                    Density    =         0.9836
 ------------------------------------------------------------------------------

wrapping first mol.:       11.43899       16.17718       28.01969
wrapping first mol.:       11.43899       16.17718       28.01969

 NSTEP =    81200   TIME(PS) =     162.400  TEMP(K) =   298.99  PRESS =   -83.4
 Etot   =     -7854.3148  EKtot   =      1823.4689  EPtot      =     -9677.7837
 BOND   =         3.9054  ANGLE   =         6.5830  DIHED      =         3.7104
 UB     =         0.0000  IMP     =         0.0000  CMAP       =         0.2575
 1-4 NB =         2.8352  1-4 EEL =        47.0301  VDWAALS    =      1422.3554
 EELEC  =    -11164.4607  EHBOND  =         0.0000  RESTRAINT  =         0.0000
 EKCMT  =       911.7918  VIRIAL  =       967.7913  VOLUME     =     31110.5928
                                                    Density    =         0.9828
 ------------------------------------------------------------------------------

wrapping first mol.:       11.43774       16.17540       28.01662
wrapping first mol.:       11.43774       16.17540       28.01662

 NSTEP =    81300   TIME(PS) =     162.600  TEMP(K) =   301.46  PRESS =  -322.2
 Etot   =     -7855.7309  EKtot   =      1838.5149  EPtot      =     -9694.2458
 BOND   =         3.1951  ANGLE   =        10.1633  DIHED      =         4.2625
 UB     =         0.0000  IMP     =         0.0000  CMAP       =         0.6597
 1-4 NB =         3.3150  1-4 EEL =        45.4386  VDWAALS    =      1387.2735
 EELEC  =    -11148.5537  EHBOND  =         0.0000  RESTRAINT  =         0.0000
 EKCMT  =       918.0886  VIRIAL  =      1134.4579  VOLUME     =     31101.0102
                                                    Density    =         0.9831
 ------------------------------------------------------------------------------

wrapping first mol.:       11.42997       16.16442       27.99760
wrapping first mol.:       11.42997       16.16442       27.99760

 NSTEP =    81400   TIME(PS) =     162.800  TEMP(K) =   301.16  PRESS =    72.0
 Etot   =     -7874.7119  EKtot   =      1836.6605  EPtot      =     -9711.3724
 BOND   =         2.8403  ANGLE   =         9.9282  DIHED      =         3.4271
 UB     =         0.0000  IMP     =         0.0000  CMAP       =        -0.1273
 1-4 NB =         3.9297  1-4 EEL =        45.6129  VDWAALS    =      1439.5878
 EELEC  =    -11216.5711  EHBOND  =         0.0000  RESTRAINT  =         0.0000
 EKCMT  =       900.7069  VIRIAL  =       852.4285  VOLUME     =     31036.6311
                                                    Density    =         0.9851
 ------------------------------------------------------------------------------

wrapping first mol.:       11.43223       16.16761       28.00312
wrapping first mol.:       11.43223       16.16761       28.00312

 NSTEP =    81500   TIME(PS) =     163.000  TEMP(K) =   294.78  PRESS =   -30.1
 Etot   =     -7911.2106  EKtot   =      1797.7810  EPtot      =     -9708.9916
 BOND   =         0.3603  ANGLE   =        12.8526  DIHED      =         3.3748
 UB     =         0.0000  IMP     =         0.0000  CMAP       =         0.0606
 1-4 NB =         4.3577  1-4 EEL =        43.6363  VDWAALS    =      1429.0576
 EELEC  =    -11202.6914  EHBOND  =         0.0000  RESTRAINT  =         0.0000
 EKCMT  =       888.2452  VIRIAL  =       908.4250  VOLUME     =     31055.2688
                                                    Density    =         0.9845
 ------------------------------------------------------------------------------

wrapping first mol.:       11.42797       16.16160       27.99270
wrapping first mol.:       11.42797       16.16160       27.99270

 NSTEP =    81600   TIME(PS) =     163.200  TEMP(K) =   292.43  PRESS =  -195.4
 Etot   =     -7909.6157  EKtot   =      1783.4227  EPtot      =     -9693.0384
 BOND   =         3.3318  ANGLE   =        11.3787  DIHED      =         3.0796
 UB     =         0.0000  IMP     =         0.0000  CMAP       =         0.5896
 1-4 NB =         2.5182  1-4 EEL =        47.2788  VDWAALS    =      1408.4613
 EELEC  =    -11169.6763  EHBOND  =         0.0000  RESTRAINT  =         0.0000
 EKCMT  =       872.0686  VIRIAL  =      1002.9730  VOLUME     =     31021.0880
                                                    Density    =         0.9856
 ------------------------------------------------------------------------------

wrapping first mol.:       11.41879       16.14861       27.97022
wrapping first mol.:       11.41879       16.14861       27.97022

 NSTEP =    81700   TIME(PS) =     163.400  TEMP(K) =   296.80  PRESS =    76.4
 Etot   =     -7942.1789  EKtot   =      1810.0688  EPtot      =     -9752.2478
 BOND   =         2.0938  ANGLE   =         8.9892  DIHED      =         4.6503
 UB     =         0.0000  IMP     =         0.0000  CMAP       =        -0.0381
 1-4 NB =         3.5089  1-4 EEL =        45.1976  VDWAALS    =      1458.6554
 EELEC  =    -11275.3049  EHBOND  =         0.0000  RESTRAINT  =         0.0000
 EKCMT  =       883.9653  VIRIAL  =       832.9295  VOLUME     =     30945.6397
                                                    Density    =         0.9880
 ------------------------------------------------------------------------------

wrapping first mol.:       11.42471       16.15698       27.98471
wrapping first mol.:       11.42471       16.15698       27.98471

 NSTEP =    81800   TIME(PS) =     163.600  TEMP(K) =   292.11  PRESS =   191.8
 Etot   =     -7972.5133  EKtot   =      1781.4692  EPtot      =     -9753.9826
 BOND   =         2.3634  ANGLE   =         7.8697  DIHED      =         5.1657
 UB     =         0.0000  IMP     =         0.0000  CMAP       =         0.2003
 1-4 NB =         2.1809  1-4 EEL =        46.3894  VDWAALS    =      1467.6676
 EELEC  =    -11285.8195  EHBOND  =         0.0000  RESTRAINT  =         0.0000
 EKCMT  =       883.5354  VIRIAL  =       755.1642  VOLUME     =     30993.4392
                                                    Density    =         0.9865
 ------------------------------------------------------------------------------

wrapping first mol.:       11.42957       16.16385       27.99661
wrapping first mol.:       11.42957       16.16385       27.99661

 NSTEP =    81900   TIME(PS) =     163.800  TEMP(K) =   298.19  PRESS =   532.8
 Etot   =     -7930.8352  EKtot   =      1818.5612  EPtot      =     -9749.3963
 BOND   =         3.6721  ANGLE   =        11.5332  DIHED      =         3.7524
 UB     =         0.0000  IMP     =         0.0000  CMAP       =         1.7537
 1-4 NB =         5.2770  1-4 EEL =        48.5583  VDWAALS    =      1501.5526
 EELEC  =    -11325.4955  EHBOND  =         0.0000  RESTRAINT  =         0.0000
 EKCMT  =       935.6356  VIRIAL  =       578.6794  VOLUME     =     31032.0567
                                                    Density    =         0.9853
 ------------------------------------------------------------------------------

wrapping first mol.:       11.43057       16.16527       27.99907
wrapping first mol.:       11.43057       16.16527       27.99907

 NSTEP =    82000   TIME(PS) =     164.000  TEMP(K) =   296.25  PRESS =   -22.4
 Etot   =     -7898.8286  EKtot   =      1806.7083  EPtot      =     -9705.5369
 BOND   =         2.1746  ANGLE   =        11.8648  DIHED      =         3.5032
 UB     =         0.0000  IMP     =         0.0000  CMAP       =         0.8453
 1-4 NB =         2.8394  1-4 EEL =        43.7133  VDWAALS    =      1433.0930
 EELEC  =    -11203.5705  EHBOND  =         0.0000  RESTRAINT  =         0.0000
 EKCMT  =       904.3855  VIRIAL  =       919.3993  VOLUME     =     31041.7767
                                                    Density    =         0.9850
 ------------------------------------------------------------------------------

wrapping first mol.:       11.42799       16.16162       27.99274
wrapping first mol.:       11.42799       16.16162       27.99274

 NSTEP =    82100   TIME(PS) =     164.200  TEMP(K) =   293.06  PRESS =  -297.3
 Etot   =     -7904.0566  EKtot   =      1787.3051  EPtot      =     -9691.3616
 BOND   =         6.9016  ANGLE   =        10.8576  DIHED      =         6.8117
 UB     =         0.0000  IMP     =         0.0000  CMAP       =         0.6899
 1-4 NB =         2.0038  1-4 EEL =        44.6552  VDWAALS    =      1392.1123
 EELEC  =    -11155.3936  EHBOND  =         0.0000  RESTRAINT  =         0.0000
 EKCMT  =       886.5382  VIRIAL  =      1085.6891  VOLUME     =     31021.4933
                                                    Density    =         0.9856
 ------------------------------------------------------------------------------

wrapping first mol.:       11.42302       16.15459       27.98057
wrapping first mol.:       11.42302       16.15459       27.98057

 NSTEP =    82200   TIME(PS) =     164.400  TEMP(K) =   295.75  PRESS =    61.9
 Etot   =     -7830.5638  EKtot   =      1803.6750  EPtot      =     -9634.2389
 BOND   =         4.0726  ANGLE   =         6.6729  DIHED      =         3.6761
 UB     =         0.0000  IMP     =         0.0000  CMAP       =         0.9978
 1-4 NB =         3.2328  1-4 EEL =        47.3232  VDWAALS    =      1409.2675
 EELEC  =    -11109.4817  EHBOND  =         0.0000  RESTRAINT  =         0.0000
 EKCMT  =       920.4258  VIRIAL  =       879.0337  VOLUME     =     30980.0696
                                                    Density    =         0.9869
 ------------------------------------------------------------------------------

wrapping first mol.:       11.42835       16.16213       27.99363
wrapping first mol.:       11.42835       16.16213       27.99363

 NSTEP =    82300   TIME(PS) =     164.600  TEMP(K) =   305.94  PRESS =  -286.5
 Etot   =     -7875.5601  EKtot   =      1865.8223  EPtot      =     -9741.3823
 BOND   =         5.2719  ANGLE   =         7.2376  DIHED      =         4.6974
 UB     =         0.0000  IMP     =         0.0000  CMAP       =         0.3823
 1-4 NB =         3.6935  1-4 EEL =        47.5694  VDWAALS    =      1384.8827
 EELEC  =    -11195.1172  EHBOND  =         0.0000  RESTRAINT  =         0.0000
 EKCMT  =       950.8621  VIRIAL  =      1142.7675  VOLUME     =     31024.4339
                                                    Density    =         0.9855
 ------------------------------------------------------------------------------

wrapping first mol.:       11.43426       16.17049       28.00810
wrapping first mol.:       11.43426       16.17049       28.00810

 NSTEP =    82400   TIME(PS) =     164.800  TEMP(K) =   298.73  PRESS =  -144.3
 Etot   =     -7891.6556  EKtot   =      1821.8547  EPtot      =     -9713.5103
 BOND   =         3.0378  ANGLE   =         7.4290  DIHED      =         3.5570
 UB     =         0.0000  IMP     =         0.0000  CMAP       =         0.3491
 1-4 NB =         2.7910  1-4 EEL =        46.6803  VDWAALS    =      1415.4769
 EELEC  =    -11192.8315  EHBOND  =         0.0000  RESTRAINT  =         0.0000
 EKCMT  =       897.0785  VIRIAL  =       993.9024  VOLUME     =     31072.1704
                                                    Density    =         0.9840
 ------------------------------------------------------------------------------

wrapping first mol.:       11.41927       16.14929       27.97138
wrapping first mol.:       11.41927       16.14929       27.97138

 NSTEP =    82500   TIME(PS) =     165.000  TEMP(K) =   301.32  PRESS =  -286.3
 Etot   =     -7857.5210  EKtot   =      1837.6516  EPtot      =     -9695.1726
 BOND   =         3.5056  ANGLE   =        11.2563  DIHED      =         3.5289
 UB     =         0.0000  IMP     =         0.0000  CMAP       =         0.2807
 1-4 NB =         3.0508  1-4 EEL =        43.5461  VDWAALS    =      1372.0901
 EELEC  =    -11132.4311  EHBOND  =         0.0000  RESTRAINT  =         0.0000
 EKCMT  =       903.0507  VIRIAL  =      1094.3604  VOLUME     =     30950.5212
                                                    Density    =         0.9879
 ------------------------------------------------------------------------------

wrapping first mol.:       11.42427       16.15636       27.98364
wrapping first mol.:       11.42427       16.15636       27.98364

 NSTEP =    82600   TIME(PS) =     165.200  TEMP(K) =   302.31  PRESS =   413.9
 Etot   =     -7878.1427  EKtot   =      1843.6943  EPtot      =     -9721.8370
 BOND   =         2.1083  ANGLE   =         8.9016  DIHED      =         3.2235
 UB     =         0.0000  IMP     =         0.0000  CMAP       =         0.3451
 1-4 NB =         3.1863  1-4 EEL =        44.0838  VDWAALS    =      1483.9807
 EELEC  =    -11267.6664  EHBOND  =         0.0000  RESTRAINT  =         0.0000
 EKCMT  =       915.4270  VIRIAL  =       638.5036  VOLUME     =     30989.2752
                                                    Density    =         0.9866
 ------------------------------------------------------------------------------

wrapping first mol.:       11.43103       16.16591       28.00018
wrapping first mol.:       11.43103       16.16591       28.00018

 NSTEP =    82700   TIME(PS) =     165.400  TEMP(K) =   303.08  PRESS =   -33.3
 Etot   =     -7868.0043  EKtot   =      1848.4008  EPtot      =     -9716.4051
 BOND   =         5.0207  ANGLE   =        11.4878  DIHED      =         3.6349
 UB     =         0.0000  IMP     =         0.0000  CMAP       =         0.6772
 1-4 NB =         3.7336  1-4 EEL =        44.3161  VDWAALS    =      1423.9239
 EELEC  =    -11209.1993  EHBOND  =         0.0000  RESTRAINT  =         0.0000
 EKCMT  =       935.7947  VIRIAL  =       958.1070  VOLUME     =     31045.5138
                                                    Density    =         0.9848
 ------------------------------------------------------------------------------

wrapping first mol.:       11.43692       16.17425       28.01461
wrapping first mol.:       11.43692       16.17425       28.01461

 NSTEP =    82800   TIME(PS) =     165.600  TEMP(K) =   302.88  PRESS =   228.6
 Etot   =     -7861.8732  EKtot   =      1847.1912  EPtot      =     -9709.0644
 BOND   =         3.4637  ANGLE   =        10.7650  DIHED      =         5.8141
 UB     =         0.0000  IMP     =         0.0000  CMAP       =         1.8325
 1-4 NB =         1.8782  1-4 EEL =        46.3101  VDWAALS    =      1463.6928
 EELEC  =    -11242.8207  EHBOND  =         0.0000  RESTRAINT  =         0.0000
 EKCMT  =       937.5865  VIRIAL  =       784.0899  VOLUME     =     31092.8184
                                                    Density    =         0.9833
 ------------------------------------------------------------------------------

wrapping first mol.:       11.44495       16.18560       28.03427
wrapping first mol.:       11.44495       16.18560       28.03427

 NSTEP =    82900   TIME(PS) =     165.800  TEMP(K) =   305.88  PRESS =    85.0
 Etot   =     -7858.6615  EKtot   =      1865.4960  EPtot      =     -9724.1575
 BOND   =         7.5142  ANGLE   =         6.4705  DIHED      =         4.2439
 UB     =         0.0000  IMP     =         0.0000  CMAP       =         0.5236
 1-4 NB =         3.5611  1-4 EEL =        44.3256  VDWAALS    =      1449.0684
 EELEC  =    -11239.8648  EHBOND  =         0.0000  RESTRAINT  =         0.0000
 EKCMT  =       944.1317  VIRIAL  =       886.9609  VOLUME     =     31158.7174
                                                    Density    =         0.9813
 ------------------------------------------------------------------------------

wrapping first mol.:       11.44835       16.19041       28.04261
wrapping first mol.:       11.44835       16.19041       28.04261

 NSTEP =    83000   TIME(PS) =     166.000  TEMP(K) =   300.23  PRESS =   665.6
 Etot   =     -7907.9586  EKtot   =      1831.0083  EPtot      =     -9738.9669
 BOND   =         2.5392  ANGLE   =        14.4756  DIHED      =         4.9916
 UB     =         0.0000  IMP     =         0.0000  CMAP       =         0.1860
 1-4 NB =         3.5025  1-4 EEL =        41.4191  VDWAALS    =      1538.1143
 EELEC  =    -11344.1952  EHBOND  =         0.0000  RESTRAINT  =         0.0000
 EKCMT  =       920.9219  VIRIAL  =       472.7712  VOLUME     =     31184.9254
                                                    Density    =         0.9804
 ------------------------------------------------------------------------------

wrapping first mol.:       11.45462       16.19928       28.05797
wrapping first mol.:       11.45462       16.19928       28.05797

 NSTEP =    83100   TIME(PS) =     166.200  TEMP(K) =   299.59  PRESS =    -7.3
 Etot   =     -7938.0514  EKtot   =      1827.1005  EPtot      =     -9765.1519
 BOND   =         3.1093  ANGLE   =         9.0522  DIHED      =         4.9225
 UB     =         0.0000  IMP     =         0.0000  CMAP       =        -0.1582
 1-4 NB =         3.3762  1-4 EEL =        43.6721  VDWAALS    =      1470.5007
 EELEC  =    -11299.6267  EHBOND  =         0.0000  RESTRAINT  =         0.0000
 EKCMT  =       911.9789  VIRIAL  =       916.9129  VOLUME     =     31238.0543
                                                    Density    =         0.9788
 ------------------------------------------------------------------------------

wrapping first mol.:       11.45261       16.19643       28.05304
wrapping first mol.:       11.45261       16.19643       28.05304

 NSTEP =    83200   TIME(PS) =     166.400  TEMP(K) =   295.70  PRESS =   -11.2
 Etot   =     -7948.2722  EKtot   =      1803.3615  EPtot      =     -9751.6336
 BOND   =         1.8422  ANGLE   =        12.9998  DIHED      =         7.3720
 UB     =         0.0000  IMP     =         0.0000  CMAP       =         1.1902
 1-4 NB =         2.7906  1-4 EEL =        44.0066  VDWAALS    =      1472.6226
 EELEC  =    -11294.4576  EHBOND  =         0.0000  RESTRAINT  =         0.0000
 EKCMT  =       909.8654  VIRIAL  =       917.3907  VOLUME     =     31221.6113
                                                    Density    =         0.9793
 ------------------------------------------------------------------------------

wrapping first mol.:       11.44837       16.19044       28.04266
wrapping first mol.:       11.44837       16.19044       28.04266

 NSTEP =    83300   TIME(PS) =     166.600  TEMP(K) =   290.11  PRESS =  -500.4
 Etot   =     -7922.1555  EKtot   =      1769.2819  EPtot      =     -9691.4373
 BOND   =         5.3831  ANGLE   =         7.7978  DIHED      =         5.1599
 UB     =         0.0000  IMP     =         0.0000  CMAP       =        -0.2688
 1-4 NB =         4.2397  1-4 EEL =        47.3813  VDWAALS    =      1370.6600
 EELEC  =    -11131.7903  EHBOND  =         0.0000  RESTRAINT  =         0.0000
 EKCMT  =       882.7050  VIRIAL  =      1219.6466  VOLUME     =     31188.3358
                                                    Density    =         0.9803
 ------------------------------------------------------------------------------

wrapping first mol.:       11.42896       16.16300       27.99513
wrapping first mol.:       11.42896       16.16300       27.99513

 NSTEP =    83400   TIME(PS) =     166.800  TEMP(K) =   294.94  PRESS =  -248.1
 Etot   =     -7923.0599  EKtot   =      1798.7380  EPtot      =     -9721.7980
 BOND   =         2.3644  ANGLE   =        13.2728  DIHED      =         4.0215
 UB     =         0.0000  IMP     =         0.0000  CMAP       =        -0.1214
 1-4 NB =         3.0099  1-4 EEL =        42.4039  VDWAALS    =      1400.2826
 EELEC  =    -11187.0317  EHBOND  =         0.0000  RESTRAINT  =         0.0000
 EKCMT  =       890.7122  VIRIAL  =      1056.9381  VOLUME     =     31029.3002
                                                    Density    =         0.9854
 ------------------------------------------------------------------------------

wrapping first mol.:       11.41205       16.13908       27.95370
wrapping first mol.:       11.41205       16.13908       27.95370

 NSTEP =    83500   TIME(PS) =     167.000  TEMP(K) =   294.13  PRESS =  -456.4
 Etot   =     -7909.1683  EKtot   =      1793.8218  EPtot      =     -9702.9901
 BOND   =         3.6656  ANGLE   =         8.6474  DIHED      =         4.7680
 UB     =         0.0000  IMP     =         0.0000  CMAP       =         1.5417
 1-4 NB =         2.4788  1-4 EEL =        45.6171  VDWAALS    =      1353.7101
 EELEC  =    -11123.4188  EHBOND  =         0.0000  RESTRAINT  =         0.0000
 EKCMT  =       895.5521  VIRIAL  =      1199.9679  VOLUME     =     30892.3104
                                                    Density    =         0.9897
 ------------------------------------------------------------------------------

wrapping first mol.:       11.41220       16.13929       27.95407
wrapping first mol.:       11.41220       16.13929       27.95407

 NSTEP =    83600   TIME(PS) =     167.200  TEMP(K) =   300.02  PRESS =  -134.5
 Etot   =     -7921.5596  EKtot   =      1829.7246  EPtot      =     -9751.2842
 BOND   =         2.7024  ANGLE   =         7.4493  DIHED      =         3.9880
 UB     =         0.0000  IMP     =         0.0000  CMAP       =        -0.0658
 1-4 NB =         4.3255  1-4 EEL =        47.1557  VDWAALS    =      1410.8444
 EELEC  =    -11227.6838  EHBOND  =         0.0000  RESTRAINT  =         0.0000
 EKCMT  =       923.7038  VIRIAL  =      1013.4324  VOLUME     =     30892.6611
                                                    Density    =         0.9897
 ------------------------------------------------------------------------------

wrapping first mol.:       11.42372       16.15558       27.98229
wrapping first mol.:       11.42372       16.15558       27.98229

 NSTEP =    83700   TIME(PS) =     167.400  TEMP(K) =   292.28  PRESS =   111.4
 Etot   =     -7930.3769  EKtot   =      1782.5238  EPtot      =     -9712.9007
 BOND   =         2.7318  ANGLE   =         6.6463  DIHED      =         2.9756
 UB     =         0.0000  IMP     =         0.0000  CMAP       =         0.2830
 1-4 NB =         4.5378  1-4 EEL =        47.2470  VDWAALS    =      1464.0288
 EELEC  =    -11241.3511  EHBOND  =         0.0000  RESTRAINT  =         0.0000
 EKCMT  =       850.0181  VIRIAL  =       775.4653  VOLUME     =     30985.6213
                                                    Density    =         0.9867
 ------------------------------------------------------------------------------

wrapping first mol.:       11.43294       16.16862       28.00486
wrapping first mol.:       11.43294       16.16862       28.00486

 NSTEP =    83800   TIME(PS) =     167.600  TEMP(K) =   298.88  PRESS =   473.7
 Etot   =     -7937.6737  EKtot   =      1822.7544  EPtot      =     -9760.4281
 BOND   =         1.4239  ANGLE   =        11.4761  DIHED      =         3.9387
 UB     =         0.0000  IMP     =         0.0000  CMAP       =        -0.1407
 1-4 NB =         3.1871  1-4 EEL =        44.0671  VDWAALS    =      1513.9422
 EELEC  =    -11338.3226  EHBOND  =         0.0000  RESTRAINT  =         0.0000
 EKCMT  =       914.4944  VIRIAL  =       596.8384  VOLUME     =     31059.6871
                                                    Density    =         0.9844
 ------------------------------------------------------------------------------

wrapping first mol.:       11.44136       16.18053       28.02549
wrapping first mol.:       11.44136       16.18053       28.02549

 NSTEP =    83900   TIME(PS) =     167.800  TEMP(K) =   298.60  PRESS =    75.0
 Etot   =     -7887.5129  EKtot   =      1821.0635  EPtot      =     -9708.5764
 BOND   =         4.6268  ANGLE   =         8.4678  DIHED      =         4.8695
 UB     =         0.0000  IMP     =         0.0000  CMAP       =        -0.0199
 1-4 NB =         3.0756  1-4 EEL =        41.5145  VDWAALS    =      1449.2008
 EELEC  =    -11220.3115  EHBOND  =         0.0000  RESTRAINT  =         0.0000
 EKCMT  =       896.2696  VIRIAL  =       845.8758  VOLUME     =     31129.4832
                                                    Density    =         0.9822
 ------------------------------------------------------------------------------

wrapping first mol.:       11.44080       16.17974       28.02413
wrapping first mol.:       11.44080       16.17974       28.02413

 NSTEP =    84000   TIME(PS) =     168.000  TEMP(K) =   292.87  PRESS =   389.5
 Etot   =     -7903.1994  EKtot   =      1786.0942  EPtot      =     -9689.2936
 BOND   =         1.9393  ANGLE   =         8.4806  DIHED      =         3.6970
 UB     =         0.0000  IMP     =         0.0000  CMAP       =         1.6252
 1-4 NB =         2.5224  1-4 EEL =        45.7567  VDWAALS    =      1498.1586
 EELEC  =    -11251.4735  EHBOND  =         0.0000  RESTRAINT  =         0.0000
 EKCMT  =       884.6867  VIRIAL  =       622.9162  VOLUME     =     31124.0685
                                                    Density    =         0.9824
 ------------------------------------------------------------------------------

wrapping first mol.:       11.44048       16.17928       28.02334
wrapping first mol.:       11.44048       16.17928       28.02334

 NSTEP =    84100   TIME(PS) =     168.200  TEMP(K) =   297.49  PRESS =  -204.2
 Etot   =     -7920.4067  EKtot   =      1814.3276  EPtot      =     -9734.7344
 BOND   =         3.0303  ANGLE   =         8.2459  DIHED      =         6.3376
 UB     =         0.0000  IMP     =         0.0000  CMAP       =         0.1171
 1-4 NB =         5.6489  1-4 EEL =        45.0222  VDWAALS    =      1425.9997
 EELEC  =    -11229.1360  EHBOND  =         0.0000  RESTRAINT  =         0.0000
 EKCMT  =       915.2603  VIRIAL  =      1052.4513  VOLUME     =     31123.0682
                                                    Density    =         0.9824
 ------------------------------------------------------------------------------

wrapping first mol.:       11.43856       16.17657       28.01864
wrapping first mol.:       11.43856       16.17657       28.01864

 NSTEP =    84200   TIME(PS) =     168.400  TEMP(K) =   304.87  PRESS =   428.5
 Etot   =     -7948.2748  EKtot   =      1859.3162  EPtot      =     -9807.5909
 BOND   =         3.2082  ANGLE   =        13.1214  DIHED      =         5.5428
 UB     =         0.0000  IMP     =         0.0000  CMAP       =         1.8661
 1-4 NB =         3.2284  1-4 EEL =        42.0174  VDWAALS    =      1543.5571
 EELEC  =    -11420.1323  EHBOND  =         0.0000  RESTRAINT  =         0.0000
 EKCMT  =       911.6584  VIRIAL  =       623.8831  VOLUME     =     31105.6529
                                                    Density    =         0.9829
 ------------------------------------------------------------------------------

wrapping first mol.:       11.44824       16.19025       28.04233
wrapping first mol.:       11.44824       16.19025       28.04233

 NSTEP =    84300   TIME(PS) =     168.600  TEMP(K) =   301.63  PRESS =   114.0
 Etot   =     -7946.8424  EKtot   =      1839.5507  EPtot      =     -9786.3931
 BOND   =         4.6864  ANGLE   =         9.5119  DIHED      =         4.7609
 UB     =         0.0000  IMP     =         0.0000  CMAP       =         1.0306
 1-4 NB =         3.2354  1-4 EEL =        44.7031  VDWAALS    =      1484.1592
 EELEC  =    -11338.4805  EHBOND  =         0.0000  RESTRAINT  =         0.0000
 EKCMT  =       910.2790  VIRIAL  =       833.5006  VOLUME     =     31185.5203
                                                    Density    =         0.9804
 ------------------------------------------------------------------------------

wrapping first mol.:       11.45320       16.19727       28.05449
wrapping first mol.:       11.45320       16.19727       28.05449

 NSTEP =    84400   TIME(PS) =     168.800  TEMP(K) =   304.09  PRESS =  -395.3
 Etot   =     -7952.5765  EKtot   =      1854.5251  EPtot      =     -9807.1016
 BOND   =         2.0434  ANGLE   =        11.0892  DIHED      =         5.1409
 UB     =         0.0000  IMP     =         0.0000  CMAP       =         1.1430
 1-4 NB =         4.5419  1-4 EEL =        44.1545  VDWAALS    =      1439.7165
 EELEC  =    -11314.9310  EHBOND  =         0.0000  RESTRAINT  =         0.0000
 EKCMT  =       922.9529  VIRIAL  =      1189.4522  VOLUME     =     31227.5118
                                                    Density    =         0.9791
 ------------------------------------------------------------------------------

wrapping first mol.:       11.45459       16.19923       28.05789
wrapping first mol.:       11.45459       16.19923       28.05789

 NSTEP =    84500   TIME(PS) =     169.000  TEMP(K) =   301.14  PRESS =  -215.1
 Etot   =     -7945.8597  EKtot   =      1836.5623  EPtot      =     -9782.4219
 BOND   =         5.3474  ANGLE   =        10.1336  DIHED      =         3.9456
 UB     =         0.0000  IMP     =         0.0000  CMAP       =        -0.3555
 1-4 NB =         3.8096  1-4 EEL =        42.4024  VDWAALS    =      1454.8857
 EELEC  =    -11302.5908  EHBOND  =         0.0000  RESTRAINT  =         0.0000
 EKCMT  =       924.6312  VIRIAL  =      1069.6951  VOLUME     =     31238.3690
                                                    Density    =         0.9788
 ------------------------------------------------------------------------------

wrapping first mol.:       11.43784       16.17555       28.01687
wrapping first mol.:       11.43784       16.17555       28.01687

 NSTEP =    84600   TIME(PS) =     169.200  TEMP(K) =   294.86  PRESS =  -826.8
 Etot   =     -7927.9849  EKtot   =      1798.2588  EPtot      =     -9726.2437
 BOND   =         2.2361  ANGLE   =         6.1948  DIHED      =         3.1575
 UB     =         0.0000  IMP     =         0.0000  CMAP       =         0.4577
 1-4 NB =         4.1430  1-4 EEL =        44.6486  VDWAALS    =      1340.5386
 EELEC  =    -11127.6200  EHBOND  =         0.0000  RESTRAINT  =         0.0000
 EKCMT  =       876.2242  VIRIAL  =      1431.4358  VOLUME     =     31103.2597
                                                    Density    =         0.9830
 ------------------------------------------------------------------------------

wrapping first mol.:       11.42859       16.16247       27.99422
wrapping first mol.:       11.42859       16.16247       27.99422

 NSTEP =    84700   TIME(PS) =     169.400  TEMP(K) =   297.61  PRESS =   -64.7
 Etot   =     -7884.7487  EKtot   =      1815.0602  EPtot      =     -9699.8088
 BOND   =         2.9761  ANGLE   =        11.0113  DIHED      =         5.1003
 UB     =         0.0000  IMP     =         0.0000  CMAP       =        -0.2057
 1-4 NB =         4.6958  1-4 EEL =        47.8181  VDWAALS    =      1432.1888
 EELEC  =    -11203.3936  EHBOND  =         0.0000  RESTRAINT  =         0.0000
 EKCMT  =       902.7924  VIRIAL  =       946.1364  VOLUME     =     31025.7639
                                                    Density    =         0.9855
 ------------------------------------------------------------------------------

wrapping first mol.:       11.43261       16.16815       28.00405
wrapping first mol.:       11.43261       16.16815       28.00405

 NSTEP =    84800   TIME(PS) =     169.600  TEMP(K) =   302.11  PRESS =   248.5
 Etot   =     -7892.6555  EKtot   =      1842.4988  EPtot      =     -9735.1543
 BOND   =         5.4157  ANGLE   =         9.6940  DIHED      =         3.8362
 UB     =         0.0000  IMP     =         0.0000  CMAP       =        -0.0341
 1-4 NB =         3.9803  1-4 EEL =        45.7347  VDWAALS    =      1495.4777
 EELEC  =    -11299.2588  EHBOND  =         0.0000  RESTRAINT  =         0.0000
 EKCMT  =       924.8582  VIRIAL  =       758.1954  VOLUME     =     31057.6046
                                                    Density    =         0.9845
 ------------------------------------------------------------------------------

wrapping first mol.:       11.43226       16.16766       28.00320
wrapping first mol.:       11.43226       16.16766       28.00320

 NSTEP =    84900   TIME(PS) =     169.800  TEMP(K) =   302.16  PRESS =  -127.0
 Etot   =     -7895.2363  EKtot   =      1842.7933  EPtot      =     -9738.0296
 BOND   =         3.1193  ANGLE   =        14.0319  DIHED      =         3.2987
 UB     =         0.0000  IMP     =         0.0000  CMAP       =        -0.2951
 1-4 NB =         2.8404  1-4 EEL =        41.1601  VDWAALS    =      1421.8314
 EELEC  =    -11224.0163  EHBOND  =         0.0000  RESTRAINT  =         0.0000
 EKCMT  =       933.2481  VIRIAL  =      1018.3765  VOLUME     =     31055.8193
                                                    Density    =         0.9845
 ------------------------------------------------------------------------------

wrapping first mol.:       11.43295       16.16863       28.00488
wrapping first mol.:       11.43295       16.16863       28.00488

 NSTEP =    85000   TIME(PS) =     170.000  TEMP(K) =   301.42  PRESS =   208.6
 Etot   =     -7915.2841  EKtot   =      1838.2373  EPtot      =     -9753.5214
 BOND   =         2.0749  ANGLE   =         7.5291  DIHED      =         4.4339
 UB     =         0.0000  IMP     =         0.0000  CMAP       =        -0.1528
 1-4 NB =         5.8538  1-4 EEL =        45.5496  VDWAALS    =      1487.3982
 EELEC  =    -11306.2082  EHBOND  =         0.0000  RESTRAINT  =         0.0000
 EKCMT  =       906.5371  VIRIAL  =       766.6311  VOLUME     =     31060.4864
                                                    Density    =         0.9844
 ------------------------------------------------------------------------------

wrapping first mol.:       11.43624       16.17329       28.01296
wrapping first mol.:       11.43624       16.17329       28.01296

 NSTEP =    85100   TIME(PS) =     170.200  TEMP(K) =   300.93  PRESS =   207.0
 Etot   =     -7944.5652  EKtot   =      1835.2643  EPtot      =     -9779.8295
 BOND   =         2.1702  ANGLE   =         6.9133  DIHED      =         5.5014
 UB     =         0.0000  IMP     =         0.0000  CMAP       =         1.7438
 1-4 NB =         2.9628  1-4 EEL =        41.7304  VDWAALS    =      1488.0989
 EELEC  =    -11328.9503  EHBOND  =         0.0000  RESTRAINT  =         0.0000
 EKCMT  =       911.5032  VIRIAL  =       772.5406  VOLUME     =     31087.3546
                                                    Density    =         0.9835
 ------------------------------------------------------------------------------

wrapping first mol.:       11.43350       16.16941       28.00623
wrapping first mol.:       11.43350       16.16941       28.00623

 NSTEP =    85200   TIME(PS) =     170.400  TEMP(K) =   293.35  PRESS =  -289.5
 Etot   =     -7962.7627  EKtot   =      1789.0409  EPtot      =     -9751.8036
 BOND   =         2.8295  ANGLE   =         6.0408  DIHED      =         4.7841
 UB     =         0.0000  IMP     =         0.0000  CMAP       =         0.0863
 1-4 NB =         3.6543  1-4 EEL =        44.4603  VDWAALS    =      1415.5216
 EELEC  =    -11229.1805  EHBOND  =         0.0000  RESTRAINT  =         0.0000
 EKCMT  =       872.6381  VIRIAL  =      1066.8437  VOLUME     =     31066.3420
                                                    Density    =         0.9842
 ------------------------------------------------------------------------------

wrapping first mol.:       11.42566       16.15832       27.98703
wrapping first mol.:       11.42566       16.15832       27.98703

 NSTEP =    85300   TIME(PS) =     170.600  TEMP(K) =   286.42  PRESS =  -119.3
 Etot   =     -7969.8443  EKtot   =      1746.7877  EPtot      =     -9716.6321
 BOND   =         2.0244  ANGLE   =         7.6950  DIHED      =         4.3745
 UB     =         0.0000  IMP     =         0.0000  CMAP       =        -0.0837
 1-4 NB =         5.3756  1-4 EEL =        46.1851  VDWAALS    =      1434.6011
 EELEC  =    -11216.8041  EHBOND  =         0.0000  RESTRAINT  =         0.0000
 EKCMT  =       872.2889  VIRIAL  =       952.1372  VOLUME     =     31002.0097
                                                    Density    =         0.9862
 ------------------------------------------------------------------------------

wrapping first mol.:       11.42149       16.15243       27.97683
wrapping first mol.:       11.42149       16.15243       27.97683

 NSTEP =    85400   TIME(PS) =     170.800  TEMP(K) =   290.18  PRESS =   296.8
 Etot   =     -7962.6547  EKtot   =      1769.7332  EPtot      =     -9732.3878
 BOND   =         2.8348  ANGLE   =         5.5254  DIHED      =         7.3522
 UB     =         0.0000  IMP     =         0.0000  CMAP       =         0.0289
 1-4 NB =         4.4935  1-4 EEL =        45.3582  VDWAALS    =      1489.6429
 EELEC  =    -11287.6237  EHBOND  =         0.0000  RESTRAINT  =         0.0000
 EKCMT  =       880.6378  VIRIAL  =       682.1619  VOLUME     =     30966.9960
                                                    Density    =         0.9873
 ------------------------------------------------------------------------------

wrapping first mol.:       11.42249       16.15383       27.97926
wrapping first mol.:       11.42249       16.15383       27.97926

 NSTEP =    85500   TIME(PS) =     171.000  TEMP(K) =   291.40  PRESS =  -289.0
 Etot   =     -7997.6346  EKtot   =      1777.1666  EPtot      =     -9774.8013
 BOND   =         2.3873  ANGLE   =         6.2934  DIHED      =         5.4689
 UB     =         0.0000  IMP     =         0.0000  CMAP       =         0.3711
 1-4 NB =         3.9120  1-4 EEL =        45.5525  VDWAALS    =      1417.3880
 EELEC  =    -11256.1745  EHBOND  =         0.0000  RESTRAINT  =         0.0000
 EKCMT  =       879.4901  VIRIAL  =      1072.8086  VOLUME     =     30976.6818
                                                    Density    =         0.9870
 ------------------------------------------------------------------------------

wrapping first mol.:       11.42026       16.15069       27.97382
wrapping first mol.:       11.42026       16.15069       27.97382

 NSTEP =    85600   TIME(PS) =     171.200  TEMP(K) =   284.92  PRESS =    39.2
 Etot   =     -8028.9516  EKtot   =      1737.6571  EPtot      =     -9766.6087
 BOND   =         1.0774  ANGLE   =         7.7023  DIHED      =         3.4393
 UB     =         0.0000  IMP     =         0.0000  CMAP       =        -0.2866
 1-4 NB =         2.9930  1-4 EEL =        42.8300  VDWAALS    =      1465.4720
 EELEC  =    -11289.8362  EHBOND  =         0.0000  RESTRAINT  =         0.0000
 EKCMT  =       855.7478  VIRIAL  =       829.5658  VOLUME     =     30957.7047
                                                    Density    =         0.9876
 ------------------------------------------------------------------------------

wrapping first mol.:       11.42373       16.15559       27.98230
wrapping first mol.:       11.42373       16.15559       27.98230

 NSTEP =    85700   TIME(PS) =     171.400  TEMP(K) =   293.23  PRESS =   404.1
 Etot   =     -7961.3283  EKtot   =      1788.3074  EPtot      =     -9749.6357
 BOND   =         6.8399  ANGLE   =         7.3297  DIHED      =         3.3766
 UB     =         0.0000  IMP     =         0.0000  CMAP       =        -0.1570
 1-4 NB =         2.7796  1-4 EEL =        41.6218  VDWAALS    =      1508.3205
 EELEC  =    -11319.7468  EHBOND  =         0.0000  RESTRAINT  =         0.0000
 EKCMT  =       912.5855  VIRIAL  =       642.2339  VOLUME     =     30984.8534
                                                    Density    =         0.9868
 ------------------------------------------------------------------------------

wrapping first mol.:       11.42753       16.16097       27.99162
wrapping first mol.:       11.42753       16.16097       27.99162

 NSTEP =    85800   TIME(PS) =     171.600  TEMP(K) =   291.14  PRESS =   157.8
 Etot   =     -7935.0653  EKtot   =      1775.5514  EPtot      =     -9710.6167
 BOND   =         1.9809  ANGLE   =        11.3535  DIHED      =         5.5237
 UB     =         0.0000  IMP     =         0.0000  CMAP       =         0.1470
 1-4 NB =         2.1179  1-4 EEL =        42.0870  VDWAALS    =      1464.5321
 EELEC  =    -11238.3587  EHBOND  =         0.0000  RESTRAINT  =         0.0000
 EKCMT  =       888.4368  VIRIAL  =       782.7616  VOLUME     =     31016.4995
                                                    Density    =         0.9858
 ------------------------------------------------------------------------------

wrapping first mol.:       11.44116       16.18025       28.02501
wrapping first mol.:       11.44116       16.18025       28.02501

 NSTEP =    85900   TIME(PS) =     171.800  TEMP(K) =   298.67  PRESS =   354.5
 Etot   =     -7929.8746  EKtot   =      1821.5026  EPtot      =     -9751.3772
 BOND   =         1.7354  ANGLE   =         7.1811  DIHED      =         5.2577
 UB     =         0.0000  IMP     =         0.0000  CMAP       =        -0.2770
 1-4 NB =         4.2516  1-4 EEL =        44.1144  VDWAALS    =      1503.3855
 EELEC  =    -11317.0259  EHBOND  =         0.0000  RESTRAINT  =         0.0000
 EKCMT  =       937.9007  VIRIAL  =       699.6671  VOLUME     =     31127.0984
                                                    Density    =         0.9823
 ------------------------------------------------------------------------------

wrapping first mol.:       11.43426       16.17049       28.00811
wrapping first mol.:       11.43426       16.17049       28.00811

 NSTEP =    86000   TIME(PS) =     172.000  TEMP(K) =   286.55  PRESS =   -51.4
 Etot   =     -7907.8828  EKtot   =      1747.5690  EPtot      =     -9655.4518
 BOND   =         4.0899  ANGLE   =         5.3481  DIHED      =         5.2663
 UB     =         0.0000  IMP     =         0.0000  CMAP       =        -0.4393
 1-4 NB =         3.9903  1-4 EEL =        44.3361  VDWAALS    =      1427.1284
 EELEC  =    -11145.1716  EHBOND  =         0.0000  RESTRAINT  =         0.0000
 EKCMT  =       866.5236  VIRIAL  =       901.0178  VOLUME     =     31071.9385
                                                    Density    =         0.9840
 ------------------------------------------------------------------------------

wrapping first mol.:       11.42713       16.16040       27.99063
wrapping first mol.:       11.42713       16.16040       27.99063

 NSTEP =    86100   TIME(PS) =     172.200  TEMP(K) =   296.77  PRESS =  -184.6
 Etot   =     -7926.8631  EKtot   =      1809.8989  EPtot      =     -9736.7620
 BOND   =         1.8151  ANGLE   =         8.4908  DIHED      =         4.9187
 UB     =         0.0000  IMP     =         0.0000  CMAP       =        -0.1577
 1-4 NB =         3.6768  1-4 EEL =        42.9693  VDWAALS    =      1413.1433
 EELEC  =    -11211.6184  EHBOND  =         0.0000  RESTRAINT  =         0.0000
 EKCMT  =       899.8103  VIRIAL  =      1023.4061  VOLUME     =     31014.1642
                                                    Density    =         0.9858
 ------------------------------------------------------------------------------

wrapping first mol.:       11.43878       16.17688       28.01918
wrapping first mol.:       11.43878       16.17688       28.01918

 NSTEP =    86200   TIME(PS) =     172.400  TEMP(K) =   297.48  PRESS =   247.4
 Etot   =     -7941.2827  EKtot   =      1814.2507  EPtot      =     -9755.5334
 BOND   =         2.3381  ANGLE   =         7.7897  DIHED      =         4.5332
 UB     =         0.0000  IMP     =         0.0000  CMAP       =         0.4378
 1-4 NB =         3.2707  1-4 EEL =        44.3054  VDWAALS    =      1479.5250
 EELEC  =    -11297.7333  EHBOND  =         0.0000  RESTRAINT  =         0.0000
 EKCMT  =       916.1996  VIRIAL  =       750.0420  VOLUME     =     31107.9767
                                                    Density    =         0.9829
 ------------------------------------------------------------------------------

wrapping first mol.:       11.44188       16.18127       28.02677
wrapping first mol.:       11.44188       16.18127       28.02677

 NSTEP =    86300   TIME(PS) =     172.600  TEMP(K) =   302.12  PRESS =    31.7
 Etot   =     -7906.4415  EKtot   =      1842.5613  EPtot      =     -9749.0028
 BOND   =         4.4053  ANGLE   =         8.2093  DIHED      =         5.6741
 UB     =         0.0000  IMP     =         0.0000  CMAP       =         0.8626
 1-4 NB =         3.9271  1-4 EEL =        46.1430  VDWAALS    =      1458.6296
 EELEC  =    -11276.8537  EHBOND  =         0.0000  RESTRAINT  =         0.0000
 EKCMT  =       938.9930  VIRIAL  =       917.6638  VOLUME     =     31133.8623
                                                    Density    =         0.9821
 ------------------------------------------------------------------------------

wrapping first mol.:       11.44345       16.18348       28.03060
wrapping first mol.:       11.44345       16.18348       28.03060

 NSTEP =    86400   TIME(PS) =     172.800  TEMP(K) =   302.99  PRESS =  -366.3
 Etot   =     -7863.3540  EKtot   =      1847.8577  EPtot      =     -9711.2117
 BOND   =         4.3408  ANGLE   =         9.7267  DIHED      =         6.1090
 UB     =         0.0000  IMP     =         0.0000  CMAP       =        -0.3513
 1-4 NB =         3.1492  1-4 EEL =        44.9595  VDWAALS    =      1403.3998
 EELEC  =    -11182.5454  EHBOND  =         0.0000  RESTRAINT  =         0.0000
 EKCMT  =       883.2261  VIRIAL  =      1129.5669  VOLUME     =     31147.7375
                                                    Density    =         0.9816
 ------------------------------------------------------------------------------

wrapping first mol.:       11.43275       16.16835       28.00441
wrapping first mol.:       11.43275       16.16835       28.00441

 NSTEP =    86500   TIME(PS) =     173.000  TEMP(K) =   309.53  PRESS =    36.3
 Etot   =     -7870.7868  EKtot   =      1887.7107  EPtot      =     -9758.4975
 BOND   =         4.6853  ANGLE   =         6.8002  DIHED      =         4.2004
 UB     =         0.0000  IMP     =         0.0000  CMAP       =        -0.2873
 1-4 NB =         2.4926  1-4 EEL =        44.0458  VDWAALS    =      1448.7745
 EELEC  =    -11269.2089  EHBOND  =         0.0000  RESTRAINT  =         0.0000
 EKCMT  =       971.5364  VIRIAL  =       947.2170  VOLUME     =     31059.3863
                                                    Density    =         0.9844
 ------------------------------------------------------------------------------

wrapping first mol.:       11.43345       16.16934       28.00612
wrapping first mol.:       11.43345       16.16934       28.00612

 NSTEP =    86600   TIME(PS) =     173.200  TEMP(K) =   296.87  PRESS =   -91.4
 Etot   =     -7894.1906  EKtot   =      1810.4923  EPtot      =     -9704.6829
 BOND   =         3.8593  ANGLE   =        10.8545  DIHED      =         3.9166
 UB     =         0.0000  IMP     =         0.0000  CMAP       =         0.4579
 1-4 NB =         2.8775  1-4 EEL =        42.0127  VDWAALS    =      1419.5693
 EELEC  =    -11188.2307  EHBOND  =         0.0000  RESTRAINT  =         0.0000
 EKCMT  =       902.9357  VIRIAL  =       964.2275  VOLUME     =     31065.4141
                                                    Density    =         0.9842
 ------------------------------------------------------------------------------

wrapping first mol.:       11.42875       16.16270       27.99461
wrapping first mol.:       11.42875       16.16270       27.99461

 NSTEP =    86700   TIME(PS) =     173.400  TEMP(K) =   303.65  PRESS =  -141.3
 Etot   =     -7872.0141  EKtot   =      1851.8599  EPtot      =     -9723.8740
 BOND   =         4.3464  ANGLE   =         7.1695  DIHED      =         3.7967
 UB     =         0.0000  IMP     =         0.0000  CMAP       =         0.3702
 1-4 NB =         4.4859  1-4 EEL =        44.7769  VDWAALS    =      1420.0562
 EELEC  =    -11208.8757  EHBOND  =         0.0000  RESTRAINT  =         0.0000
 EKCMT  =       931.7617  VIRIAL  =      1026.4514  VOLUME     =     31027.2936
                                                    Density    =         0.9854
 ------------------------------------------------------------------------------

wrapping first mol.:       11.41752       16.14681       27.96709
wrapping first mol.:       11.41752       16.14681       27.96709

 NSTEP =    86800   TIME(PS) =     173.600  TEMP(K) =   294.49  PRESS =    38.1
 Etot   =     -7921.7026  EKtot   =      1796.0303  EPtot      =     -9717.7329
 BOND   =         1.2639  ANGLE   =         8.7372  DIHED      =         2.9986
 UB     =         0.0000  IMP     =         0.0000  CMAP       =         0.5968
 1-4 NB =         3.8071  1-4 EEL =        46.4659  VDWAALS    =      1450.3053
 EELEC  =    -11231.9075  EHBOND  =         0.0000  RESTRAINT  =         0.0000
 EKCMT  =       881.7338  VIRIAL  =       856.2656  VOLUME     =     30935.3778
                                                    Density    =         0.9884
 ------------------------------------------------------------------------------

wrapping first mol.:       11.42026       16.15068       27.97380
wrapping first mol.:       11.42026       16.15068       27.97380

 NSTEP =    86900   TIME(PS) =     173.800  TEMP(K) =   299.35  PRESS =   384.3
 Etot   =     -7890.8742  EKtot   =      1825.6204  EPtot      =     -9716.4946
 BOND   =         1.1015  ANGLE   =         7.6144  DIHED      =         3.5468
 UB     =         0.0000  IMP     =         0.0000  CMAP       =         0.3994
 1-4 NB =         2.4745  1-4 EEL =        47.2294  VDWAALS    =      1488.4693
 EELEC  =    -11267.3298  EHBOND  =         0.0000  RESTRAINT  =         0.0000
 EKCMT  =       904.6537  VIRIAL  =       647.7697  VOLUME     =     30956.6955
                                                    Density    =         0.9877
 ------------------------------------------------------------------------------

wrapping first mol.:       11.42533       16.15786       27.98623
wrapping first mol.:       11.42533       16.15786       27.98623

 NSTEP =    87000   TIME(PS) =     174.000  TEMP(K) =   299.93  PRESS =     8.2
 Etot   =     -7866.2624  EKtot   =      1829.1503  EPtot      =     -9695.4126
 BOND   =         1.5996  ANGLE   =         8.1320  DIHED      =         6.0905
 UB     =         0.0000  IMP     =         0.0000  CMAP       =         2.3107
 1-4 NB =         3.4794  1-4 EEL =        45.1648  VDWAALS    =      1422.5203
 EELEC  =    -11184.7100  EHBOND  =         0.0000  RESTRAINT  =         0.0000
 EKCMT  =       912.7837  VIRIAL  =       907.3207  VOLUME     =     30999.0271
                                                    Density    =         0.9863
 ------------------------------------------------------------------------------

wrapping first mol.:       11.43116       16.16610       28.00050
wrapping first mol.:       11.43116       16.16610       28.00050

 NSTEP =    87100   TIME(PS) =     174.200  TEMP(K) =   307.15  PRESS =   305.8
 Etot   =     -7883.1585  EKtot   =      1873.2183  EPtot      =     -9756.3767
 BOND   =         1.2853  ANGLE   =         8.3890  DIHED      =         4.5944
 UB     =         0.0000  IMP     =         0.0000  CMAP       =         0.1760
 1-4 NB =         3.3108  1-4 EEL =        46.8987  VDWAALS    =      1484.0340
 EELEC  =    -11305.0648  EHBOND  =         0.0000  RESTRAINT  =         0.0000
 EKCMT  =       917.9735  VIRIAL  =       713.0238  VOLUME     =     31045.6349
                                                    Density    =         0.9848
 ------------------------------------------------------------------------------

wrapping first mol.:       11.43410       16.17026       28.00771
wrapping first mol.:       11.43410       16.17026       28.00771

 NSTEP =    87200   TIME(PS) =     174.400  TEMP(K) =   299.55  PRESS =  -202.7
 Etot   =     -7892.5051  EKtot   =      1826.8564  EPtot      =     -9719.3616
 BOND   =         2.8331  ANGLE   =         7.9819  DIHED      =         5.0139
 UB     =         0.0000  IMP     =         0.0000  CMAP       =         0.2916
 1-4 NB =         3.1830  1-4 EEL =        46.1267  VDWAALS    =      1411.1508
 EELEC  =    -11195.9424  EHBOND  =         0.0000  RESTRAINT  =         0.0000
 EKCMT  =       912.1912  VIRIAL  =      1048.2008  VOLUME     =     31071.0252
                                                    Density    =         0.9840
 ------------------------------------------------------------------------------

wrapping first mol.:       11.43970       16.17818       28.02142
wrapping first mol.:       11.43970       16.17818       28.02142

 NSTEP =    87300   TIME(PS) =     174.600  TEMP(K) =   293.04  PRESS =   134.2
 Etot   =     -7856.5644  EKtot   =      1787.1425  EPtot      =     -9643.7068
 BOND   =         1.5483  ANGLE   =         6.7150  DIHED      =         4.9797
 UB     =         0.0000  IMP     =         0.0000  CMAP       =         0.4263
 1-4 NB =         3.0397  1-4 EEL =        46.8170  VDWAALS    =      1440.3722
 EELEC  =    -11147.6049  EHBOND  =         0.0000  RESTRAINT  =         0.0000
 EKCMT  =       898.2119  VIRIAL  =       808.0764  VOLUME     =     31115.7536
                                                    Density    =         0.9826
 ------------------------------------------------------------------------------

wrapping first mol.:       11.43739       16.17490       28.01575
wrapping first mol.:       11.43739       16.17490       28.01575

 NSTEP =    87400   TIME(PS) =     174.800  TEMP(K) =   307.18  PRESS =  -233.5
 Etot   =     -7848.3058  EKtot   =      1873.3666  EPtot      =     -9721.6723
 BOND   =         2.8143  ANGLE   =         5.6773  DIHED      =         4.7326
 UB     =         0.0000  IMP     =         0.0000  CMAP       =         0.8799
 1-4 NB =         3.4434  1-4 EEL =        47.6747  VDWAALS    =      1413.6518
 EELEC  =    -11200.5466  EHBOND  =         0.0000  RESTRAINT  =         0.0000
 EKCMT  =       915.9820  VIRIAL  =      1072.7622  VOLUME     =     31097.8959
                                                    Density    =         0.9832
 ------------------------------------------------------------------------------

wrapping first mol.:       11.44163       16.18091       28.02616
wrapping first mol.:       11.44163       16.18091       28.02616

 NSTEP =    87500   TIME(PS) =     175.000  TEMP(K) =   293.37  PRESS =   622.7
 Etot   =     -7884.8685  EKtot   =      1789.1774  EPtot      =     -9674.0458
 BOND   =         1.0780  ANGLE   =        10.6998  DIHED      =         4.3333
 UB     =         0.0000  IMP     =         0.0000  CMAP       =         0.5357
 1-4 NB =         3.2594  1-4 EEL =        46.5760  VDWAALS    =      1501.7480
 EELEC  =    -11242.2760  EHBOND  =         0.0000  RESTRAINT  =         0.0000
 EKCMT  =       897.7402  VIRIAL  =       479.2175  VOLUME     =     31130.1851
                                                    Density    =         0.9822
 ------------------------------------------------------------------------------

wrapping first mol.:       11.44686       16.18830       28.03895
wrapping first mol.:       11.44686       16.18830       28.03895

 NSTEP =    87600   TIME(PS) =     175.200  TEMP(K) =   302.40  PRESS =    36.5
 Etot   =     -7866.0975  EKtot   =      1844.2292  EPtot      =     -9710.3267
 BOND   =         1.4304  ANGLE   =         6.7081  DIHED      =         4.0795
 UB     =         0.0000  IMP     =         0.0000  CMAP       =         0.8534
 1-4 NB =         3.3974  1-4 EEL =        47.6950  VDWAALS    =      1452.9857
 EELEC  =    -11227.4763  EHBOND  =         0.0000  RESTRAINT  =         0.0000
 EKCMT  =       901.7862  VIRIAL  =       877.2134  VOLUME     =     31174.4668
                                                    Density    =         0.9808
 ------------------------------------------------------------------------------

wrapping first mol.:       11.45664       16.20214       28.06293
wrapping first mol.:       11.45664       16.20214       28.06293

 NSTEP =    87700   TIME(PS) =     175.400  TEMP(K) =   301.76  PRESS =   574.1
 Etot   =     -7823.7076  EKtot   =      1840.3641  EPtot      =     -9664.0717
 BOND   =         0.7524  ANGLE   =         7.8320  DIHED      =         4.2038
 UB     =         0.0000  IMP     =         0.0000  CMAP       =         0.7097
 1-4 NB =         3.4127  1-4 EEL =        48.0224  VDWAALS    =      1498.0018
 EELEC  =    -11227.0065  EHBOND  =         0.0000  RESTRAINT  =         0.0000
 EKCMT  =       926.4034  VIRIAL  =       538.9893  VOLUME     =     31252.9899
                                                    Density    =         0.9783
 ------------------------------------------------------------------------------

wrapping first mol.:       11.46232       16.21017       28.07684
wrapping first mol.:       11.46232       16.21017       28.07684

 NSTEP =    87800   TIME(PS) =     175.600  TEMP(K) =   306.94  PRESS =   115.5
 Etot   =     -7816.7088  EKtot   =      1871.9193  EPtot      =     -9688.6282
 BOND   =         3.0374  ANGLE   =         7.4059  DIHED      =         4.5837
 UB     =         0.0000  IMP     =         0.0000  CMAP       =         1.0069
 1-4 NB =         3.4732  1-4 EEL =        48.9839  VDWAALS    =      1447.2978
 EELEC  =    -11204.4169  EHBOND  =         0.0000  RESTRAINT  =         0.0000
 EKCMT  =       945.1703  VIRIAL  =       867.1461  VOLUME     =     31300.7791
                                                    Density    =         0.9768
 ------------------------------------------------------------------------------

wrapping first mol.:       11.46497       16.21392       28.08333
wrapping first mol.:       11.46497       16.21392       28.08333

 NSTEP =    87900   TIME(PS) =     175.800  TEMP(K) =   300.51  PRESS =    91.9
 Etot   =     -7843.7617  EKtot   =      1832.7368  EPtot      =     -9676.4985
 BOND   =         1.7974  ANGLE   =        10.5543  DIHED      =         6.0784
 UB     =         0.0000  IMP     =         0.0000  CMAP       =         0.8328
 1-4 NB =         3.3693  1-4 EEL =        46.3794  VDWAALS    =      1444.3309
 EELEC  =    -11189.8412  EHBOND  =         0.0000  RESTRAINT  =         0.0000
 EKCMT  =       912.7236  VIRIAL  =       850.5581  VOLUME     =     31322.5469
                                                    Density    =         0.9761
 ------------------------------------------------------------------------------

wrapping first mol.:       11.46400       16.21255       28.08095
wrapping first mol.:       11.46400       16.21255       28.08095

 NSTEP =    88000   TIME(PS) =     176.000  TEMP(K) =   304.01  PRESS =   -18.7
 Etot   =     -7813.8339  EKtot   =      1854.0797  EPtot      =     -9667.9136
 BOND   =         2.3307  ANGLE   =         7.9173  DIHED      =         6.7827
 UB     =         0.0000  IMP     =         0.0000  CMAP       =         0.3391
 1-4 NB =         3.2405  1-4 EEL =        45.1579  VDWAALS    =      1423.4721
 EELEC  =    -11157.1539  EHBOND  =         0.0000  RESTRAINT  =         0.0000
 EKCMT  =       892.0192  VIRIAL  =       904.6406  VOLUME     =     31314.9045
                                                    Density    =         0.9764
 ------------------------------------------------------------------------------

wrapping first mol.:       11.45363       16.19787       28.05554
wrapping first mol.:       11.45363       16.19787       28.05554

 NSTEP =    88100   TIME(PS) =     176.200  TEMP(K) =   306.00  PRESS =  -513.2
 Etot   =     -7787.6849  EKtot   =      1866.1851  EPtot      =     -9653.8699
 BOND   =         3.0646  ANGLE   =         9.9107  DIHED      =         4.1977
 UB     =         0.0000  IMP     =         0.0000  CMAP       =         2.1985
 1-4 NB =         3.1532  1-4 EEL =        44.3340  VDWAALS    =      1348.6095
 EELEC  =    -11069.3382  EHBOND  =         0.0000  RESTRAINT  =         0.0000
 EKCMT  =       934.6542  VIRIAL  =      1280.6878  VOLUME     =     31231.3468
                                                    Density    =         0.9790
 ------------------------------------------------------------------------------

wrapping first mol.:       11.46380       16.21227       28.08046
wrapping first mol.:       11.46380       16.21227       28.08046

 NSTEP =    88200   TIME(PS) =     176.400  TEMP(K) =   310.72  PRESS =   146.3
 Etot   =     -7791.6796  EKtot   =      1895.0062  EPtot      =     -9686.6858
 BOND   =         2.4684  ANGLE   =         6.6958  DIHED      =         4.3204
 UB     =         0.0000  IMP     =         0.0000  CMAP       =         0.4153
 1-4 NB =         3.0951  1-4 EEL =        41.8832  VDWAALS    =      1436.5134
 EELEC  =    -11182.0774  EHBOND  =         0.0000  RESTRAINT  =         0.0000
 EKCMT  =       948.3135  VIRIAL  =       849.4178  VOLUME     =     31312.8214
                                                    Density    =         0.9764
 ------------------------------------------------------------------------------

wrapping first mol.:       11.46276       16.21079       28.07791
wrapping first mol.:       11.46276       16.21079       28.07791

 NSTEP =    88300   TIME(PS) =     176.600  TEMP(K) =   305.46  PRESS =   -29.4
 Etot   =     -7763.6201  EKtot   =      1862.9233  EPtot      =     -9626.5435
 BOND   =         1.6077  ANGLE   =         5.9490  DIHED      =         3.6304
 UB     =         0.0000  IMP     =         0.0000  CMAP       =         1.2769
 1-4 NB =         3.6931  1-4 EEL =        48.8047  VDWAALS    =      1404.5379
 EELEC  =    -11096.0432  EHBOND  =         0.0000  RESTRAINT  =         0.0000
 EKCMT  =       928.7088  VIRIAL  =       948.5676  VOLUME     =     31304.7580
                                                    Density    =         0.9767
 ------------------------------------------------------------------------------

wrapping first mol.:       11.46634       16.21585       28.08668
wrapping first mol.:       11.46634       16.21585       28.08668

 NSTEP =    88400   TIME(PS) =     176.800  TEMP(K) =   304.78  PRESS =   220.9
 Etot   =     -7760.8025  EKtot   =      1858.7656  EPtot      =     -9619.5682
 BOND   =         2.6919  ANGLE   =         6.6321  DIHED      =         4.9440
 UB     =         0.0000  IMP     =         0.0000  CMAP       =         0.2660
 1-4 NB =         3.5601  1-4 EEL =        45.7604  VDWAALS    =      1436.6405
 EELEC  =    -11120.0630  EHBOND  =         0.0000  RESTRAINT  =         0.0000
 EKCMT  =       920.0575  VIRIAL  =       770.5811  VOLUME     =     31333.3965
                                                    Density    =         0.9758
 ------------------------------------------------------------------------------

wrapping first mol.:       11.47160       16.22329       28.09956
wrapping first mol.:       11.47160       16.22329       28.09956

 NSTEP =    88500   TIME(PS) =     177.000  TEMP(K) =   296.23  PRESS =  -254.3
 Etot   =     -7843.2167  EKtot   =      1806.6370  EPtot      =     -9649.8537
 BOND   =         1.1599  ANGLE   =         8.6590  DIHED      =         4.0383
 UB     =         0.0000  IMP     =         0.0000  CMAP       =         0.3191
 1-4 NB =         2.6516  1-4 EEL =        44.0270  VDWAALS    =      1391.0960
 EELEC  =    -11101.8048  EHBOND  =         0.0000  RESTRAINT  =         0.0000
 EKCMT  =       888.6866  VIRIAL  =      1060.9799  VOLUME     =     31377.8648
                                                    Density    =         0.9744
 ------------------------------------------------------------------------------

wrapping first mol.:       11.46651       16.21609       28.08709
wrapping first mol.:       11.46651       16.21609       28.08709

 NSTEP =    88600   TIME(PS) =     177.200  TEMP(K) =   302.30  PRESS =  -373.0
 Etot   =     -7839.1885  EKtot   =      1843.6453  EPtot      =     -9682.8337
 BOND   =         1.3132  ANGLE   =         4.6490  DIHED      =         3.7463
 UB     =         0.0000  IMP     =         0.0000  CMAP       =         0.0408
 1-4 NB =         3.7295  1-4 EEL =        46.0279  VDWAALS    =      1384.2679
 EELEC  =    -11126.6084  EHBOND  =         0.0000  RESTRAINT  =         0.0000
 EKCMT  =       889.3781  VIRIAL  =      1141.7435  VOLUME     =     31336.4445
                                                    Density    =         0.9757
 ------------------------------------------------------------------------------

wrapping first mol.:       11.46061       16.20774       28.07263
wrapping first mol.:       11.46061       16.20774       28.07263

 NSTEP =    88700   TIME(PS) =     177.400  TEMP(K) =   297.47  PRESS =   220.2
 Etot   =     -7835.4160  EKtot   =      1814.1610  EPtot      =     -9649.5770
 BOND   =         2.0003  ANGLE   =        11.3173  DIHED      =         2.7255
 UB     =         0.0000  IMP     =         0.0000  CMAP       =        -0.0683
 1-4 NB =         2.9857  1-4 EEL =        45.9402  VDWAALS    =      1457.2841
 EELEC  =    -11171.7619  EHBOND  =         0.0000  RESTRAINT  =         0.0000
 EKCMT  =       881.5026  VIRIAL  =       732.7323  VOLUME     =     31286.4180
                                                    Density    =         0.9773
 ------------------------------------------------------------------------------

wrapping first mol.:       11.47225       16.22421       28.10115
wrapping first mol.:       11.47225       16.22421       28.10115

 NSTEP =    88800   TIME(PS) =     177.600  TEMP(K) =   303.37  PRESS =   225.2
 Etot   =     -7871.3933  EKtot   =      1850.1301  EPtot      =     -9721.5235
 BOND   =         1.8016  ANGLE   =         8.0766  DIHED      =         4.4192
 UB     =         0.0000  IMP     =         0.0000  CMAP       =         0.4325
 1-4 NB =         2.5328  1-4 EEL =        44.6583  VDWAALS    =      1483.3531
 EELEC  =    -11266.7976  EHBOND  =         0.0000  RESTRAINT  =         0.0000
 EKCMT  =       912.8534  VIRIAL  =       760.2483  VOLUME     =     31381.8466
                                                    Density    =         0.9743
 ------------------------------------------------------------------------------

wrapping first mol.:       11.47726       16.23129       28.11342
wrapping first mol.:       11.47726       16.23129       28.11342

 NSTEP =    88900   TIME(PS) =     177.800  TEMP(K) =   299.86  PRESS =   -80.7
 Etot   =     -7828.4101  EKtot   =      1828.7312  EPtot      =     -9657.1413
 BOND   =         2.6540  ANGLE   =         9.4897  DIHED      =         4.1449
 UB     =         0.0000  IMP     =         0.0000  CMAP       =         0.9766
 1-4 NB =         2.0642  1-4 EEL =        43.1890  VDWAALS    =      1412.5674
 EELEC  =    -11132.2271  EHBOND  =         0.0000  RESTRAINT  =         0.0000
 EKCMT  =       914.9649  VIRIAL  =       969.7006  VOLUME     =     31423.8183
                                                    Density    =         0.9730
 ------------------------------------------------------------------------------

wrapping first mol.:       11.48411       16.24098       28.13020
wrapping first mol.:       11.48411       16.24098       28.13020

 NSTEP =    89000   TIME(PS) =     178.000  TEMP(K) =   303.18  PRESS =   820.4
 Etot   =     -7815.7793  EKtot   =      1849.0033  EPtot      =     -9664.7826
 BOND   =         1.0505  ANGLE   =         8.1378  DIHED      =         3.6446
 UB     =         0.0000  IMP     =         0.0000  CMAP       =         0.8083
 1-4 NB =         3.1877  1-4 EEL =        45.1596  VDWAALS    =      1536.6680
 EELEC  =    -11263.4391  EHBOND  =         0.0000  RESTRAINT  =         0.0000
 EKCMT  =       949.5370  VIRIAL  =       391.9786  VOLUME     =     31477.5895
                                                    Density    =         0.9713
 ------------------------------------------------------------------------------

wrapping first mol.:       11.48948       16.24858       28.14337
wrapping first mol.:       11.48948       16.24858       28.14337

 NSTEP =    89100   TIME(PS) =     178.200  TEMP(K) =   301.70  PRESS =  -249.4
 Etot   =     -7872.2375  EKtot   =      1839.9883  EPtot      =     -9712.2258
 BOND   =         0.7966  ANGLE   =        12.2349  DIHED      =         5.1296
 UB     =         0.0000  IMP     =         0.0000  CMAP       =        -0.0861
 1-4 NB =         3.0978  1-4 EEL =        47.4508  VDWAALS    =      1410.8656
 EELEC  =    -11191.7150  EHBOND  =         0.0000  RESTRAINT  =         0.0000
 EKCMT  =       909.7756  VIRIAL  =      1079.5233  VOLUME     =     31524.8397
                                                    Density    =         0.9699
 ------------------------------------------------------------------------------

wrapping first mol.:       11.48358       16.24024       28.12891
wrapping first mol.:       11.48358       16.24024       28.12891

 NSTEP =    89200   TIME(PS) =     178.400  TEMP(K) =   299.00  PRESS =    69.5
 Etot   =     -7854.0493  EKtot   =      1823.5135  EPtot      =     -9677.5629
 BOND   =         3.1445  ANGLE   =        11.4607  DIHED      =         4.1628
 UB     =         0.0000  IMP     =         0.0000  CMAP       =         0.2833
 1-4 NB =         3.1903  1-4 EEL =        42.2256  VDWAALS    =      1457.9166
 EELEC  =    -11199.9466  EHBOND  =         0.0000  RESTRAINT  =         0.0000
 EKCMT  =       900.5913  VIRIAL  =       853.3493  VOLUME     =     31475.3888
                                                    Density    =         0.9714
 ------------------------------------------------------------------------------

wrapping first mol.:       11.47235       16.22435       28.10140
wrapping first mol.:       11.47235       16.22435       28.10140

 NSTEP =    89300   TIME(PS) =     178.600  TEMP(K) =   297.71  PRESS =  -191.5
 Etot   =     -7820.2464  EKtot   =      1815.6191  EPtot      =     -9635.8655
 BOND   =         2.8143  ANGLE   =         9.2839  DIHED      =         8.2961
 UB     =         0.0000  IMP     =         0.0000  CMAP       =         1.7845
 1-4 NB =         3.7492  1-4 EEL =        45.8615  VDWAALS    =      1409.1791
 EELEC  =    -11116.8342  EHBOND  =         0.0000  RESTRAINT  =         0.0000
 EKCMT  =       878.8510  VIRIAL  =      1008.6008  VOLUME     =     31383.8614
                                                    Density    =         0.9742
 ------------------------------------------------------------------------------

wrapping first mol.:       11.47066       16.22196       28.09725
wrapping first mol.:       11.47066       16.22196       28.09725

 NSTEP =    89400   TIME(PS) =     178.800  TEMP(K) =   304.57  PRESS =   530.8
 Etot   =     -7808.8619  EKtot   =      1857.4637  EPtot      =     -9666.3256
 BOND   =         2.4396  ANGLE   =        11.3930  DIHED      =         6.1289
 UB     =         0.0000  IMP     =         0.0000  CMAP       =        -0.1342
 1-4 NB =         3.1945  1-4 EEL =        44.9237  VDWAALS    =      1500.9877
 EELEC  =    -11235.2589  EHBOND  =         0.0000  RESTRAINT  =         0.0000
 EKCMT  =       914.3486  VIRIAL  =       554.8835  VOLUME     =     31367.9368
                                                    Density    =         0.9747
 ------------------------------------------------------------------------------

wrapping first mol.:       11.47456       16.22748       28.10682
wrapping first mol.:       11.47456       16.22748       28.10682

 NSTEP =    89500   TIME(PS) =     179.000  TEMP(K) =   303.20  PRESS =   795.3
 Etot   =     -7796.8484  EKtot   =      1849.0991  EPtot      =     -9645.9475
 BOND   =         1.5602  ANGLE   =         7.1207  DIHED      =         3.1116
 UB     =         0.0000  IMP     =         0.0000  CMAP       =        -0.1885
 1-4 NB =         5.3995  1-4 EEL =        48.0011  VDWAALS    =      1541.2059
 EELEC  =    -11252.1580  EHBOND  =         0.0000  RESTRAINT  =         0.0000
 EKCMT  =       922.4391  VIRIAL  =       383.2496  VOLUME     =     31399.2581
                                                    Density    =         0.9737
 ------------------------------------------------------------------------------

wrapping first mol.:       11.47240       16.22443       28.10153
wrapping first mol.:       11.47240       16.22443       28.10153

 NSTEP =    89600   TIME(PS) =     179.200  TEMP(K) =   304.06  PRESS =  -553.9
 Etot   =     -7851.7347  EKtot   =      1854.3967  EPtot      =     -9706.1314
 BOND   =         3.0812  ANGLE   =         4.7014  DIHED      =         3.5819
 UB     =         0.0000  IMP     =         0.0000  CMAP       =         0.5359
 1-4 NB =         2.8434  1-4 EEL =        48.2006  VDWAALS    =      1381.5331
 EELEC  =    -11150.6089  EHBOND  =         0.0000  RESTRAINT  =         0.0000
 EKCMT  =       890.2062  VIRIAL  =      1265.5426  VOLUME     =     31385.3199
                                                    Density    =         0.9742
 ------------------------------------------------------------------------------

wrapping first mol.:       11.46090       16.20816       28.07336
wrapping first mol.:       11.46090       16.20816       28.07336

 NSTEP =    89700   TIME(PS) =     179.400  TEMP(K) =   301.19  PRESS =  -124.0
 Etot   =     -7865.4545  EKtot   =      1836.8705  EPtot      =     -9702.3250
 BOND   =         3.8175  ANGLE   =         6.6726  DIHED      =         5.8983
 UB     =         0.0000  IMP     =         0.0000  CMAP       =        -0.0345
 1-4 NB =         2.7996  1-4 EEL =        45.2825  VDWAALS    =      1422.3320
 EELEC  =    -11189.0930  EHBOND  =         0.0000  RESTRAINT  =         0.0000
 EKCMT  =       917.2535  VIRIAL  =      1001.0343  VOLUME     =     31289.8203
                                                    Density    =         0.9772
 ------------------------------------------------------------------------------

wrapping first mol.:       11.45814       16.20426       28.06660
wrapping first mol.:       11.45814       16.20426       28.06660

 NSTEP =    89800   TIME(PS) =     179.600  TEMP(K) =   291.87  PRESS =    23.3
 Etot   =     -7874.1755  EKtot   =      1780.0117  EPtot      =     -9654.1872
 BOND   =         2.0799  ANGLE   =         6.1443  DIHED      =         3.1652
 UB     =         0.0000  IMP     =         0.0000  CMAP       =         0.7476
 1-4 NB =         3.0796  1-4 EEL =        46.4788  VDWAALS    =      1423.9978
 EELEC  =    -11139.8804  EHBOND  =         0.0000  RESTRAINT  =         0.0000
 EKCMT  =       879.1175  VIRIAL  =       863.3543  VOLUME     =     31266.7949
                                                    Density    =         0.9779
 ------------------------------------------------------------------------------

wrapping first mol.:       11.45212       16.19574       28.05184
wrapping first mol.:       11.45212       16.19574       28.05184

 NSTEP =    89900   TIME(PS) =     179.800  TEMP(K) =   295.47  PRESS =    -8.2
 Etot   =     -7847.3154  EKtot   =      1801.9668  EPtot      =     -9649.2822
 BOND   =         4.1907  ANGLE   =         7.7238  DIHED      =         5.5559
 UB     =         0.0000  IMP     =         0.0000  CMAP       =         0.0472
 1-4 NB =         3.6161  1-4 EEL =        44.9996  VDWAALS    =      1422.4831
 EELEC  =    -11137.8987  EHBOND  =         0.0000  RESTRAINT  =         0.0000
 EKCMT  =       908.8119  VIRIAL  =       914.3439  VOLUME     =     31217.5785
                                                    Density    =         0.9794
 ------------------------------------------------------------------------------

wrapping first mol.:       11.45736       16.20316       28.06469
wrapping first mol.:       11.45736       16.20316       28.06469

 NSTEP =    90000   TIME(PS) =     180.000  TEMP(K) =   302.54  PRESS =    70.7
 Etot   =     -7845.8701  EKtot   =      1845.0941  EPtot      =     -9690.9642
 BOND   =         4.9805  ANGLE   =         5.0254  DIHED      =         4.4268
 UB     =         0.0000  IMP     =         0.0000  CMAP       =         0.0630
 1-4 NB =         4.2454  1-4 EEL =        46.3680  VDWAALS    =      1458.3077
 EELEC  =    -11214.3811  EHBOND  =         0.0000  RESTRAINT  =         0.0000
 EKCMT  =       911.6070  VIRIAL  =       863.8984  VOLUME     =     31260.2840
                                                    Density    =         0.9781
 ------------------------------------------------------------------------------

wrapping first mol.:       11.46310       16.21127       28.07874
wrapping first mol.:       11.46310       16.21127       28.07874

 NSTEP =    90100   TIME(PS) =     180.200  TEMP(K) =   300.49  PRESS =   151.0
 Etot   =     -7845.0118  EKtot   =      1832.5894  EPtot      =     -9677.6012
 BOND   =         4.5130  ANGLE   =        15.5931  DIHED      =         5.0106
 UB     =         0.0000  IMP     =         0.0000  CMAP       =         0.6332
 1-4 NB =         2.1253  1-4 EEL =        42.9116  VDWAALS    =      1465.1390
 EELEC  =    -11213.5270  EHBOND  =         0.0000  RESTRAINT  =         0.0000
 EKCMT  =       909.8735  VIRIAL  =       807.8330  VOLUME     =     31307.0282
                                                    Density    =         0.9766
 ------------------------------------------------------------------------------

wrapping first mol.:       11.46527       16.21434       28.08406
wrapping first mol.:       11.46527       16.21434       28.08406

 NSTEP =    90200   TIME(PS) =     180.400  TEMP(K) =   304.91  PRESS =    20.0
 Etot   =     -7797.2603  EKtot   =      1859.5280  EPtot      =     -9656.7883
 BOND   =         2.9917  ANGLE   =        11.5898  DIHED      =         3.2892
 UB     =         0.0000  IMP     =         0.0000  CMAP       =         0.5393
 1-4 NB =         3.3866  1-4 EEL =        46.2529  VDWAALS    =      1434.4384
 EELEC  =    -11159.2762  EHBOND  =         0.0000  RESTRAINT  =         0.0000
 EKCMT  =       941.2680  VIRIAL  =       927.7337  VOLUME     =     31325.1868
                                                    Density    =         0.9761
 ------------------------------------------------------------------------------

wrapping first mol.:       11.47158       16.22326       28.09951
wrapping first mol.:       11.47158       16.22326       28.09951

 NSTEP =    90300   TIME(PS) =     180.600  TEMP(K) =   301.35  PRESS =   231.5
 Etot   =     -7752.3103  EKtot   =      1837.8500  EPtot      =     -9590.1603
 BOND   =         4.1428  ANGLE   =        11.4424  DIHED      =         3.4072
 UB     =         0.0000  IMP     =         0.0000  CMAP       =         0.9995
 1-4 NB =         4.2394  1-4 EEL =        48.2902  VDWAALS    =      1435.1152
 EELEC  =    -11097.7971  EHBOND  =         0.0000  RESTRAINT  =         0.0000
 EKCMT  =       920.5471  VIRIAL  =       763.7013  VOLUME     =     31376.3288
                                                    Density    =         0.9745
 ------------------------------------------------------------------------------

wrapping first mol.:       11.46765       16.21770       28.08988
wrapping first mol.:       11.46765       16.21770       28.08988

 NSTEP =    90400   TIME(PS) =     180.800  TEMP(K) =   303.81  PRESS =  -142.4
 Etot   =     -7727.6847  EKtot   =      1852.8235  EPtot      =     -9580.5082
 BOND   =         3.5494  ANGLE   =        12.6000  DIHED      =         3.7354
 UB     =         0.0000  IMP     =         0.0000  CMAP       =         0.0186
 1-4 NB =         3.4999  1-4 EEL =        45.1102  VDWAALS    =      1379.7003
 EELEC  =    -11028.7220  EHBOND  =         0.0000  RESTRAINT  =         0.0000
 EKCMT  =       917.1486  VIRIAL  =      1013.5084  VOLUME     =     31345.1515
                                                    Density    =         0.9754
 ------------------------------------------------------------------------------

wrapping first mol.:       11.46412       16.21272       28.08125
wrapping first mol.:       11.46412       16.21272       28.08125

 NSTEP =    90500   TIME(PS) =     181.000  TEMP(K) =   306.75  PRESS =   117.4
 Etot   =     -7759.0864  EKtot   =      1870.7610  EPtot      =     -9629.8474
 BOND   =         5.0224  ANGLE   =        12.7402  DIHED      =         6.0724
 UB     =         0.0000  IMP     =         0.0000  CMAP       =        -0.1604
 1-4 NB =         3.2111  1-4 EEL =        44.4105  VDWAALS    =      1419.9793
 EELEC  =    -11121.1230  EHBOND  =         0.0000  RESTRAINT  =         0.0000
 EKCMT  =       960.0171  VIRIAL  =       880.6255  VOLUME     =     31315.5313
                                                    Density    =         0.9764
 ------------------------------------------------------------------------------

wrapping first mol.:       11.46222       16.21002       28.07658
wrapping first mol.:       11.46222       16.21002       28.07658

 NSTEP =    90600   TIME(PS) =     181.200  TEMP(K) =   310.26  PRESS =  -318.6
 Etot   =     -7760.5413  EKtot   =      1892.1982  EPtot      =     -9652.7395
 BOND   =         1.6849  ANGLE   =        10.7841  DIHED      =         3.3609
 UB     =         0.0000  IMP     =         0.0000  CMAP       =         0.6693
 1-4 NB =         3.1349  1-4 EEL =        44.6759  VDWAALS    =      1371.5507
 EELEC  =    -11088.6002  EHBOND  =         0.0000  RESTRAINT  =         0.0000
 EKCMT  =       951.7677  VIRIAL  =      1167.0870  VOLUME     =     31301.1304
                                                    Density    =         0.9768
 ------------------------------------------------------------------------------

wrapping first mol.:       11.47119       16.22271       28.09856
wrapping first mol.:       11.47119       16.22271       28.09856

 NSTEP =    90700   TIME(PS) =     181.400  TEMP(K) =   307.37  PRESS =   649.5
 Etot   =     -7770.7927  EKtot   =      1874.5344  EPtot      =     -9645.3271
 BOND   =         3.3726  ANGLE   =        11.5340  DIHED      =         4.7928
 UB     =         0.0000  IMP     =         0.0000  CMAP       =         1.7704
 1-4 NB =         3.6058  1-4 EEL =        44.5191  VDWAALS    =      1513.6814
 EELEC  =    -11228.6032  EHBOND  =         0.0000  RESTRAINT  =         0.0000
 EKCMT  =       914.1032  VIRIAL  =       474.1573  VOLUME     =     31371.9918
                                                    Density    =         0.9746
 ------------------------------------------------------------------------------

wrapping first mol.:       11.46958       16.22043       28.09461
wrapping first mol.:       11.46958       16.22043       28.09461

 NSTEP =    90800   TIME(PS) =     181.600  TEMP(K) =   310.47  PRESS =  -608.9
 Etot   =     -7782.9860  EKtot   =      1893.4534  EPtot      =     -9676.4393
 BOND   =         4.1585  ANGLE   =         7.0429  DIHED      =         4.0974
 UB     =         0.0000  IMP     =         0.0000  CMAP       =         1.2653
 1-4 NB =         4.1530  1-4 EEL =        45.4500  VDWAALS    =      1355.6559
 EELEC  =    -11098.2622  EHBOND  =         0.0000  RESTRAINT  =         0.0000
 EKCMT  =       930.4266  VIRIAL  =      1342.7528  VOLUME     =     31362.2816
                                                    Density    =         0.9749
 ------------------------------------------------------------------------------

wrapping first mol.:       11.46304       16.21119       28.07860
wrapping first mol.:       11.46304       16.21119       28.07860

 NSTEP =    90900   TIME(PS) =     181.800  TEMP(K) =   308.49  PRESS =    91.5
 Etot   =     -7778.8767  EKtot   =      1881.3569  EPtot      =     -9660.2336
 BOND   =         7.2012  ANGLE   =         7.5607  DIHED      =         4.6055
 UB     =         0.0000  IMP     =         0.0000  CMAP       =         1.0130
 1-4 NB =         2.3273  1-4 EEL =        42.6112  VDWAALS    =      1443.0987
 EELEC  =    -11168.6512  EHBOND  =         0.0000  RESTRAINT  =         0.0000
 EKCMT  =       953.6486  VIRIAL  =       891.8268  VOLUME     =     31306.7273
                                                    Density    =         0.9766
 ------------------------------------------------------------------------------

wrapping first mol.:       11.45131       16.19459       28.04986
wrapping first mol.:       11.45131       16.19459       28.04986

 NSTEP =    91000   TIME(PS) =     182.000  TEMP(K) =   302.36  PRESS =  -202.2
 Etot   =     -7850.8114  EKtot   =      1843.9999  EPtot      =     -9694.8113
 BOND   =         6.0928  ANGLE   =        11.0638  DIHED      =         4.0674
 UB     =         0.0000  IMP     =         0.0000  CMAP       =         0.0956
 1-4 NB =         3.7521  1-4 EEL =        44.1546  VDWAALS    =      1415.3059
 EELEC  =    -11179.3435  EHBOND  =         0.0000  RESTRAINT  =         0.0000
 EKCMT  =       914.0620  VIRIAL  =      1050.3431  VOLUME     =     31211.5091
                                                    Density    =         0.9796
 ------------------------------------------------------------------------------

wrapping first mol.:       11.45216       16.19580       28.05194
wrapping first mol.:       11.45216       16.19580       28.05194

 NSTEP =    91100   TIME(PS) =     182.200  TEMP(K) =   294.22  PRESS =   -43.8
 Etot   =     -7843.7567  EKtot   =      1794.3501  EPtot      =     -9638.1068
 BOND   =         5.1183  ANGLE   =         6.9498  DIHED      =         4.4298
 UB     =         0.0000  IMP     =         0.0000  CMAP       =         1.1023
 1-4 NB =         2.0697  1-4 EEL =        45.8004  VDWAALS    =      1416.4361
 EELEC  =    -11120.0131  EHBOND  =         0.0000  RESTRAINT  =         0.0000
 EKCMT  =       890.0489  VIRIAL  =       919.5593  VOLUME     =     31218.0341
                                                    Density    =         0.9794
 ------------------------------------------------------------------------------

wrapping first mol.:       11.45687       16.20246       28.06348
wrapping first mol.:       11.45687       16.20246       28.06348

 NSTEP =    91200   TIME(PS) =     182.400  TEMP(K) =   301.16  PRESS =   520.8
 Etot   =     -7855.1052  EKtot   =      1836.6565  EPtot      =     -9691.7617
 BOND   =         3.0743  ANGLE   =        10.2814  DIHED      =         4.6039
 UB     =         0.0000  IMP     =         0.0000  CMAP       =         0.0743
 1-4 NB =         4.6949  1-4 EEL =        46.5471  VDWAALS    =      1524.3910
 EELEC  =    -11285.4285  EHBOND  =         0.0000  RESTRAINT  =         0.0000
 EKCMT  =       947.5883  VIRIAL  =       596.1470  VOLUME     =     31255.0001
                                                    Density    =         0.9782
 ------------------------------------------------------------------------------

wrapping first mol.:       11.45043       16.19336       28.04771
wrapping first mol.:       11.45043       16.19336       28.04771

 NSTEP =    91300   TIME(PS) =     182.600  TEMP(K) =   301.35  PRESS =  -539.6
 Etot   =     -7832.2622  EKtot   =      1837.8647  EPtot      =     -9670.1270
 BOND   =         5.3244  ANGLE   =         6.5605  DIHED      =         4.9197
 UB     =         0.0000  IMP     =         0.0000  CMAP       =         1.1029
 1-4 NB =         3.8541  1-4 EEL =        45.4883  VDWAALS    =      1370.7667
 EELEC  =    -11108.1437  EHBOND  =         0.0000  RESTRAINT  =         0.0000
 EKCMT  =       905.3221  VIRIAL  =      1268.8881  VOLUME     =     31205.2939
                                                    Density    =         0.9798
 ------------------------------------------------------------------------------

wrapping first mol.:       11.44190       16.18129       28.02682
wrapping first mol.:       11.44190       16.18129       28.02682

 NSTEP =    91400   TIME(PS) =     182.800  TEMP(K) =   301.60  PRESS =  -543.1
 Etot   =     -7839.6120  EKtot   =      1839.3359  EPtot      =     -9678.9479
 BOND   =         2.7306  ANGLE   =        10.0591  DIHED      =         3.2071
 UB     =         0.0000  IMP     =         0.0000  CMAP       =         0.6153
 1-4 NB =         5.2062  1-4 EEL =        47.3149  VDWAALS    =      1353.5624
 EELEC  =    -11101.6436  EHBOND  =         0.0000  RESTRAINT  =         0.0000
 EKCMT  =       906.7564  VIRIAL  =      1271.8769  VOLUME     =     31135.6227
                                                    Density    =         0.9820
 ------------------------------------------------------------------------------

wrapping first mol.:       11.42598       16.15877       27.98782
wrapping first mol.:       11.42598       16.15877       27.98782

 NSTEP =    91500   TIME(PS) =     183.000  TEMP(K) =   308.40  PRESS =  -411.3
 Etot   =     -7800.4745  EKtot   =      1880.8169  EPtot      =     -9681.2914
 BOND   =         3.9058  ANGLE   =         6.3769  DIHED      =         4.0652
 UB     =         0.0000  IMP     =         0.0000  CMAP       =         0.6864
 1-4 NB =         4.1228  1-4 EEL =        44.8672  VDWAALS    =      1351.7725
 EELEC  =    -11097.0882  EHBOND  =         0.0000  RESTRAINT  =         0.0000
 EKCMT  =       912.7930  VIRIAL  =      1188.1571  VOLUME     =     31005.4466
                                                    Density    =         0.9861
 ------------------------------------------------------------------------------

wrapping first mol.:       11.43329       16.16911       28.00572
wrapping first mol.:       11.43329       16.16911       28.00572

 NSTEP =    91600   TIME(PS) =     183.200  TEMP(K) =   307.85  PRESS =   -41.4
 Etot   =     -7802.7000  EKtot   =      1877.4946  EPtot      =     -9680.1946
 BOND   =         3.1947  ANGLE   =         5.6792  DIHED      =         4.9909
 UB     =         0.0000  IMP     =         0.0000  CMAP       =         1.7476
 1-4 NB =         3.0079  1-4 EEL =        45.7699  VDWAALS    =      1419.4893
 EELEC  =    -11164.0741  EHBOND  =         0.0000  RESTRAINT  =         0.0000
 EKCMT  =       908.0670  VIRIAL  =       935.8624  VOLUME     =     31063.9675
                                                    Density    =         0.9843
 ------------------------------------------------------------------------------

wrapping first mol.:       11.43445       16.17075       28.00856
wrapping first mol.:       11.43445       16.17075       28.00856

 NSTEP =    91700   TIME(PS) =     183.400  TEMP(K) =   308.84  PRESS =  -202.5
 Etot   =     -7812.4478  EKtot   =      1883.5017  EPtot      =     -9695.9496
 BOND   =         4.2700  ANGLE   =         7.6049  DIHED      =         4.2047
 UB     =         0.0000  IMP     =         0.0000  CMAP       =         0.6663
 1-4 NB =         3.3548  1-4 EEL =        44.8127  VDWAALS    =      1399.3945
 EELEC  =    -11160.2575  EHBOND  =         0.0000  RESTRAINT  =         0.0000
 EKCMT  =       922.6101  VIRIAL  =      1058.4767  VOLUME     =     31073.8709
                                                    Density    =         0.9839
 ------------------------------------------------------------------------------

wrapping first mol.:       11.42835       16.16213       27.99362
wrapping first mol.:       11.42835       16.16213       27.99362

 NSTEP =    91800   TIME(PS) =     183.600  TEMP(K) =   303.46  PRESS =   243.8
 Etot   =     -7865.5304  EKtot   =      1850.6803  EPtot      =     -9716.2107
 BOND   =         8.3514  ANGLE   =         9.3183  DIHED      =         5.1108
 UB     =         0.0000  IMP     =         0.0000  CMAP       =         0.0196
 1-4 NB =         2.8776  1-4 EEL =        45.8990  VDWAALS    =      1451.7156
 EELEC  =    -11239.5030  EHBOND  =         0.0000  RESTRAINT  =         0.0000
 EKCMT  =       949.0563  VIRIAL  =       785.7495  VOLUME     =     31022.9276
                                                    Density    =         0.9856
 ------------------------------------------------------------------------------

wrapping first mol.:       11.43393       16.17002       28.00729
wrapping first mol.:       11.43393       16.17002       28.00729

 NSTEP =    91900   TIME(PS) =     183.800  TEMP(K) =   297.12  PRESS =     5.0
 Etot   =     -7855.3048  EKtot   =      1812.0327  EPtot      =     -9667.3375
 BOND   =         2.6445  ANGLE   =        11.3402  DIHED      =         3.8301
 UB     =         0.0000  IMP     =         0.0000  CMAP       =         1.4284
 1-4 NB =         4.0214  1-4 EEL =        45.0787  VDWAALS    =      1419.2055
 EELEC  =    -11154.8865  EHBOND  =         0.0000  RESTRAINT  =         0.0000
 EKCMT  =       888.1547  VIRIAL  =       884.8004  VOLUME     =     31069.0544
                                                    Density    =         0.9841
 ------------------------------------------------------------------------------

wrapping first mol.:       11.43202       16.16732       28.00261
wrapping first mol.:       11.43202       16.16732       28.00261

 NSTEP =    92000   TIME(PS) =     184.000  TEMP(K) =   305.48  PRESS =  -205.4
 Etot   =     -7878.6495  EKtot   =      1863.0105  EPtot      =     -9741.6600
 BOND   =         2.6647  ANGLE   =        10.5937  DIHED      =         4.3340
 UB     =         0.0000  IMP     =         0.0000  CMAP       =         0.4667
 1-4 NB =         3.7521  1-4 EEL =        47.0322  VDWAALS    =      1413.9371
 EELEC  =    -11224.4405  EHBOND  =         0.0000  RESTRAINT  =         0.0000
 EKCMT  =       920.5518  VIRIAL  =      1058.2733  VOLUME     =     31054.0660
                                                    Density    =         0.9846
 ------------------------------------------------------------------------------

wrapping first mol.:       11.42669       16.15978       27.98956
wrapping first mol.:       11.42669       16.15978       27.98956

 NSTEP =    92100   TIME(PS) =     184.200  TEMP(K) =   301.61  PRESS =   -95.6
 Etot   =     -7915.6247  EKtot   =      1839.4054  EPtot      =     -9755.0301
 BOND   =         3.6528  ANGLE   =         7.9832  DIHED      =         4.3303
 UB     =         0.0000  IMP     =         0.0000  CMAP       =         1.3323
 1-4 NB =         3.5630  1-4 EEL =        45.7430  VDWAALS    =      1434.1307
 EELEC  =    -11255.7653  EHBOND  =         0.0000  RESTRAINT  =         0.0000
 EKCMT  =       880.1519  VIRIAL  =       944.1810  VOLUME     =     31010.3820
                                                    Density    =         0.9860
 ------------------------------------------------------------------------------

wrapping first mol.:       11.42035       16.15081       27.97402
wrapping first mol.:       11.42035       16.15081       27.97402

 NSTEP =    92200   TIME(PS) =     184.400  TEMP(K) =   300.41  PRESS =  -515.5
 Etot   =     -7901.8663  EKtot   =      1832.1096  EPtot      =     -9733.9759
 BOND   =         5.9680  ANGLE   =        10.0462  DIHED      =         3.2316
 UB     =         0.0000  IMP     =         0.0000  CMAP       =         0.1594
 1-4 NB =         2.8516  1-4 EEL =        44.7452  VDWAALS    =      1383.5023
 EELEC  =    -11184.4802  EHBOND  =         0.0000  RESTRAINT  =         0.0000
 EKCMT  =       905.2517  VIRIAL  =      1249.8542  VOLUME     =     30959.9161
                                                    Density    =         0.9876
 ------------------------------------------------------------------------------

wrapping first mol.:       11.40726       16.13230       27.94197
wrapping first mol.:       11.40726       16.13230       27.94197

 NSTEP =    92300   TIME(PS) =     184.600  TEMP(K) =   301.57  PRESS =   375.7
 Etot   =     -7880.2936  EKtot   =      1839.1840  EPtot      =     -9719.4775
 BOND   =         7.4866  ANGLE   =         8.6588  DIHED      =         3.6150
 UB     =         0.0000  IMP     =         0.0000  CMAP       =        -0.2939
 1-4 NB =         4.5608  1-4 EEL =        44.4377  VDWAALS    =      1490.7700
 EELEC  =    -11278.7125  EHBOND  =         0.0000  RESTRAINT  =         0.0000
 EKCMT  =       898.2457  VIRIAL  =       648.0058  VOLUME     =     30851.1492
                                                    Density    =         0.9910
 ------------------------------------------------------------------------------

wrapping first mol.:       11.42403       16.15601       27.98303
wrapping first mol.:       11.42403       16.15601       27.98303

 NSTEP =    92400   TIME(PS) =     184.800  TEMP(K) =   305.23  PRESS =    17.7
 Etot   =     -7939.7345  EKtot   =      1861.5244  EPtot      =     -9801.2589
 BOND   =         5.4562  ANGLE   =         5.7913  DIHED      =         5.2945
 UB     =         0.0000  IMP     =         0.0000  CMAP       =        -0.2801
 1-4 NB =         4.3875  1-4 EEL =        43.2091  VDWAALS    =      1482.5483
 EELEC  =    -11347.6657  EHBOND  =         0.0000  RESTRAINT  =         0.0000
 EKCMT  =       919.8455  VIRIAL  =       908.0306  VOLUME     =     30988.3709
                                                    Density    =         0.9867
 ------------------------------------------------------------------------------

wrapping first mol.:       11.42046       16.15097       27.97430
wrapping first mol.:       11.42046       16.15097       27.97430

 NSTEP =    92500   TIME(PS) =     185.000  TEMP(K) =   301.47  PRESS =  -466.1
 Etot   =     -7955.1614  EKtot   =      1838.6014  EPtot      =     -9793.7629
 BOND   =         3.3316  ANGLE   =         9.2263  DIHED      =         7.0035
 UB     =         0.0000  IMP     =         0.0000  CMAP       =         0.0266
 1-4 NB =         4.3114  1-4 EEL =        44.5499  VDWAALS    =      1404.1640
 EELEC  =    -11266.3761  EHBOND  =         0.0000  RESTRAINT  =         0.0000
 EKCMT  =       894.8811  VIRIAL  =      1206.4650  VOLUME     =     30960.7044
                                                    Density    =         0.9875
 ------------------------------------------------------------------------------

wrapping first mol.:       11.42067       16.15127       27.97482
wrapping first mol.:       11.42067       16.15127       27.97482

 NSTEP =    92600   TIME(PS) =     185.200  TEMP(K) =   305.29  PRESS =  -482.5
 Etot   =     -7947.8303  EKtot   =      1861.8562  EPtot      =     -9809.6865
 BOND   =         2.9975  ANGLE   =         8.7760  DIHED      =         4.5518
 UB     =         0.0000  IMP     =         0.0000  CMAP       =        -0.0509
 1-4 NB =         3.9366  1-4 EEL =        43.5860  VDWAALS    =      1407.3048
 EELEC  =    -11280.7883  EHBOND  =         0.0000  RESTRAINT  =         0.0000
 EKCMT  =       935.3576  VIRIAL  =      1257.9320  VOLUME     =     30962.4581
                                                    Density    =         0.9875
 ------------------------------------------------------------------------------

wrapping first mol.:       11.42007       16.15041       27.97333
wrapping first mol.:       11.42007       16.15041       27.97333

 NSTEP =    92700   TIME(PS) =     185.400  TEMP(K) =   301.93  PRESS =  -113.7
 Etot   =     -7972.0210  EKtot   =      1841.3999  EPtot      =     -9813.4209
 BOND   =         1.7617  ANGLE   =         4.9513  DIHED      =         3.4242
 UB     =         0.0000  IMP     =         0.0000  CMAP       =         1.2156
 1-4 NB =         3.6296  1-4 EEL =        49.6197  VDWAALS    =      1453.1091
 EELEC  =    -11331.1320  EHBOND  =         0.0000  RESTRAINT  =         0.0000
 EKCMT  =       929.8290  VIRIAL  =      1005.8580  VOLUME     =     30956.5011
                                                    Density    =         0.9877
 ------------------------------------------------------------------------------

wrapping first mol.:       11.41845       16.14813       27.96937
wrapping first mol.:       11.41845       16.14813       27.96937

 NSTEP =    92800   TIME(PS) =     185.600  TEMP(K) =   302.27  PRESS =  -623.5
 Etot   =     -7962.0447  EKtot   =      1843.4559  EPtot      =     -9805.5007
 BOND   =         0.7827  ANGLE   =         9.1887  DIHED      =         3.5062
 UB     =         0.0000  IMP     =         0.0000  CMAP       =         0.5994
 1-4 NB =         3.2075  1-4 EEL =        45.2578  VDWAALS    =      1390.5600
 EELEC  =    -11258.6031  EHBOND  =         0.0000  RESTRAINT  =         0.0000
 EKCMT  =       946.2828  VIRIAL  =      1362.8837  VOLUME     =     30944.7797
                                                    Density    =         0.9881
 ------------------------------------------------------------------------------

wrapping first mol.:       11.39776       16.11886       27.91868
wrapping first mol.:       11.39776       16.11886       27.91868

 NSTEP =    92900   TIME(PS) =     185.800  TEMP(K) =   291.03  PRESS =  -103.3
 Etot   =     -7980.8270  EKtot   =      1774.9010  EPtot      =     -9755.7280
 BOND   =         1.9380  ANGLE   =        10.4287  DIHED      =         3.2465
 UB     =         0.0000  IMP     =         0.0000  CMAP       =         0.9353
 1-4 NB =         4.1656  1-4 EEL =        44.2367  VDWAALS    =      1430.0263
 EELEC  =    -11250.7052  EHBOND  =         0.0000  RESTRAINT  =         0.0000
 EKCMT  =       885.8096  VIRIAL  =       954.4718  VOLUME     =     30775.4108
                                                    Density    =         0.9935
 ------------------------------------------------------------------------------

wrapping first mol.:       11.39329       16.11255       27.90775
wrapping first mol.:       11.39329       16.11255       27.90775

 NSTEP =    93000   TIME(PS) =     186.000  TEMP(K) =   292.24  PRESS =  -283.0
 Etot   =     -8005.5307  EKtot   =      1782.2640  EPtot      =     -9787.7948
 BOND   =         2.1530  ANGLE   =         8.6203  DIHED      =         5.8196
 UB     =         0.0000  IMP     =         0.0000  CMAP       =         0.0501
 1-4 NB =         2.8778  1-4 EEL =        43.2744  VDWAALS    =      1404.5103
 EELEC  =    -11255.1001  EHBOND  =         0.0000  RESTRAINT  =         0.0000
 EKCMT  =       901.0982  VIRIAL  =      1088.9176  VOLUME     =     30739.7599
                                                    Density    =         0.9946
 ------------------------------------------------------------------------------

wrapping first mol.:       11.39528       16.11536       27.91263
wrapping first mol.:       11.39528       16.11536       27.91263

 NSTEP =    93100   TIME(PS) =     186.200  TEMP(K) =   283.08  PRESS =   247.0
 Etot   =     -8053.5186  EKtot   =      1726.4067  EPtot      =     -9779.9253
 BOND   =         1.9580  ANGLE   =         5.2134  DIHED      =         3.3017
 UB     =         0.0000  IMP     =         0.0000  CMAP       =         0.5450
 1-4 NB =         2.9483  1-4 EEL =        48.4542  VDWAALS    =      1472.2944
 EELEC  =    -11314.6402  EHBOND  =         0.0000  RESTRAINT  =         0.0000
 EKCMT  =       850.5745  VIRIAL  =       686.5512  VOLUME     =     30754.4201
                                                    Density    =         0.9942
 ------------------------------------------------------------------------------

wrapping first mol.:       11.39155       16.11009       27.90349
wrapping first mol.:       11.39155       16.11009       27.90349

 NSTEP =    93200   TIME(PS) =     186.400  TEMP(K) =   294.15  PRESS =   -88.8
 Etot   =     -8046.9755  EKtot   =      1793.9098  EPtot      =     -9840.8853
 BOND   =         3.8987  ANGLE   =         9.6808  DIHED      =         4.1542
 UB     =         0.0000  IMP     =         0.0000  CMAP       =        -0.1968
 1-4 NB =         3.5064  1-4 EEL =        45.1072  VDWAALS    =      1452.9899
 EELEC  =    -11360.0257  EHBOND  =         0.0000  RESTRAINT  =         0.0000
 EKCMT  =       896.1391  VIRIAL  =       955.0614  VOLUME     =     30725.1633
                                                    Density    =         0.9951
 ------------------------------------------------------------------------------

wrapping first mol.:       11.38586       16.10204       27.88955
wrapping first mol.:       11.38586       16.10204       27.88955

 NSTEP =    93300   TIME(PS) =     186.600  TEMP(K) =   294.30  PRESS =  -482.1
 Etot   =     -8063.2690  EKtot   =      1794.8625  EPtot      =     -9858.1315
 BOND   =         3.4744  ANGLE   =        10.0795  DIHED      =         6.6052
 UB     =         0.0000  IMP     =         0.0000  CMAP       =         1.2560
 1-4 NB =         3.9771  1-4 EEL =        43.2036  VDWAALS    =      1396.7962
 EELEC  =    -11323.5236  EHBOND  =         0.0000  RESTRAINT  =         0.0000
 EKCMT  =       919.9974  VIRIAL  =      1239.3719  VOLUME     =     30680.2077
                                                    Density    =         0.9966
 ------------------------------------------------------------------------------

wrapping first mol.:       11.39062       16.10877       27.90121
wrapping first mol.:       11.39062       16.10877       27.90121

 NSTEP =    93400   TIME(PS) =     186.800  TEMP(K) =   291.96  PRESS =    40.6
 Etot   =     -8025.2835  EKtot   =      1780.5771  EPtot      =     -9805.8606
 BOND   =         4.9356  ANGLE   =        10.7195  DIHED      =         3.8592
 UB     =         0.0000  IMP     =         0.0000  CMAP       =         1.5061
 1-4 NB =         2.9924  1-4 EEL =        46.5272  VDWAALS    =      1453.5840
 EELEC  =    -11329.9847  EHBOND  =         0.0000  RESTRAINT  =         0.0000
 EKCMT  =       902.0006  VIRIAL  =       875.0987  VOLUME     =     30717.2745
                                                    Density    =         0.9954
 ------------------------------------------------------------------------------

wrapping first mol.:       11.39753       16.11854       27.91812
wrapping first mol.:       11.39753       16.11854       27.91812

 NSTEP =    93500   TIME(PS) =     187.000  TEMP(K) =   292.08  PRESS =  -105.5
 Etot   =     -7974.4082  EKtot   =      1781.2919  EPtot      =     -9755.7001
 BOND   =         2.5731  ANGLE   =         8.7950  DIHED      =         2.9345
 UB     =         0.0000  IMP     =         0.0000  CMAP       =         0.2019
 1-4 NB =         3.7846  1-4 EEL =        49.3669  VDWAALS    =      1426.5545
 EELEC  =    -11249.9107  EHBOND  =         0.0000  RESTRAINT  =         0.0000
 EKCMT  =       884.1727  VIRIAL  =       954.2395  VOLUME     =     30773.5622
                                                    Density    =         0.9935
 ------------------------------------------------------------------------------

wrapping first mol.:       11.39638       16.11691       27.91531
wrapping first mol.:       11.39638       16.11691       27.91531

 NSTEP =    93600   TIME(PS) =     187.200  TEMP(K) =   293.73  PRESS =   364.2
 Etot   =     -7977.2075  EKtot   =      1791.3527  EPtot      =     -9768.5601
 BOND   =         1.3693  ANGLE   =         9.3414  DIHED      =         3.7142
 UB     =         0.0000  IMP     =         0.0000  CMAP       =         0.9149
 1-4 NB =         4.0080  1-4 EEL =        46.0592  VDWAALS    =      1491.5574
 EELEC  =    -11325.5245  EHBOND  =         0.0000  RESTRAINT  =         0.0000
 EKCMT  =       917.0841  VIRIAL  =       675.1819  VOLUME     =     30762.9796
                                                    Density    =         0.9939
 ------------------------------------------------------------------------------

wrapping first mol.:       11.39609       16.11650       27.91460
wrapping first mol.:       11.39609       16.11650       27.91460

 NSTEP =    93700   TIME(PS) =     187.400  TEMP(K) =   305.05  PRESS =  -179.8
 Etot   =     -7960.1787  EKtot   =      1860.4175  EPtot      =     -9820.5962
 BOND   =         2.1931  ANGLE   =        11.0937  DIHED      =         3.8046
 UB     =         0.0000  IMP     =         0.0000  CMAP       =         0.0760
 1-4 NB =         2.3006  1-4 EEL =        45.9254  VDWAALS    =      1420.8297
 EELEC  =    -11306.8193  EHBOND  =         0.0000  RESTRAINT  =         0.0000
 EKCMT  =       960.1661  VIRIAL  =      1079.5775  VOLUME     =     30762.1092
                                                    Density    =         0.9939
 ------------------------------------------------------------------------------

wrapping first mol.:       11.40734       16.13241       27.94215
wrapping first mol.:       11.40734       16.13241       27.94215

 NSTEP =    93800   TIME(PS) =     187.600  TEMP(K) =   301.81  PRESS =   540.1
 Etot   =     -7931.3845  EKtot   =      1840.6392  EPtot      =     -9772.0237
 BOND   =         1.9526  ANGLE   =        10.6578  DIHED      =         5.2307
 UB     =         0.0000  IMP     =         0.0000  CMAP       =        -0.0033
 1-4 NB =         4.1362  1-4 EEL =        44.0843  VDWAALS    =      1507.8434
 EELEC  =    -11345.9253  EHBOND  =         0.0000  RESTRAINT  =         0.0000
 EKCMT  =       891.7012  VIRIAL  =       531.9533  VOLUME     =     30851.3145
                                                    Density    =         0.9910
 ------------------------------------------------------------------------------

wrapping first mol.:       11.41011       16.13633       27.94894
wrapping first mol.:       11.41011       16.13633       27.94894

 NSTEP =    93900   TIME(PS) =     187.800  TEMP(K) =   292.27  PRESS =  -242.8
 Etot   =     -7930.7163  EKtot   =      1782.4480  EPtot      =     -9713.1643
 BOND   =         2.0863  ANGLE   =         7.6258  DIHED      =         3.8432
 UB     =         0.0000  IMP     =         0.0000  CMAP       =        -0.0767
 1-4 NB =         4.6963  1-4 EEL =        47.7439  VDWAALS    =      1381.3695
 EELEC  =    -11160.4527  EHBOND  =         0.0000  RESTRAINT  =         0.0000
 EKCMT  =       883.4433  VIRIAL  =      1045.2953  VOLUME     =     30875.9679
                                                    Density    =         0.9903
 ------------------------------------------------------------------------------

wrapping first mol.:       11.41107       16.13769       27.95130
wrapping first mol.:       11.41107       16.13769       27.95130

 NSTEP =    94000   TIME(PS) =     188.000  TEMP(K) =   298.00  PRESS =  -133.3
 Etot   =     -7950.6209  EKtot   =      1817.4220  EPtot      =     -9768.0429
 BOND   =         2.7797  ANGLE   =        11.4220  DIHED      =         5.4015
 UB     =         0.0000  IMP     =         0.0000  CMAP       =         0.3192
 1-4 NB =         2.7262  1-4 EEL =        42.1732  VDWAALS    =      1433.6138
 EELEC  =    -11266.4784  EHBOND  =         0.0000  RESTRAINT  =         0.0000
 EKCMT  =       893.5057  VIRIAL  =       982.3682  VOLUME     =     30883.4920
                                                    Density    =         0.9900
 ------------------------------------------------------------------------------

wrapping first mol.:       11.41666       16.14560       27.96500
wrapping first mol.:       11.41666       16.14560       27.96500

 NSTEP =    94100   TIME(PS) =     188.200  TEMP(K) =   297.85  PRESS =  -437.4
 Etot   =     -7953.0376  EKtot   =      1816.4712  EPtot      =     -9769.5088
 BOND   =         2.4315  ANGLE   =         6.6783  DIHED      =         4.4411
 UB     =         0.0000  IMP     =         0.0000  CMAP       =         0.0144
 1-4 NB =         3.3699  1-4 EEL =        44.6411  VDWAALS    =      1374.1034
 EELEC  =    -11205.1886  EHBOND  =         0.0000  RESTRAINT  =         0.0000
 EKCMT  =       912.3408  VIRIAL  =      1204.4320  VOLUME     =     30929.7369
                                                    Density    =         0.9885
 ------------------------------------------------------------------------------

wrapping first mol.:       11.41409       16.14196       27.95870
wrapping first mol.:       11.41409       16.14196       27.95870

 NSTEP =    94200   TIME(PS) =     188.400  TEMP(K) =   287.47  PRESS =   258.1
 Etot   =     -7947.0859  EKtot   =      1753.1946  EPtot      =     -9700.2805
 BOND   =         1.7721  ANGLE   =         8.0659  DIHED      =         5.2084
 UB     =         0.0000  IMP     =         0.0000  CMAP       =        -0.0808
 1-4 NB =         3.0903  1-4 EEL =        45.8180  VDWAALS    =      1451.8700
 EELEC  =    -11216.0244  EHBOND  =         0.0000  RESTRAINT  =         0.0000
 EKCMT  =       874.7562  VIRIAL  =       702.5029  VOLUME     =     30906.9223
                                                    Density    =         0.9893
 ------------------------------------------------------------------------------

wrapping first mol.:       11.41054       16.13694       27.95000
wrapping first mol.:       11.41054       16.13694       27.95000

 NSTEP =    94300   TIME(PS) =     188.600  TEMP(K) =   292.19  PRESS =  -159.8
 Etot   =     -7962.3490  EKtot   =      1781.9680  EPtot      =     -9744.3170
 BOND   =         1.2994  ANGLE   =         6.6568  DIHED      =         5.8923
 UB     =         0.0000  IMP     =         0.0000  CMAP       =         0.5051
 1-4 NB =         4.5631  1-4 EEL =        46.7302  VDWAALS    =      1409.7249
 EELEC  =    -11219.6888  EHBOND  =         0.0000  RESTRAINT  =         0.0000
 EKCMT  =       879.2505  VIRIAL  =       985.7777  VOLUME     =     30879.2262
                                                    Density    =         0.9901
 ------------------------------------------------------------------------------

wrapping first mol.:       11.40689       16.13178       27.94107
wrapping first mol.:       11.40689       16.13178       27.94107

 NSTEP =    94400   TIME(PS) =     188.800  TEMP(K) =   298.21  PRESS =   264.4
 Etot   =     -7969.6244  EKtot   =      1818.7076  EPtot      =     -9788.3320
 BOND   =         3.0745  ANGLE   =        12.1336  DIHED      =         3.9507
 UB     =         0.0000  IMP     =         0.0000  CMAP       =        -0.0486
 1-4 NB =         2.2113  1-4 EEL =        44.1325  VDWAALS    =      1492.5317
 EELEC  =    -11346.3177  EHBOND  =         0.0000  RESTRAINT  =         0.0000
 EKCMT  =       903.2688  VIRIAL  =       727.1646  VOLUME     =     30848.4819
                                                    Density    =         0.9911
 ------------------------------------------------------------------------------

wrapping first mol.:       11.40633       16.13099       27.93968
wrapping first mol.:       11.40633       16.13099       27.93968

 NSTEP =    94500   TIME(PS) =     189.000  TEMP(K) =   296.78  PRESS =    52.3
 Etot   =     -7926.1125  EKtot   =      1809.9432  EPtot      =     -9736.0558
 BOND   =         3.1695  ANGLE   =         7.1649  DIHED      =         6.0469
 UB     =         0.0000  IMP     =         0.0000  CMAP       =         2.1723
 1-4 NB =         1.8099  1-4 EEL =        43.2466  VDWAALS    =      1451.4534
 EELEC  =    -11251.1193  EHBOND  =         0.0000  RESTRAINT  =         0.0000
 EKCMT  =       880.9255  VIRIAL  =       846.0892  VOLUME     =     30844.4795
                                                    Density    =         0.9913
 ------------------------------------------------------------------------------

wrapping first mol.:       11.41083       16.13735       27.95071
wrapping first mol.:       11.41083       16.13735       27.95071

 NSTEP =    94600   TIME(PS) =     189.200  TEMP(K) =   301.95  PRESS =   399.6
 Etot   =     -7951.8001  EKtot   =      1841.5096  EPtot      =     -9793.3098
 BOND   =         1.2529  ANGLE   =         9.7151  DIHED      =         4.7398
 UB     =         0.0000  IMP     =         0.0000  CMAP       =        -0.1565
 1-4 NB =         3.4204  1-4 EEL =        43.2359  VDWAALS    =      1519.0931
 EELEC  =    -11374.6105  EHBOND  =         0.0000  RESTRAINT  =         0.0000
 EKCMT  =       908.9164  VIRIAL  =       642.5011  VOLUME     =     30880.0494
                                                    Density    =         0.9901
 ------------------------------------------------------------------------------

wrapping first mol.:       11.41063       16.13707       27.95022
wrapping first mol.:       11.41063       16.13707       27.95022

 NSTEP =    94700   TIME(PS) =     189.400  TEMP(K) =   303.72  PRESS =   293.5
 Etot   =     -7917.7969  EKtot   =      1852.3037  EPtot      =     -9770.1006
 BOND   =         1.2609  ANGLE   =         5.2859  DIHED      =         4.0922
 UB     =         0.0000  IMP     =         0.0000  CMAP       =         1.3764
 1-4 NB =         3.3835  1-4 EEL =        46.8453  VDWAALS    =      1488.3266
 EELEC  =    -11320.6713  EHBOND  =         0.0000  RESTRAINT  =         0.0000
 EKCMT  =       896.3755  VIRIAL  =       700.7099  VOLUME     =     30878.7164
                                                    Density    =         0.9902
 ------------------------------------------------------------------------------

wrapping first mol.:       11.41571       16.14425       27.96265
wrapping first mol.:       11.41571       16.14425       27.96265

 NSTEP =    94800   TIME(PS) =     189.600  TEMP(K) =   302.57  PRESS =   -98.5
 Etot   =     -7873.3835  EKtot   =      1845.3077  EPtot      =     -9718.6912
 BOND   =         3.6472  ANGLE   =        13.0442  DIHED      =         5.7831
 UB     =         0.0000  IMP     =         0.0000  CMAP       =         0.4177
 1-4 NB =         3.1754  1-4 EEL =        45.3899  VDWAALS    =      1413.8874
 EELEC  =    -11204.0361  EHBOND  =         0.0000  RESTRAINT  =         0.0000
 EKCMT  =       922.4471  VIRIAL  =       988.2355  VOLUME     =     30921.0238
                                                    Density    =         0.9888
 ------------------------------------------------------------------------------

wrapping first mol.:       11.42271       16.15415       27.97981
wrapping first mol.:       11.42271       16.15415       27.97981

 NSTEP =    94900   TIME(PS) =     189.800  TEMP(K) =   302.96  PRESS =   367.4
 Etot   =     -7931.4725  EKtot   =      1847.6627  EPtot      =     -9779.1352
 BOND   =         3.7755  ANGLE   =        15.8710  DIHED      =         5.1999
 UB     =         0.0000  IMP     =         0.0000  CMAP       =         0.4603
 1-4 NB =         3.9253  1-4 EEL =        42.5423  VDWAALS    =      1507.6694
 EELEC  =    -11358.5790  EHBOND  =         0.0000  RESTRAINT  =         0.0000
 EKCMT  =       954.2077  VIRIAL  =       708.4819  VOLUME     =     30976.7062
                                                    Density    =         0.9870
 ------------------------------------------------------------------------------

wrapping first mol.:       11.42529       16.15780       27.98612
wrapping first mol.:       11.42529       16.15780       27.98612

 NSTEP =    95000   TIME(PS) =     190.000  TEMP(K) =   298.02  PRESS =  -332.2
 Etot   =     -7923.7203  EKtot   =      1817.5396  EPtot      =     -9741.2598
 BOND   =         2.4124  ANGLE   =        11.0964  DIHED      =         5.1557
 UB     =         0.0000  IMP     =         0.0000  CMAP       =         0.0324
 1-4 NB =         3.6195  1-4 EEL =        43.3855  VDWAALS    =      1412.3910
 EELEC  =    -11219.3527  EHBOND  =         0.0000  RESTRAINT  =         0.0000
 EKCMT  =       893.7635  VIRIAL  =      1116.1406  VOLUME     =     30999.5995
                                                    Density    =         0.9863
 ------------------------------------------------------------------------------

wrapping first mol.:       11.42495       16.15732       27.98530
wrapping first mol.:       11.42495       16.15732       27.98530

 NSTEP =    95100   TIME(PS) =     190.200  TEMP(K) =   300.82  PRESS =   -21.7
 Etot   =     -7895.0453  EKtot   =      1834.6085  EPtot      =     -9729.6538
 BOND   =         2.8106  ANGLE   =        11.6978  DIHED      =         2.9235
 UB     =         0.0000  IMP     =         0.0000  CMAP       =         0.1058
 1-4 NB =         2.8036  1-4 EEL =        42.7126  VDWAALS    =      1447.5964
 EELEC  =    -11240.3040  EHBOND  =         0.0000  RESTRAINT  =         0.0000
 EKCMT  =       887.1137  VIRIAL  =       901.6125  VOLUME     =     30995.9907
                                                    Density    =         0.9864
 ------------------------------------------------------------------------------

wrapping first mol.:       11.41752       16.14681       27.96709
wrapping first mol.:       11.41752       16.14681       27.96709

 NSTEP =    95200   TIME(PS) =     190.400  TEMP(K) =   298.25  PRESS =  -178.9
 Etot   =     -7894.2948  EKtot   =      1818.9138  EPtot      =     -9713.2086
 BOND   =         4.0432  ANGLE   =        10.6133  DIHED      =         4.5647
 UB     =         0.0000  IMP     =         0.0000  CMAP       =         0.1143
 1-4 NB =         3.5300  1-4 EEL =        44.8470  VDWAALS    =      1402.2144
 EELEC  =    -11183.1355  EHBOND  =         0.0000  RESTRAINT  =         0.0000
 EKCMT  =       907.6491  VIRIAL  =      1027.1391  VOLUME     =     30935.9612
                                                    Density    =         0.9883
 ------------------------------------------------------------------------------

wrapping first mol.:       11.42029       16.15073       27.97387
wrapping first mol.:       11.42029       16.15073       27.97387

 NSTEP =    95300   TIME(PS) =     190.600  TEMP(K) =   298.48  PRESS =    17.0
 Etot   =     -7875.6396  EKtot   =      1820.3334  EPtot      =     -9695.9730
 BOND   =         4.5648  ANGLE   =        11.1766  DIHED      =         4.0882
 UB     =         0.0000  IMP     =         0.0000  CMAP       =         0.7427
 1-4 NB =         2.6584  1-4 EEL =        41.3799  VDWAALS    =      1442.2649
 EELEC  =    -11202.8485  EHBOND  =         0.0000  RESTRAINT  =         0.0000
 EKCMT  =       907.4260  VIRIAL  =       896.0672  VOLUME     =     30957.9523
                                                    Density    =         0.9876
 ------------------------------------------------------------------------------

wrapping first mol.:       11.41496       16.14319       27.96082
wrapping first mol.:       11.41496       16.14319       27.96082

 NSTEP =    95400   TIME(PS) =     190.800  TEMP(K) =   295.10  PRESS =  -197.1
 Etot   =     -7918.4393  EKtot   =      1799.7097  EPtot      =     -9718.1490
 BOND   =         4.5758  ANGLE   =         5.6249  DIHED      =         5.4827
 UB     =         0.0000  IMP     =         0.0000  CMAP       =        -0.0523
 1-4 NB =         3.6833  1-4 EEL =        44.5596  VDWAALS    =      1405.1533
 EELEC  =    -11187.1764  EHBOND  =         0.0000  RESTRAINT  =         0.0000
 EKCMT  =       896.1622  VIRIAL  =      1027.6955  VOLUME     =     30915.2138
                                                    Density    =         0.9890
 ------------------------------------------------------------------------------

wrapping first mol.:       11.40249       16.12555       27.93027
wrapping first mol.:       11.40249       16.12555       27.93027

 NSTEP =    95500   TIME(PS) =     191.000  TEMP(K) =   304.12  PRESS =    92.1
 Etot   =     -7905.7354  EKtot   =      1854.7148  EPtot      =     -9760.4502
 BOND   =         2.9191  ANGLE   =         6.8397  DIHED      =         2.8609
 UB     =         0.0000  IMP     =         0.0000  CMAP       =         1.1711
 1-4 NB =         3.1484  1-4 EEL =        45.1125  VDWAALS    =      1447.2457
 EELEC  =    -11269.7475  EHBOND  =         0.0000  RESTRAINT  =         0.0000
 EKCMT  =       923.0401  VIRIAL  =       861.7491  VOLUME     =     30813.2020
                                                    Density    =         0.9923
 ------------------------------------------------------------------------------

wrapping first mol.:       11.40938       16.13529       27.94715
wrapping first mol.:       11.40938       16.13529       27.94715

 NSTEP =    95600   TIME(PS) =     191.200  TEMP(K) =   298.13  PRESS =  -294.8
 Etot   =     -7914.1602  EKtot   =      1818.2074  EPtot      =     -9732.3676
 BOND   =         2.4859  ANGLE   =         7.0202  DIHED      =         4.1150
 UB     =         0.0000  IMP     =         0.0000  CMAP       =         0.4075
 1-4 NB =         2.3164  1-4 EEL =        44.3309  VDWAALS    =      1394.0363
 EELEC  =    -11187.0799  EHBOND  =         0.0000  RESTRAINT  =         0.0000
 EKCMT  =       909.1401  VIRIAL  =      1105.6052  VOLUME     =     30870.1624
                                                    Density    =         0.9904
 ------------------------------------------------------------------------------

wrapping first mol.:       11.41591       16.14453       27.96315
wrapping first mol.:       11.41591       16.14453       27.96315

 NSTEP =    95700   TIME(PS) =     191.400  TEMP(K) =   294.09  PRESS =   132.2
 Etot   =     -7947.7852  EKtot   =      1793.5516  EPtot      =     -9741.3369
 BOND   =         2.2955  ANGLE   =         9.1695  DIHED      =         3.5664
 UB     =         0.0000  IMP     =         0.0000  CMAP       =        -0.1806
 1-4 NB =         2.5063  1-4 EEL =        42.8422  VDWAALS    =      1457.3603
 EELEC  =    -11258.8965  EHBOND  =         0.0000  RESTRAINT  =         0.0000
 EKCMT  =       893.0283  VIRIAL  =       804.7580  VOLUME     =     30922.0250
                                                    Density    =         0.9888
 ------------------------------------------------------------------------------

wrapping first mol.:       11.41009       16.13630       27.94889
wrapping first mol.:       11.41009       16.13630       27.94889

 NSTEP =    95800   TIME(PS) =     191.600  TEMP(K) =   302.79  PRESS =    57.1
 Etot   =     -7927.0931  EKtot   =      1846.6321  EPtot      =     -9773.7251
 BOND   =         2.1904  ANGLE   =         7.5162  DIHED      =         3.5117
 UB     =         0.0000  IMP     =         0.0000  CMAP       =         0.5499
 1-4 NB =         3.6523  1-4 EEL =        46.4182  VDWAALS    =      1464.8111
 EELEC  =    -11302.3749  EHBOND  =         0.0000  RESTRAINT  =         0.0000
 EKCMT  =       899.0477  VIRIAL  =       860.9916  VOLUME     =     30874.9513
                                                    Density    =         0.9903
 ------------------------------------------------------------------------------

wrapping first mol.:       11.41444       16.14245       27.95954
wrapping first mol.:       11.41444       16.14245       27.95954

 NSTEP =    95900   TIME(PS) =     191.800  TEMP(K) =   300.90  PRESS =    40.4
 Etot   =     -7881.7408  EKtot   =      1835.1018  EPtot      =     -9716.8426
 BOND   =         3.5522  ANGLE   =         5.7795  DIHED      =         4.5679
 UB     =         0.0000  IMP     =         0.0000  CMAP       =        -0.1233
 1-4 NB =         3.5087  1-4 EEL =        46.2969  VDWAALS    =      1449.4934
 EELEC  =    -11229.9177  EHBOND  =         0.0000  RESTRAINT  =         0.0000
 EKCMT  =       904.7245  VIRIAL  =       877.7614  VOLUME     =     30910.3328
                                                    Density    =         0.9892
 ------------------------------------------------------------------------------

wrapping first mol.:       11.41890       16.14876       27.97047
wrapping first mol.:       11.41890       16.14876       27.97047

 NSTEP =    96000   TIME(PS) =     192.000  TEMP(K) =   299.21  PRESS =   273.3
 Etot   =     -7881.6211  EKtot   =      1824.8101  EPtot      =     -9706.4311
 BOND   =         4.8228  ANGLE   =         7.2859  DIHED      =         4.3033
 UB     =         0.0000  IMP     =         0.0000  CMAP       =         0.1244
 1-4 NB =         4.8917  1-4 EEL =        48.6603  VDWAALS    =      1466.0018
 EELEC  =    -11242.5213  EHBOND  =         0.0000  RESTRAINT  =         0.0000
 EKCMT  =       912.4854  VIRIAL  =       729.8948  VOLUME     =     30945.9359
                                                    Density    =         0.9880
 ------------------------------------------------------------------------------

wrapping first mol.:       11.40877       16.13444       27.94567
wrapping first mol.:       11.40877       16.13444       27.94567

 NSTEP =    96100   TIME(PS) =     192.200  TEMP(K) =   298.48  PRESS =  -403.9
 Etot   =     -7854.5391  EKtot   =      1820.3652  EPtot      =     -9674.9043
 BOND   =         3.2858  ANGLE   =         6.6101  DIHED      =         5.8034
 UB     =         0.0000  IMP     =         0.0000  CMAP       =         0.5660
 1-4 NB =         3.3235  1-4 EEL =        47.1895  VDWAALS    =      1346.9371
 EELEC  =    -11088.6197  EHBOND  =         0.0000  RESTRAINT  =         0.0000
 EKCMT  =       907.9249  VIRIAL  =      1177.0997  VOLUME     =     30865.5493
                                                    Density    =         0.9906
 ------------------------------------------------------------------------------

wrapping first mol.:       11.40881       16.13450       27.94577
wrapping first mol.:       11.40881       16.13450       27.94577

 NSTEP =    96200   TIME(PS) =     192.400  TEMP(K) =   305.52  PRESS =    73.8
 Etot   =     -7852.4062  EKtot   =      1863.2528  EPtot      =     -9715.6590
 BOND   =         2.7037  ANGLE   =         6.4438  DIHED      =         5.4695
 UB     =         0.0000  IMP     =         0.0000  CMAP       =         1.0193
 1-4 NB =         3.7606  1-4 EEL =        48.3369  VDWAALS    =      1419.5608
 EELEC  =    -11202.9536  EHBOND  =         0.0000  RESTRAINT  =         0.0000
 EKCMT  =       925.4844  VIRIAL  =       876.3014  VOLUME     =     30864.5779
                                                    Density    =         0.9906
 ------------------------------------------------------------------------------

wrapping first mol.:       11.41489       16.14309       27.96066
wrapping first mol.:       11.41489       16.14309       27.96066

 NSTEP =    96300   TIME(PS) =     192.600  TEMP(K) =   307.31  PRESS =  -203.1
 Etot   =     -7817.1557  EKtot   =      1874.2170  EPtot      =     -9691.3728
 BOND   =         3.2485  ANGLE   =         7.8467  DIHED      =         2.8264
 UB     =         0.0000  IMP     =         0.0000  CMAP       =         1.0235
 1-4 NB =         3.1973  1-4 EEL =        43.2505  VDWAALS    =      1373.9309
 EELEC  =    -11126.6967  EHBOND  =         0.0000  RESTRAINT  =         0.0000
 EKCMT  =       954.9058  VIRIAL  =      1090.4622  VOLUME     =     30914.6972
                                                    Density    =         0.9890
 ------------------------------------------------------------------------------

wrapping first mol.:       11.41730       16.14650       27.96655
wrapping first mol.:       11.41730       16.14650       27.96655

 NSTEP =    96400   TIME(PS) =     192.800  TEMP(K) =   307.07  PRESS =   439.8
 Etot   =     -7794.8571  EKtot   =      1872.7314  EPtot      =     -9667.5886
 BOND   =         2.1440  ANGLE   =         8.1793  DIHED      =         3.0926
 UB     =         0.0000  IMP     =         0.0000  CMAP       =         0.1630
 1-4 NB =         3.1787  1-4 EEL =        45.9295  VDWAALS    =      1455.3604
 EELEC  =    -11185.6361  EHBOND  =         0.0000  RESTRAINT  =         0.0000
 EKCMT  =       973.3356  VIRIAL  =       679.6099  VOLUME     =     30932.4778
                                                    Density    =         0.9884
 ------------------------------------------------------------------------------

wrapping first mol.:       11.42727       16.16061       27.99099
wrapping first mol.:       11.42727       16.16061       27.99099

 NSTEP =    96500   TIME(PS) =     193.000  TEMP(K) =   300.25  PRESS =   290.7
 Etot   =     -7765.8108  EKtot   =      1831.1558  EPtot      =     -9596.9666
 BOND   =         2.6855  ANGLE   =         8.0462  DIHED      =         7.9796
 UB     =         0.0000  IMP     =         0.0000  CMAP       =         0.3435
 1-4 NB =         3.8504  1-4 EEL =        44.3075  VDWAALS    =      1426.5922
 EELEC  =    -11090.7715  EHBOND  =         0.0000  RESTRAINT  =         0.0000
 EKCMT  =       921.5061  VIRIAL  =       726.8176  VOLUME     =     31014.0416
                                                    Density    =         0.9858
 ------------------------------------------------------------------------------

wrapping first mol.:       11.43711       16.17452       28.01508
wrapping first mol.:       11.43711       16.17452       28.01508

 NSTEP =    96600   TIME(PS) =     193.200  TEMP(K) =   304.65  PRESS =   171.7
 Etot   =     -7773.0629  EKtot   =      1857.9468  EPtot      =     -9631.0097
 BOND   =         2.3830  ANGLE   =         7.9836  DIHED      =         3.6070
 UB     =         0.0000  IMP     =         0.0000  CMAP       =         0.5360
 1-4 NB =         3.6011  1-4 EEL =        46.4387  VDWAALS    =      1418.5951
 EELEC  =    -11114.1541  EHBOND  =         0.0000  RESTRAINT  =         0.0000
 EKCMT  =       927.0000  VIRIAL  =       811.7425  VOLUME     =     31094.5403
                                                    Density    =         0.9833
 ------------------------------------------------------------------------------

wrapping first mol.:       11.44404       16.18431       28.03204
wrapping first mol.:       11.44404       16.18431       28.03204

 NSTEP =    96700   TIME(PS) =     193.400  TEMP(K) =   297.69  PRESS =   299.8
 Etot   =     -7777.1865  EKtot   =      1815.4917  EPtot      =     -9592.6782
 BOND   =         0.6040  ANGLE   =        12.4931  DIHED      =         6.2833
 UB     =         0.0000  IMP     =         0.0000  CMAP       =         0.5825
 1-4 NB =         3.0400  1-4 EEL =        45.0093  VDWAALS    =      1431.7224
 EELEC  =    -11092.4127  EHBOND  =         0.0000  RESTRAINT  =         0.0000
 EKCMT  =       915.3494  VIRIAL  =       713.6758  VOLUME     =     31150.6908
                                                    Density    =         0.9815
 ------------------------------------------------------------------------------

wrapping first mol.:       11.44555       16.18645       28.03575
wrapping first mol.:       11.44555       16.18645       28.03575

 NSTEP =    96800   TIME(PS) =     193.600  TEMP(K) =   305.50  PRESS =   109.9
 Etot   =     -7770.6909  EKtot   =      1863.1481  EPtot      =     -9633.8389
 BOND   =         1.7072  ANGLE   =         7.4212  DIHED      =         5.5772
 UB     =         0.0000  IMP     =         0.0000  CMAP       =         0.3775
 1-4 NB =         4.5837  1-4 EEL =        48.0806  VDWAALS    =      1420.1093
 EELEC  =    -11121.6956  EHBOND  =         0.0000  RESTRAINT  =         0.0000
 EKCMT  =       903.2080  VIRIAL  =       829.2749  VOLUME     =     31163.5870
                                                    Density    =         0.9811
 ------------------------------------------------------------------------------

wrapping first mol.:       11.44212       16.18161       28.02736
wrapping first mol.:       11.44212       16.18161       28.02736

 NSTEP =    96900   TIME(PS) =     193.800  TEMP(K) =   300.17  PRESS =   -80.1
 Etot   =     -7783.8329  EKtot   =      1830.6741  EPtot      =     -9614.5069
 BOND   =         1.6892  ANGLE   =         8.8342  DIHED      =         7.3371
 UB     =         0.0000  IMP     =         0.0000  CMAP       =         0.6404
 1-4 NB =         4.2140  1-4 EEL =        48.9454  VDWAALS    =      1388.2818
 EELEC  =    -11074.4492  EHBOND  =         0.0000  RESTRAINT  =         0.0000
 EKCMT  =       918.3394  VIRIAL  =       972.1547  VOLUME     =     31136.1331
                                                    Density    =         0.9820
 ------------------------------------------------------------------------------

wrapping first mol.:       11.45312       16.19716       28.05430
wrapping first mol.:       11.45312       16.19716       28.05430

 NSTEP =    97000   TIME(PS) =     194.000  TEMP(K) =   304.01  PRESS =   232.1
 Etot   =     -7779.3487  EKtot   =      1854.0680  EPtot      =     -9633.4167
 BOND   =         3.6627  ANGLE   =        13.0341  DIHED      =         4.9308
 UB     =         0.0000  IMP     =         0.0000  CMAP       =         0.4109
 1-4 NB =         3.6237  1-4 EEL =        45.2690  VDWAALS    =      1453.6058
 EELEC  =    -11157.9536  EHBOND  =         0.0000  RESTRAINT  =         0.0000
 EKCMT  =       915.4855  VIRIAL  =       759.0011  VOLUME     =     31225.1181
                                                    Density    =         0.9792
 ------------------------------------------------------------------------------

wrapping first mol.:       11.45661       16.20209       28.06285
wrapping first mol.:       11.45661       16.20209       28.06285

 NSTEP =    97100   TIME(PS) =     194.200  TEMP(K) =   303.25  PRESS =   375.8
 Etot   =     -7850.1322  EKtot   =      1849.4567  EPtot      =     -9699.5888
 BOND   =         3.2905  ANGLE   =         9.3100  DIHED      =         6.3372
 UB     =         0.0000  IMP     =         0.0000  CMAP       =         1.1010
 1-4 NB =         2.8541  1-4 EEL =        45.9368  VDWAALS    =      1506.5223
 EELEC  =    -11274.9407  EHBOND  =         0.0000  RESTRAINT  =         0.0000
 EKCMT  =       897.2781  VIRIAL  =       643.6818  VOLUME     =     31253.2778
                                                    Density    =         0.9783
 ------------------------------------------------------------------------------

wrapping first mol.:       11.46144       16.20892       28.07467
wrapping first mol.:       11.46144       16.20892       28.07467

 NSTEP =    97200   TIME(PS) =     194.400  TEMP(K) =   311.81  PRESS =   -56.4
 Etot   =     -7858.0832  EKtot   =      1901.6631  EPtot      =     -9759.7463
 BOND   =         4.7851  ANGLE   =         9.4943  DIHED      =         4.5964
 UB     =         0.0000  IMP     =         0.0000  CMAP       =        -0.1749
 1-4 NB =         4.8208  1-4 EEL =        49.5303  VDWAALS    =      1449.9676
 EELEC  =    -11282.7659  EHBOND  =         0.0000  RESTRAINT  =         0.0000
 EKCMT  =       922.3906  VIRIAL  =       960.5133  VOLUME     =     31294.0011
                                                    Density    =         0.9770
 ------------------------------------------------------------------------------

wrapping first mol.:       11.46420       16.21282       28.08143
wrapping first mol.:       11.46420       16.21282       28.08143

 NSTEP =    97300   TIME(PS) =     194.600  TEMP(K) =   301.48  PRESS =   341.9
 Etot   =     -7881.5699  EKtot   =      1838.6316  EPtot      =     -9720.2015
 BOND   =         6.8822  ANGLE   =        11.2325  DIHED      =         5.0903
 UB     =         0.0000  IMP     =         0.0000  CMAP       =         2.0489
 1-4 NB =         2.9988  1-4 EEL =        44.9956  VDWAALS    =      1508.0703
 EELEC  =    -11301.5201  EHBOND  =         0.0000  RESTRAINT  =         0.0000
 EKCMT  =       877.5684  VIRIAL  =       646.3911  VOLUME     =     31315.5160
                                                    Density    =         0.9764
 ------------------------------------------------------------------------------

wrapping first mol.:       11.47007       16.22113       28.09582
wrapping first mol.:       11.47007       16.22113       28.09582

 NSTEP =    97400   TIME(PS) =     194.800  TEMP(K) =   299.98  PRESS =   127.7
 Etot   =     -7861.9625  EKtot   =      1829.4631  EPtot      =     -9691.4256
 BOND   =         3.4777  ANGLE   =        13.9707  DIHED      =         4.9536
 UB     =         0.0000  IMP     =         0.0000  CMAP       =         0.1874
 1-4 NB =         4.1112  1-4 EEL =        44.8272  VDWAALS    =      1474.6189
 EELEC  =    -11237.5722  EHBOND  =         0.0000  RESTRAINT  =         0.0000
 EKCMT  =       909.2833  VIRIAL  =       822.7849  VOLUME     =     31364.2751
                                                    Density    =         0.9748
 ------------------------------------------------------------------------------

wrapping first mol.:       11.47101       16.22245       28.09811
wrapping first mol.:       11.47101       16.22245       28.09811

 NSTEP =    97500   TIME(PS) =     195.000  TEMP(K) =   302.85  PRESS =  -145.4
 Etot   =     -7874.4288  EKtot   =      1847.0020  EPtot      =     -9721.4308
 BOND   =         1.6530  ANGLE   =        10.1142  DIHED      =         3.5257
 UB     =         0.0000  IMP     =         0.0000  CMAP       =        -0.0662
 1-4 NB =         3.3762  1-4 EEL =        47.2484  VDWAALS    =      1437.0970
 EELEC  =    -11224.3791  EHBOND  =         0.0000  RESTRAINT  =         0.0000
 EKCMT  =       922.2834  VIRIAL  =      1020.7656  VOLUME     =     31372.7124
                                                    Density    =         0.9746
 ------------------------------------------------------------------------------

wrapping first mol.:       11.45717       16.20289       28.06422
wrapping first mol.:       11.45717       16.20289       28.06422

 NSTEP =    97600   TIME(PS) =     195.200  TEMP(K) =   298.71  PRESS =  -394.0
 Etot   =     -7918.0379  EKtot   =      1821.7330  EPtot      =     -9739.7709
 BOND   =         5.2449  ANGLE   =         9.0705  DIHED      =         4.8285
 UB     =         0.0000  IMP     =         0.0000  CMAP       =        -0.1630
 1-4 NB =         2.9204  1-4 EEL =        44.1044  VDWAALS    =      1407.6081
 EELEC  =    -11213.3848  EHBOND  =         0.0000  RESTRAINT  =         0.0000
 EKCMT  =       900.0951  VIRIAL  =      1166.0002  VOLUME     =     31260.0275
                                                    Density    =         0.9781
 ------------------------------------------------------------------------------

wrapping first mol.:       11.45317       16.19723       28.05443
wrapping first mol.:       11.45317       16.19723       28.05443

 NSTEP =    97700   TIME(PS) =     195.400  TEMP(K) =   299.67  PRESS =  -179.0
 Etot   =     -7917.2916  EKtot   =      1827.5664  EPtot      =     -9744.8580
 BOND   =         6.7549  ANGLE   =         8.7315  DIHED      =         4.4122
 UB     =         0.0000  IMP     =         0.0000  CMAP       =        -0.0113
 1-4 NB =         3.5026  1-4 EEL =        43.7174  VDWAALS    =      1444.6159
 EELEC  =    -11256.5813  EHBOND  =         0.0000  RESTRAINT  =         0.0000
 EKCMT  =       902.8171  VIRIAL  =      1023.5044  VOLUME     =     31226.7038
                                                    Density    =         0.9791
 ------------------------------------------------------------------------------

wrapping first mol.:       11.45250       16.19628       28.05278
wrapping first mol.:       11.45250       16.19628       28.05278

 NSTEP =    97800   TIME(PS) =     195.600  TEMP(K) =   303.04  PRESS =    35.6
 Etot   =     -7876.1436  EKtot   =      1848.1724  EPtot      =     -9724.3160
 BOND   =         2.9181  ANGLE   =        10.4746  DIHED      =         5.7730
 UB     =         0.0000  IMP     =         0.0000  CMAP       =        -0.0545
 1-4 NB =         3.3821  1-4 EEL =        45.0490  VDWAALS    =      1461.2929
 EELEC  =    -11253.1511  EHBOND  =         0.0000  RESTRAINT  =         0.0000
 EKCMT  =       953.4695  VIRIAL  =       929.4908  VOLUME     =     31220.5996
                                                    Density    =         0.9793
 ------------------------------------------------------------------------------

wrapping first mol.:       11.45395       16.19834       28.05634
wrapping first mol.:       11.45395       16.19834       28.05634

 NSTEP =    97900   TIME(PS) =     195.800  TEMP(K) =   300.89  PRESS =   328.9
 Etot   =     -7883.2578  EKtot   =      1835.0068  EPtot      =     -9718.2647
 BOND   =         3.4002  ANGLE   =        15.9004  DIHED      =         4.5337
 UB     =         0.0000  IMP     =         0.0000  CMAP       =         1.8163
 1-4 NB =         3.0580  1-4 EEL =        48.2175  VDWAALS    =      1483.5532
 EELEC  =    -11278.7439  EHBOND  =         0.0000  RESTRAINT  =         0.0000
 EKCMT  =       932.3430  VIRIAL  =       710.5734  VOLUME     =     31231.6778
                                                    Density    =         0.9790
 ------------------------------------------------------------------------------

wrapping first mol.:       11.46192       16.20960       28.07585
wrapping first mol.:       11.46192       16.20960       28.07585

 NSTEP =    98000   TIME(PS) =     196.000  TEMP(K) =   298.71  PRESS =  -166.3
 Etot   =     -7887.7835  EKtot   =      1821.7202  EPtot      =     -9709.5037
 BOND   =         7.7223  ANGLE   =        20.1542  DIHED      =         4.9058
 UB     =         0.0000  IMP     =         0.0000  CMAP       =        -0.2572
 1-4 NB =         4.1819  1-4 EEL =        44.3231  VDWAALS    =      1431.2957
 EELEC  =    -11221.8294  EHBOND  =         0.0000  RESTRAINT  =         0.0000
 EKCMT  =       902.3013  VIRIAL  =      1014.7046  VOLUME     =     31298.2525
                                                    Density    =         0.9769
 ------------------------------------------------------------------------------

wrapping first mol.:       11.45671       16.20223       28.06308
wrapping first mol.:       11.45671       16.20223       28.06308

 NSTEP =    98100   TIME(PS) =     196.200  TEMP(K) =   301.62  PRESS =    50.6
 Etot   =     -7879.6791  EKtot   =      1839.4688  EPtot      =     -9719.1478
 BOND   =         3.2357  ANGLE   =        21.8041  DIHED      =         4.4311
 UB     =         0.0000  IMP     =         0.0000  CMAP       =         0.0110
 1-4 NB =         3.0994  1-4 EEL =        46.2755  VDWAALS    =      1460.6126
 EELEC  =    -11258.6173  EHBOND  =         0.0000  RESTRAINT  =         0.0000
 EKCMT  =       903.5385  VIRIAL  =       869.3950  VOLUME     =     31254.9814
                                                    Density    =         0.9782
 ------------------------------------------------------------------------------

wrapping first mol.:       11.45630       16.20166       28.06209
wrapping first mol.:       11.45630       16.20166       28.06209

 NSTEP =    98200   TIME(PS) =     196.400  TEMP(K) =   299.86  PRESS =   -60.4
 Etot   =     -7835.7040  EKtot   =      1828.7488  EPtot      =     -9664.4528
 BOND   =         6.7624  ANGLE   =        17.3469  DIHED      =         3.5767
 UB     =         0.0000  IMP     =         0.0000  CMAP       =        -0.0130
 1-4 NB =         2.7309  1-4 EEL =        42.3038  VDWAALS    =      1422.2806
 EELEC  =    -11159.4412  EHBOND  =         0.0000  RESTRAINT  =         0.0000
 EKCMT  =       917.2988  VIRIAL  =       958.0746  VOLUME     =     31251.9756
                                                    Density    =         0.9783
 ------------------------------------------------------------------------------

wrapping first mol.:       11.45376       16.19807       28.05587
wrapping first mol.:       11.45376       16.19807       28.05587

 NSTEP =    98300   TIME(PS) =     196.600  TEMP(K) =   294.08  PRESS =  -213.4
 Etot   =     -7874.4720  EKtot   =      1793.5070  EPtot      =     -9667.9790
 BOND   =         1.4428  ANGLE   =        14.9586  DIHED      =         4.3597
 UB     =         0.0000  IMP     =         0.0000  CMAP       =        -0.0170
 1-4 NB =         6.6335  1-4 EEL =        45.5463  VDWAALS    =      1408.3274
 EELEC  =    -11149.2303  EHBOND  =         0.0000  RESTRAINT  =         0.0000
 EKCMT  =       900.7671  VIRIAL  =      1044.6655  VOLUME     =     31231.6171
                                                    Density    =         0.9790
 ------------------------------------------------------------------------------

wrapping first mol.:       11.44924       16.19167       28.04479
wrapping first mol.:       11.44924       16.19167       28.04479

 NSTEP =    98400   TIME(PS) =     196.800  TEMP(K) =   301.70  PRESS =  -102.2
 Etot   =     -7868.1511  EKtot   =      1839.9783  EPtot      =     -9708.1294
 BOND   =         5.0694  ANGLE   =        11.6834  DIHED      =         3.9476
 UB     =         0.0000  IMP     =         0.0000  CMAP       =         0.8271
 1-4 NB =         2.0181  1-4 EEL =        43.8271  VDWAALS    =      1424.2428
 EELEC  =    -11199.7449  EHBOND  =         0.0000  RESTRAINT  =         0.0000
 EKCMT  =       970.2240  VIRIAL  =      1039.0433  VOLUME     =     31194.3279
                                                    Density    =         0.9801
 ------------------------------------------------------------------------------

wrapping first mol.:       11.44927       16.19171       28.04486
wrapping first mol.:       11.44927       16.19171       28.04486

 NSTEP =    98500   TIME(PS) =     197.000  TEMP(K) =   304.17  PRESS =  -458.0
 Etot   =     -7852.7900  EKtot   =      1855.0393  EPtot      =     -9707.8293
 BOND   =         1.1623  ANGLE   =        12.6990  DIHED      =         3.3619
 UB     =         0.0000  IMP     =         0.0000  CMAP       =         1.1511
 1-4 NB =         2.6891  1-4 EEL =        47.2353  VDWAALS    =      1379.3058
 EELEC  =    -11155.4338  EHBOND  =         0.0000  RESTRAINT  =         0.0000
 EKCMT  =       923.6091  VIRIAL  =      1232.1244  VOLUME     =     31195.5521
                                                    Density    =         0.9801
 ------------------------------------------------------------------------------

wrapping first mol.:       11.44409       16.18439       28.03218
wrapping first mol.:       11.44409       16.18439       28.03218

 NSTEP =    98600   TIME(PS) =     197.200  TEMP(K) =   296.06  PRESS =  -289.5
 Etot   =     -7822.2100  EKtot   =      1805.5879  EPtot      =     -9627.7979
 BOND   =         2.9314  ANGLE   =        10.9048  DIHED      =         3.9158
 UB     =         0.0000  IMP     =         0.0000  CMAP       =         1.1855
 1-4 NB =         4.8259  1-4 EEL =        46.8156  VDWAALS    =      1360.4135
 EELEC  =    -11058.7905  EHBOND  =         0.0000  RESTRAINT  =         0.0000
 EKCMT  =       904.0108  VIRIAL  =      1098.7620  VOLUME     =     31152.7842
                                                    Density    =         0.9815
 ------------------------------------------------------------------------------

wrapping first mol.:       11.43850       16.17648       28.01848
wrapping first mol.:       11.43850       16.17648       28.01848

 NSTEP =    98700   TIME(PS) =     197.400  TEMP(K) =   296.40  PRESS =  -259.6
 Etot   =     -7811.0526  EKtot   =      1807.6409  EPtot      =     -9618.6935
 BOND   =         3.7477  ANGLE   =        11.8374  DIHED      =         3.9023
 UB     =         0.0000  IMP     =         0.0000  CMAP       =         0.3795
 1-4 NB =         3.0491  1-4 EEL =        45.9967  VDWAALS    =      1367.6983
 EELEC  =    -11055.3043  EHBOND  =         0.0000  RESTRAINT  =         0.0000
 EKCMT  =       908.5364  VIRIAL  =      1082.8783  VOLUME     =     31107.0384
                                                    Density    =         0.9829
 ------------------------------------------------------------------------------

wrapping first mol.:       11.43781       16.17551       28.01680
wrapping first mol.:       11.43781       16.17551       28.01680

 NSTEP =    98800   TIME(PS) =     197.600  TEMP(K) =   300.65  PRESS =   -93.3
 Etot   =     -7821.1028  EKtot   =      1833.5596  EPtot      =     -9654.6624
 BOND   =         4.5072  ANGLE   =        14.8179  DIHED      =         4.2726
 UB     =         0.0000  IMP     =         0.0000  CMAP       =         0.3888
 1-4 NB =         3.2444  1-4 EEL =        42.1765  VDWAALS    =      1391.6654
 EELEC  =    -11115.7352  EHBOND  =         0.0000  RESTRAINT  =         0.0000
 EKCMT  =       922.0874  VIRIAL  =       984.7159  VOLUME     =     31100.9820
                                                    Density    =         0.9831
 ------------------------------------------------------------------------------

wrapping first mol.:       11.43892       16.17707       28.01950
wrapping first mol.:       11.43892       16.17707       28.01950

 NSTEP =    98900   TIME(PS) =     197.800  TEMP(K) =   311.24  PRESS =  -518.3
 Etot   =     -7779.4397  EKtot   =      1898.1650  EPtot      =     -9677.6047
 BOND   =         3.1038  ANGLE   =         9.3686  DIHED      =         3.6475
 UB     =         0.0000  IMP     =         0.0000  CMAP       =         1.2608
 1-4 NB =         2.0326  1-4 EEL =        42.0618  VDWAALS    =      1344.2626
 EELEC  =    -11083.3423  EHBOND  =         0.0000  RESTRAINT  =         0.0000
 EKCMT  =       955.4725  VIRIAL  =      1303.6258  VOLUME     =     31111.1737
                                                    Density    =         0.9828
 ------------------------------------------------------------------------------

wrapping first mol.:       11.43779       16.17548       28.01676
wrapping first mol.:       11.43779       16.17548       28.01676

 NSTEP =    99000   TIME(PS) =     198.000  TEMP(K) =   309.15  PRESS =  -171.0
 Etot   =     -7806.1398  EKtot   =      1885.3837  EPtot      =     -9691.5235
 BOND   =         3.7438  ANGLE   =        10.3667  DIHED      =         6.1345
 UB     =         0.0000  IMP     =         0.0000  CMAP       =         0.3356
 1-4 NB =         3.4956  1-4 EEL =        44.4590  VDWAALS    =      1406.0771
 EELEC  =    -11166.1358  EHBOND  =         0.0000  RESTRAINT  =         0.0000
 EKCMT  =       974.0581  VIRIAL  =      1088.8740  VOLUME     =     31101.0661
                                                    Density    =         0.9831
 ------------------------------------------------------------------------------

wrapping first mol.:       11.43616       16.17318       28.01277
wrapping first mol.:       11.43616       16.17318       28.01277

 NSTEP =    99100   TIME(PS) =     198.200  TEMP(K) =   311.59  PRESS =   -46.7
 Etot   =     -7823.9996  EKtot   =      1900.2974  EPtot      =     -9724.2970
 BOND   =         6.5361  ANGLE   =         7.4211  DIHED      =         3.6206
 UB     =         0.0000  IMP     =         0.0000  CMAP       =         0.2145
 1-4 NB =         2.4904  1-4 EEL =        45.2809  VDWAALS    =      1429.6139
 EELEC  =    -11219.4743  EHBOND  =         0.0000  RESTRAINT  =         0.0000
 EKCMT  =       959.6433  VIRIAL  =       991.0186  VOLUME     =     31087.4258
                                                    Density    =         0.9835
 ------------------------------------------------------------------------------

wrapping first mol.:       11.43803       16.17582       28.01734
wrapping first mol.:       11.43803       16.17582       28.01734

 NSTEP =    99200   TIME(PS) =     198.400  TEMP(K) =   305.81  PRESS =   -14.6
 Etot   =     -7826.3948  EKtot   =      1865.0355  EPtot      =     -9691.4303
 BOND   =         2.9974  ANGLE   =         7.9987  DIHED      =         5.1300
 UB     =         0.0000  IMP     =         0.0000  CMAP       =         0.1217
 1-4 NB =         3.9654  1-4 EEL =        47.9432  VDWAALS    =      1427.1689
 EELEC  =    -11186.7556  EHBOND  =         0.0000  RESTRAINT  =         0.0000
 EKCMT  =       952.3738  VIRIAL  =       962.1817  VOLUME     =     31102.5821
                                                    Density    =         0.9830
 ------------------------------------------------------------------------------

wrapping first mol.:       11.43092       16.16575       27.99991
wrapping first mol.:       11.43092       16.16575       27.99991

 NSTEP =    99300   TIME(PS) =     198.600  TEMP(K) =   307.69  PRESS =  -270.9
 Etot   =     -7845.0136  EKtot   =      1876.5225  EPtot      =     -9721.5360
 BOND   =         5.3278  ANGLE   =         7.2755  DIHED      =         3.9900
 UB     =         0.0000  IMP     =         0.0000  CMAP       =         0.7637
 1-4 NB =         3.2004  1-4 EEL =        45.6136  VDWAALS    =      1397.5827
 EELEC  =    -11185.2898  EHBOND  =         0.0000  RESTRAINT  =         0.0000
 EKCMT  =       906.6816  VIRIAL  =      1088.2677  VOLUME     =     31045.2548
                                                    Density    =         0.9849
 ------------------------------------------------------------------------------

wrapping first mol.:       11.42108       16.15185       27.97582
wrapping first mol.:       11.42108       16.15185       27.97582

 NSTEP =    99400   TIME(PS) =     198.800  TEMP(K) =   299.12  PRESS =   -50.2
 Etot   =     -7865.3020  EKtot   =      1824.2643  EPtot      =     -9689.5662
 BOND   =         4.0821  ANGLE   =         9.7389  DIHED      =         3.8621
 UB     =         0.0000  IMP     =         0.0000  CMAP       =         1.6547
 1-4 NB =         1.9439  1-4 EEL =        41.9798  VDWAALS    =      1411.2775
 EELEC  =    -11164.1052  EHBOND  =         0.0000  RESTRAINT  =         0.0000
 EKCMT  =       906.7765  VIRIAL  =       940.3220  VOLUME     =     30964.5868
                                                    Density    =         0.9874
 ------------------------------------------------------------------------------

wrapping first mol.:       11.41121       16.13788       27.95163
wrapping first mol.:       11.41121       16.13788       27.95163

 NSTEP =    99500   TIME(PS) =     199.000  TEMP(K) =   297.97  PRESS =  -269.6
 Etot   =     -7906.6648  EKtot   =      1817.2192  EPtot      =     -9723.8841
 BOND   =         2.3772  ANGLE   =        10.9178  DIHED      =         3.6357
 UB     =         0.0000  IMP     =         0.0000  CMAP       =         0.0422
 1-4 NB =         5.0567  1-4 EEL =        47.2184  VDWAALS    =      1390.6772
 EELEC  =    -11183.8092  EHBOND  =         0.0000  RESTRAINT  =         0.0000
 EKCMT  =       898.2509  VIRIAL  =      1078.0613  VOLUME     =     30884.9477
                                                    Density    =         0.9900
 ------------------------------------------------------------------------------

wrapping first mol.:       11.41246       16.13966       27.95471
wrapping first mol.:       11.41246       16.13966       27.95471

 NSTEP =    99600   TIME(PS) =     199.200  TEMP(K) =   303.42  PRESS =  -533.3
 Etot   =     -7929.1069  EKtot   =      1850.4684  EPtot      =     -9779.5753
 BOND   =         1.9103  ANGLE   =         9.6347  DIHED      =         5.0623
 UB     =         0.0000  IMP     =         0.0000  CMAP       =         1.3625
 1-4 NB =         2.8085  1-4 EEL =        44.4400  VDWAALS    =      1366.3387
 EELEC  =    -11211.1322  EHBOND  =         0.0000  RESTRAINT  =         0.0000
 EKCMT  =       944.1173  VIRIAL  =      1299.8754  VOLUME     =     30895.8734
                                                    Density    =         0.9896
 ------------------------------------------------------------------------------

wrapping first mol.:       11.41755       16.14686       27.96717
wrapping first mol.:       11.41755       16.14686       27.96717

 NSTEP =    99700   TIME(PS) =     199.400  TEMP(K) =   297.40  PRESS =   489.8
 Etot   =     -7949.5477  EKtot   =      1813.7687  EPtot      =     -9763.3164
 BOND   =         4.5772  ANGLE   =        11.8757  DIHED      =         4.8868
 UB     =         0.0000  IMP     =         0.0000  CMAP       =         0.9332
 1-4 NB =         2.9046  1-4 EEL =        46.3499  VDWAALS    =      1513.3937
 EELEC  =    -11348.2376  EHBOND  =         0.0000  RESTRAINT  =         0.0000
 EKCMT  =       917.8868  VIRIAL  =       590.7579  VOLUME     =     30934.4056
                                                    Density    =         0.9884
 ------------------------------------------------------------------------------

wrapping first mol.:       11.42711       16.16038       27.99059
wrapping first mol.:       11.42711       16.16038       27.99059

 NSTEP =    99800   TIME(PS) =     199.600  TEMP(K) =   300.87  PRESS =   360.3
 Etot   =     -7924.9509  EKtot   =      1834.9042  EPtot      =     -9759.8551
 BOND   =         3.6984  ANGLE   =        10.3464  DIHED      =         6.3504
 UB     =         0.0000  IMP     =         0.0000  CMAP       =         0.7900
 1-4 NB =         2.2008  1-4 EEL =        41.9598  VDWAALS    =      1492.4691
 EELEC  =    -11317.6700  EHBOND  =         0.0000  RESTRAINT  =         0.0000
 EKCMT  =       895.0255  VIRIAL  =       653.7450  VOLUME     =     31012.5357
                                                    Density    =         0.9859
 ------------------------------------------------------------------------------

wrapping first mol.:       11.43876       16.17685       28.01912
wrapping first mol.:       11.43876       16.17685       28.01912

 NSTEP =    99900   TIME(PS) =     199.800  TEMP(K) =   301.17  PRESS =   544.8
 Etot   =     -7917.4272  EKtot   =      1836.7247  EPtot      =     -9754.1519
 BOND   =         3.3106  ANGLE   =        12.5615  DIHED      =         3.3196
 UB     =         0.0000  IMP     =         0.0000  CMAP       =         1.7748
 1-4 NB =         2.8033  1-4 EEL =        42.3386  VDWAALS    =      1518.0520
 EELEC  =    -11338.3121  EHBOND  =         0.0000  RESTRAINT  =         0.0000
 EKCMT  =       935.3462  VIRIAL  =       569.4547  VOLUME     =     31106.9611
                                                    Density    =         0.9829
 ------------------------------------------------------------------------------

wrapping first mol.:       11.43920       16.17747       28.02020
wrapping first mol.:       11.43920       16.17747       28.02020

 NSTEP =   100000   TIME(PS) =     200.000  TEMP(K) =   295.81  PRESS =  -352.4
 Etot   =     -7909.0848  EKtot   =      1804.0653  EPtot      =     -9713.1501
 BOND   =         4.6329  ANGLE   =         9.8926  DIHED      =         3.7737
 UB     =         0.0000  IMP     =         0.0000  CMAP       =         0.1206
 1-4 NB =         3.4001  1-4 EEL =        44.1575  VDWAALS    =      1400.6384
 EELEC  =    -11179.7659  EHBOND  =         0.0000  RESTRAINT  =         0.0000
 EKCMT  =       914.8341  VIRIAL  =      1151.5353  VOLUME     =     31113.0265
                                                    Density    =         0.9827
 ------------------------------------------------------------------------------


      A V E R A G E S   O V E R    1000 S T E P S


 NSTEP =   100000   TIME(PS) =     200.000  TEMP(K) =   299.50  PRESS =    -1.0
 Etot   =     -7892.5998  EKtot   =      1826.5813  EPtot      =     -9719.1811
 BOND   =         3.1975  ANGLE   =         9.0320  DIHED      =         4.6842
 UB     =         0.0000  IMP     =         0.0000  CMAP       =         0.4034
 1-4 NB =         3.3753  1-4 EEL =        45.4908  VDWAALS    =      1438.7791
 EELEC  =    -11224.1435  EHBOND  =         0.0000  RESTRAINT  =         0.0000
 EKCMT  =       909.5268  VIRIAL  =       910.1926  VOLUME     =     31078.4241
                                                    Density    =         0.9838
 ------------------------------------------------------------------------------


      R M S  F L U C T U A T I O N S


 NSTEP =   100000   TIME(PS) =     200.000  TEMP(K) =     5.30  PRESS =   301.5
 Etot   =        59.0210  EKtot   =        32.3287  EPtot      =        48.0145
 BOND   =         1.4622  ANGLE   =         2.4053  DIHED      =         1.1495
 UB     =         0.0000  IMP     =         0.0000  CMAP       =         0.7245
 1-4 NB =         0.7926  1-4 EEL =         2.2034  VDWAALS    =        44.0905
 EELEC  =        73.6037  EHBOND  =         0.0000  RESTRAINT  =         0.0000
 EKCMT  =        22.7762  VIRIAL  =       202.6467  VOLUME     =       133.5947
                                                    Density    =         0.0042
 ------------------------------------------------------------------------------

--------------------------------------------------------------------------------
   5.  TIMINGS
--------------------------------------------------------------------------------

|  NonSetup CPU Time in Major Routines:
|
|     Routine           Sec        %
|     ------------------------------
|     Nonbond          17.49   74.06
|     Bond              0.00    0.00
|     Angle             0.00    0.00
|     Dihedral          0.00    0.00
|     Shake             0.32    1.35
|     RunMD             5.65   23.91
|     Other             0.16    0.68
|     ------------------------------
|     Total            23.61

|  PME Nonbond Pairlist CPU Time:
|
|     Routine              Sec        %
|     ---------------------------------
|     Set Up Cit           0.00    0.00
|     Build List           0.00    0.00
|     ---------------------------------
|     Total                0.00    0.00

|  PME Direct Force CPU Time:
|
|     Routine              Sec        %
|     ---------------------------------
|     NonBonded Calc       0.00    0.00
|     Exclude Masked       0.00    0.00
|     Other                0.10    0.44
|     ---------------------------------
|     Total                0.10    0.44

|  PME Reciprocal Force CPU Time:
|
|     Routine              Sec        %
|     ---------------------------------
|     1D bspline           0.00    0.00
|     Grid Charges         0.00    0.00
|     Scalar Sum           0.00    0.00
|     Gradient Sum         0.00    0.00
|     FFT                  0.00    0.00
|     ---------------------------------
|     Total                0.00    0.00

|  Final Performance Info:
|     -----------------------------------------------------
|     Average timings for last  100000 steps:
|     Elapsed(s) =      23.69 Per Step(ms) =       0.24
|         ns/day =     729.51   seconds/ns =     118.44
|
|     Average timings for all steps:
|     Elapsed(s) =      23.69 Per Step(ms) =       0.24
|         ns/day =     729.51   seconds/ns =     118.44
|     -----------------------------------------------------

|  Setup CPU time:            0.19 seconds
|  NonSetup CPU time:        23.61 seconds
|  Total CPU time:           23.80 seconds     0.01 hours

|  Setup wall time:           0    seconds
|  NonSetup wall time:       23    seconds
|  Total wall time:          23    seconds     0.01 hours
