| Run on Thu Jun  4 13:50:01 2026
| GB non-polar solvation energies calculated with gbsa=2
idecomp = 1: Per-residue decomp adding 1-4 interactions to Internal.
Energy Decomposition Analysis (All units kcal/mol): Generalized Born solvent
DELTAS:
Total Energy Decomposition:
Residue,Location,Internal,,,van der Waals,,,Electrostatic,,,Polar Solvation,,,Non-Polar Solv.,,,TOTAL,,
,,Avg.,Std. Dev.,Std. Err. of Mean,Avg.,Std. Dev.,Std. Err. of Mean,Avg.,Std. Dev.,Std. Err. of Mean,Avg.,Std. Dev.,Std. Err. of Mean,Avg.,Std. Dev.,Std. Err. of Mean
PRO   1,R PRO   1,0.0,0.0,0.0,-0.0011000000000000365,0.0005385164807134522,5.3851648071345215e-05,0.34895000000000076,0.10217909522010808,0.010217909522010809,-0.31874,0.09978392856567643,0.009978392856567642,0.0,0.0,0.0,0.029110000000002162,0.013002995808659969,0.0013002995808659968
GLN   2,R GLN   2,0.0,0.0,0.0,-0.0015699999999998937,0.0005523585791856425,5.523585791856424e-05,0.02882999999999953,0.019573479506720573,0.0019573479506720575,0.007999999999999953,0.0176380271005575,0.00176380271005575,0.0,0.0,0.0,0.03526000000000082,0.01004551641280929,0.001004551641280929
ILE   3,R ILE   3,0.0,0.0,0.0,-0.009030000000000017,0.003345011210743515,0.00033450112107435146,-0.011789999999999879,0.01211387221329261,0.001211387221329261,0.03101,0.012747152623233142,0.0012747152623233142,0.0,0.0,0.0,0.010189999999999286,0.009176813172338635,0.0009176813172338636
THR   4,R THR   4,0.0,0.0,0.0,-0.0054300000000000286,0.0017621293936598255,0.00017621293936598254,-0.03011000000000024,0.02298560201517464,0.002298560201517464,0.09844000000000004,0.028296049194189644,0.0028296049194189645,0.0,0.0,0.0,0.06289999999999961,0.014491031709302321,0.0014491031709302322
LEU   5,R LEU   5,0.0,0.0,0.0,-0.03126,0.011513140318783581,0.001151314031878358,-0.01778999999999968,0.026148917759631074,0.0026148917759631074,0.01607999999999999,0.03330395772276922,0.003330395772276922,0.0,0.0,0.0,-0.03296999999999954,0.03006275270164101,0.0030062752701641013
TRP   6,R TRP   6,0.0,0.0,0.0,-0.010389999999999979,0.0023103895775388864,0.00023103895775388865,-0.008169999999999646,0.032128820395401776,0.003212882039540178,0.027060000000000015,0.03402376228461526,0.003402376228461526,0.0,0.0,0.0,0.008500000000000493,0.01204450081987561,0.001204450081987561
GLN   7,R GLN   7,0.0,0.0,0.0,-0.03454000000000002,0.013617944044531883,0.0013617944044531883,-0.04661000000000016,0.04390282337162428,0.004390282337162428,0.17995999999999995,0.05058674134592992,0.005058674134592992,0.0,0.0,0.0,0.09880999999999936,0.03217349685688585,0.003217349685688585
ARG   8,R ARG   8,0.0,0.0,0.0,-1.5673000000000001,0.633874474955412,0.0633874474955412,0.1115000000000002,2.5242279671218295,0.25242279671218293,1.6040200000000002,2.022756900766872,0.2022756900766872,-0.22518532799999996,0.06699661871446054,0.006699661871446054,-0.07696532800000085,1.0670292766515304,0.10670292766515303
PRO   9,R PRO   9,0.0,0.0,0.0,-0.4558100000000001,0.24888606610254405,0.024888606610254403,0.10294000000000025,0.14675502171987176,0.014675502171987176,0.049979999999999955,0.07512602478502378,0.0075126024785023785,-0.010358136000000007,0.007885357997345702,0.0007885357997345702,-0.3132481360000007,0.20881988033869403,0.020881988033869404
LEU  10,R LEU  10,0.0,0.0,0.0,-0.06657000000000002,0.02341378013051283,0.002341378013051283,-0.03899999999999992,0.02569280054801265,0.0025692800548012653,0.11278999999999999,0.03164752596965527,0.0031647525969655268,0.0,0.0,0.0,0.007220000000000286,0.032591894697915305,0.0032591894697915303
VAL  11,R VAL  11,0.0,0.0,0.0,-0.015919999999999917,0.004473656222822624,0.0004473656222822624,0.009739999999999825,0.015269328734427096,0.0015269328734427096,0.0036199999999999843,0.0188609543767011,0.00188609543767011,0.0,0.0,0.0,-0.002560000000001099,0.014176967235626215,0.0014176967235626215
THR  12,R THR  12,0.0,0.0,0.0,-0.003310000000000075,0.0006587108622149327,6.587108622149326e-05,-0.016750000000000112,0.013588506172497536,0.0013588506172497535,0.05871000000000001,0.015009526974558521,0.001500952697455852,0.0,0.0,0.0,0.038649999999999934,0.013985975117952246,0.0013985975117952246
ILE  13,R ILE  13,0.0,0.0,0.0,-0.006150000000000117,0.0009313968005097113,9.313968005097113e-05,0.025840000000000033,0.006019501640502032,0.0006019501640502032,0.0014199999999999979,0.010427060947361913,0.0010427060947361913,0.0,0.0,0.0,0.02110999999999912,0.00928535944376958,0.000928535944376958
LYS  14,R LYS  14,0.0,0.0,0.0,-0.0012499999999999645,0.00043301270189227497,4.3301270189227495e-05,0.21970000000000084,0.08256966755413289,0.008256966755413288,-0.20458999999999983,0.08356256278980442,0.008356256278980442,0.0,0.0,0.0,0.013860000000001307,0.00913347688451551,0.0009133476884515509
ILE  15,R ILE  15,0.0,0.0,0.0,-0.00230000000000004,0.0005744562646537397,5.7445626465373964e-05,0.014329999999999786,0.005353606261203225,0.0005353606261203225,-0.0008100000000000185,0.009098016267296947,0.0009098016267296947,0.0,0.0,0.0,0.011219999999999293,0.009401680700810525,0.0009401680700810525
GLY  16,R GLY  16,0.0,0.0,0.0,-0.00024999999999999025,0.00043301270189220243,4.3301270189220245e-05,0.010159999999999557,0.006514169171890346,0.0006514169171890346,-0.01484999999999996,0.008110949389559759,0.0008110949389559758,0.0,0.0,0.0,-0.004939999999999896,0.0029759704299610703,0.00029759704299610703
GLY  17,R GLY  17,0.0,0.0,0.0,-0.00022999999999999464,0.00042083250825000653,4.208325082500065e-05,0.009310000000000328,0.0041344769923181805,0.00041344769923181806,-0.007050000000000032,0.00438947605073772,0.00043894760507377204,0.0,0.0,0.0,0.002030000000000316,0.0011176314240389012,0.00011176314240389012
GLN  18,R GLN  18,0.0,0.0,0.0,-0.0008100000000000085,0.0004624932431938938,4.624932431938938e-05,-0.01816000000000102,0.012485767897889893,0.0012485767897889894,0.028810000000000002,0.013001303780775292,0.0013001303780775292,0.0,0.0,0.0,0.009839999999999379,0.005601285566725764,0.0005601285566725763
LEU  19,R LEU  19,0.0,0.0,0.0,-0.0011399999999999943,0.00037469987990393377,3.746998799039338e-05,0.014790000000000702,0.004840030991635376,0.00048400309916353756,0.01413000000000003,0.007012353385276574,0.0007012353385276574,0.0,0.0,0.0,0.027780000000001106,0.0075902305630314295,0.000759023056303143
LYS  20,R LYS  20,0.0,0.0,0.0,-0.004670000000000005,0.000837317144217244,8.37317144217244e-05,0.1789499999999991,0.19090083158540705,0.019090083158540706,-0.059170000000000084,0.1888330508676913,0.01888330508676913,0.0,0.0,0.0,0.11510999999999914,0.04509232639817966,0.004509232639817966
GLU  21,R GLU  21,0.0,0.0,0.0,-0.01236999999999997,0.0028518590427999944,0.00028518590427999943,-0.09662000000000007,0.22289521215135966,0.022289521215135964,0.1398099999999998,0.22155341094192157,0.022155341094192156,0.0,0.0,0.0,0.03081999999999901,0.03144753726446694,0.0031447537264466937
ALA  22,R ALA  22,0.0,0.0,0.0,-0.040150000000000005,0.009114137370042213,0.0009114137370042213,0.012290000000000845,0.03870563137322415,0.003870563137322415,0.04302000000000003,0.05395164130960238,0.005395164130960238,0.0,0.0,0.0,0.015160000000000262,0.059660995633662554,0.0059660995633662554
LEU  23,R LEU  23,0.0,0.0,0.0,-1.4154600000000002,0.36218855365679314,0.036218855365679314,-0.2930000000000001,0.2052997320991929,0.02052997320991929,0.34850999999999993,0.14492760227092696,0.014492760227092696,-0.14811731999999997,0.03985256092450789,0.003985256092450789,-1.5080673200000008,0.4750287578707642,0.04750287578707642
LEU  24,R LEU  24,0.0,0.0,0.0,-0.48141000000000034,0.24646168444608166,0.024646168444608166,-0.15864000000000003,0.24591972348715807,0.024591972348715806,0.5138900000000002,0.31457701425882945,0.031457701425882945,-0.013690079999999999,0.009303846296236845,0.0009303846296236845,-0.1398500799999999,0.2674061997978066,0.02674061997978066
ASP  25,R ASP  25,0.0,0.0,0.0,-1.2596800000000001,0.571845081818494,0.057184508181849406,-5.963930000000001,1.9246852691024532,0.19246852691024532,7.835350000000002,2.425441243877074,0.2425441243877074,-0.15652468800000002,0.042289224319775,0.0042289224319775,0.45521531200000015,0.7763840687751192,0.07763840687751192
THR  26,R THR  26,0.0,0.0,0.0,-0.12093999999999999,0.08899975505584257,0.008899975505584256,0.20018000000000008,0.22145755259191327,0.022145755259191328,-0.15466999999999995,0.23242573243941816,0.023242573243941817,0.0,0.0,0.0,-0.07543000000000026,0.1112690662313649,0.01112690662313649
GLY  27,R GLY  27,0.0,0.0,0.0,-0.3568300000000001,0.45611796840291235,0.045611796840291235,0.6154100000000002,0.5810545601748598,0.05810545601748598,-0.1835800000000001,0.31212312250136165,0.031212312250136164,-0.02662811999999999,0.04174538350737242,0.0041745383507372415,0.048371879999999895,0.22904631909763856,0.022904631909763856
ALA  28,R ALA  28,0.0,0.0,0.0,-0.4925699999999997,0.5387334453141002,0.05387334453141002,0.3706800000000003,0.14373078167184686,0.014373078167184685,-0.32241,0.23889454137757093,0.023889454137757095,-0.06907996799999996,0.08422384194156296,0.008422384194156297,-0.5133799680000005,0.7030142434308111,0.0703014243430811
ASP  29,R ASP  29,0.0,0.0,0.0,-0.09298999999999998,0.1221457731565034,0.01221457731565034,-1.3665100000000001,0.7324719857441637,0.07324719857441638,1.39806,0.8298450436075402,0.08298450436075402,-0.004051584000000001,0.02277107883792387,0.002277107883792387,-0.06549158400000031,0.10903239678885816,0.010903239678885816
ASP  30,R ASP  30,0.0,0.0,0.0,-0.08320999999999999,0.06185811102838493,0.006185811102838492,-1.7535699999999996,0.5355568551517202,0.05355568551517202,1.85673,0.544605854816125,0.0544605854816125,-0.002926584000000001,0.0069331647306366566,0.0006933164730636656,0.01702341600000075,0.084353053096981,0.008435305309698101
THR  31,R THR  31,0.0,0.0,0.0,-0.04963000000000002,0.01996679994390693,0.001996679994390693,0.05638999999999953,0.03767808248836421,0.003767808248836421,0.00782999999999997,0.05127320060226397,0.005127320060226397,0.0,0.0,0.0,0.014589999999999676,0.05518244195394008,0.005518244195394008
VAL  32,R VAL  32,0.0,0.0,0.0,-0.55536,0.20262944109877007,0.02026294410987701,0.07220999999999975,0.059703483147971304,0.0059703483147971305,0.21444,0.06528312492520574,0.006528312492520574,-0.11511626400000002,0.03588475654073603,0.003588475654073603,-0.3838262640000002,0.23181681681255997,0.023181681681256
LEU  33,R LEU  33,0.0,0.0,0.0,-0.03786999999999995,0.00712412099841087,0.0007124120998410869,-0.06896999999999977,0.03308820182482021,0.003308820182482021,0.10714000000000003,0.0435506647480839,0.00435506647480839,0.0,0.0,0.0,0.00030000000000070416,0.032527373087909525,0.0032527373087909523
GLU  34,R GLU  34,0.0,0.0,0.0,-0.019639999999999897,0.005478174878552241,0.0005478174878552241,-0.15381000000000042,0.24892796930035824,0.024892796930035824,0.12239999999999984,0.25124187549053245,0.025124187549053247,0.0,0.0,0.0,-0.05105000000000111,0.04875046153627891,0.004875046153627891
GLU  35,R GLU  35,0.0,0.0,0.0,-0.0061099999999999636,0.0015930787802240364,0.00015930787802240364,-0.14484999999999815,0.18523667968304716,0.018523667968304715,0.13914,0.18104353178172364,0.018104353178172362,0.0,0.0,0.0,-0.011819999999997464,0.020908553273719394,0.0020908553273719394
MET  36,R MET  36,0.0,0.0,0.0,-0.0034000000000000076,0.0007874007874012741,7.874007874012741e-05,-0.01768000000000015,0.01464846749663766,0.001464846749663766,0.017479999999999992,0.015902502947649486,0.0015902502947649486,0.0,0.0,0.0,-0.0035999999999998078,0.016128856128070874,0.0016128856128070873
SER  37,R SER  37,0.0,0.0,0.0,-0.0006700000000000061,0.0004702127178203542,4.7021271782035424e-05,-0.006040000000000347,0.007830606617626013,0.0007830606617626013,0.011569999999999893,0.00921765154472664,0.0009217651544726641,0.0,0.0,0.0,0.004859999999999829,0.003924334338457569,0.00039243343384575693
LEU  38,R LEU  38,0.0,0.0,0.0,-0.0016800000000000016,0.000507543101617989,5.07543101617989e-05,0.016800000000000422,0.006125357132445579,0.0006125357132445579,0.012620000000000006,0.008417576848476084,0.0008417576848476084,0.0,0.0,0.0,0.027740000000000667,0.00954947118954778,0.000954947118954778
PRO  39,R PRO  39,0.0,0.0,0.0,-0.00046999999999997933,0.0004990991885386894,4.9909918853868934e-05,-0.019010000000000245,0.008055426742265163,0.0008055426742265163,0.012059999999999951,0.00903528638173683,0.000903528638173683,0.0,0.0,0.0,-0.007420000000000577,0.0029771798736393925,0.0002977179873639393
GLY  40,R GLY  40,0.0,0.0,0.0,-0.00019000000000001015,0.00039230090491868165,3.9230090491868165e-05,-0.003019999999999783,0.007223544836158559,0.0007223544836158559,0.00499000000000005,0.0070462685160302815,0.0007046268516030282,0.0,0.0,0.0,0.00178000000000047,0.0010447966309286502,0.00010447966309286503
ARG  41,R ARG  41,0.0,0.0,0.0,-0.0005899999999999616,0.0004918333050942858,4.9183330509428575e-05,0.17216999999999885,0.0955021523317666,0.00955021523317666,-0.16352999999999923,0.0952026738069887,0.00952026738069887,0.0,0.0,0.0,0.008049999999997226,0.003290516676754071,0.0003290516676754071
TRP  42,R TRP  42,0.0,0.0,0.0,-0.0019299999999998541,0.0004950757517794206,4.950757517794206e-05,0.016889999999999787,0.005414600631626032,0.0005414600631626032,-0.006080000000000055,0.0073657043111979665,0.0007365704311197966,0.0,0.0,0.0,0.008879999999999715,0.0049583868344459416,0.0004958386834445942
LYS  43,R LYS  43,0.0,0.0,0.0,-0.0022200000000000175,0.000843563868358577,8.43563868358577e-05,0.3355500000000001,0.18720354563949912,0.018720354563949913,-0.30047000000000035,0.1852658336013416,0.01852658336013416,0.0,0.0,0.0,0.03285999999999809,0.01804938780125329,0.001804938780125329
PRO  44,R PRO  44,0.0,0.0,0.0,-0.0026300000000000347,0.0006427285585688192,6.427285585688192e-05,-0.00974999999999973,0.013235085946074435,0.0013235085946074435,0.03661999999999999,0.014929688543301895,0.0014929688543301894,0.0,0.0,0.0,0.024240000000000456,0.008772821666945142,0.0008772821666945142
LYS  45,R LYS  45,0.0,0.0,0.0,-0.019790000000000064,0.008099746909626226,0.0008099746909626226,0.78988,0.5120669542159499,0.05120669542159499,-0.56896,0.5179749206284022,0.05179749206284022,0.0,0.0,0.0,0.20113000000000025,0.06688970847596777,0.006688970847596777
MET  46,R MET  46,0.0,0.0,0.0,-0.05046000000000004,0.026253921611827807,0.0026253921611827805,-0.007240000000000464,0.0658575918174981,0.006585759181749811,0.2847999999999998,0.08137788397347377,0.008137788397347377,-0.00047570400000000013,0.0032216427564185296,0.000322164275641853,0.22662429599999986,0.06449212847200884,0.006449212847200884
ILE  47,R ILE  47,0.0,0.0,0.0,-0.8247899999999998,0.2811425721942518,0.028114257219425183,0.2868699999999997,0.32447122075771306,0.03244712207577131,-0.08328000000000003,0.2353373782466355,0.023533737824663552,-0.10664971200000005,0.040097633006653186,0.0040097633006653186,-0.727849712,0.3561857926868176,0.03561857926868176
GLY  48,R GLY  48,0.0,0.0,0.0,-1.5233899999999998,0.4643583722729688,0.046435837227296876,-1.517070000000001,0.6119969976233514,0.061199699762335136,2.675579999999999,0.6214780797421654,0.06214780797421654,-0.283696344,0.0780658680282545,0.007806586802825451,-0.6485763440000001,0.5506167282398574,0.05506167282398574
GLY  49,R GLY  49,0.0,0.0,0.0,-1.7983100000000005,0.41849955065686845,0.041849955065686846,-1.3411500000000003,0.6412408966215428,0.06412408966215428,2.7127799999999995,0.6121277739165292,0.061212777391652914,-0.19329753599999996,0.050938703223092525,0.0050938703223092525,-0.6199775360000005,0.6058823818441076,0.06058823818441076
ILE  50,R ILE  50,0.0,0.0,0.0,-3.6354999999999986,1.0756951008534004,0.10756951008534003,-1.179210000000001,0.8214269936519009,0.08214269936519009,0.9218299999999996,0.4001898813063624,0.04001898813063624,-0.4777560000000001,0.09939937387160463,0.009939937387160463,-4.370636000000001,1.5808280819741498,0.158082808197415
GLY  51,R GLY  51,0.0,0.0,0.0,-0.26299,0.31691858560204383,0.031691858560204386,-0.7093499999999995,0.8800461166893468,0.08800461166893468,0.5915199999999998,0.5706858939907317,0.057068589399073166,-0.049436783999999984,0.044361551660073245,0.004436155166007325,-0.4302567839999994,0.44816871222780424,0.04481687122278043
GLY  52,R GLY  52,0.0,0.0,0.0,-0.3202499999999999,0.23009117214704278,0.023009117214704278,-0.044760000000000986,0.32142931166898747,0.032142931166898744,0.09322,0.30911268430784267,0.030911268430784268,-0.027150263999999997,0.036096360578882526,0.0036096360578882526,-0.2989402640000005,0.3336318571868112,0.03336318571868112
PHE  53,R PHE  53,0.0,0.0,0.0,-0.5437499999999997,0.3727042359566096,0.03727042359566096,0.1626900000000012,0.19439165079807286,0.019439165079807287,0.25720999999999994,0.18874094918697426,0.018874094918697425,-0.09659260799999998,0.08146181743446641,0.008146181743446642,-0.22044260799999868,0.36982020436710333,0.03698202043671033
ILE  54,R ILE  54,0.0,0.0,0.0,-0.49272999999999995,0.22645175446438925,0.022645175446438924,-0.06805000000000021,0.04788410487834172,0.004788410487834172,0.16502,0.08151281862382137,0.008151281862382138,-0.053142696,0.03154567528711953,0.003154567528711953,-0.44890269599999955,0.22758254283534257,0.022758254283534257
LYS  55,R LYS  55,0.0,0.0,0.0,-0.02552999999999996,0.005891442947190515,0.0005891442947190515,0.017779999999999845,0.23910585856477826,0.023910585856477824,0.08126999999999952,0.24021864436383794,0.024021864436383794,0.0,0.0,0.0,0.07351999999999875,0.03649670670074201,0.003649670670074201
VAL  56,R VAL  56,0.0,0.0,0.0,-0.06134999999999996,0.020477975974202176,0.0020477975974202175,0.047929999999999494,0.017244857204396235,0.0017244857204396235,0.10154,0.03014843942893222,0.003014843942893222,-0.0011831040000000001,0.004249391188062592,0.00042493911880625926,0.08693689599999901,0.034023728755520496,0.0034023728755520496
ARG  57,R ARG  57,0.0,0.0,0.0,-0.007550000000000052,0.0014722431864336893,0.00014722431864336893,0.18891000000000055,0.16931804953991167,0.016931804953991166,-0.1522299999999996,0.1666530440766085,0.01666530440766085,0.0,0.0,0.0,0.029130000000001814,0.032827931704568485,0.0032827931704568483
GLN  58,R GLN  58,0.0,0.0,0.0,-0.006310000000000082,0.0016413104520474594,0.00016413104520474593,0.041919999999999645,0.038184991816158,0.0038184991816157996,0.05182999999999999,0.03480375123460111,0.003480375123460111,0.0,0.0,0.0,0.0874399999999988,0.026775107842920753,0.0026775107842920754
TYR  59,R TYR  59,0.0,0.0,0.0,-0.0034499999999999353,0.0005722761571129856,5.722761571129856e-05,-0.03890999999999863,0.01297158047425197,0.0012971580474251969,-0.012050000000000016,0.01987479559643319,0.001987479559643319,0.0,0.0,0.0,-0.054409999999998696,0.015380568910155363,0.0015380568910155364
ASP  60,R ASP  60,0.0,0.0,0.0,-0.0014099999999999746,0.0005117616632769631,5.117616632769631e-05,-0.47929999999999906,0.17457854965602204,0.017457854965602204,0.4717300000000002,0.17433616119439976,0.017433616119439978,0.0,0.0,0.0,-0.008979999999999535,0.010721921469587578,0.0010721921469587577
GLN  61,R GLN  61,0.0,0.0,0.0,-0.0007700000000000306,0.00042083250825003207,4.2083250825003207e-05,0.031399999999999297,0.02035976424225039,0.002035976424225039,-0.017350000000000067,0.020584156528748,0.0020584156528748,0.0,0.0,0.0,0.013279999999998822,0.005632193178505324,0.0005632193178505324
ILE  62,R ILE  62,0.0,0.0,0.0,-0.0017099999999998783,0.0004752893855326768,4.752893855326768e-05,-0.015279999999999419,0.006302507437520946,0.0006302507437520946,0.04105000000000001,0.01128217620851583,0.001128217620851583,0.0,0.0,0.0,0.02406000000000079,0.007476389502962907,0.0007476389502962908
LEU  63,R LEU  63,0.0,0.0,0.0,-0.000770000000000044,0.0004208325082500396,4.208325082500396e-05,-0.0013399999999998613,0.006258146690513435,0.0006258146690513434,0.027620000000000006,0.013051268137617903,0.0013051268137617904,0.0,0.0,0.0,0.025509999999999384,0.014252364716073171,0.001425236471607317
ILE  64,R ILE  64,0.0,0.0,0.0,-0.0031800000000000318,0.0006384355879805366,6.384355879805365e-05,0.0067899999999987415,0.008887401194950295,0.0008887401194950295,0.02251,0.01088438790194469,0.001088438790194469,0.0,0.0,0.0,0.026119999999998575,0.008519718305202012,0.0008519718305202012
GLU  65,R GLU  65,0.0,0.0,0.0,-0.0011400000000000255,0.00037469987990404143,3.7469987990404146e-05,-0.30327999999999833,0.08918532166225546,0.008918532166225545,0.31066999999999995,0.09166079369065033,0.009166079369065033,0.0,0.0,0.0,0.006250000000001421,0.01032121601362871,0.001032121601362871
ILE  66,R ILE  66,0.0,0.0,0.0,-0.0042499999999999006,0.0006837397165587645,6.837397165587645e-05,0.012559999999999648,0.009086605526818222,0.0009086605526818222,0.01989,0.01090219702628787,0.001090219702628787,0.0,0.0,0.0,0.028200000000000006,0.011942361575501163,0.0011942361575501162
CYS  67,R CYS  67,0.0,0.0,0.0,-0.0014300000000000068,0.0005523585791856317,5.523585791856317e-05,-0.010669999999999718,0.010450889914261883,0.0010450889914261883,-0.006169999999999978,0.0100489352669822,0.00100489352669822,0.0,0.0,0.0,-0.0182699999999999,0.008514522887396661,0.0008514522887396661
GLY  68,R GLY  68,0.0,0.0,0.0,-0.0002999999999999892,0.00045825756949556757,4.5825756949556755e-05,0.007759999999999679,0.003868126161334448,0.00038681261613344477,-0.006049999999999987,0.003814118508908695,0.0003814118508908695,0.0,0.0,0.0,0.0014100000000004098,0.001490603904462002,0.0001490603904462002
HID  69,R HID  69,0.0,0.0,0.0,-0.0009499999999999575,0.00038405728739344085,3.8405728739344086e-05,-0.008869999999999151,0.009953547106434169,0.0009953547106434169,0.015479999999999964,0.009839186958280613,0.0009839186958280613,0.0,0.0,0.0,0.005660000000001091,0.003739572168041923,0.0003739572168041923
LYS  70,R LYS  70,0.0,0.0,0.0,-0.0006000000000000049,0.0004898979485566399,4.898979485566399e-05,0.28195999999999993,0.07573452581220759,0.007573452581220759,-0.26719,0.07414373810376776,0.007414373810376776,0.0,0.0,0.0,0.014169999999999981,0.005372252786308104,0.0005372252786308104
ALA  71,R ALA  71,0.0,0.0,0.0,-0.0008800000000000452,0.0004069397989875544,4.069397989875544e-05,0.014540000000001073,0.007663445700205906,0.0007663445700205906,0.0013899999999999843,0.009579034398100894,0.0009579034398100895,0.0,0.0,0.0,0.015050000000001389,0.00662325448703267,0.000662325448703267
ILE  72,R ILE  72,0.0,0.0,0.0,-0.0009999999999999742,0.00037416573867734936,3.741657386773494e-05,-0.006480000000000246,0.006462940507231166,0.0006462940507231166,0.03162999999999999,0.009286177900514352,0.0009286177900514352,0.0,0.0,0.0,0.02414999999999851,0.006765168142774715,0.0006765168142774715
GLY  73,R GLY  73,0.0,0.0,0.0,-0.001120000000000001,0.00035440090293332684,3.5440090293332686e-05,0.02672999999999959,0.010717140476824809,0.0010717140476824809,-0.005259999999999998,0.011214829468164033,0.0011214829468164033,0.0,0.0,0.0,0.02034999999999936,0.007325810535359164,0.0007325810535359164
THR  74,R THR  74,0.0,0.0,0.0,-0.0053799999999999985,0.0015347964034359422,0.00015347964034359422,-0.05675999999999988,0.027689752617168453,0.002768975261716845,0.13111,0.029544507103690235,0.0029544507103690235,0.0,0.0,0.0,0.06897000000000071,0.028566223061510566,0.0028566223061510564
VAL  75,R VAL  75,0.0,0.0,0.0,-0.009150000000000026,0.0016209565077445975,0.00016209565077445975,0.07227000000000032,0.014449121080536108,0.0014449121080536108,0.09473999999999994,0.02778187178719277,0.002778187178719277,0.0,0.0,0.0,0.15786000000000036,0.02475359367849414,0.002475359367849414
LEU  76,R LEU  76,0.0,0.0,0.0,-0.07234000000000011,0.02960311470099048,0.002960311470099048,-0.014979999999999478,0.03256285614008788,0.003256285614008788,0.08871999999999998,0.03465633564011071,0.003465633564011071,-0.000533592,0.003392440725132276,0.00033924407251322757,0.0008664080000002983,0.04624074713576333,0.004624074713576333
VAL  77,R VAL  77,0.0,0.0,0.0,-0.015029999999999993,0.003198296421534347,0.0003198296421534347,-0.027270000000000606,0.025459715237999374,0.0025459715237999376,0.14644999999999997,0.03252671978543205,0.0032526719785432047,0.0,0.0,0.0,0.1041499999999997,0.028887497295543164,0.0028887497295543166
GLY  78,R GLY  78,0.0,0.0,0.0,-0.01883999999999999,0.006282865588248703,0.0006282865588248703,-0.004379999999999527,0.03235576610126922,0.0032355766101269225,0.15523,0.05886966196607546,0.005886966196607546,0.0,0.0,0.0,0.13201000000000082,0.0661811899258398,0.0066181189925839795
PRO  79,R PRO  79,0.0,0.0,0.0,-0.049960000000000004,0.03330433004880895,0.003330433004880895,0.0765500000000005,0.054499426602488917,0.005449942660248891,0.021410000000000075,0.06249753515139623,0.006249753515139623,-0.0018252719999999995,0.009375718109820488,0.0009375718109820488,0.04617472800000058,0.06730652742546422,0.006730652742546422
THR  80,R THR  80,0.0,0.0,0.0,-0.23619999999999994,0.11707954560895768,0.011707954560895769,0.12345999999999996,0.06450711898697702,0.006450711898697702,0.10313999999999995,0.10561155429213227,0.010561155429213227,-0.022669127999999997,0.022796825297598258,0.0022796825297598257,-0.03226912799999962,0.13640706750769588,0.013640706750769588
PRO  81,R PRO  81,0.0,0.0,0.0,-0.1317899999999999,0.14550871417203848,0.014550871417203848,-0.14475999999999928,0.08486484784644362,0.008486484784644362,0.19716000000000009,0.12066919408034485,0.012066919408034485,-0.015346583999999996,0.040760363575823806,0.00407603635758238,-0.09473658399999958,0.14603541007342524,0.014603541007342524
VAL  82,R VAL  82,0.0,0.0,0.0,-0.33604,0.2444679087324143,0.02444679087324143,-0.09274999999999978,0.06938218431268929,0.006938218431268929,0.15789,0.10272846684342178,0.010272846684342179,-0.033046056000000004,0.04300104380712708,0.004300104380712709,-0.3039460559999996,0.2952544579912426,0.02952544579912426
ASN  83,R ASN  83,0.0,0.0,0.0,-0.08728999999999999,0.020369729993301288,0.002036972999330129,0.1334700000000005,0.05012373788934617,0.005012373788934617,0.028080000000000004,0.0645567471299476,0.00645567471299476,0.0,0.0,0.0,0.07426000000000109,0.047103210081693374,0.0047103210081693376
ILE  84,R ILE  84,0.0,0.0,0.0,-1.5833500000000003,0.323159848217564,0.0323159848217564,0.07317999999999984,0.09510797863481196,0.009510797863481196,0.027379999999999977,0.09020629468058204,0.009020629468058204,-0.2409476399999999,0.06414503067901067,0.006414503067901067,-1.723737640000001,0.3379419938711491,0.03379419938711491
ILE  85,R ILE  85,0.0,0.0,0.0,-0.08475000000000006,0.019623646450137734,0.0019623646450137736,-0.2286799999999998,0.07139312011671657,0.007139312011671657,0.29177999999999993,0.09214549147950751,0.009214549147950751,0.0,0.0,0.0,-0.021649999999998604,0.04954944500193733,0.004954944500193733
GLY  86,R GLY  86,0.0,0.0,0.0,-0.031420000000000024,0.013364265786043019,0.001336426578604302,0.1480000000000004,0.05409436199827216,0.005409436199827216,-0.09825,0.05288806576156849,0.005288806576156849,0.0,0.0,0.0,0.018330000000000738,0.03515879832986259,0.0035158798329862585
ARG  87,R ARG  87,0.0,0.0,0.0,-0.03584000000000003,0.019267963047504406,0.0019267963047504405,1.3454300000000001,0.4372638849710746,0.04372638849710746,-1.0172400000000001,0.3974135407859167,0.03974135407859167,0.0,0.0,0.0,0.29234999999999983,0.08398944874208991,0.008398944874208992
ASN  88,R ASN  88,0.0,0.0,0.0,-0.009989999999999978,0.0036235203876893315,0.00036235203876893314,-0.047019999999998986,0.027097224950168003,0.0027097224950168005,0.06665999999999997,0.02746860753660441,0.0027468607536604408,0.0,0.0,0.0,0.009650000000000034,0.015395697450912594,0.0015395697450912593
LEU  89,R LEU  89,0.0,0.0,0.0,-0.007000000000000046,0.001555634918610481,0.0001555634918610481,0.08061000000000064,0.017101400527443487,0.0017101400527443488,0.012460000000000016,0.02112033143679334,0.002112033143679334,0.0,0.0,0.0,0.08607000000000045,0.02413099873606605,0.0024130998736066047
LEU  90,R LEU  90,0.0,0.0,0.0,-0.017650000000000075,0.0037719358425084113,0.0003771935842508411,0.09023999999999929,0.02128197359268984,0.002128197359268984,-0.025460000000000003,0.02306270582563981,0.002306270582563981,0.0,0.0,0.0,0.04712999999999996,0.02741410403423759,0.002741410403423759
THR  91,R THR  91,0.0,0.0,0.0,-0.002659999999999938,0.0007901898506055699,7.901898506055699e-05,0.04978999999999964,0.023625534914579287,0.002362553491457929,-0.02904,0.019318861250084033,0.0019318861250084032,0.0,0.0,0.0,0.018089999999999707,0.013906901164529964,0.0013906901164529963
GLN  92,R GLN  92,0.0,0.0,0.0,-0.0016399999999999438,0.0005748043145280097,5.748043145280097e-05,0.07360999999999955,0.020133005240152393,0.002013300524015239,-0.03920000000000004,0.017267889274604483,0.0017267889274604482,0.0,0.0,0.0,0.03276999999999972,0.011621406971620892,0.0011621406971620892
ILE  93,R ILE  93,0.0,0.0,0.0,-0.0024399999999998824,0.0006053098380170222,6.053098380170222e-05,0.025349999999999682,0.007596545267423225,0.0007596545267423225,-0.010209999999999981,0.008026574611875212,0.0008026574611875211,0.0,0.0,0.0,0.012699999999999729,0.004944694126031986,0.0004944694126031987
GLY  94,R GLY  94,0.0,0.0,0.0,-0.0006599999999999939,0.0004737087712930761,4.737087712930761e-05,0.020609999999998935,0.006230401271185446,0.0006230401271185446,-0.007450000000000004,0.0058930043271662215,0.0005893004327166221,0.0,0.0,0.0,0.01249999999999886,0.0038275318418011226,0.00038275318418011224
CYS  95,R CYS  95,0.0,0.0,0.0,-0.0037200000000000254,0.0007756287771865774,7.756287771865774e-05,-0.01963000000000065,0.01695974940852592,0.001695974940852592,0.05556999999999998,0.018328805198375656,0.0018328805198375656,0.0,0.0,0.0,0.03221999999999889,0.010444692432042688,0.001044469243204269
THR  96,R THR  96,0.0,0.0,0.0,-0.0026400000000000377,0.0006248199740724386,6.248199740724386e-05,0.004719999999999871,0.014604163789823908,0.0014604163789823908,0.02741000000000003,0.015793729768487256,0.0015793729768487255,0.0,0.0,0.0,0.02949000000000016,0.013465136464217582,0.0013465136464217583
LEU  97,R LEU  97,0.0,0.0,0.0,-0.010050000000000149,0.00235106358910185,0.00023510635891018497,0.025090000000000005,0.014102549414910667,0.0014102549414910666,0.001980000000000002,0.0134929463053849,0.00134929463053849,0.0,0.0,0.0,0.01701999999999984,0.013120198169235328,0.001312019816923533
ASN  98,R ASN  98,0.0,0.0,0.0,-0.0015700000000000624,0.0005339475629684217,5.3394756296842167e-05,-0.011839999999999976,0.01874338283234962,0.0018743382832349619,0.012369999999999985,0.016114996121625248,0.0016114996121625248,0.0,0.0,0.0,-0.0010400000000003473,0.007849738849159509,0.0007849738849159509
PHE  99,R PHE  99,0.0,0.0,0.0,-0.0020700000000000696,0.0005701754116059318,5.701754116059318e-05,-0.2873200000000014,0.1108904756956145,0.01108904756956145,0.25891999999999993,0.1093673333313016,0.01093673333313016,0.0,0.0,0.0,-0.030470000000000823,0.009781058224956242,0.000978105822495624
PRO 100,R PRO 100,0.0,0.0,0.0,-0.0006400000000000006,0.00048000000000000045,4.800000000000004e-05,0.25860000000000016,0.10018652604018129,0.010018652604018128,-0.2395199999999999,0.09891587132508081,0.009891587132508081,0.0,0.0,0.0,0.018439999999999866,0.008016632709561287,0.0008016632709561287
GLN 101,R GLN 101,0.0,0.0,0.0,-0.0009200000000000141,0.0003370459909270681,3.3704599092706814e-05,0.028380000000001147,0.022096053946348938,0.0022096053946348937,-0.004310000000000027,0.018834380796829878,0.0018834380796829877,0.0,0.0,0.0,0.023150000000001895,0.006819640753000148,0.0006819640753000149
ILE 102,R ILE 102,0.0,0.0,0.0,-0.002870000000000017,0.000945039681706462,9.450396817064619e-05,-0.02164999999999992,0.009332068366658928,0.0009332068366658928,0.03457000000000001,0.011981865464108659,0.001198186546410866,0.0,0.0,0.0,0.010050000000000465,0.00634093841635418,0.000634093841635418
THR 103,R THR 103,0.0,0.0,0.0,-0.0017799999999999771,0.0006720119046564404,6.720119046564404e-05,0.0036099999999999353,0.0178549124892846,0.00178549124892846,0.04246999999999998,0.018516184812212205,0.0018516184812212206,0.0,0.0,0.0,0.04429999999999954,0.010209309477138877,0.0010209309477138876
LEU 104,R LEU 104,0.0,0.0,0.0,-0.00897000000000011,0.0031191505253834184,0.00031191505253834185,-0.03248000000000026,0.015599666663105619,0.001559966666310562,0.044250000000000005,0.017526194681105202,0.0017526194681105201,0.0,0.0,0.0,0.0027999999999993898,0.01275460701080208,0.0012754607010802082
TRP 105,R TRP 105,0.0,0.0,0.0,-0.0032099999999999087,0.0011161989070053488,0.00011161989070053487,-0.03629000000000019,0.020573913094012936,0.0020573913094012936,0.034119999999999956,0.021506408347280962,0.002150640834728096,0.0,0.0,0.0,-0.005380000000000358,0.006432386804290358,0.0006432386804290358
GLN 106,R GLN 106,0.0,0.0,0.0,-0.005190000000000037,0.0023095237604319925,0.00023095237604319925,-0.033469999999999514,0.03889998843187599,0.003889998843187599,0.08955000000000003,0.04213843257644979,0.004213843257644978,0.0,0.0,0.0,0.05089000000000077,0.016167804427319056,0.0016167804427319056
ARG 107,R ARG 107,0.0,0.0,0.0,-0.16950000000000012,0.17973399789689204,0.017973399789689204,0.93636,1.6238592581871123,0.16238592581871122,-0.46658999999999984,1.4836060939144189,0.14836060939144188,-0.041162184000000004,0.07048678078789912,0.007048678078789912,0.2591078159999981,0.31395346389106793,0.03139534638910679
PRO 108,R PRO 108,0.0,0.0,0.0,-0.018459999999999983,0.01092375393351581,0.001092375393351581,0.025810000000000315,0.033664133733099795,0.0033664133733099797,-0.03164000000000001,0.03361681721995702,0.003361681721995702,0.0,0.0,0.0,-0.02429000000000048,0.01533251120984468,0.001533251120984468
LEU 109,R LEU 109,0.0,0.0,0.0,-0.01286999999999999,0.008632097080084361,0.0008632097080084361,-0.03712999999999951,0.02487917000223226,0.002487917000223226,0.06612000000000001,0.027747172828956855,0.0027747172828956855,0.0,0.0,0.0,0.01612000000000036,0.009118420915926847,0.0009118420915926847
VAL 110,R VAL 110,0.0,0.0,0.0,-0.003980000000000042,0.001414072133945132,0.0001414072133945132,0.014520000000000054,0.01788098431295055,0.001788098431295055,-0.005589999999999991,0.019279572090687085,0.0019279572090687084,0.0,0.0,0.0,0.004949999999999805,0.007964138371476035,0.0007964138371476035
THR 111,R THR 111,0.0,0.0,0.0,-0.0013200000000000234,0.0005075431016179243,5.075431016179243e-05,-0.015680000000000333,0.011180232555720825,0.0011180232555720825,0.035459999999999985,0.012955631979953742,0.0012955631979953742,0.0,0.0,0.0,0.01845999999999995,0.005933666657304233,0.0005933666657304234
ILE 112,R ILE 112,0.0,0.0,0.0,-0.0031099999999999995,0.0009153687781435919,9.153687781435919e-05,0.004179999999999211,0.00777866312421387,0.000777866312421387,0.008729999999999998,0.009117954814540365,0.0009117954814540365,0.0,0.0,0.0,0.009799999999999613,0.004707440918375917,0.0004707440918375917
LYS 113,R LYS 113,0.0,0.0,0.0,-0.0007000000000000828,0.0005000000000000584,5.0000000000005844e-05,-0.01066999999999986,0.09434140713387736,0.009434140713387735,0.018109999999999467,0.09417121587831379,0.009417121587831378,0.0,0.0,0.0,0.006739999999999533,0.003930954082661989,0.0003930954082661989
ILE 114,R ILE 114,0.0,0.0,0.0,-0.0016899999999999337,0.0005778408085277228,5.778408085277228e-05,0.0007000000000005002,0.0061359595826572565,0.0006135959582657257,0.007079999999999995,0.007803435141013218,0.0007803435141013218,0.0,0.0,0.0,0.006090000000000078,0.00408924198354661,0.000408924198354661
GLY 115,R GLY 115,0.0,0.0,0.0,-0.0002700000000000058,0.00044395945760847185,4.4395945760847185e-05,0.0031000000000005203,0.0056115951386391544,0.0005611595138639155,-0.005489999999999926,0.00587961733448704,0.000587961733448704,0.0,0.0,0.0,-0.0026599999999991387,0.0014086873322350334,0.00014086873322350334
GLY 116,R GLY 116,0.0,0.0,0.0,-0.00015999999999999348,0.0003666060555964523,3.666060555964523e-05,-0.0018099999999992634,0.004090708985003957,0.0004090708985003957,0.002669999999999999,0.004054762631770188,0.0004054762631770188,0.0,0.0,0.0,0.0007000000000008244,0.0009110433579141438,9.110433579141438e-05
GLN 117,R GLN 117,0.0,0.0,0.0,-0.0006499999999999595,0.00047696960070844305,4.76969600708443e-05,-0.0018999999999999772,0.011998749934888274,0.0011998749934888273,0.007119999999999971,0.012676971247107845,0.0012676971247107846,0.0,0.0,0.0,0.004569999999999936,0.003952859724299789,0.0003952859724299789
LEU 118,R LEU 118,0.0,0.0,0.0,-0.0006800000000000273,0.00046647615158764257,4.6647615158764256e-05,0.01368999999999943,0.005147222552016778,0.0005147222552016777,-0.0008299999999999924,0.006097630687406384,0.0006097630687406384,0.0,0.0,0.0,0.012179999999999643,0.004126451259858643,0.0004126451259858643
LYS 119,R LYS 119,0.0,0.0,0.0,-0.0028999999999999916,0.0011445523142259379,0.00011445523142259379,-0.2910299999999988,0.2135249144713562,0.021352491447135618,0.3524500000000002,0.22044987525512477,0.022044987525512476,0.0,0.0,0.0,0.05852000000000222,0.024777602789615962,0.0024777602789615963
GLU 120,R GLU 120,0.0,0.0,0.0,-0.0051099999999999835,0.002457213869405781,0.0002457213869405781,0.1096599999999998,0.25559949999951054,0.025559949999951054,-0.08590000000000053,0.25583867964012036,0.025583867964012037,0.0,0.0,0.0,0.01864999999999938,0.01119408325858029,0.001119408325858029
ALA 121,R ALA 121,0.0,0.0,0.0,-0.00891999999999996,0.004442251681298553,0.0004442251681298553,-0.04189000000000036,0.03524312557081232,0.003524312557081232,0.06593,0.03822309642088141,0.003822309642088141,0.0,0.0,0.0,0.015119999999999334,0.02465452493965419,0.002465452493965419
LEU 122,R LEU 122,0.0,0.0,0.0,-0.18876,0.203623432836204,0.0203623432836204,0.049799999999999185,0.063549350901484,0.0063549350901484,-0.03493999999999999,0.07044285911290087,0.007044285911290087,-0.012389255999999998,0.022879095106932527,0.0022879095106932527,-0.18628925600000087,0.19943231656908536,0.019943231656908537
LEU 123,R LEU 123,0.0,0.0,0.0,-0.03376999999999985,0.016355338577968895,0.0016355338577968895,-0.08457000000000008,0.03811384394153863,0.0038113843941538633,0.10007999999999999,0.061238987581441924,0.006123898758144192,0.0,0.0,0.0,-0.018260000000000075,0.04403103905201327,0.004403103905201327
ASP 124,R ASP 124,0.0,0.0,0.0,-0.6109100000000001,0.3251898859128311,0.03251898859128311,-3.827729999999998,3.184065203022699,0.3184065203022699,5.739240000000004,2.7683093942693535,0.2768309394269354,-0.09204328799999996,0.024498325384831116,0.0024498325384831117,1.2085567120000016,1.2279745210338286,0.12279745210338286
THR 125,R THR 125,0.0,0.0,0.0,-0.73473,0.3929332221892167,0.03929332221892167,0.11266999999999974,0.1663711546512796,0.01663711546512796,0.11685000000000004,0.3468550237491162,0.03468550237491162,-0.009614952,0.010454927842625026,0.0010454927842625027,-0.5148249519999998,0.3238520034589182,0.03238520034589182
GLY 126,R GLY 126,0.0,0.0,0.0,-1.8153700000000002,0.5683453818761964,0.056834538187619646,-1.5217900000000009,1.703753346555772,0.1703753346555772,1.2512800000000002,0.7993320596598136,0.07993320596598136,-0.30855758400000005,0.08459129426541065,0.008459129426541066,-2.3944375840000003,1.326464047002274,0.1326464047002274
ALA 127,R ALA 127,0.0,0.0,0.0,-0.9099700000000006,0.30861096723868875,0.030861096723868876,-0.07392000000000082,0.4780209970283746,0.047802099702837456,0.31477000000000005,0.3138060501328806,0.03138060501328806,-0.09128635200000002,0.04044795003111146,0.004044795003111145,-0.7604063520000008,0.6484338075218171,0.06484338075218171
ASP 128,R ASP 128,0.0,0.0,0.0,-0.6506899999999999,0.6355873770772983,0.06355873770772982,-3.2695400000000006,3.665006986132496,0.36650069861324963,3.229829999999999,2.588711436429329,0.2588711436429329,-0.11684772,0.04294657797796705,0.004294657797796705,-0.807247720000001,1.1733307125342005,0.11733307125342005
ASP 129,R ASP 129,0.0,0.0,0.0,-0.16695999999999997,0.07581238948878995,0.007581238948878995,-0.09085999999999955,0.8531701356704895,0.08531701356704895,0.34006000000000003,0.8413595167346716,0.08413595167346716,-0.013244471999999998,0.01643965647566931,0.001643965647566931,0.06899552800000017,0.07222908690824131,0.0072229086908241315
THR 130,R THR 130,0.0,0.0,0.0,-0.036880000000000066,0.01187794595037377,0.001187794595037377,0.0047399999999994695,0.03442894712302408,0.0034428947123024078,-0.04395000000000002,0.05171254683343293,0.0051712546833432935,0.0,0.0,0.0,-0.07609000000000121,0.03681198038682452,0.003681198038682452
VAL 131,R VAL 131,0.0,0.0,0.0,-0.19819999999999982,0.16451547039716366,0.016451547039716366,-0.01839999999999968,0.05084466540356015,0.005084466540356014,0.09499999999999996,0.058704854995136516,0.005870485499513652,-0.015105672,0.026243072171154354,0.002624307217115435,-0.1367056719999996,0.16578563247332523,0.016578563247332524
LEU 132,R LEU 132,0.0,0.0,0.0,-0.02355999999999998,0.012053480825056242,0.0012053480825056243,0.046920000000000496,0.05236061114998614,0.005236061114998614,-0.04411000000000001,0.04899079403316504,0.004899079403316504,0.0,0.0,0.0,-0.02074999999999945,0.03187110760547717,0.003187110760547717
GLU 133,R GLU 133,0.0,0.0,0.0,-0.021300000000000062,0.010824509226750193,0.0010824509226750193,0.5449400000000004,0.35250415089754655,0.035250415089754655,-0.5094599999999997,0.34903427969183753,0.034903427969183755,0.0,0.0,0.0,0.01418000000000042,0.027559528297851795,0.0027559528297851797
GLU 134,R GLU 134,0.0,0.0,0.0,-0.006739999999999949,0.003097159989409703,0.0003097159989409703,0.5047800000000009,0.2502031007002112,0.025020310070021118,-0.48132000000000014,0.24566126597410484,0.024566126597410483,0.0,0.0,0.0,0.01672000000000054,0.013765231563617147,0.0013765231563617147
MET 135,R MET 135,0.0,0.0,0.0,-0.0026699999999999858,0.0008724104538575565,8.724104538575565e-05,0.015380000000000393,0.01609147600439426,0.001609147600439426,-0.01565999999999998,0.01922665857605008,0.001922665857605008,0.0,0.0,0.0,-0.0029500000000000394,0.006470510026265137,0.0006470510026265137
SER 136,R SER 136,0.0,0.0,0.0,-0.0005899999999999705,0.0005117616632769319,5.117616632769319e-05,-0.002680000000000291,0.00980497832735988,0.000980497832735988,0.007249999999999996,0.010006372969263098,0.00100063729692631,0.0,0.0,0.0,0.00397999999999973,0.001832921165789661,0.0001832921165789661
LEU 137,R LEU 137,0.0,0.0,0.0,-0.0014500000000000756,0.000536190264738155,5.36190264738155e-05,0.0053399999999992785,0.006508794051129056,0.0006508794051129056,0.008329999999999997,0.008416715511409418,0.0008416715511409418,0.0,0.0,0.0,0.012219999999999924,0.003830352464198814,0.0003830352464198814
PRO 138,R PRO 138,0.0,0.0,0.0,-0.00028999999999999024,0.00045376205218152193,4.537620521815219e-05,0.006719999999999757,0.008917488435652744,0.0008917488435652744,-0.009739999999999985,0.00922672206149069,0.0009226722061490691,0.0,0.0,0.0,-0.003310000000000546,0.0013468110483654638,0.0001346811048365464
GLY 139,R GLY 139,0.0,0.0,0.0,-0.00019999999999998464,0.00039999999999996934,3.9999999999996934e-05,0.009849999999999283,0.005258089006475594,0.0005258089006475594,-0.007719999999999958,0.005537291756806744,0.0005537291756806744,0.0,0.0,0.0,0.0019299999999994987,0.0013134306224548543,0.00013134306224548542
ARG 140,R ARG 140,0.0,0.0,0.0,-0.000590000000000015,0.0005117616632769847,5.117616632769847e-05,-0.14456999999999995,0.09328196556676939,0.00932819655667694,0.1498900000000004,0.0933724686403866,0.00933724686403866,0.0,0.0,0.0,0.004730000000001553,0.0026527532866808612,0.0002652753286680861
TRP 141,R TRP 141,0.0,0.0,0.0,-0.0017700000000001027,0.0005450688029963897,5.4506880299638966e-05,0.0007200000000005957,0.008493621135888378,0.0008493621135888379,0.007929999999999987,0.009274971698069966,0.0009274971698069966,0.0,0.0,0.0,0.006880000000001303,0.0033444880026691453,0.0003344488002669145
LYS 142,R LYS 142,0.0,0.0,0.0,-0.0023899999999999633,0.0007056202944927057,7.056202944927057e-05,-0.18015999999999974,0.17160260604081753,0.017160260604081753,0.20967000000000027,0.17153652992875928,0.01715365299287593,0.0,0.0,0.0,0.027119999999997618,0.01604822731643584,0.0016048227316435841
PRO 143,R PRO 143,0.0,0.0,0.0,-0.0025600000000000154,0.000725534285888801,7.25534285888801e-05,-0.02199000000000005,0.013598157963488903,0.0013598157963488904,0.04308000000000001,0.01500245313273801,0.001500245313273801,0.0,0.0,0.0,0.018530000000000033,0.005111663134440549,0.0005111663134440549
LYS 144,R LYS 144,0.0,0.0,0.0,-0.028400000000000078,0.020159861110632716,0.0020159861110632714,-0.2568699999999998,0.47365845616857716,0.047365845616857714,0.5049899999999997,0.5058081354624496,0.05058081354624496,-0.0015055200000000035,0.008262150712350877,0.0008262150712350878,0.2182144800000011,0.11780739282062712,0.011780739282062712
MET 145,R MET 145,0.0,0.0,0.0,-0.04236999999999995,0.013662836455143521,0.001366283645514352,-0.06321999999999975,0.05785301720740214,0.005785301720740214,0.2844400000000001,0.08766838882972544,0.008766838882972545,0.0,0.0,0.0,0.17884999999999976,0.05931397390160258,0.005931397390160258
ILE 146,R ILE 146,0.0,0.0,0.0,-0.8849400000000003,0.3174866239702069,0.03174866239702069,0.1848400000000005,0.15695647294711984,0.015695647294711984,0.31318999999999997,0.2160349367579235,0.02160349367579235,-0.166216824,0.062288848105344005,0.0062288848105344005,-0.5531268240000002,0.32096786628977386,0.032096786628977386
GLY 147,R GLY 147,0.0,0.0,0.0,-0.8347900000000004,0.33917141079401014,0.03391714107940101,-0.4664099999999992,0.4647790032908105,0.04647790032908105,1.4908099999999995,0.6652861894703671,0.06652861894703671,-0.14859266399999993,0.04113997037440738,0.0041139970374407375,0.041017336000000314,0.4175859081536238,0.04175859081536238
GLY 148,R GLY 148,0.0,0.0,0.0,-0.6051100000000001,0.31442117915305867,0.031442117915305864,-0.8212299999999996,0.6020132034266358,0.06020132034266358,1.30573,0.6391634666499643,0.06391634666499643,-0.06951556799999999,0.039499153878762766,0.003949915387876276,-0.19012556800000013,0.3999340856293439,0.03999340856293439
ILE 149,R ILE 149,0.0,0.0,0.0,-1.35651,0.7592388753877135,0.07592388753877136,-0.4448999999999995,0.6654085286498819,0.06654085286498819,1.0169000000000001,0.7119437828930033,0.07119437828930034,-0.20604643199999992,0.09093348051419031,0.009093348051419032,-0.9905564319999988,0.7869746523400761,0.07869746523400761
GLY 150,R GLY 150,0.0,0.0,0.0,-0.33637000000000006,0.3257254259341753,0.03257254259341753,-0.44346000000000046,0.4384338130208476,0.04384338130208476,0.7555699999999994,0.49895459222258,0.049895459222258,-0.029262023999999994,0.04641169665945239,0.004641169665945239,-0.053522024000001264,0.39219459362710446,0.03921945936271044
GLY 151,R GLY 151,0.0,0.0,0.0,-0.11093999999999998,0.06291912586805383,0.006291912586805383,0.17432999999999993,0.14947709222486272,0.014947709222486272,-0.26919000000000004,0.21077588548028905,0.021077588548028905,0.0,0.0,0.0,-0.20579999999999957,0.1491401354431444,0.01491401354431444
PHE 152,R PHE 152,0.0,0.0,0.0,-0.1260300000000001,0.04282206323847545,0.0042822063238475445,0.07536999999999935,0.09859529958370168,0.009859529958370169,0.004570000000000003,0.11122789713017142,0.011122789713017143,-6.530399999999936e-05,0.0006497665959281008,6.497665959281008e-05,-0.04615530400000063,0.0920394702609124,0.00920394702609124
ILE 153,R ILE 153,0.0,0.0,0.0,-0.29141000000000017,0.22429962527833128,0.02242996252783313,-0.03709000000000017,0.0431191593146245,0.00431191593146245,0.05219000000000002,0.06127865778556181,0.006127865778556181,-0.023876495999999997,0.03643604250998157,0.003643604250998157,-0.3001864960000013,0.23774927701734125,0.023774927701734123
LYS 154,R LYS 154,0.0,0.0,0.0,-0.01783999999999998,0.00680252894150399,0.000680252894150399,-0.51425,0.2022917385856372,0.02022917385856372,0.5778900000000009,0.2054143566063473,0.02054143566063473,0.0,0.0,0.0,0.04579999999999942,0.017125419702886648,0.0017125419702886647
VAL 155,R VAL 155,0.0,0.0,0.0,-0.03500000000000002,0.013346160496562351,0.0013346160496562351,-0.005439999999999827,0.026651574062333656,0.0026651574062333656,0.07457000000000001,0.032961266662554035,0.0032961266662554036,0.0,0.0,0.0,0.03413000000000022,0.02315584375487104,0.002315584375487104
ARG 156,R ARG 156,0.0,0.0,0.0,-0.006569999999999973,0.001656834330885195,0.0001656834330885195,-0.40030000000000043,0.18313948236248742,0.018313948236248743,0.43383000000000005,0.18350242804933187,0.018350242804933185,0.0,0.0,0.0,0.026959999999998558,0.015270834947704169,0.001527083494770417
GLN 157,R GLN 157,0.0,0.0,0.0,-0.007620000000000067,0.00257208086964628,0.00025720808696462797,0.02200000000000031,0.03098257574831466,0.003098257574831466,0.03556,0.03453963520363232,0.0034539635203632317,0.0,0.0,0.0,0.04993999999999978,0.015787856092578604,0.0015787856092578604
TYR 158,R TYR 158,0.0,0.0,0.0,-0.0034299999999999643,0.0007107038764491084,7.107038764491084e-05,0.005660000000001446,0.019058446946170447,0.0019058446946170447,-0.032950000000000035,0.021153900349580916,0.0021153900349580915,0.0,0.0,0.0,-0.03071999999999896,0.0083655005827508,0.00083655005827508
ASP 159,R ASP 159,0.0,0.0,0.0,-0.0014000000000000323,0.00052915026221297,5.2915026221297e-05,0.11392000000000038,0.19773510967959118,0.019773510967959117,-0.11104999999999997,0.19842214468148459,0.019842214468148458,0.0,0.0,0.0,0.0014700000000007663,0.007320457635967243,0.0007320457635967243
GLN 160,R GLN 160,0.0,0.0,0.0,-0.0008799999999999474,0.000474973683481493,4.74973683481493e-05,0.0020200000000008345,0.0167272113635237,0.00167272113635237,0.01165,0.0182369816581583,0.0018236981658158301,0.0,0.0,0.0,0.012790000000000532,0.004952363072312173,0.0004952363072312173
ILE 161,R ILE 161,0.0,0.0,0.0,-0.0014900000000000002,0.0005195190083144979,5.195190083144979e-05,-0.013789999999999693,0.0058741722821168164,0.0005874172282116817,0.02687000000000002,0.008173928064278508,0.0008173928064278508,0.0,0.0,0.0,0.011590000000000895,0.004007730030828209,0.0004007730030828209
LEU 162,R LEU 162,0.0,0.0,0.0,-0.0006699999999999706,0.0004702127178203292,4.702127178203292e-05,0.013619999999999095,0.0067805309526614435,0.0006780530952661443,0.001630000000000002,0.008226366147941632,0.0008226366147941631,0.0,0.0,0.0,0.014580000000000133,0.005904540625652726,0.0005904540625652725
ILE 163,R ILE 163,0.0,0.0,0.0,-0.0023400000000000443,0.0006666333324999541,6.666333324999541e-05,-0.006670000000000584,0.007424358558151835,0.0007424358558151835,0.021650000000000006,0.0089513965390882,0.00089513965390882,0.0,0.0,0.0,0.012640000000000352,0.004031178487737521,0.0004031178487737521
GLU 164,R GLU 164,0.0,0.0,0.0,-0.0007499999999999396,0.00047696960070846864,4.7696960070846864e-05,-0.02958000000000027,0.1058061605011731,0.01058061605011731,0.03201999999999998,0.10525046128164964,0.010525046128164964,0.0,0.0,0.0,0.001689999999999685,0.004842922671281274,0.0004842922671281274
ILE 165,R ILE 165,0.0,0.0,0.0,-0.002320000000000002,0.0006615134163416368,6.615134163416368e-05,0.0004300000000000637,0.006680202092750715,0.0006680202092750715,0.017899999999999996,0.00853170557391664,0.0008531705573916641,0.0,0.0,0.0,0.016009999999999757,0.005622268225546629,0.0005622268225546629
CYS 166,R CYS 166,0.0,0.0,0.0,-0.0006999999999999718,0.0004795831523312678,4.7958315233126776e-05,-0.013909999999999059,0.006951395543341633,0.0006951395543341633,0.005750000000000055,0.007656859669603527,0.0007656859669603527,0.0,0.0,0.0,-0.008859999999999308,0.0031177556029908966,0.00031177556029908965
GLY 167,R GLY 167,0.0,0.0,0.0,-0.00022999999999998355,0.00042083250824998626,4.2083250824998626e-05,0.000660000000000025,0.004221895308983164,0.0004221895308983164,0.000500000000000008,0.004224926034855516,0.00042249260348555163,0.0,0.0,0.0,0.0009300000000003494,0.001115840490393396,0.00011158404903933959
HIE 168,R HIE 168,0.0,0.0,0.0,-0.0007299999999998974,0.00044395945760839975,4.4395945760839975e-05,0.01007999999999967,0.01173173473958518,0.001173173473958518,-0.006910000000000005,0.011575918969999623,0.0011575918969999623,0.0,0.0,0.0,0.002439999999999447,0.001976461484573323,0.0001976461484573323
LYS 169,R LYS 169,0.0,0.0,0.0,-0.0004799999999999738,0.0004995998398718446,4.995998398718446e-05,0.0301700000000001,0.09044943946758346,0.009044943946758347,-0.02021000000000022,0.09039582899669611,0.00903958289966961,0.0,0.0,0.0,0.009480000000000289,0.0030478845122477094,0.00030478845122477094
ALA 170,R ALA 170,0.0,0.0,0.0,-0.0008500000000000485,0.0004092676385936276,4.092676385936276e-05,0.009709999999999752,0.006414506995865034,0.0006414506995865034,0.001599999999999982,0.006910861017268384,0.0006910861017268384,0.0,0.0,0.0,0.010459999999999517,0.0038714855030077397,0.00038714855030077394
ILE 171,R ILE 171,0.0,0.0,0.0,-0.0010999999999999678,0.00038729833462078795,3.8729833462078794e-05,-0.012610000000000383,0.00627199330356777,0.000627199330356777,0.030670000000000006,0.009013384491965206,0.0009013384491965206,0.0,0.0,0.0,0.016959999999999573,0.005197922661985954,0.0005197922661985953
GLY 172,R GLY 172,0.0,0.0,0.0,-0.001269999999999989,0.00044395945760841433,4.439594576084143e-05,0.010339999999999634,0.013287001166553201,0.00132870011665532,0.005869999999999998,0.013770733459042775,0.0013770733459042774,0.0,0.0,0.0,0.01493999999999911,0.005153290211117152,0.0005153290211117152
THR 173,R THR 173,0.0,0.0,0.0,-0.007349999999999985,0.0022994564575134014,0.00022994564575134013,-0.019649999999999467,0.018601276837894597,0.0018601276837894598,0.06309999999999999,0.029946786138081685,0.0029946786138081685,0.0,0.0,0.0,0.03610000000000072,0.022878592614057048,0.002287859261405705
VAL 174,R VAL 174,0.0,0.0,0.0,-0.007799999999999967,0.001964688270438755,0.0001964688270438755,-0.005460000000000349,0.02900738526651458,0.002900738526651458,0.061820000000000014,0.04166614453006186,0.004166614453006185,0.0,0.0,0.0,0.04855999999999972,0.027477379787745632,0.0027477379787745632
LEU 175,R LEU 175,0.0,0.0,0.0,-0.06303000000000013,0.032161920029749574,0.0032161920029749576,-0.010750000000000455,0.04101984275932849,0.004101984275932849,0.06059999999999999,0.042092992290879004,0.0042092992290879,-0.00262908,0.007699717728540442,0.0007699717728540443,-0.015809080000000444,0.04970047935683598,0.004970047935683598
VAL 176,R VAL 176,0.0,0.0,0.0,-0.011639999999999918,0.003915405470701606,0.00039154054707016056,-0.013779999999999787,0.021123721263072655,0.0021123721263072654,0.03973999999999996,0.034322767953648504,0.0034322767953648505,0.0,0.0,0.0,0.014320000000000022,0.02096753681289341,0.002096753681289341
GLY 177,R GLY 177,0.0,0.0,0.0,-0.020319999999999984,0.014909647883166155,0.0014909647883166155,-0.046960000000000474,0.05715556315880365,0.005715556315880365,0.09056000000000003,0.06049054802198441,0.006049054802198441,-1.3608000000000023e-05,0.00013539789044146906,1.3539789044146905e-05,0.023266391999999553,0.032308595281577084,0.0032308595281577085
PRO 178,R PRO 178,0.0,0.0,0.0,-0.1827899999999999,0.23022368666147283,0.023022368666147285,0.09249999999999964,0.2250143328768194,0.022501433287681942,0.06339000000000002,0.2471219089842097,0.024712190898420968,-0.014900688000000004,0.03397279416568875,0.003397279416568875,-0.041800687999999725,0.1519972195568862,0.01519972195568862
THR 179,R THR 179,0.0,0.0,0.0,-0.49927000000000027,0.43127533792230666,0.043127533792230666,-0.0845400000000005,0.19318118024279698,0.0193181180242797,0.05960999999999996,0.24606080122603843,0.024606080122603843,-0.036962928000000006,0.04000262016797919,0.004000262016797919,-0.5611629280000007,0.6517904645766942,0.06517904645766942
PRO 180,R PRO 180,0.0,0.0,0.0,-0.8397600000000002,0.5198989540285689,0.05198989540285689,-0.2290599999999997,0.21319032904895155,0.021319032904895154,0.30939000000000005,0.21752838412492279,0.02175283841249228,-0.21191378399999997,0.11793491150027362,0.011793491150027362,-0.971343784,0.5797411127359672,0.057974111273596717
VAL 181,R VAL 181,0.0,0.0,0.0,-0.32335,0.3250901528807048,0.03250901528807048,0.07491999999999997,0.13322955227726327,0.013322955227726327,0.03518000000000004,0.1933404965339647,0.01933404965339647,-0.031178951999999996,0.041793996951630455,0.0041793996951630455,-0.24442895199999917,0.32501348547589964,0.032501348547589966
ASN 182,R ASN 182,0.0,0.0,0.0,-0.03988999999999995,0.02671213020333646,0.0026712130203336458,0.03958999999999989,0.06306585367693088,0.006306585367693088,0.0034900000000000035,0.06202523599310199,0.006202523599310198,0.0,0.0,0.0,0.0031899999999995287,0.034646123881324126,0.0034646123881324127
ILE 183,R ILE 183,0.0,0.0,0.0,-0.57275,0.39003831542554895,0.03900383154255489,0.06879000000000018,0.05620503447201139,0.005620503447201139,-0.10488,0.0746614063623235,0.00746614063623235,-0.09894196800000003,0.048288461723891826,0.004828846172389182,-0.7077819679999996,0.4200936687994955,0.04200936687994955
ILE 184,R ILE 184,0.0,0.0,0.0,-0.031930000000000104,0.010257928640812415,0.0010257928640812414,-0.0755100000000008,0.04934865651666749,0.004934865651666749,0.09079000000000002,0.07487620383005536,0.007487620383005536,0.0,0.0,0.0,-0.016650000000001247,0.03784663128998545,0.003784663128998545
GLY 185,R GLY 185,0.0,0.0,0.0,-0.031360000000000075,0.007570363267373663,0.0007570363267373663,0.04925999999999988,0.06827482991557045,0.006827482991557045,0.009239999999999986,0.06427116305155837,0.006427116305155837,0.0,0.0,0.0,0.02714000000000102,0.062334744725554066,0.006233474472555406
ARG 186,R ARG 186,0.0,0.0,0.0,-0.24495999999999987,0.1518149478806352,0.015181494788063521,1.1393999999999997,0.7262941965897828,0.07262941965897828,-0.3746999999999999,0.6778454027283801,0.067784540272838,-0.0007873920000000003,0.0032729008757272212,0.0003272900875727221,0.518952608000001,0.20592268643425998,0.020592268643425997
ASN 187,R ASN 187,0.0,0.0,0.0,-0.01677000000000005,0.00336408977288062,0.000336408977288062,-0.018019999999999925,0.03282589831215631,0.003282589831215631,0.04522000000000002,0.03401810694321481,0.0034018106943214813,0.0,0.0,0.0,0.010429999999999637,0.01305622839873998,0.001305622839873998
LEU 188,R LEU 188,0.0,0.0,0.0,-0.007310000000000052,0.0011108105148944516,0.00011108105148944516,0.01100999999999928,0.02416629677877883,0.002416629677877883,0.06380999999999998,0.03235975741565442,0.0032359757415654417,0.0,0.0,0.0,0.06750999999999888,0.02027633842684617,0.002027633842684617
LEU 189,R LEU 189,0.0,0.0,0.0,-0.01702,0.0027856058586957087,0.00027856058586957086,0.03534999999999883,0.02346886234993147,0.0023468862349931468,0.019229999999999994,0.028594004616352708,0.0028594004616352706,0.0,0.0,0.0,0.03755999999999787,0.024038019885173397,0.0024038019885173397
THR 190,R THR 190,0.0,0.0,0.0,-0.0046100000000000654,0.0009153687781434716,9.153687781434716e-05,0.023489999999999896,0.02060169653208171,0.0020601696532081713,0.0017500000000000026,0.021571914611364484,0.0021571914611364486,0.0,0.0,0.0,0.02062999999999999,0.015572832112368203,0.0015572832112368204
GLN 191,R GLN 191,0.0,0.0,0.0,-0.002080000000000002,0.00043999999999992797,4.3999999999992796e-05,0.016230000000000758,0.025270083102356625,0.0025270083102356625,0.01556999999999999,0.02597277613194248,0.0025972776131942482,0.0,0.0,0.0,0.029720000000000794,0.010111458846280194,0.0010111458846280195
ILE 192,R ILE 192,0.0,0.0,0.0,-0.0021499999999999896,0.0004092676385935414,4.092676385935414e-05,0.004719999999999374,0.008180562327859757,0.0008180562327859758,0.010140000000000022,0.009064237419661949,0.0009064237419661948,0.0,0.0,0.0,0.01270999999999939,0.0044503820060742705,0.0004450382006074271
GLY 193,R GLY 193,0.0,0.0,0.0,-0.0007500000000000018,0.00043301270189222016,4.330127018922201e-05,0.00028000000000027113,0.007929791926653043,0.0007929791926653043,0.01432000000000002,0.00842482047286466,0.0008424820472864661,0.0,0.0,0.0,0.013850000000000308,0.003953163290328886,0.0003953163290328886
CYS 194,R CYS 194,0.0,0.0,0.0,-0.003810000000000047,0.0007306846104852407,7.306846104852406e-05,-0.01743999999999957,0.014917989140631128,0.0014917989140631129,0.05578000000000001,0.016196653975435776,0.0016196653975435777,0.0,0.0,0.0,0.034530000000000546,0.01136789778279109,0.0011367897782791092
THR 195,R THR 195,0.0,0.0,0.0,-0.003250000000000037,0.00075332595866598,7.533259586659801e-05,0.014959999999999524,0.015608279853974425,0.0015608279853974426,0.025570000000000013,0.016016400969006753,0.0016016400969006753,0.0,0.0,0.0,0.037279999999999786,0.013512275900084074,0.0013512275900084073
LEU 196,R LEU 196,0.0,0.0,0.0,-0.02046000000000011,0.0074998933325747886,0.0007499893332574789,0.045609999999999644,0.012669565896272937,0.0012669565896272937,-0.015489999999999993,0.015914455692859878,0.0015914455692859879,0.0,0.0,0.0,0.009659999999999709,0.020521803039693535,0.0020521803039693534
ASN 197,R ASN 197,0.0,0.0,0.0,-0.0020700000000000783,0.0006364746656388229,6.364746656388229e-05,-0.027360000000001463,0.020243774351636937,0.0020243774351636937,0.027220000000000057,0.01612673556551355,0.001612673556551355,0.0,0.0,0.0,-0.0022100000000019548,0.00971935697461372,0.000971935697461372
PHE 198,R PHE 198,0.0,0.0,0.0,-0.0036800000000000123,0.001094349121624337,0.0001094349121624337,-0.42063999999999807,0.11015439346662617,0.011015439346662617,0.3806800000000004,0.1064060035900227,0.010640600359002269,0.0,0.0,0.0,-0.043639999999997486,0.013176888858908952,0.0013176888858908952
1IN 199,L 1IN   1,0.0,0.0,0.0,-32.93917999999999,3.3852418418187127,0.33852418418187125,-18.996039999999997,3.9473410314286363,0.3947341031428636,31.62322999999999,3.15609829332046,0.315609829332046,-5.826651119999999,0.32031364068612406,0.03203136406861241,-26.138641120000003,4.262717083726278,0.4262717083726278

Sidechain Energy Decomposition:
Residue,Location,Internal,,,van der Waals,,,Electrostatic,,,Polar Solvation,,,Non-Polar Solv.,,,TOTAL,,
,,Avg.,Std. Dev.,Std. Err. of Mean,Avg.,Std. Dev.,Std. Err. of Mean,Avg.,Std. Dev.,Std. Err. of Mean,Avg.,Std. Dev.,Std. Err. of Mean,Avg.,Std. Dev.,Std. Err. of Mean
PRO   1,R PRO   1,0.0,0.0,0.0,-0.0005900000000000017,0.0004918333050943191,4.918333050943191e-05,0.16096999999999997,0.04881504993339675,0.0048815049933396745,-0.15337999999999982,0.04805741982254137,0.004805741982254137,0.0,0.0,0.0,0.0070000000000000106,0.0033406586176978432,0.0003340658617697843
GLN   2,R GLN   2,0.0,0.0,0.0,-0.0009199999999999653,0.00033704599092703103,3.37045990927031e-05,0.021230000000000013,0.0177160125310409,0.0017716012531040898,-0.012100000000000105,0.014775994044395158,0.0014775994044395157,0.0,0.0,0.0,0.008209999999999908,0.0042948690317622705,0.00042948690317622703
ILE   3,R ILE   3,0.0,0.0,0.0,-0.0072000000000000345,0.0028213471959331765,0.0002821347195933176,0.02064000000000004,0.006843274070209393,0.0006843274070209393,-0.01575,0.0061569066908635315,0.0006156906690863532,0.0,0.0,0.0,-0.0023099999999999453,0.004460257840080553,0.0004460257840080553
THR   4,R THR   4,0.0,0.0,0.0,-0.0021100000000000476,0.0006766830868286801,6.766830868286801e-05,0.0037100000000001108,0.009460755783762695,0.0009460755783762695,0.008920000000000015,0.008611248457685986,0.0008611248457685986,0.0,0.0,0.0,0.010519999999999988,0.006821260880511543,0.0006821260880511543
LEU   5,R LEU   5,0.0,0.0,0.0,-0.023800000000000026,0.009511046209539681,0.0009511046209539681,0.019030000000000023,0.007925219239869712,0.0007925219239869712,-0.019669999999999993,0.011039977355049265,0.0011039977355049265,0.0,0.0,0.0,-0.024440000000000187,0.018524751010472296,0.0018524751010472295
TRP   6,R TRP   6,0.0,0.0,0.0,-0.0050999999999999535,0.0011000000000000341,0.0001100000000000034,-0.0067799999999999016,0.008880968415662749,0.0008880968415662749,-0.006970000000000023,0.01047612046513402,0.001047612046513402,0.0,0.0,0.0,-0.01884999999999984,0.005398842468530104,0.0005398842468530104
GLN   7,R GLN   7,0.0,0.0,0.0,-0.013489999999999995,0.004936587890436066,0.0004936587890436066,0.007129999999999995,0.03350183726305173,0.003350183726305173,0.03288000000000011,0.030580150424744573,0.0030580150424744574,0.0,0.0,0.0,0.026520000000000224,0.015321540392532838,0.0015321540392532838
ARG   8,R ARG   8,0.0,0.0,0.0,-1.4669000000000003,0.6183953994007387,0.06183953994007387,-0.3197099999999988,2.420942598637977,0.2420942598637977,1.51045,1.9650834657845966,0.19650834657845967,-0.225175968,0.06700564624021893,0.006700564624021893,-0.501335967999999,1.0171267810918745,0.10171267810918745
PRO   9,R PRO   9,0.0,0.0,0.0,-0.2851099999999999,0.1715766239905658,0.01715766239905658,0.3011900000000001,0.09307112280401454,0.009307112280401455,-0.07472999999999999,0.09936084289094978,0.009936084289094978,-0.010250856000000008,0.00776541138104504,0.000776541138104504,-0.06890085600000022,0.16026687785414923,0.016026687785414922
LEU  10,R LEU  10,0.0,0.0,0.0,-0.04468999999999999,0.016401033504020418,0.0016401033504020418,-0.008690000000000052,0.010643960728976838,0.0010643960728976838,0.01663000000000002,0.011220209445460443,0.0011220209445460443,0.0,0.0,0.0,-0.03674999999999997,0.018020751926598598,0.0018020751926598598
VAL  11,R VAL  11,0.0,0.0,0.0,-0.009500000000000038,0.002984962311319818,0.0002984962311319818,0.016250000000000035,0.004946463383064666,0.0004946463383064666,-0.0009899999999999983,0.007864470738708359,0.0007864470738708359,0.0,0.0,0.0,0.005759999999999976,0.010819537882922557,0.0010819537882922558
THR  12,R THR  12,0.0,0.0,0.0,-0.0016399999999999705,0.00047999999999999996,4.7999999999999994e-05,0.009339999999999992,0.008493785963867975,0.0008493785963867975,-0.00023999999999998258,0.007549993377480502,0.0007549993377480502,0.0,0.0,0.0,0.007460000000000217,0.003750786584171545,0.0003750786584171545
ILE  13,R ILE  13,0.0,0.0,0.0,-0.005139999999999985,0.0008368990381162308,8.368990381162308e-05,0.017730000000000003,0.006061113759038037,0.0006061113759038037,-0.010640000000000005,0.006467642538050465,0.0006467642538050465,0.0,0.0,0.0,0.001950000000000136,0.003542245050811832,0.0003542245050811832
LYS  14,R LYS  14,0.0,0.0,0.0,-0.0006000000000000183,0.0004898979485566509,4.898979485566509e-05,0.16243000000000002,0.059442283771739525,0.005944228377173953,-0.19366000000000028,0.06030857650450725,0.006030857650450725,0.0,0.0,0.0,-0.0318300000000005,0.006848437778062225,0.0006848437778062225
ILE  15,R ILE  15,0.0,0.0,0.0,-0.001909999999999963,0.0005309425580983599,5.309425580983599e-05,0.013949999999999987,0.005191098149717482,0.0005191098149717482,-0.00656,0.004583273939009101,0.0004583273939009101,0.0,0.0,0.0,0.005479999999999574,0.0027512906062425535,0.00027512906062425533
GLY  16,R GLY  16,0.0,0.0,0.0,-8.000000000000007e-05,0.000271293199325011,2.7129319932501102e-05,-0.006819999999999998,0.0025549168283918876,0.0002554916828391888,0.006290000000000002,0.002558495651745377,0.0002558495651745377,0.0,0.0,0.0,-0.0006099999999999994,0.0006147357155721326,6.147357155721326e-05
GLY  17,R GLY  17,0.0,0.0,0.0,-5.000000000000004e-05,0.0002179449471770339,2.179449471770339e-05,-0.005369999999999996,0.0021847425477616294,0.00021847425477616294,0.0052499999999999995,0.002151162476429895,0.0002151162476429895,0.0,0.0,0.0,-0.00016999999999999904,0.0005666568626602904,5.6665686266029044e-05
GLN  18,R GLN  18,0.0,0.0,0.0,-0.0005600000000000049,0.0004963869458396388,4.963869458396389e-05,0.005030000000000019,0.011509522144728716,0.0011509522144728715,0.0003499999999999126,0.011078244445759375,0.0011078244445759376,0.0,0.0,0.0,0.004819999999999851,0.00429506693777905,0.000429506693777905
LEU  19,R LEU  19,0.0,0.0,0.0,-0.000639999999999965,0.0004799999999999741,4.799999999999741e-05,0.0027399999999998936,0.002095805334471678,0.0002095805334471678,-0.002299999999999996,0.00275862284482674,0.000275862284482674,0.0,0.0,0.0,-0.0002000000000002311,0.0018814887722225636,0.00018814887722225636
LYS  20,R LYS  20,0.0,0.0,0.0,-0.0031899999999999906,0.0007168681887209256,7.168681887209256e-05,0.14605000000000007,0.14975923176886297,0.014975923176886296,-0.09231999999999996,0.14653865565099192,0.014653865565099192,0.0,0.0,0.0,0.05053999999999953,0.03771774648623598,0.003771774648623598
GLU  21,R GLU  21,0.0,0.0,0.0,-0.007049999999999992,0.0022017038856303574,0.00022017038856303575,-0.06298000000000022,0.1849014862027886,0.01849014862027886,0.10485000000000032,0.18243537897019887,0.018243537897019886,0.0,0.0,0.0,0.034820000000000274,0.011275087582807868,0.0011275087582807868
ALA  22,R ALA  22,0.0,0.0,0.0,-0.014309999999999991,0.0029822642404723487,0.0002982264240472349,0.02248999999999999,0.010374483119654696,0.0010374483119654696,-0.012140000000000005,0.009340256955780174,0.0009340256955780174,0.0,0.0,0.0,-0.0039600000000000165,0.0036576495184750413,0.0003657649518475041
LEU  23,R LEU  23,0.0,0.0,0.0,-1.2350200000000007,0.33048216230229177,0.033048216230229174,-0.14103000000000002,0.09551475854547294,0.009551475854547294,0.1984400000000001,0.07505229110426911,0.007505229110426911,-0.14811731999999997,0.03985256092450789,0.003985256092450789,-1.3257273199999995,0.3765313712797937,0.037653137127979366
LEU  24,R LEU  24,0.0,0.0,0.0,-0.1573,0.07332032460375491,0.007332032460375492,-0.007510000000000004,0.012115688176905141,0.0012115688176905141,-0.01205,0.016687944750627626,0.0016687944750627625,0.0,0.0,0.0,-0.1768599999999998,0.08986935183921184,0.008986935183921184
ASP  25,R ASP  25,0.0,0.0,0.0,-1.0424,0.5301963598517064,0.05301963598517064,-5.4569600000000005,1.940663891146527,0.1940663891146527,7.562290000000001,2.3965296129820683,0.23965296129820685,-0.155483136,0.041904196258674406,0.00419041962586744,0.9074468639999997,0.831247561818407,0.0831247561818407
THR  26,R THR  26,0.0,0.0,0.0,-0.04774,0.028799173599254563,0.0028799173599254563,0.027419999999999972,0.08075780829121115,0.008075780829121115,-0.025779999999999983,0.13030038986894857,0.013030038986894856,0.0,0.0,0.0,-0.046100000000000474,0.08288081804615564,0.008288081804615564
GLY  27,R GLY  27,0.0,0.0,0.0,-0.09276999999999994,0.12087802571187238,0.012087802571187238,-0.07094999999999996,0.03609414772508147,0.003609414772508147,0.04898999999999997,0.026424797066392038,0.002642479706639204,-0.000174456,0.0006710329351559429,6.710329351559429e-05,-0.11490445600000009,0.14067547547259274,0.014067547547259274
ALA  28,R ALA  28,0.0,0.0,0.0,-0.32322,0.36012965942837855,0.03601296594283786,0.15602,0.047473988667479705,0.00474739886674797,-0.14100999999999997,0.032240500926629743,0.0032240500926629745,-0.06326351999999998,0.0783322622306799,0.00783322622306799,-0.3714735200000001,0.4156117564070776,0.041561175640707756
ASP  29,R ASP  29,0.0,0.0,0.0,-0.05579999999999997,0.09168336817547658,0.009168336817547657,-1.1350100000000003,0.6776296406592619,0.06776296406592619,1.2159099999999992,0.7729792894379519,0.0772979289437952,-0.0031930559999999992,0.019052367160981964,0.0019052367160981964,0.021906943999998915,0.1169672838773171,0.01169672838773171
ASP  30,R ASP  30,0.0,0.0,0.0,-0.031480000000000063,0.02007111357149867,0.0020071113571498668,-1.0859700000000003,0.46051817455991906,0.046051817455991906,1.15773,0.4578390078400926,0.04578390078400926,-0.00032335200000000006,0.0018254563403423247,0.00018254563403423247,0.039956648000000566,0.04817119280203215,0.004817119280203215
THR  31,R THR  31,0.0,0.0,0.0,-0.02189000000000001,0.007897968093123726,0.0007897968093123726,-0.0029599999999999228,0.02449690592707583,0.0024496905927075827,-0.08346999999999999,0.03220883574424891,0.0032208835744248912,0.0,0.0,0.0,-0.10831999999999992,0.04153236810007343,0.004153236810007343
VAL  32,R VAL  32,0.0,0.0,0.0,-0.49981000000000014,0.20283997115953237,0.020283997115953238,0.08961999999999998,0.027522637954963573,0.002752263795496357,0.07462999999999999,0.041355448250502615,0.004135544825050261,-0.11511626400000002,0.03588484799979924,0.003588484799979924,-0.450676264,0.2206039114528316,0.02206039114528316
LEU  33,R LEU  33,0.0,0.0,0.0,-0.01651999999999993,0.0030413155048432056,0.0003041315504843206,0.01178999999999979,0.003993231773889325,0.00039932317738893247,-0.0024000000000000007,0.008497058314499201,0.0008497058314499201,0.0,0.0,0.0,-0.007130000000000303,0.009761818478131852,0.0009761818478131852
GLU  34,R GLU  34,0.0,0.0,0.0,-0.01234999999999999,0.004405394420480439,0.0004405394420480439,-0.023200000000000075,0.21886160010380992,0.021886160010380993,0.05506000000000005,0.21718894170744513,0.02171889417074451,0.0,0.0,0.0,0.01951000000000036,0.02955418582874507,0.002955418582874507
GLU  35,R GLU  35,0.0,0.0,0.0,-0.0037899999999999713,0.001168717245530306,0.00011687172455303061,-0.12422000000000004,0.1598258790058723,0.01598258790058723,0.14141999999999996,0.1566633447874774,0.01566633447874774,0.0,0.0,0.0,0.013409999999999513,0.018377211431553374,0.0018377211431553375
MET  36,R MET  36,0.0,0.0,0.0,-0.00240999999999997,0.0007628237017817732,7.628237017817732e-05,0.0011899999999999992,0.012934214317073922,0.0012934214317073922,-0.0024200000000000168,0.010986519011952781,0.001098651901195278,0.0,0.0,0.0,-0.0036399999999999276,0.013406356701207307,0.0013406356701207308
SER  37,R SER  37,0.0,0.0,0.0,-0.0003400000000000059,0.0004737087712930886,4.7370877129308864e-05,0.0029300000000000424,0.00566260540740737,0.000566260540740737,-0.0020700000000000384,0.005271157368168894,0.0005271157368168894,0.0,0.0,0.0,0.0005199999999999872,0.0012367699866991412,0.00012367699866991413
LEU  38,R LEU  38,0.0,0.0,0.0,-0.0014199999999999502,0.000532541078227848,5.32541078227848e-05,0.012279999999999926,0.004195426080864783,0.0004195426080864783,0.011410000000000005,0.007825720414121622,0.0007825720414121622,0.0,0.0,0.0,0.022270000000000074,0.006502084281213367,0.0006502084281213367
PRO  39,R PRO  39,0.0,0.0,0.0,-0.00020000000000001129,0.0004000000000000226,4.000000000000226e-05,0.04769000000000001,0.016658148156382772,0.0016658148156382772,-0.04583000000000003,0.016678162368798332,0.0016678162368798332,0.0,0.0,0.0,0.0016600000000000393,0.0009297311439332976,9.297311439332976e-05
GLY  40,R GLY  40,0.0,0.0,0.0,-7.000000000000006e-05,0.0002551470164434617,2.5514701644346173e-05,-0.006200000000000006,0.002457641145488901,0.0002457641145488901,0.006,0.002521904042583697,0.00025219040425836974,0.0,0.0,0.0,-0.00027000000000001914,0.0006301587101675484,6.301587101675484e-05
ARG  41,R ARG  41,0.0,0.0,0.0,-0.0003599999999999992,0.00047999999999999904,4.7999999999999906e-05,0.1301799999999997,0.0747868143458458,0.00747868143458458,-0.13301000000000002,0.07414762234893348,0.007414762234893348,0.0,0.0,0.0,-0.003189999999999884,0.0017244999275142674,0.00017244999275142675
TRP  42,R TRP  42,0.0,0.0,0.0,-0.0016199999999999904,0.0004853864439804123,4.853864439804123e-05,-0.006390000000000047,0.004715707794170401,0.00047157077941704006,-0.004709999999999969,0.006145396651152797,0.0006145396651152797,0.0,0.0,0.0,-0.012719999999999948,0.00431990740641486,0.00043199074064148596
LYS  43,R LYS  43,0.0,0.0,0.0,-0.0013799999999999746,0.0006896375859826176,6.896375859826176e-05,0.2893799999999998,0.15818304460339608,0.01581830446033961,-0.2918200000000003,0.15444775038827796,0.015444775038827796,0.0,0.0,0.0,-0.0038200000000014,0.012693604688976519,0.0012693604688976518
PRO  44,R PRO  44,0.0,0.0,0.0,-0.00130999999999998,0.00048363209157370896,4.83632091573709e-05,0.04028000000000006,0.030911835920889603,0.0030911835920889603,-0.04040999999999995,0.030785417002210737,0.0030785417002210736,0.0,0.0,0.0,-0.0014399999999996282,0.0009728309205609316,9.728309205609316e-05
LYS  45,R LYS  45,0.0,0.0,0.0,-0.014620000000000032,0.007036732196126248,0.0007036732196126248,0.66417,0.4217181773412194,0.042171817734121944,-0.5765199999999998,0.42299651251517406,0.042299651251517405,0.0,0.0,0.0,0.0730300000000001,0.060066871901240035,0.0060066871901240035
MET  46,R MET  46,0.0,0.0,0.0,-0.027480000000000025,0.010823566879730498,0.0010823566879730499,0.020760000000000032,0.03277502707855478,0.003277502707855478,-0.010619999999999992,0.04146656002129906,0.004146656002129906,0.0,0.0,0.0,-0.0173400000000001,0.03020669462221905,0.003020669462221905
ILE  47,R ILE  47,0.0,0.0,0.0,-0.6525600000000001,0.23717952356811892,0.023717952356811893,0.08442999999999999,0.04502604912714419,0.004502604912714419,-0.0226,0.03599444401570887,0.003599444401570887,-0.10484992799999998,0.03852895829507492,0.0038528958295074916,-0.6955799279999999,0.258783753339393,0.025878375333939302
GLY  48,R GLY  48,0.0,0.0,0.0,-0.28919000000000006,0.13813223338525993,0.013813223338525993,-0.03601000000000001,0.054316755241822,0.0054316755241822,-0.020669999999999987,0.04287891206642259,0.004287891206642259,-0.0033418799999999993,0.005033823076271155,0.0005033823076271155,-0.34921187999999986,0.1413051393388197,0.014130513933881969
GLY  49,R GLY  49,0.0,0.0,0.0,-0.50898,0.11609737120193538,0.011609737120193538,0.035140000000000005,0.05239943129462379,0.005239943129462379,-0.14386000000000002,0.04603499103942546,0.004603499103942546,-0.003845087999999999,0.004764961623209153,0.00047649616232091536,-0.6215450879999999,0.14417372878604134,0.014417372878604135
ILE  50,R ILE  50,0.0,0.0,0.0,-2.8041499999999995,0.8739566279284138,0.08739566279284137,-0.1668,0.09976532463737094,0.009976532463737094,0.18971000000000005,0.07493307614131416,0.007493307614131415,-0.42847236000000016,0.09142147448141891,0.009142147448141891,-3.2097123599999997,0.9180068184319562,0.09180068184319562
GLY  51,R GLY  51,0.0,0.0,0.0,-0.09266999999999999,0.06791436593240037,0.006791436593240037,0.08012999999999999,0.04916780552353345,0.004916780552353344,-0.09764,0.04490267698033152,0.004490267698033152,-0.000570456,0.0012476143109406848,0.0001247614310940685,-0.11075045599999997,0.0671481254042797,0.006714812540427969
GLY  52,R GLY  52,0.0,0.0,0.0,-0.06191000000000001,0.06072875677963448,0.006072875677963448,0.04939000000000002,0.04990168233637014,0.004990168233637014,-0.06389999999999998,0.03759853720558823,0.0037598537205588227,-0.000529776,0.001499023462732989,0.0001499023462732989,-0.076949776,0.05538771079853203,0.0055387710798532035
PHE  53,R PHE  53,0.0,0.0,0.0,-0.4485099999999999,0.31936598112510367,0.031936598112510366,-0.029160000000000005,0.19466302781987135,0.019466302781987136,0.11175,0.17054573433539755,0.017054573433539756,-0.096170256,0.08111407434817747,0.008111407434817747,-0.4620902559999995,0.33393558467812623,0.033393558467812626
ILE  54,R ILE  54,0.0,0.0,0.0,-0.43695,0.21762919725992663,0.021762919725992664,0.0007299999999999926,0.03212844689679225,0.003212844689679225,0.06363000000000002,0.029486829263248946,0.0029486829263248946,-0.05314248,0.03154644791039397,0.0031546447910393966,-0.4257324800000001,0.22314826473303143,0.022314826473303143
LYS  55,R LYS  55,0.0,0.0,0.0,-0.010540000000000002,0.002192806421004849,0.0002192806421004849,-0.0657699999999997,0.16702262451536312,0.01670226245153631,-0.07915999999999954,0.1796306054101023,0.017963060541010233,0.0,0.0,0.0,-0.15546999999999833,0.03321639805879072,0.003321639805879072
VAL  56,R VAL  56,0.0,0.0,0.0,-0.05409,0.01894470638463426,0.001894470638463426,0.0314400000000001,0.012558917150773766,0.0012558917150773765,0.04674,0.015193169517911673,0.0015193169517911673,-0.0011828879999999998,0.0042493958744574505,0.00042493958744574503,0.02290711200000019,0.021580122176156947,0.0021580122176156945
ARG  57,R ARG  57,0.0,0.0,0.0,-0.003949999999999938,0.0008645808232895502,8.645808232895502e-05,0.10838999999999942,0.12056806335012622,0.012056806335012622,-0.17057999999999982,0.11594595120141113,0.011594595120141113,0.0,0.0,0.0,-0.06614000000000118,0.02475318969345487,0.002475318969345487
GLN  58,R GLN  58,0.0,0.0,0.0,-0.0044900000000000695,0.0013453252394866899,0.000134532523948669,0.019990000000000053,0.03768593769564453,0.003768593769564453,0.022950000000000026,0.03179225534623175,0.003179225534623175,0.0,0.0,0.0,0.03844999999999942,0.01759907668032727,0.0017599076680327268
TYR  59,R TYR  59,0.0,0.0,0.0,-0.0023400000000001774,0.0004943682837722991,4.943682837722991e-05,0.012690000000000019,0.006205956815834321,0.0006205956815834321,-0.03823999999999999,0.009949994974873042,0.0009949994974873043,0.0,0.0,0.0,-0.027890000000000203,0.009168309549748097,0.0009168309549748097
ASP  60,R ASP  60,0.0,0.0,0.0,-0.0008700000000000363,0.00041605288125431576,4.160528812543157e-05,-0.4076900000000004,0.1520356336521156,0.015203563365211559,0.4035499999999999,0.15045739430150973,0.015045739430150973,0.0,0.0,0.0,-0.005010000000001398,0.009791317582429756,0.0009791317582429756
GLN  61,R GLN  61,0.0,0.0,0.0,-0.0005400000000000004,0.0004983974317750852,4.983974317750852e-05,0.015649999999999973,0.018832617980514575,0.0018832617980514576,-0.011540000000000035,0.017767622238217377,0.0017767622238217377,0.0,0.0,0.0,0.0035700000000013434,0.0024464464024383297,0.00024464464024383296
ILE  62,R ILE  62,0.0,0.0,0.0,-0.0011700000000000577,0.0003756327994198725,3.7563279941987254e-05,0.01812000000000001,0.00496040320941752,0.000496040320941752,-0.0069000000000000025,0.005799137866959196,0.0005799137866959196,0.0,0.0,0.0,0.010049999999999927,0.0033327916226490025,0.00033327916226490027
LEU  63,R LEU  63,0.0,0.0,0.0,-0.00044999999999998817,0.000497493718553297,4.9749371855329705e-05,0.003620000000000072,0.001474991525399387,0.00014749915253993868,-0.0038399999999999945,0.0018205493676360306,0.00018205493676360306,0.0,0.0,0.0,-0.0006700000000000616,0.001964968193126786,0.0001964968193126786
ILE  64,R ILE  64,0.0,0.0,0.0,-0.0026600000000000356,0.0006036555309114609,6.0365553091146086e-05,0.020979999999999967,0.004853823235347561,0.0004853823235347561,-0.015359999999999999,0.005673658431735219,0.0005673658431735219,0.0,0.0,0.0,0.0029600000000000117,0.003174649586962395,0.00031746495869623947
GLU  65,R GLU  65,0.0,0.0,0.0,-0.0004900000000000305,0.0004998999899980306,4.9989998999803066e-05,-0.23625999999999997,0.0689932779334329,0.006899327793343291,0.24409,0.06928247902608586,0.006928247902608586,0.0,0.0,0.0,0.007340000000000231,0.002164347476723325,0.0002164347476723325
ILE  66,R ILE  66,0.0,0.0,0.0,-0.0035100000000000174,0.0007415524256585637,7.415524256585637e-05,0.022149999999999958,0.005682209077462748,0.0005682209077462748,-0.01742999999999999,0.005488633709767887,0.0005488633709767887,0.0,0.0,0.0,0.0012099999999998267,0.0028611011866061676,0.00028611011866061677
CYS  67,R CYS  67,0.0,0.0,0.0,-0.0010000000000000009,0.00046904157598233866,4.6904157598233864e-05,-0.005789999999999993,0.010334693996437442,0.0010334693996437443,-0.0005000000000000023,0.008556284240252903,0.0008556284240252903,0.0,0.0,0.0,-0.007290000000000188,0.005596954529027237,0.0005596954529027237
GLY  68,R GLY  68,0.0,0.0,0.0,-4.000000000000004e-05,0.00019595917942265444,1.9595917942265444e-05,-0.008180000000000003,0.00235533437116687,0.00023553343711668699,0.007810000000000004,0.002435959769782732,0.0002435959769782732,0.0,0.0,0.0,-0.0004099999999999593,0.0006179805822192196,6.179805822192196e-05
HID  69,R HID  69,0.0,0.0,0.0,-0.0006799999999999873,0.00046647615158761525,4.6647615158761525e-05,0.015390000000000055,0.010391241504266896,0.0010391241504266895,-0.012360000000000032,0.009948386803899338,0.0009948386803899337,0.0,0.0,0.0,0.0023499999999998344,0.0015708278072403149,0.0001570827807240315
LYS  70,R LYS  70,0.0,0.0,0.0,-0.0004199999999999804,0.0004935585071700998,4.9355850717009984e-05,0.19277999999999992,0.05475684066854168,0.005475684066854168,-0.2041899999999999,0.05550507994769437,0.0055505079947694375,0.0,0.0,0.0,-0.011829999999999466,0.00410135343514824,0.00041013534351482396
ALA  71,R ALA  71,0.0,0.0,0.0,-0.0004599999999999893,0.0004983974317750732,4.983974317750732e-05,0.020189999999999993,0.004612363819127873,0.00046123638191278727,-0.018359999999999984,0.004357797608884643,0.00043577976088846434,0.0,0.0,0.0,0.0013700000000001734,0.0011104503590884296,0.00011104503590884296
ILE  72,R ILE  72,0.0,0.0,0.0,-0.0005799999999999894,0.0004935585071701138,4.935585071701138e-05,0.008179999999999972,0.002282016651998819,0.00022820166519988192,-0.00975,0.0025431279952059065,0.00025431279952059066,0.0,0.0,0.0,-0.0021499999999997767,0.0014722431864333796,0.00014722431864333795
GLY  73,R GLY  73,0.0,0.0,0.0,-0.000279999999999998,0.0004489988864128699,4.489988864128699e-05,-0.016150000000000008,0.0039531632903283855,0.00039531632903283857,0.013179999999999996,0.004050629580694854,0.00040506295806948543,0.0,0.0,0.0,-0.0032499999999999574,0.0009733961166965905,9.733961166965905e-05
THR  74,R THR  74,0.0,0.0,0.0,-0.003140000000000005,0.0010394229168149177,0.00010394229168149177,0.011269999999999945,0.02304511011039012,0.002304511011039012,0.004920000000000004,0.017969240384612818,0.0017969240384612818,0.0,0.0,0.0,0.013049999999999872,0.026549717512621487,0.0026549717512621487
VAL  75,R VAL  75,0.0,0.0,0.0,-0.005229999999999988,0.0008928045698807962,8.928045698807962e-05,0.008899999999999953,0.0032603680773801626,0.00032603680773801626,0.02299,0.007416865914926589,0.000741686591492659,0.0,0.0,0.0,0.026659999999999878,0.007138935494875897,0.0007138935494875897
LEU  76,R LEU  76,0.0,0.0,0.0,-0.05727999999999998,0.026835826799262216,0.0026835826799262216,0.05809000000000011,0.016878444833573862,0.0016878444833573862,0.0014499999999999997,0.02117043929633961,0.002117043929633961,-0.000533592,0.003392440725132276,0.00033924407251322757,0.0017264080000006122,0.02508019668809497,0.0025080196688094967
VAL  77,R VAL  77,0.0,0.0,0.0,-0.006580000000000053,0.001282029640843011,0.0001282029640843011,4.000000000006665e-05,0.0024368832553077454,0.00024368832553077453,0.024979999999999992,0.006654291848123303,0.0006654291848123303,0.0,0.0,0.0,0.01843999999999999,0.006937319367017519,0.0006937319367017519
GLY  78,R GLY  78,0.0,0.0,0.0,-0.004489999999999998,0.001819313057172954,0.0001819313057172954,-0.010860000000000005,0.009119232423839193,0.0009119232423839193,-0.008890000000000004,0.009143188721665979,0.0009143188721665979,0.0,0.0,0.0,-0.024239999999999987,0.006340536254923584,0.0006340536254923584
PRO  79,R PRO  79,0.0,0.0,0.0,-0.026419999999999985,0.01532460766218827,0.001532460766218827,-0.003079999999999984,0.07164002791735916,0.007164002791735916,0.08006999999999995,0.07349234722064604,0.007349234722064604,-0.0001609200000000005,0.0015079042956368332,0.00015079042956368333,0.050409080000000266,0.024742759509900777,0.0024742759509900777
THR  80,R THR  80,0.0,0.0,0.0,-0.19843999999999995,0.10014971991972846,0.010014971991972845,0.23021000000000008,0.09903981976962586,0.009903981976962586,-0.3634300000000001,0.12963689713966448,0.012963689713966447,-0.022363488,0.02220020870634003,0.002220020870634003,-0.3540234880000002,0.1715528898224832,0.017155288982248322
PRO  81,R PRO  81,0.0,0.0,0.0,-0.10126999999999999,0.12261972557463988,0.012261972557463988,-0.23484000000000013,0.15591829398758802,0.015591829398758802,0.36037000000000013,0.1667277214502734,0.01667277214502734,-0.015346584000000002,0.040760708353076304,0.004076070835307631,0.008913416000000006,0.1302929982505756,0.013029299825057562
VAL  82,R VAL  82,0.0,0.0,0.0,-0.2694099999999999,0.21716312279021965,0.021716312279021967,-0.02504000000000005,0.021745307539788823,0.0021745307539788824,0.06236999999999997,0.028970900917990195,0.0028970900917990195,-0.0330462,0.043001408274371676,0.004300140827437167,-0.2651262,0.251453328078153,0.0251453328078153
ASN  83,R ASN  83,0.0,0.0,0.0,-0.026059999999999972,0.005112377137888008,0.0005112377137888007,-0.03919999999999999,0.03349895520758818,0.003349895520758818,0.07536000000000001,0.040116211187000206,0.00401162111870002,0.0,0.0,0.0,0.01009999999999934,0.02631026415678761,0.0026310264156787612
ILE  84,R ILE  84,0.0,0.0,0.0,-1.4951599999999998,0.30982732997590856,0.030982732997590856,0.13705000000000006,0.04117581207456629,0.004117581207456629,-0.04335000000000001,0.044777086774375995,0.0044777086774375995,-0.24092337600000005,0.06414401552881599,0.006414401552881599,-1.6423833760000006,0.32822473989362577,0.032822473989362576
ILE  85,R ILE  85,0.0,0.0,0.0,-0.03205999999999997,0.00669898499774408,0.000669898499774408,0.014470000000000005,0.007605859583242425,0.0007605859583242425,-0.027729999999999987,0.008604481390531384,0.0008604481390531383,0.0,0.0,0.0,-0.0453199999999999,0.009957790919676766,0.0009957790919676766
GLY  86,R GLY  86,0.0,0.0,0.0,-0.009870000000000006,0.004717319153926277,0.0004717319153926277,-0.05752999999999998,0.01259480448438962,0.001259480448438962,0.039090000000000014,0.010576478620032288,0.0010576478620032289,0.0,0.0,0.0,-0.02830999999999999,0.01018891063853243,0.001018891063853243
ARG  87,R ARG  87,0.0,0.0,0.0,-0.027980000000000168,0.016048663495755566,0.0016048663495755566,0.9006000000000007,0.34725463279846996,0.034725463279847,-0.7746099999999997,0.33293966104986666,0.033293966104986666,0.0,0.0,0.0,0.09801000000000243,0.04786491303658676,0.004786491303658677
ASN  88,R ASN  88,0.0,0.0,0.0,-0.006840000000000041,0.0025128469909646125,0.0002512846990964612,-0.11767999999999997,0.034146414160201484,0.0034146414160201484,0.08123000000000007,0.025379462169242247,0.002537946216924225,0.0,0.0,0.0,-0.043289999999999794,0.02412023839019811,0.0024120238390198108
LEU  89,R LEU  89,0.0,0.0,0.0,-0.004880000000000129,0.0010703270528207205,0.00010703270528207204,0.024589999999999917,0.00580877784047566,0.000580877784047566,0.0037199999999999976,0.0071345357242079905,0.0007134535724207991,0.0,0.0,0.0,0.02342999999999991,0.0070445084995335505,0.000704450849953355
LEU  90,R LEU  90,0.0,0.0,0.0,-0.01565000000000005,0.0034362043012602875,0.00034362043012602875,0.04359000000000004,0.011131123034087894,0.0011131123034087893,-0.03030999999999999,0.015965396957169593,0.0015965396957169594,0.0,0.0,0.0,-0.0023699999999999746,0.017337044154065187,0.0017337044154065186
THR  91,R THR  91,0.0,0.0,0.0,-0.0016799999999999571,0.0006764613810114909,6.764613810114908e-05,0.023920000000000084,0.020298610789903887,0.002029861078990389,-0.013730000000000018,0.016353504211636092,0.0016353504211636092,0.0,0.0,0.0,0.008510000000000205,0.00871377644881943,0.0008713776448819431
GLN  92,R GLN  92,0.0,0.0,0.0,-0.0011599999999999566,0.0003666060555964836,3.6660605559648356e-05,0.057599999999999936,0.017905864960956246,0.0017905864960956245,-0.034549999999999984,0.015110509587700934,0.0015110509587700934,0.0,0.0,0.0,0.021890000000000073,0.00904421914816296,0.000904421914816296
ILE  93,R ILE  93,0.0,0.0,0.0,-0.0019199999999999218,0.000483321838943805,4.83321838943805e-05,0.01775999999999998,0.004558771764412064,0.00045587717644120636,-0.012779999999999998,0.003764518561516191,0.0003764518561516191,0.0,0.0,0.0,0.0030599999999999738,0.002477175811281833,0.0002477175811281833
GLY  94,R GLY  94,0.0,0.0,0.0,-0.0001100000000000001,0.0003128897569432406,3.1288975694324064e-05,-0.013229999999999994,0.0031932898396481446,0.0003193289839648145,0.012250000000000006,0.0031252999856013733,0.00031252999856013733,0.0,0.0,0.0,-0.0010900000000000176,0.0007084490101623168,7.084490101623168e-05
CYS  95,R CYS  95,0.0,0.0,0.0,-0.0027499999999999725,0.0006538348415310853,6.538348415310854e-05,-0.02231999999999999,0.013088070904453453,0.0013088070904453454,0.008180000000000003,0.011105296033875002,0.0011105296033875002,0.0,0.0,0.0,-0.016889999999999877,0.006021453312947036,0.0006021453312947036
THR  96,R THR  96,0.0,0.0,0.0,-0.0011500000000000021,0.00043301270189223875,4.330127018922388e-05,0.014909999999999944,0.008639554386656862,0.0008639554386656862,-0.0069800000000000174,0.009157488738731798,0.0009157488738731798,0.0,0.0,0.0,0.0067799999999996,0.00534711136970276,0.0005347111369702759
LEU  97,R LEU  97,0.0,0.0,0.0,-0.008719999999999964,0.002121697433660119,0.00021216974336601193,0.024259999999999938,0.00945898514640975,0.000945898514640975,-0.017560000000000006,0.011032062363855621,0.0011032062363855622,0.0,0.0,0.0,-0.002019999999999937,0.010192134222036188,0.0010192134222036188
ASN  98,R ASN  98,0.0,0.0,0.0,-0.0007600000000000495,0.0004498888751681004,4.498888751681004e-05,0.008460000000000037,0.017446157169990185,0.0017446157169990185,-0.0023899999999999685,0.014745775666271381,0.0014745775666271381,0.0,0.0,0.0,0.0053099999999989935,0.004700414875306236,0.00047004148753062365
PHE  99,R PHE  99,0.0,0.0,0.0,-0.001650000000000027,0.0005361902647381142,5.361902647381142e-05,-0.05327000000000012,0.019956881018836626,0.0019956881018836628,0.03245,0.01995814370125636,0.001995814370125636,0.0,0.0,0.0,-0.02246999999999985,0.007531872277196534,0.0007531872277196535
PRO 100,R PRO 100,0.0,0.0,0.0,-0.00033999999999999807,0.0004737087712930779,4.737087712930779e-05,0.11658000000000003,0.04866974008560149,0.004866974008560149,-0.11195999999999996,0.0478313537337173,0.00478313537337173,0.0,0.0,0.0,0.004280000000000382,0.0022586721763019823,0.00022586721763019824
GLN 101,R GLN 101,0.0,0.0,0.0,-0.0004899999999999682,0.0004998999899979673,4.998999899979673e-05,0.02049999999999999,0.02090956718825144,0.002090956718825144,-0.014109999999999939,0.017943742641935056,0.0017943742641935057,0.0,0.0,0.0,0.005899999999999111,0.003882009788756768,0.0003882009788756768
ILE 102,R ILE 102,0.0,0.0,0.0,-0.002130000000000054,0.0006427285585688633,6.427285585688634e-05,0.01635,0.006806430782723095,0.0006806430782723095,-0.010980000000000005,0.006420249216346657,0.0006420249216346657,0.0,0.0,0.0,0.0032400000000000696,0.0021777052142107314,0.00021777052142107314
THR 103,R THR 103,0.0,0.0,0.0,-0.0007399999999999962,0.0004820788317277561,4.820788317277561e-05,0.0066099999999999605,0.009500415780375028,0.0009500415780375028,0.0010600000000000253,0.00811149801208132,0.000811149801208132,0.0,0.0,0.0,0.006929999999999943,0.0025308299034112226,0.0002530829903411223
LEU 104,R LEU 104,0.0,0.0,0.0,-0.007069999999999981,0.0025149751489826648,0.0002514975148982665,0.029509999999999995,0.008082691383443941,0.0008082691383443941,-0.01983999999999999,0.008733521626468923,0.0008733521626468922,0.0,0.0,0.0,0.002600000000000007,0.006951258878793183,0.0006951258878793183
TRP 105,R TRP 105,0.0,0.0,0.0,-0.0019899999999999983,0.000655667598711426,6.55667598711426e-05,-0.01920999999999996,0.00591657840309762,0.000591657840309762,0.009789999999999991,0.005544898556330789,0.000554489855633079,0.0,0.0,0.0,-0.011410000000000196,0.0034499130423825126,0.00034499130423825124
GLN 106,R GLN 106,0.0,0.0,0.0,-0.002669999999999988,0.0011318568814121203,0.00011318568814121203,0.008320000000000024,0.0250015519518289,0.0025001551951828902,0.007220000000000057,0.024733208445327177,0.002473320844532718,0.0,0.0,0.0,0.012869999999999849,0.004553361395716225,0.0004553361395716225
ARG 107,R ARG 107,0.0,0.0,0.0,-0.16448000000000002,0.1776044751688425,0.01776044751688425,0.664720000000001,1.5433803100985843,0.15433803100985843,-0.3609099999999997,1.4007413258342882,0.14007413258342882,-0.04116254400000001,0.07048704730618288,0.007048704730618288,0.09816745600000132,0.3098303556351198,0.03098303556351198
PRO 108,R PRO 108,0.0,0.0,0.0,-0.012779999999999951,0.008129674040206078,0.0008129674040206078,0.18524999999999994,0.07193502276360256,0.007193502276360256,-0.13274999999999998,0.0662548677456985,0.00662548677456985,0.0,0.0,0.0,0.03971999999999998,0.01061044768141321,0.001061044768141321
LEU 109,R LEU 109,0.0,0.0,0.0,-0.010239999999999996,0.00743386844112803,0.0007433868441128029,-0.0014700000000000912,0.012713343384019892,0.0012713343384019892,0.010580000000000003,0.01334929211606369,0.001334929211606369,0.0,0.0,0.0,-0.0011300000000002174,0.008469539538841674,0.0008469539538841674
VAL 110,R VAL 110,0.0,0.0,0.0,-0.0024199999999999864,0.000814616474176653,8.146164741766531e-05,0.006109999999999829,0.004076505856735629,0.0004076505856735629,0.005210000000000001,0.006620113292081947,0.0006620113292081947,0.0,0.0,0.0,0.00889999999999974,0.004616275555033459,0.0004616275555033459
THR 111,R THR 111,0.0,0.0,0.0,-0.0006499999999999773,0.00047696960070845606,4.7696960070845603e-05,0.004359999999999937,0.008959374978200233,0.0008959374978200233,-5.000000000002426e-05,0.008658377446150054,0.0008658377446150054,0.0,0.0,0.0,0.0036599999999998634,0.0016322989922192947,0.00016322989922192948
ILE 112,R ILE 112,0.0,0.0,0.0,-0.0024200000000000354,0.0007769169839821618,7.769169839821618e-05,-0.00039999999999999866,0.006979971346646061,0.0006979971346646062,0.004880000000000001,0.007558147921283359,0.0007558147921283358,0.0,0.0,0.0,0.002059999999999977,0.002335893833204161,0.0002335893833204161
LYS 113,R LYS 113,0.0,0.0,0.0,-0.0004400000000000004,0.0004963869458396348,4.963869458396348e-05,0.004240000000000011,0.06632407104513409,0.006632407104513409,-0.018320000000000506,0.06556323359932753,0.006556323359932753,0.0,0.0,0.0,-0.01452000000000087,0.003185843687314037,0.0003185843687314037
ILE 114,R ILE 114,0.0,0.0,0.0,-0.0012899999999999778,0.0004958830507286993,4.958830507286993e-05,-0.004780000000000004,0.006677694212825256,0.0006677694212825256,0.007640000000000001,0.006989306117205054,0.0006989306117205054,0.0,0.0,0.0,0.0015700000000001867,0.0014508962747212541,0.0001450896274721254
GLY 115,R GLY 115,0.0,0.0,0.0,-9.000000000000007e-05,0.000286181760425084,2.86181760425084e-05,0.0026100000000000047,0.0034026313347173057,0.00034026313347173057,-0.0029300000000000003,0.0034124917582318086,0.00034124917582318084,0.0,0.0,0.0,-0.00041000000000001035,0.0007361385739112012,7.361385739112013e-05
GLY 116,R GLY 116,0.0,0.0,0.0,-5.000000000000004e-05,0.0002179449471770339,2.179449471770339e-05,0.001769999999999996,0.0027923287772037087,0.00027923287772037086,-0.001779999999999997,0.0027260961098244485,0.00027260961098244486,0.0,0.0,0.0,-6.000000000003336e-05,0.0007045565981523488,7.045565981523488e-05
GLN 117,R GLN 117,0.0,0.0,0.0,-0.00037999999999998034,0.0004853864439804389,4.853864439804389e-05,-0.002029999999999976,0.01207183084705879,0.001207183084705879,0.0053799999999999135,0.012597444185230587,0.0012597444185230588,0.0,0.0,0.0,0.0029700000000000416,0.002910171816232857,0.0002910171816232857
LEU 118,R LEU 118,0.0,0.0,0.0,-0.0004700000000000104,0.0004990991885387224,4.990991885387224e-05,0.0010400000000000366,0.002092462663944112,0.0002092462663944112,-0.0008999999999999997,0.00223830292855994,0.00022383029285599402,0.0,0.0,0.0,-0.0003300000000000136,0.0010493331215585065,0.00010493331215585065
LYS 119,R LYS 119,0.0,0.0,0.0,-0.002169999999999992,0.0009386692708297088,9.386692708297087e-05,-0.24691999999999983,0.1675736065136753,0.016757360651367532,0.2843900000000003,0.17316875555365047,0.017316875555365048,0.0,0.0,0.0,0.035300000000000116,0.021220508947713816,0.0021220508947713814
GLU 120,R GLU 120,0.0,0.0,0.0,-0.0028699999999999993,0.0015978422950967204,0.00015978422950967204,0.04227999999999953,0.21189563846384366,0.021189563846384367,-0.017079999999999772,0.2095100799484359,0.02095100799484359,0.0,0.0,0.0,0.022330000000000395,0.008371445514366223,0.0008371445514366223
ALA 121,R ALA 121,0.0,0.0,0.0,-0.004070000000000022,0.0019300518127760389,0.00019300518127760388,-0.0018600000000000038,0.01057546216484179,0.001057546216484179,0.005740000000000002,0.010543832320366252,0.0010543832320366253,0.0,0.0,0.0,-0.00019000000000007677,0.0019374983870960886,0.00019374983870960888
LEU 122,R LEU 122,0.0,0.0,0.0,-0.1738200000000001,0.19547891855645197,0.0195478918556452,0.008719999999999927,0.03213536369795742,0.003213536369795742,0.002639999999999998,0.03586349676202811,0.0035863496762028107,-0.012389111999999997,0.022879020933708156,0.0022879020933708155,-0.174849112,0.20435484056866637,0.020435484056866637
LEU 123,R LEU 123,0.0,0.0,0.0,-0.012370000000000018,0.004444445972221898,0.0004444445972221898,0.008489999999999975,0.0042508704990860706,0.0004250870499086071,0.0039000000000000024,0.004811444689487761,0.0004811444689487761,0.0,0.0,0.0,1.9999999999846807e-05,0.005810301197011924,0.0005810301197011924
ASP 124,R ASP 124,0.0,0.0,0.0,-0.5444900000000001,0.32110520067417136,0.03211052006741714,-3.7645699999999986,3.152954700768791,0.3152954700768791,5.880269999999997,2.6051878966976654,0.26051878966976655,-0.09204307199999998,0.024497784128553742,0.002449778412855374,1.4791669280000013,1.3271990122515338,0.13271990122515337
THR 125,R THR 125,0.0,0.0,0.0,-0.3207799999999999,0.20964859074174577,0.02096485907417458,0.07293999999999996,0.09733599745212472,0.009733599745212472,0.06874000000000001,0.14548165657566595,0.014548165657566595,-0.004448232000000001,0.006944820878941083,0.0006944820878941083,-0.1835482320000002,0.1404890666587281,0.01404890666587281
GLY 126,R GLY 126,0.0,0.0,0.0,-0.5199999999999999,0.1652934965447829,0.01652934965447829,-0.042220000000000014,0.06920441893405362,0.006920441893405361,0.07026000000000003,0.03685556131712007,0.0036855561317120067,-0.010993031999999998,0.008751295065061858,0.0008751295065061858,-0.5029530320000001,0.13997813640663914,0.013997813640663914
ALA 127,R ALA 127,0.0,0.0,0.0,-0.4220899999999998,0.19130206977448047,0.019130206977448046,0.015419999999999996,0.04572377499725934,0.004572377499725934,-0.02564000000000001,0.04251247346367888,0.004251247346367888,-0.021597768,0.022170601626707746,0.0022170601626707747,-0.4539077680000001,0.21246864599825105,0.021246864599825104
ASP 128,R ASP 128,0.0,0.0,0.0,-0.43964000000000003,0.6283394547535591,0.06283394547535591,-2.9870899999999994,3.747703374321399,0.37477033743213994,2.84756,2.585566913928161,0.2585566913928161,-0.08314596,0.0354859097210146,0.00354859097210146,-0.6623159599999988,1.1434725460133826,0.11434725460133825
ASP 129,R ASP 129,0.0,0.0,0.0,-0.07073,0.035564548359286095,0.0035564548359286094,-0.07144000000000023,0.644931582727967,0.0644931582727967,0.2327799999999999,0.6684192633370165,0.06684192633370165,-0.0020853360000000006,0.0075021544673449635,0.0007502154467344963,0.08852466399999984,0.04281467556307995,0.004281467556307995
THR 130,R THR 130,0.0,0.0,0.0,-0.015730000000000043,0.004545008250817548,0.0004545008250817548,-0.015660000000000115,0.024112328796696402,0.00241123287966964,-0.03846,0.030106949363892698,0.00301069493638927,0.0,0.0,0.0,-0.06985000000000001,0.021615445866324336,0.0021615445866324337
VAL 131,R VAL 131,0.0,0.0,0.0,-0.17141999999999996,0.15083455704844304,0.015083455704844304,-0.01738000000000003,0.034674711246093975,0.0034674711246093976,0.04923000000000001,0.031933009566904244,0.0031933009566904244,-0.015105672,0.026243072171154354,0.002624307217115435,-0.15467567200000001,0.16153946667889085,0.016153946667889087
LEU 132,R LEU 132,0.0,0.0,0.0,-0.010659999999999989,0.004720635550431867,0.00047206355504318665,0.002939999999999987,0.005482371749525976,0.0005482371749525976,0.005610000000000004,0.006365367232139873,0.0006365367232139872,0.0,0.0,0.0,-0.0021099999999997453,0.009348684399422486,0.0009348684399422486
GLU 133,R GLU 133,0.0,0.0,0.0,-0.01488999999999999,0.007868792791781985,0.0007868792791781984,0.49758000000000024,0.3152617699626768,0.03152617699626768,-0.4662699999999995,0.3120433577245315,0.03120433577245315,0.0,0.0,0.0,0.016420000000001166,0.026810139872816555,0.0026810139872816556
GLU 134,R GLU 134,0.0,0.0,0.0,-0.004270000000000026,0.0021206366968436726,0.00021206366968436725,0.44296999999999925,0.22042270550013646,0.022042270550013645,-0.43359999999999993,0.21530536454069135,0.021530536454069136,0.0,0.0,0.0,0.005099999999999057,0.014675489770361441,0.0014675489770361442
MET 135,R MET 135,0.0,0.0,0.0,-0.001830000000000016,0.0007078841713161831,7.078841713161831e-05,-0.009029999999999996,0.010985859092487943,0.0010985859092487943,0.0060299999999999885,0.01443014552941169,0.001443014552941169,0.0,0.0,0.0,-0.0048300000000000235,0.004675585524830092,0.0004675585524830092
SER 136,R SER 136,0.0,0.0,0.0,-0.0003200000000000014,0.0004664761515876262,4.664761515876262e-05,-0.007640000000000098,0.007747928755480492,0.0007747928755480492,0.008519999999999887,0.007817262948116795,0.0007817262948116796,0.0,0.0,0.0,0.0005599999999998229,0.0010518555033842967,0.00010518555033842967
LEU 137,R LEU 137,0.0,0.0,0.0,-0.00121999999999995,0.00045999999999992797,4.59999999999928e-05,-0.0064200000000000125,0.006124018288672907,0.0006124018288672907,0.015260000000000001,0.007067701182138347,0.0007067701182138347,0.0,0.0,0.0,0.007620000000000044,0.0024404098016519984,0.00024404098016519985
PRO 138,R PRO 138,0.0,0.0,0.0,-0.00021999999999999575,0.0004142463035441517,4.1424630354415165e-05,-0.023499999999999997,0.02248710741736251,0.0022487107417362507,0.024679999999999955,0.022381635328992344,0.0022381635328992343,0.0,0.0,0.0,0.0009600000000003206,0.0008114185110038209,8.11418511003821e-05
GLY 139,R GLY 139,0.0,0.0,0.0,-4.000000000000004e-05,0.00019595917942265444,1.9595917942265444e-05,0.0036,0.0030364452901377893,0.0003036445290137789,-0.0037299999999999946,0.0031043678905696803,0.000310436789056968,0.0,0.0,0.0,-0.0001699999999999946,0.0005666568626602683,5.6665686266026835e-05
ARG 140,R ARG 140,0.0,0.0,0.0,-0.0003799999999999959,0.00048538644398045877,4.853864439804588e-05,-0.10050999999999988,0.07044096748341841,0.007044096748341841,0.09813000000000059,0.07024623192741378,0.007024623192741377,0.0,0.0,0.0,-0.002760000000002094,0.002049975609611728,0.0002049975609611728
TRP 141,R TRP 141,0.0,0.0,0.0,-0.0015300000000000313,0.0004990991885387806,4.990991885387806e-05,0.006039999999999903,0.0042659582745264,0.00042659582745264003,-0.011880000000000024,0.00453272544943989,0.00045327254494398903,0.0,0.0,0.0,-0.00736999999999961,0.002300673814342713,0.0002300673814342713
LYS 142,R LYS 142,0.0,0.0,0.0,-0.0015500000000000513,0.0006689544080129721,6.689544080129721e-05,-0.12662000000000007,0.1451341985887546,0.01451341985887546,0.13388999999999995,0.14445697594785784,0.014445697594785784,0.0,0.0,0.0,0.005720000000000098,0.014497641187449032,0.0014497641187449033
PRO 143,R PRO 143,0.0,0.0,0.0,-0.0012500000000000022,0.0004330127018922241,4.330127018922241e-05,-0.05679000000000002,0.026791526645564674,0.0026791526645564673,0.057409999999999996,0.026636476869135627,0.002663647686913563,0.0,0.0,0.0,-0.0006299999999998817,0.0007163099887617697,7.163099887617697e-05
LYS 144,R LYS 144,0.0,0.0,0.0,-0.02372000000000001,0.019261401818143935,0.0019261401818143936,-0.17298000000000002,0.40982625538147266,0.040982625538147265,0.3157400000000005,0.4368278521339951,0.04368278521339951,-0.001505376000000002,0.008261431332900134,0.0008261431332900135,0.11753462399999991,0.10519015519404912,0.010519015519404911
MET 145,R MET 145,0.0,0.0,0.0,-0.01899999999999994,0.004989989979949822,0.0004989989979949822,-0.01339000000000002,0.028380942549534875,0.0028380942549534873,0.02533000000000003,0.043307517823121644,0.004330751782312165,0.0,0.0,0.0,-0.0070600000000002085,0.020419020544580474,0.0020419020544580474
ILE 146,R ILE 146,0.0,0.0,0.0,-0.73187,0.2680862046059063,0.026808620460590633,-0.01200000000000004,0.04484350566135526,0.004484350566135526,0.08158000000000001,0.06931986439686678,0.006931986439686679,-0.165326616,0.06178468710770118,0.006178468710770118,-0.8276166160000004,0.298417585205223,0.0298417585205223
GLY 147,R GLY 147,0.0,0.0,0.0,-0.15346,0.07912211068974331,0.007912211068974332,0.035449999999999995,0.022331312097590688,0.002233131209759069,-0.10011999999999997,0.028460597323317207,0.0028460597323317206,-0.0009737999999999999,0.0018694817331014496,0.00018694817331014498,-0.21910379999999996,0.10568599192868668,0.010568599192868667
GLY 148,R GLY 148,0.0,0.0,0.0,-0.19639999999999996,0.11614137936153525,0.011614137936153525,0.10446000000000001,0.05368080103724236,0.0053680801037242366,-0.16987000000000002,0.06216987292893559,0.006216987292893559,-0.0018296639999999995,0.0031685156220388126,0.00031685156220388126,-0.2636396639999999,0.1427193181302626,0.014271931813026259
ILE 149,R ILE 149,0.0,0.0,0.0,-1.0624199999999995,0.5914706954701993,0.059147069547019926,-0.07826000000000002,0.0782348541252554,0.00782348541252554,0.13314,0.09846034937983922,0.009846034937983921,-0.19132487999999997,0.08590314467687435,0.008590314467687436,-1.1988648799999997,0.6501867177626557,0.06501867177626557
GLY 150,R GLY 150,0.0,0.0,0.0,-0.10259000000000001,0.11125700831857738,0.011125700831857738,0.08086000000000002,0.057781488385122044,0.005778148838512204,-0.13261999999999996,0.0702445414249394,0.00702445414249394,-0.0018748799999999998,0.004160107040161346,0.00041601070401613464,-0.15622488,0.13006357783247996,0.013006357783247996
GLY 151,R GLY 151,0.0,0.0,0.0,-0.017059999999999995,0.009365703390562835,0.0009365703390562836,0.05337000000000001,0.02125777740028335,0.002125777740028335,-0.07722000000000001,0.026962039982167493,0.002696203998216749,0.0,0.0,0.0,-0.040909999999999995,0.01767093376140605,0.001767093376140605
PHE 152,R PHE 152,0.0,0.0,0.0,-0.08801999999999997,0.03651985213551664,0.0036519852135516637,0.013070000000000009,0.023812708791735533,0.0023812708791735534,-0.08914000000000001,0.05985065079011255,0.005985065079011255,-6.530400000000047e-05,0.0006497665959281118,6.497665959281118e-05,-0.16415530399999972,0.0867960624332075,0.00867960624332075
ILE 153,R ILE 153,0.0,0.0,0.0,-0.2602099999999999,0.21507018831070027,0.021507018831070028,-0.06830000000000001,0.03832949256121188,0.003832949256121188,0.09064000000000004,0.03464982539638532,0.0034649825396385323,-0.023876064000000002,0.036434988920112266,0.0036434988920112264,-0.2617460639999999,0.23750064238702348,0.023750064238702347
LYS 154,R LYS 154,0.0,0.0,0.0,-0.007629999999999999,0.0023522542379598448,0.00023522542379598448,-0.3895,0.15172979272377562,0.015172979272377563,0.3363200000000009,0.15387240688310638,0.015387240688310638,0.0,0.0,0.0,-0.06080999999999868,0.019298546577396852,0.0019298546577396851
VAL 155,R VAL 155,0.0,0.0,0.0,-0.029720000000000014,0.011840675656397254,0.0011840675656397254,-0.014599999999999946,0.015035291816256855,0.0015035291816256854,0.05539000000000001,0.019850387905529676,0.0019850387905529674,0.0,0.0,0.0,0.011070000000000111,0.020767404748788246,0.0020767404748788247
ARG 156,R ARG 156,0.0,0.0,0.0,-0.003570000000000029,0.0010025467570142772,0.00010025467570142772,-0.31397000000000175,0.14249311948301124,0.014249311948301124,0.2994500000000002,0.14204565287258858,0.014204565287258858,0.0,0.0,0.0,-0.018089999999996848,0.014331849147962991,0.0014331849147962991
GLN 157,R GLN 157,0.0,0.0,0.0,-0.005960000000000032,0.0022756098083810215,0.00022756098083810214,0.010490000000000103,0.0257140020222446,0.00257140020222446,0.021119999999999993,0.028693302354382264,0.0028693302354382264,0.0,0.0,0.0,0.02565000000000019,0.014040210112387966,0.0014040210112387967
TYR 158,R TYR 158,0.0,0.0,0.0,-0.0022000000000000418,0.0005099019513592952,5.0990195135929514e-05,0.0007499999999999973,0.007685538367609666,0.0007685538367609667,-0.01660999999999998,0.010175357487577509,0.0010175357487577509,0.0,0.0,0.0,-0.018060000000000204,0.0053755371824591525,0.0005375537182459153
ASP 159,R ASP 159,0.0,0.0,0.0,-0.0009400000000000086,0.00042000000000002197,4.20000000000022e-05,0.08427999999999955,0.16830294590410436,0.016830294590410435,-0.08079000000000004,0.16895776365707496,0.016895776365707497,0.0,0.0,0.0,0.002549999999999031,0.0070318916373895545,0.0007031891637389555
GLN 160,R GLN 160,0.0,0.0,0.0,-0.0005400000000000049,0.0004983974317750893,4.9839743177508935e-05,-0.0034700000000000095,0.012217573408823786,0.0012217573408823787,0.00800000000000007,0.013172699040060095,0.0013172699040060096,0.0,0.0,0.0,0.003990000000000648,0.002527825152181553,0.0002527825152181553
ILE 161,R ILE 161,0.0,0.0,0.0,-0.0010899999999999643,0.00040236799077457116,4.0236799077457116e-05,-0.00484,0.00765077773824339,0.000765077773824339,0.009940000000000004,0.007838137533878818,0.0007838137533878818,0.0,0.0,0.0,0.004010000000000025,0.0016278513445643918,0.00016278513445643918
LEU 162,R LEU 162,0.0,0.0,0.0,-0.00040999999999997706,0.0004918333050942901,4.918333050942901e-05,7.000000000007667e-05,0.0015700636929754934,0.00015700636929754934,0.00015999999999999793,0.0015856859714331924,0.00015856859714331924,0.0,0.0,0.0,-0.0001800000000000157,0.001152215257666705,0.0001152215257666705
ILE 163,R ILE 163,0.0,0.0,0.0,-0.0019700000000000095,0.0005736723803705246,5.736723803705246e-05,0.0003200000000000247,0.007073726033710936,0.0007073726033710936,0.0031900000000000006,0.00741848367255735,0.000741848367255735,0.0,0.0,0.0,0.0015399999999998705,0.0017630655121126273,0.00017630655121126274
GLU 164,R GLU 164,0.0,0.0,0.0,-0.00041000000000003924,0.0004918333050943647,4.918333050943647e-05,-0.0316899999999999,0.07962947883792763,0.007962947883792763,0.0348700000000002,0.0792734072687683,0.007927340726876831,0.0,0.0,0.0,0.002770000000000934,0.001398963902322237,0.00013989639023222368
ILE 165,R ILE 165,0.0,0.0,0.0,-0.0020399999999999884,0.0005642694391866333,5.642694391866333e-05,0.00689000000000004,0.0060446587993036975,0.0006044658799303698,-0.0028300000000000027,0.006084496692414257,0.0006084496692414257,0.0,0.0,0.0,0.0020200000000000886,0.001799888885459386,0.0001799888885459386
CYS 166,R CYS 166,0.0,0.0,0.0,-0.00043999999999999373,0.0004963869458396274,4.9638694583962735e-05,-0.0031499999999999896,0.004956561308003766,0.0004956561308003765,0.00045999999999999893,0.0055161943403038375,0.0005516194340303837,0.0,0.0,0.0,-0.0031299999999998464,0.002225556110278885,0.0002225556110278885
GLY 167,R GLY 167,0.0,0.0,0.0,-2.000000000000002e-05,0.00014000000000000012,1.4000000000000012e-05,-0.0025300000000000006,0.002439077694539475,0.0002439077694539475,0.00229,0.0025388777048136837,0.0002538877704813684,0.0,0.0,0.0,-0.00025999999999998247,0.0005936328831862752,5.936328831862752e-05
HIE 168,R HIE 168,0.0,0.0,0.0,-0.0004600000000000204,0.0004983974317751067,4.983974317751067e-05,0.004729999999999912,0.008788464029624264,0.0008788464029624264,-0.00436999999999996,0.008443524145758214,0.0008443524145758214,0.0,0.0,0.0,-0.00010000000000063735,0.0011958260743104294,0.00011958260743104295
LYS 169,R LYS 169,0.0,0.0,0.0,-0.00027999999999997363,0.0004489988864128307,4.489988864128307e-05,0.021170000000000008,0.06214129947144655,0.006214129947144655,-0.029059999999999916,0.06216989946911659,0.0062169899469116585,0.0,0.0,0.0,-0.0081700000000005,0.0025181540858334735,0.00025181540858334735
ALA 170,R ALA 170,0.0,0.0,0.0,-0.0005200000000000138,0.0004995998398718852,4.9959983987188524e-05,0.004260000000000006,0.005790716708663961,0.0005790716708663961,-0.0029000000000000015,0.005670097000933934,0.0005670097000933935,0.0,0.0,0.0,0.0008400000000000451,0.000976933979345586,9.769339793455861e-05
ILE 171,R ILE 171,0.0,0.0,0.0,-0.0006299999999999794,0.00048280430818291683,4.8280430818291684e-05,0.00010999999999999454,0.0029082468946084344,0.0002908246894608434,-0.0009799999999999998,0.0031272352006205084,0.0003127235200620508,0.0,0.0,0.0,-0.001500000000000128,0.001072380529476379,0.0001072380529476379
GLY 172,R GLY 172,0.0,0.0,0.0,-0.0003099999999999958,0.0004624932431938809,4.624932431938809e-05,-0.0002399999999999991,0.0056887960061861986,0.0005688796006186198,-0.002039999999999999,0.005728734589767622,0.0005728734589767622,0.0,0.0,0.0,-0.002589999999999948,0.0010304853225543635,0.00010304853225543635
THR 173,R THR 173,0.0,0.0,0.0,-0.004690000000000012,0.001598092613085981,0.0001598092613085981,-3.0000000000063308e-05,0.018398073268687712,0.0018398073268687711,0.016680000000000007,0.029172891526209718,0.002917289152620972,0.0,0.0,0.0,0.011959999999999854,0.018539104616998172,0.0018539104616998171
VAL 174,R VAL 174,0.0,0.0,0.0,-0.004349999999999978,0.001143459662602957,0.0001143459662602957,-0.0028000000000000112,0.0034205262752973298,0.00034205262752973295,0.012870000000000001,0.008045688286281038,0.0008045688286281037,0.0,0.0,0.0,0.005720000000000007,0.007034315887134867,0.0007034315887134866
LEU 175,R LEU 175,0.0,0.0,0.0,-0.05513000000000002,0.030151170789871534,0.0030151170789871535,-0.010700000000000029,0.02555406034273227,0.002555406034273227,0.03602000000000001,0.021648547295372956,0.0021648547295372955,-0.00262908,0.007699717728540442,0.0007699717728540443,-0.03243908000000038,0.04396853033135417,0.004396853033135417
VAL 176,R VAL 176,0.0,0.0,0.0,-0.005320000000000027,0.0017080983578236784,0.00017080983578236783,-0.0028899999999999083,0.002336214887376674,0.0002336214887376674,0.010240000000000004,0.005048009508707354,0.0005048009508707354,0.0,0.0,0.0,0.002030000000000083,0.0053562206825335254,0.0005356220682533525
GLY 177,R GLY 177,0.0,0.0,0.0,-0.004150000000000009,0.0029912372022292168,0.00029912372022292166,0.02365,0.012700688957690442,0.0012700688957690443,-0.030469999999999997,0.013169248270117798,0.0013169248270117797,0.0,0.0,0.0,-0.01097,0.0051116631344407795,0.000511166313444078
PRO 178,R PRO 178,0.0,0.0,0.0,-0.07269000000000002,0.11198729347564394,0.011198729347564395,-0.22633,0.1120968380463963,0.011209683804639629,0.25899,0.11313730551856012,0.011313730551856012,-0.006383016000000002,0.022374541168277483,0.0022374541168277483,-0.046413016000000126,0.10783847567325393,0.010783847567325392
THR 179,R THR 179,0.0,0.0,0.0,-0.36324000000000006,0.325125671702497,0.0325125671702497,0.23263999999999996,0.26620828386810197,0.026620828386810198,-0.18293999999999994,0.22385923344816508,0.022385923344816507,-0.021675744000000004,0.025045500582517085,0.0025045500582517085,-0.33521574400000015,0.4452490613037933,0.044524906130379335
PRO 180,R PRO 180,0.0,0.0,0.0,-0.71476,0.45616552083646145,0.04561655208364614,-0.49634000000000017,0.3053586488049746,0.03053586488049746,0.5401399999999998,0.2762851794794648,0.02762851794794648,-0.21189441600000009,0.11790022436972603,0.011790022436972603,-0.8828544159999998,0.5406056757782992,0.05406056757782992
VAL 181,R VAL 181,0.0,0.0,0.0,-0.23708999999999983,0.2586230884897945,0.02586230884897945,-0.02878,0.053505435237926946,0.005350543523792694,0.03884999999999999,0.04552150590654925,0.004552150590654925,-0.031143671999999994,0.04177654610199862,0.004177654610199862,-0.25816367200000023,0.3020525921513215,0.030205259215132153
ASN 182,R ASN 182,0.0,0.0,0.0,-0.014759999999999995,0.008746565040060002,0.0008746565040060002,0.03659,0.04558313174848781,0.004558313174848781,-0.025560000000000017,0.04739141694442151,0.004739141694442151,0.0,0.0,0.0,-0.0037300000000016808,0.011568798554734397,0.0011568798554734397
ILE 183,R ILE 183,0.0,0.0,0.0,-0.5436699999999999,0.3753762393918937,0.03753762393918937,-0.010870000000000046,0.03836864735692412,0.003836864735692412,-0.001379999999999994,0.034160439107248024,0.0034160439107248025,-0.09894189600000004,0.048288445904455975,0.0048288445904455975,-0.6548618960000003,0.3931684042534792,0.03931684042534792
ILE 184,R ILE 184,0.0,0.0,0.0,-0.013159999999999972,0.003959090804717666,0.00039590908047176657,0.010290000000000007,0.005950285707426172,0.0005950285707426172,-0.013599999999999996,0.00722357252334329,0.000722357252334329,0.0,0.0,0.0,-0.016470000000000047,0.0053206296619855665,0.0005320629661985566
GLY 185,R GLY 185,0.0,0.0,0.0,-0.010340000000000005,0.0026841013393685154,0.00026841013393685153,-0.01265,0.01569546112734507,0.0015695461127345068,0.00024000000000000245,0.015368877642820895,0.0015368877642820895,0.0,0.0,0.0,-0.022749999999999996,0.007502499583472156,0.0007502499583472156
ARG 186,R ARG 186,0.0,0.0,0.0,-0.22989000000000012,0.15060039143375412,0.015060039143375411,0.9560900000000001,0.63265243372645,0.063265243372645,-0.45465999999999995,0.6045193498970898,0.06045193498970898,-0.0007876079999999996,0.003273745845226229,0.0003273745845226229,0.2707523920000051,0.17147643573534235,0.017147643573534235
ASN 187,R ASN 187,0.0,0.0,0.0,-0.011210000000000013,0.002430205752606243,0.00024302057526062428,-0.02408999999999999,0.04152062017841258,0.004152062017841258,-0.013079999999999994,0.04555890253287495,0.004555890253287495,0.0,0.0,0.0,-0.04837999999999937,0.01549308232728516,0.001549308232728516
LEU 188,R LEU 188,0.0,0.0,0.0,-0.004760000000000018,0.0009068627239004608,9.068627239004607e-05,-0.0010500000000000932,0.008244240413767633,0.0008244240413767633,0.016769999999999993,0.01093604590334186,0.001093604590334186,0.0,0.0,0.0,0.010959999999999876,0.00880786012604634,0.0008807860126046341
LEU 189,R LEU 189,0.0,0.0,0.0,-0.014599999999999955,0.0025298221281346645,0.00025298221281346646,0.022939999999999933,0.011618795118255578,0.0011618795118255578,-0.029509999999999995,0.01729595039308334,0.0017295950393083342,0.0,0.0,0.0,-0.021169999999999946,0.01804608267741237,0.001804608267741237
THR 190,R THR 190,0.0,0.0,0.0,-0.0032300000000000397,0.0007050531894828886,7.050531894828886e-05,0.020790000000000006,0.015584797079205136,0.0015584797079205136,-0.00869000000000001,0.01434551846396634,0.001434551846396634,0.0,0.0,0.0,0.008869999999999845,0.010158400464639991,0.0010158400464639992
GLN 191,R GLN 191,0.0,0.0,0.0,-0.0013800000000000123,0.0004853864439805011,4.853864439805011e-05,0.016149999999999953,0.020450122249023393,0.0020450122249023395,0.005009999999999983,0.020157626348357622,0.002015762634835762,0.0,0.0,0.0,0.019779999999999232,0.0073288198231370155,0.0007328819823137015
ILE 192,R ILE 192,0.0,0.0,0.0,-0.0017199999999999082,0.00044899888641282523,4.4899888641282526e-05,0.007070000000000001,0.004617910783027325,0.0004617910783027325,-0.003330000000000002,0.004741423836781517,0.00047414238367815174,0.0,0.0,0.0,0.0020200000000002395,0.0017145261736117743,0.00017145261736117742
GLY 193,R GLY 193,0.0,0.0,0.0,-0.00012000000000000011,0.0003249615361854388,3.249615361854388e-05,-0.007400000000000005,0.003331666249791529,0.00033316662497915293,0.006360000000000001,0.003278780261011714,0.00032787802610117144,0.0,0.0,0.0,-0.0011599999999999987,0.0006590902821313407,6.590902821313407e-05
CYS 194,R CYS 194,0.0,0.0,0.0,-0.0024700000000000212,0.0005376802023507856,5.376802023507856e-05,-0.01884000000000004,0.011159498196603635,0.0011159498196603634,0.005679999999999999,0.010367140396464197,0.0010367140396464196,0.0,0.0,0.0,-0.01562999999999988,0.005778676319019868,0.0005778676319019868
THR 195,R THR 195,0.0,0.0,0.0,-0.0015700000000000447,0.0004950757517794894,4.950757517794894e-05,0.012770000000000028,0.010630009407333484,0.0010630009407333484,-0.002430000000000002,0.00819909141307742,0.0008199091413077419,0.0,0.0,0.0,0.00877000000000022,0.006265548659135832,0.0006265548659135832
LEU 196,R LEU 196,0.0,0.0,0.0,-0.018490000000000027,0.006950532353712184,0.0006950532353712184,0.029080000000000005,0.008848367080992984,0.0008848367080992984,-0.020370000000000003,0.011914407245012228,0.0011914407245012227,0.0,0.0,0.0,-0.009780000000000136,0.016447844843626377,0.0016447844843626377
ASN 197,R ASN 197,0.0,0.0,0.0,-0.0010300000000000597,0.00026286878856194727,2.6286878856194727e-05,0.006270000000000002,0.01961879456031898,0.001961879456031898,0.0013199999999999757,0.014245616869760254,0.0014245616869760255,0.0,0.0,0.0,0.006559999999998994,0.008315431437997015,0.0008315431437997015
PHE 198,R PHE 198,0.0,0.0,0.0,-0.0030400000000001003,0.0009891410415103004,9.891410415103004e-05,-0.07595000000000013,0.01957772969473234,0.001957772969473234,0.045039999999999976,0.018122869529961356,0.0018122869529961355,0.0,0.0,0.0,-0.03395000000000052,0.01067368258849793,0.001067368258849793
1IN 199,L 1IN   1,0.0,0.0,0.0,-32.93917999999999,3.3852418418187127,0.33852418418187125,-18.996039999999997,3.9473410314286363,0.3947341031428636,31.62322999999999,3.15609829332046,0.315609829332046,-5.826651119999999,0.32031364068612406,0.03203136406861241,-26.138641120000003,4.262717083726278,0.4262717083726278

Backbone Energy Decomposition:
Residue,Location,Internal,,,van der Waals,,,Electrostatic,,,Polar Solvation,,,Non-Polar Solv.,,,TOTAL,,
,,Avg.,Std. Dev.,Std. Err. of Mean,Avg.,Std. Dev.,Std. Err. of Mean,Avg.,Std. Dev.,Std. Err. of Mean,Avg.,Std. Dev.,Std. Err. of Mean,Avg.,Std. Dev.,Std. Err. of Mean
PRO   1,R PRO   1,0.0,0.0,0.0,-0.0004699999999999949,0.0004990991885387056,4.990991885387056e-05,0.18793000000000026,0.054584659932988486,0.005458465993298849,-0.16529000000000008,0.052568487708892386,0.0052568487708892385,0.0,0.0,0.0,0.022170000000000592,0.010433652284796369,0.0010433652284796368
GLN   2,R GLN   2,0.0,0.0,0.0,-0.0006399999999999951,0.00047999999999999616,4.7999999999999615e-05,0.007610000000000383,0.005924348065399592,0.0005924348065399592,0.020009999999999993,0.00948630064883042,0.000948630064883042,0.0,0.0,0.0,0.026980000000000844,0.007083756065816954,0.0007083756065816955
ILE   3,R ILE   3,0.0,0.0,0.0,-0.0018399999999999606,0.000643739077577252,6.437390775772519e-05,-0.03244999999999948,0.012308025836826688,0.0012308025836826688,0.04676000000000004,0.014397999861091654,0.0014397999861091655,0.0,0.0,0.0,0.012470000000000994,0.008163890004158651,0.0008163890004158651
THR   4,R THR   4,0.0,0.0,0.0,-0.0034000000000000076,0.001296148139681569,0.0001296148139681569,-0.033970000000000194,0.02055891777307357,0.002055891777307357,0.08943000000000006,0.024948448849577642,0.002494844884957764,0.0,0.0,0.0,0.052059999999999586,0.012357847709046701,0.0012357847709046701
LEU   5,R LEU   5,0.0,0.0,0.0,-0.0073799999999999664,0.0021944475386757437,0.00021944475386757439,-0.03684999999999945,0.028490831858687452,0.0028490831858687454,0.03571000000000001,0.03216808822420131,0.003216808822420131,0.0,0.0,0.0,-0.00851999999999932,0.019040735279921804,0.0019040735279921804
TRP   6,R TRP   6,0.0,0.0,0.0,-0.005299999999999974,0.0014387494569938024,0.00014387494569938024,-0.0015200000000007209,0.025638049847833484,0.0025638049847833484,0.03409000000000001,0.027508215136573276,0.0027508215136573277,0.0,0.0,0.0,0.027269999999999146,0.011057897630202528,0.0011057897630202527
GLN   7,R GLN   7,0.0,0.0,0.0,-0.02107000000000002,0.008980261688837381,0.0008980261688837381,-0.053809999999999435,0.03268201187197595,0.0032682011871975948,0.14703000000000002,0.04216383640040352,0.004216383640040352,0.0,0.0,0.0,0.07215000000000038,0.028068621270022607,0.0028068621270022605
ARG   8,R ARG   8,0.0,0.0,0.0,-0.10047000000000002,0.05605773006463963,0.005605773006463963,0.4313799999999995,0.19356434485720725,0.019356434485720726,0.09360999999999996,0.1633211495795937,0.01633211495795937,-9.576000000000028e-06,9.527999697733021e-05,9.52799969773302e-06,0.4245104239999996,0.16893063162528393,0.016893063162528393
PRO   9,R PRO   9,0.0,0.0,0.0,-0.17073,0.10450271336190267,0.010450271336190267,-0.1982400000000001,0.1789004259357703,0.01789004259357703,0.12470999999999996,0.13294707932105929,0.013294707932105928,-0.00010706399999999998,0.0006089324434647902,6.0893244346479026e-05,-0.24436706400000066,0.13630652376698849,0.01363065237669885
LEU  10,R LEU  10,0.0,0.0,0.0,-0.021799999999999983,0.009221713506718805,0.0009221713506718805,-0.030300000000000864,0.02279056822459658,0.0022790568224596583,0.09617000000000006,0.029375859136372362,0.002937585913637236,0.0,0.0,0.0,0.0440699999999992,0.023461140210994588,0.002346114021099459
VAL  11,R VAL  11,0.0,0.0,0.0,-0.006430000000000004,0.0017335224255832819,0.00017335224255832818,-0.0065300000000002,0.016951964487929825,0.0016951964487929825,0.004549999999999993,0.017841734781124823,0.0017841734781124823,0.0,0.0,0.0,-0.00841000000000063,0.01061046181841343,0.0010610461818413431
THR  12,R THR  12,0.0,0.0,0.0,-0.001690000000000007,0.0004836320915737328,4.836320915737328e-05,-0.02621999999999936,0.010751353403176235,0.0010751353403176235,0.058960000000000005,0.014620478788329738,0.0014620478788329738,0.0,0.0,0.0,0.031050000000001084,0.012972567209306039,0.001297256720930604
ILE  13,R ILE  13,0.0,0.0,0.0,-0.0010399999999999765,0.0003136877428271587,3.136877428271587e-05,0.007970000000000824,0.007959214785391862,0.0007959214785391861,0.012039999999999997,0.011192783389309385,0.0011192783389309385,0.0,0.0,0.0,0.01897000000000036,0.008614470384183694,0.0008614470384183694
LYS  14,R LYS  14,0.0,0.0,0.0,-0.0006299999999999917,0.00048280430818292626,4.8280430818292626e-05,0.0573100000000008,0.025031857701736816,0.0025031857701736816,-0.011100000000000049,0.027119550143761613,0.002711955014376161,0.0,0.0,0.0,0.04558000000000056,0.012552434026912682,0.0012552434026912682
ILE  15,R ILE  15,0.0,0.0,0.0,-0.0005400000000000038,0.0004983974317750882,4.983974317750881e-05,0.0003000000000005798,0.006248999919987172,0.0006248999919987173,0.005640000000000005,0.0097944065670157,0.0009794406567015701,0.0,0.0,0.0,0.005400000000000276,0.008261961026294028,0.0008261961026294028
GLY  16,R GLY  16,0.0,0.0,0.0,-0.00024000000000000022,0.0004270831300812529,4.270831300812529e-05,0.017029999999999816,0.007391150113480774,0.0007391150113480775,-0.02109,0.008562820796910344,0.0008562820796910344,0.0,0.0,0.0,-0.004300000000000175,0.0027477263328067963,0.00027477263328067964
GLY  17,R GLY  17,0.0,0.0,0.0,-6.999999999999673e-05,0.0002551470164434495,2.5514701644344954e-05,0.014609999999999772,0.005517055374020218,0.0005517055374020219,-0.012299999999999988,0.005687706040223894,0.0005687706040223894,0.0,0.0,0.0,0.002239999999999709,0.0011146299834466594,0.00011146299834466594
GLN  18,R GLN  18,0.0,0.0,0.0,-0.00035000000000000585,0.00047696960070848094,4.76969600708481e-05,-0.023030000000000116,0.006040620829021545,0.0006040620829021545,0.028389999999999967,0.006661673963802301,0.0006661673963802301,0.0,0.0,0.0,0.005009999999999935,0.0031733105741489323,0.0003173310574148932
LEU  19,R LEU  19,0.0,0.0,0.0,-0.0004099999999999937,0.00049183330509431,4.9183330509430994e-05,0.011880000000000451,0.0045853680332112205,0.00045853680332112203,0.016530000000000017,0.006774149393097266,0.0006774149393097266,0.0,0.0,0.0,0.027999999999999643,0.006843975452907289,0.0006843975452907289
LYS  20,R LYS  20,0.0,0.0,0.0,-0.001439999999999988,0.0004963869458396375,4.963869458396375e-05,0.03301000000000002,0.04533993714155406,0.004533993714155406,0.03318999999999997,0.04573416556579988,0.004573416556579988,0.0,0.0,0.0,0.06475999999999958,0.018647852423268708,0.0018647852423268707
GLU  21,R GLU  21,0.0,0.0,0.0,-0.005350000000000025,0.0010037429949942315,0.00010037429949942314,-0.03355999999999867,0.0465487529371088,0.0046548752937108796,0.03497,0.049708440933105114,0.0049708440933105115,0.0,0.0,0.0,-0.003939999999999397,0.028600286711848173,0.0028600286711848175
ALA  22,R ALA  22,0.0,0.0,0.0,-0.025820000000000006,0.0064550445389633055,0.0006455044538963305,-0.010230000000000104,0.032643178460438065,0.0032643178460438063,0.05520999999999998,0.05296494973093054,0.005296494973093055,0.0,0.0,0.0,0.019159999999999816,0.05736527172427523,0.005736527172427524
LEU  23,R LEU  23,0.0,0.0,0.0,-0.18037,0.07946466573263873,0.007946466573263873,-0.15183999999999984,0.1370987760703935,0.01370987760703935,0.15010000000000007,0.1033498427671759,0.01033498427671759,0.0,0.0,0.0,-0.1821100000000003,0.17284651544072155,0.017284651544072153
LEU  24,R LEU  24,0.0,0.0,0.0,-0.3241800000000001,0.23664493994167696,0.023664493994167694,-0.1510999999999997,0.2527477200688472,0.025274772006884723,0.5257999999999999,0.32183853094370213,0.03218385309437021,-0.013690296,0.009303878014440216,0.0009303878014440216,0.03682970399999955,0.2956077595022626,0.02956077595022626
ASP  25,R ASP  25,0.0,0.0,0.0,-0.21728999999999998,0.07390524947525759,0.007390524947525759,-0.5070700000000001,0.13571177214965555,0.013571177214965554,0.27315000000000006,0.12264480217277858,0.012264480217277858,-0.00104148,0.002561117297118583,0.0002561117297118583,-0.45225148000000004,0.17684939280701467,0.017684939280701466
THR  26,R THR  26,0.0,0.0,0.0,-0.07311,0.060738438406004465,0.006073843840600447,0.17284000000000013,0.1752036940249829,0.01752036940249829,-0.12886999999999998,0.1584716791732832,0.01584716791732832,0.0,0.0,0.0,-0.029139999999999708,0.07770276957740914,0.007770276957740914
GLY  27,R GLY  27,0.0,0.0,0.0,-0.2640599999999999,0.3375820735761905,0.03375820735761905,0.6864100000000001,0.6004632727319802,0.060046327273198016,-0.23266,0.2984020180896905,0.02984020180896905,-0.026453735999999995,0.041548560826800064,0.004154856082680006,0.16323626400000005,0.3252072359134382,0.03252072359134382
ALA  28,R ALA  28,0.0,0.0,0.0,-0.16930000000000006,0.19678991335939955,0.019678991335939956,0.21457999999999872,0.12411552521743463,0.012411552521743464,-0.18142999999999992,0.2280614064237963,0.02280614064237963,-0.005816231999999999,0.017584061779798658,0.0017584061779798658,-0.1419662320000017,0.3157017033895701,0.03157017033895701
ASP  29,R ASP  29,0.0,0.0,0.0,-0.037170000000000016,0.03479886636084573,0.003479886636084573,-0.23153999999999983,0.07840745117653065,0.007840745117653066,0.18208000000000002,0.0784213848385756,0.00784213848385756,-0.000858456,0.004040418792163009,0.00040404187921630095,-0.08748845599999854,0.056790370710677274,0.005679037071067728
ASP  30,R ASP  30,0.0,0.0,0.0,-0.051690000000000055,0.04426571924186929,0.004426571924186929,-0.6677200000000006,0.15247216664034227,0.015247216664034228,0.6990199999999999,0.18780654834163818,0.01878065483416382,-0.002603232000000001,0.006264148990228122,0.0006264148990228122,-0.022993232000000564,0.07144450711994589,0.007144450711994589
THR  31,R THR  31,0.0,0.0,0.0,-0.027669999999999993,0.012240142973021206,0.0012240142973021207,0.05933000000000007,0.04526611425779848,0.004526611425779848,0.09130000000000002,0.051017938021837024,0.005101793802183703,0.0,0.0,0.0,0.1229600000000002,0.04867133037014669,0.004867133037014669
VAL  32,R VAL  32,0.0,0.0,0.0,-0.05558000000000002,0.019449514132748872,0.0019449514132748873,-0.01720000000000006,0.04627245400883769,0.004627245400883769,0.1399099999999999,0.04431841490847815,0.004431841490847814,0.0,0.0,0.0,0.06713,0.05234876407327984,0.005234876407327984
LEU  33,R LEU  33,0.0,0.0,0.0,-0.021389999999999975,0.004370114414978198,0.0004370114414978198,-0.08088000000000037,0.03343868418463786,0.0033438684184637856,0.10936999999999995,0.04303083894139186,0.004303083894139186,0.0,0.0,0.0,0.007099999999999849,0.030387003800969137,0.0030387003800969137
GLU  34,R GLU  34,0.0,0.0,0.0,-0.007159999999999992,0.0014947909552843767,0.00014947909552843767,-0.13055999999999954,0.040693567059180466,0.004069356705918047,0.06736000000000002,0.05333207665186123,0.005333207665186123,0.0,0.0,0.0,-0.07035999999999985,0.03127827360964751,0.003127827360964751
GLU  35,R GLU  35,0.0,0.0,0.0,-0.002380000000000009,0.0006128621378417993,6.128621378417993e-05,-0.0206200000000009,0.03083951361484124,0.003083951361484124,-0.002330000000000072,0.03333048304480446,0.003333048304480446,0.0,0.0,0.0,-0.02533000000000111,0.016682958370745977,0.0016682958370745978
MET  36,R MET  36,0.0,0.0,0.0,-0.0009500000000000086,0.0003570714214271501,3.570714214271501e-05,-0.018859999999999388,0.011827949949166841,0.0011827949949166842,0.019820000000000004,0.014910653909201951,0.001491065390920195,0.0,0.0,0.0,1.0000000001346709e-05,0.010363874758022773,0.0010363874758022773
SER  37,R SER  37,0.0,0.0,0.0,-0.0004399999999999826,0.0004963869458396148,4.9638694583961475e-05,-0.008989999999999866,0.0069634689630958466,0.0006963468963095846,0.013670000000000026,0.008928667313770868,0.0008928667313770868,0.0,0.0,0.0,0.004239999999999552,0.0037499866666431984,0.00037499866666431986
LEU  38,R LEU  38,0.0,0.0,0.0,-0.00026000000000000133,0.00043863424398922854,4.3863424398922855e-05,0.004610000000000696,0.006112110928313569,0.0006112110928313569,0.0011900000000000055,0.005438189036802606,0.0005438189036802606,0.0,0.0,0.0,0.005540000000000678,0.005103763317398285,0.0005103763317398284
PRO  39,R PRO  39,0.0,0.0,0.0,-0.0002099999999999991,0.00040730823708832434,4.073082370883244e-05,-0.06674000000000013,0.0235353436346275,0.00235353436346275,0.057870000000000005,0.023920558103857053,0.0023920558103857053,0.0,0.0,0.0,-0.009079999999999923,0.003442905749508958,0.0003442905749508958
GLY  40,R GLY  40,0.0,0.0,0.0,-0.00014999999999999348,0.000357071421427127,3.57071421427127e-05,0.0030699999999994534,0.006259800316304168,0.0006259800316304168,-0.0010599999999999232,0.006018006314386866,0.0006018006314386866,0.0,0.0,0.0,0.001859999999999813,0.0010297572529477652,0.00010297572529477652
ARG  41,R ARG  41,0.0,0.0,0.0,-0.00027000000000001247,0.00044395945760848275,4.4395945760848276e-05,0.04201999999999941,0.023234018163030244,0.0023234018163030244,-0.030540000000000126,0.023963063243250083,0.002396306324325008,0.0,0.0,0.0,0.011209999999999559,0.003290273544859548,0.00032902735448595477
TRP  42,R TRP  42,0.0,0.0,0.0,-0.00032999999999999474,0.0004702127178203425,4.702127178203425e-05,0.023199999999999648,0.008582540416449944,0.0008582540416449943,-0.0013000000000000075,0.010679419459877016,0.0010679419459877016,0.0,0.0,0.0,0.02157000000000033,0.005299537715687235,0.0005299537715687235
LYS  43,R LYS  43,0.0,0.0,0.0,-0.0008600000000000119,0.00034698703145795407,3.4698703145795406e-05,0.04619000000000028,0.03229170017202607,0.0032291700172026065,-0.008689999999999927,0.034442907833108424,0.0034442907833108424,0.0,0.0,0.0,0.03664000000000022,0.011452964681688813,0.0011452964681688813
PRO  44,R PRO  44,0.0,0.0,0.0,-0.0013899999999999846,0.0005078385570237941,5.078385570237941e-05,-0.05002999999999986,0.03221566544400504,0.0032215665444005038,0.07690000000000005,0.032746450189295374,0.0032746450189295373,0.0,0.0,0.0,0.025480000000000363,0.00900830727717511,0.000900830727717511
LYS  45,R LYS  45,0.0,0.0,0.0,-0.005220000000000009,0.001382606234616336,0.0001382606234616336,0.12575999999999943,0.10075813813285671,0.010075813813285671,0.00767000000000003,0.10274736541634533,0.010274736541634532,0.0,0.0,0.0,0.12821000000000013,0.031828381988408726,0.0031828381988408725
MET  46,R MET  46,0.0,0.0,0.0,-0.023020000000000013,0.018491608907826255,0.0018491608907826255,-0.02801999999999978,0.06894794848289562,0.006894794848289562,0.29553999999999997,0.08729747075373975,0.008729747075373976,-0.00047548800000000015,0.0032207976443508536,0.00032207976443508535,0.24402451199999942,0.05085006699568723,0.005085006699568724
ILE  47,R ILE  47,0.0,0.0,0.0,-0.17221000000000009,0.07788084424298425,0.007788084424298425,0.2025000000000003,0.2953053165793,0.029530531657929997,-0.06078,0.2127242618978851,0.02127242618978851,-0.0017998559999999996,0.007265843388462484,0.0007265843388462483,-0.03228985599999848,0.17630149751282934,0.017630149751282933
GLY  48,R GLY  48,0.0,0.0,0.0,-1.2341199999999999,0.3658574389020965,0.036585743890209646,-1.4811,0.6304754634400931,0.0630475463440093,2.696359999999999,0.6277647412845068,0.06277647412845068,-0.28035460800000006,0.07643434751836564,0.0076434347518365645,-0.2992146079999998,0.47113257122257823,0.04711325712225782
GLY  49,R GLY  49,0.0,0.0,0.0,-1.2892900000000003,0.34694213624176434,0.034694213624176434,-1.37632,0.6598541032682904,0.06598541032682904,2.856689999999999,0.6290957589270523,0.06290957589270522,-0.18945252,0.04920600035805378,0.004920600035805378,0.001627480000000968,0.6238777973757649,0.06238777973757649
ILE  50,R ILE  50,0.0,0.0,0.0,-0.8313000000000004,0.2797817184878236,0.027978171848782363,-1.0122800000000003,0.8279528740212206,0.08279528740212207,0.7320100000000004,0.38517309083060247,0.038517309083060246,-0.04928327999999998,0.03471344997561609,0.0034713449975616087,-1.1608532800000007,0.772420931012365,0.0772420931012365
GLY  51,R GLY  51,0.0,0.0,0.0,-0.17038999999999999,0.30615182165063143,0.03061518216506314,-0.7895399999999998,0.9231515847356822,0.09231515847356822,0.6891900000000001,0.6088211181455516,0.06088211181455516,-0.04886654399999999,0.043759942677166104,0.00437599426771661,-0.31960654399999977,0.40539886666095654,0.040539886666095655
GLY  52,R GLY  52,0.0,0.0,0.0,-0.25827999999999995,0.17353029015131619,0.017353029015131617,-0.09416999999999803,0.3476338606925403,0.03476338606925403,0.15714000000000006,0.32159586502316845,0.032159586502316845,-0.02662063199999999,0.03544375406813133,0.003544375406813133,-0.22193063199999816,0.296942955051307,0.029694295505130704
PHE  53,R PHE  53,0.0,0.0,0.0,-0.09529999999999998,0.07539635269693093,0.007539635269693093,0.19179000000000002,0.13693467749259042,0.013693467749259041,0.14544000000000004,0.11255845770087645,0.011255845770087645,-0.00042206399999999923,0.0016675249056922641,0.0001667524905692264,0.24150793599999987,0.08088671195166038,0.008088671195166038
ILE  54,R ILE  54,0.0,0.0,0.0,-0.05577999999999998,0.01873210078982067,0.001873210078982067,-0.06879000000000018,0.055345875185057083,0.0055345875185057085,0.10146000000000002,0.07532548307179976,0.007532548307179976,0.0,0.0,0.0,-0.02311000000000027,0.055348332404870484,0.005534833240487048
LYS  55,R LYS  55,0.0,0.0,0.0,-0.01494000000000002,0.003944160240152523,0.0003944160240152523,0.08365999999999943,0.08404965437168625,0.008404965437168625,0.16043999999999997,0.08754625291810031,0.008754625291810031,0.0,0.0,0.0,0.22915999999999997,0.04684799248633674,0.004684799248633674
VAL  56,R VAL  56,0.0,0.0,0.0,-0.007290000000000024,0.001608073381410134,0.0001608073381410134,0.01648999999999944,0.017158376962870942,0.0017158376962870942,0.05478999999999996,0.025268278532579173,0.002526827853257917,0.0,0.0,0.0,0.06398999999999998,0.02560292756697814,0.002560292756697814
ARG  57,R ARG  57,0.0,0.0,0.0,-0.0036400000000000187,0.0008546344247688504,8.546344247688504e-05,0.08050000000000068,0.05710157616038385,0.005710157616038386,0.01843000000000001,0.05944430250242656,0.005944430250242656,0.0,0.0,0.0,0.09529000000000064,0.02576714768848195,0.002576714768848195
GLN  58,R GLN  58,0.0,0.0,0.0,-0.0016800000000000248,0.0005455272678794128,5.455272678794129e-05,0.02185000000000059,0.006600568157362694,0.0006600568157362695,0.02890999999999999,0.013969319954815294,0.0013969319954815294,0.0,0.0,0.0,0.04908000000000077,0.014478038541182531,0.0014478038541182532
TYR  59,R TYR  59,0.0,0.0,0.0,-0.0011199999999999821,0.00035440090293342453,3.544009029334245e-05,-0.05157000000000053,0.01501083275504742,0.0015010832755047421,0.02616000000000001,0.017666193704360872,0.0017666193704360873,0.0,0.0,0.0,-0.026530000000000595,0.010388893107544886,0.0010388893107544886
ASP  60,R ASP  60,0.0,0.0,0.0,-0.00042000000000002257,0.0004935585071701494,4.935585071701494e-05,-0.07160999999999973,0.02454624003793692,0.0024546240037936922,0.06803,0.025749351448143384,0.0025749351448143385,0.0,0.0,0.0,-0.003999999999999612,0.004433959855479143,0.0004433959855479143
GLN  61,R GLN  61,0.0,0.0,0.0,-0.0003300000000000014,0.00047021271782035195,4.7021271782035194e-05,0.015760000000000503,0.00436834064605774,0.00043683406460577406,-0.005829999999999973,0.005931365778638157,0.0005931365778638157,0.0,0.0,0.0,0.009600000000000665,0.0050039984012787584,0.0005003998401278758
ILE  62,R ILE  62,0.0,0.0,0.0,-0.0004699999999999871,0.0004990991885386976,4.990991885386976e-05,-0.03338999999999984,0.007624821309381295,0.0007624821309381296,0.04793999999999999,0.010601716842096829,0.0010601716842096828,0.0,0.0,0.0,0.014080000000001005,0.006139511381209511,0.0006139511381209511
LEU  63,R LEU  63,0.0,0.0,0.0,-0.0004400000000000093,0.0004963869458396449,4.963869458396449e-05,-0.005040000000000049,0.006525212640212745,0.0006525212640212744,0.03136999999999998,0.012565552116799356,0.0012565552116799356,0.0,0.0,0.0,0.025889999999999413,0.013249826413956452,0.001324982641395645
ILE  64,R ILE  64,0.0,0.0,0.0,-0.0004900000000000138,0.0004998999899980136,4.9989998999801365e-05,-0.01418999999999997,0.008145790323842092,0.0008145790323842092,0.03789999999999999,0.010719608201795456,0.0010719608201795456,0.0,0.0,0.0,0.023220000000000077,0.007698805102092526,0.0007698805102092526
GLU  65,R GLU  65,0.0,0.0,0.0,-0.000599999999999996,0.0004898979485566328,4.898979485566328e-05,-0.06699999999999932,0.021191507733052103,0.0021191507733052104,0.06667999999999996,0.023717031854766323,0.0023717031854766325,0.0,0.0,0.0,-0.0009199999999989694,0.010263215870281507,0.0010263215870281507
ILE  66,R ILE  66,0.0,0.0,0.0,-0.0006800000000000017,0.0004664761515876254,4.664761515876254e-05,-0.009750000000000298,0.006250399987201628,0.0006250399987201628,0.03743999999999999,0.010596527733177576,0.0010596527733177576,0.0,0.0,0.0,0.027009999999999024,0.01148694476351288,0.001148694476351288
CYS  67,R CYS  67,0.0,0.0,0.0,-0.00044999999999998817,0.0004974937185532969,4.974937185532969e-05,-0.004950000000000401,0.006182839153657826,0.0006182839153657826,-0.005629999999999984,0.008019544874866646,0.0008019544874866647,0.0,0.0,0.0,-0.01103000000000112,0.005056589759908346,0.0005056589759908346
GLY  68,R GLY  68,0.0,0.0,0.0,-0.00022999999999999022,0.0004208325082499984,4.208325082499984e-05,0.015989999999999897,0.005857465322133899,0.0005857465322133898,-0.013869999999999978,0.005647397630767663,0.0005647397630767664,0.0,0.0,0.0,0.0018900000000006668,0.0012953377937814884,0.00012953377937814883
HID  69,R HID  69,0.0,0.0,0.0,-0.0003099999999999903,0.00046249324319387266,4.624932431938727e-05,-0.024380000000000023,0.008317187024470044,0.0008317187024470044,0.02779,0.008936772348001281,0.0008936772348001282,0.0,0.0,0.0,0.003100000000000338,0.003132091952673095,0.0003132091952673095
LYS  70,R LYS  70,0.0,0.0,0.0,-0.00033999999999999585,0.00047370877129307475,4.7370877129307475e-05,0.08918000000000034,0.02203015206484059,0.002203015206484059,-0.06315,0.021134982848348787,0.002113498284834879,0.0,0.0,0.0,0.025690000000000004,0.008341097050148287,0.0008341097050148287
ALA  71,R ALA  71,0.0,0.0,0.0,-0.0004599999999999915,0.0004983974317750755,4.9839743177507546e-05,-0.005700000000000358,0.007979348344319225,0.0007979348344319225,0.01985,0.009902903614597081,0.000990290361459708,0.0,0.0,0.0,0.013689999999999874,0.00610851045673131,0.000610851045673131
ILE  72,R ILE  72,0.0,0.0,0.0,-0.00036999999999999143,0.0004828043081829213,4.8280430818292125e-05,-0.014670000000000129,0.007168061104650088,0.0007168061104650088,0.04140999999999999,0.010129259597818675,0.0010129259597818675,0.0,0.0,0.0,0.026369999999999675,0.007037975561195801,0.0007037975561195801
GLY  73,R GLY  73,0.0,0.0,0.0,-0.0008199999999999319,0.0004331281565541252,4.331281565541252e-05,0.0427899999999994,0.013719544453077938,0.0013719544453077938,-0.018320000000000017,0.014244212859965246,0.0014244212859965246,0.0,0.0,0.0,0.023649999999999297,0.007749032197636792,0.0007749032197636792
THR  74,R THR  74,0.0,0.0,0.0,-0.0022800000000000463,0.0006645299090334212,6.645299090334212e-05,-0.06803999999999952,0.017395355702026067,0.0017395355702026067,0.1263,0.02314757006685593,0.002314757006685593,0.0,0.0,0.0,0.05598000000000024,0.014002128409637833,0.0014002128409637833
VAL  75,R VAL  75,0.0,0.0,0.0,-0.003909999999999978,0.0008954886933959465,8.954886933959465e-05,0.06326999999999955,0.012261203040485199,0.00122612030404852,0.07171999999999999,0.023827748529812922,0.002382774852981292,0.0,0.0,0.0,0.1310799999999996,0.021748875833017343,0.0021748875833017345
LEU  76,R LEU  76,0.0,0.0,0.0,-0.015040000000000013,0.004086367580137662,0.0004086367580137662,-0.07313999999999908,0.034776722099703644,0.0034776722099703642,0.08715999999999999,0.032769412567209714,0.0032769412567209715,0.0,0.0,0.0,-0.0010199999999991444,0.04032244536235462,0.004032244536235461
VAL  77,R VAL  77,0.0,0.0,0.0,-0.00851000000000002,0.0020124363343966487,0.00020124363343966485,-0.027239999999999754,0.02479278927430297,0.0024792789274302967,0.12135999999999997,0.032121183041725024,0.003212118304172502,0.0,0.0,0.0,0.08561000000000113,0.028722776676359068,0.002872277667635907
GLY  78,R GLY  78,0.0,0.0,0.0,-0.014200000000000022,0.004593473631142355,0.00045934736311423554,0.006560000000000272,0.03786986136758322,0.0037869861367583217,0.16411999999999996,0.06282169688889372,0.0062821696888893715,0.0,0.0,0.0,0.15648000000000103,0.07071286728735997,0.0070712867287359964
PRO  79,R PRO  79,0.0,0.0,0.0,-0.02362000000000001,0.019712321020113284,0.0019712321020113285,0.07967999999999961,0.09974676736616518,0.009974676736616518,-0.05863000000000002,0.09757506392516482,0.009757506392516482,-0.0016644960000000003,0.008662112446486942,0.0008662112446486943,-0.004234496000000353,0.06834100770837044,0.0068341007708370444
THR  80,R THR  80,0.0,0.0,0.0,-0.03784999999999998,0.017756336897006682,0.001775633689700668,-0.10670000000000038,0.0853465289276607,0.00853465289276607,0.46653999999999995,0.09989658853033952,0.009989658853033951,-0.0003059279999999999,0.0020806179977151014,0.00020806179977151014,0.3216840719999997,0.0942569439812915,0.00942569439812915
PRO  81,R PRO  81,0.0,0.0,0.0,-0.030499999999999982,0.023989372647070215,0.0023989372647070214,0.09013999999999932,0.08162340595686988,0.008162340595686988,-0.16321000000000002,0.07306425870423924,0.007306425870423924,0.0,0.0,0.0,-0.1035700000000002,0.04060400349719167,0.004060400349719167
VAL  82,R VAL  82,0.0,0.0,0.0,-0.06659000000000001,0.03380564893623551,0.0033805648936235514,-0.06772999999999925,0.0737770770632717,0.00737770770632717,0.09552,0.09555568847535977,0.009555568847535976,0.0,0.0,0.0,-0.03879999999999953,0.07130764334908263,0.007130764334908263
ASN  83,R ASN  83,0.0,0.0,0.0,-0.061290000000000025,0.015532736397685987,0.0015532736397685988,0.17264999999999986,0.06489582035847943,0.006489582035847943,-0.047299999999999995,0.07111420392579812,0.007111420392579812,0.0,0.0,0.0,0.06406000000000028,0.04075777717196988,0.004075777717196988
ILE  84,R ILE  84,0.0,0.0,0.0,-0.08828000000000001,0.022919895287718994,0.0022919895287718994,-0.06379999999999952,0.07732438166581161,0.0077324381665811615,0.07077000000000001,0.08070859371838908,0.008070859371838908,-2.3759999999999996e-05,0.00016632,1.6632e-05,-0.08133375999999966,0.06136601625608814,0.006136601625608814
ILE  85,R ILE  85,0.0,0.0,0.0,-0.052669999999999995,0.013309436501971222,0.0013309436501971223,-0.24314000000000027,0.074192185572336,0.0074192185572336,0.3195099999999999,0.09411615111127347,0.009411615111127347,0.0,0.0,0.0,0.02370000000000007,0.048428194267389285,0.004842819426738929
GLY  86,R GLY  86,0.0,0.0,0.0,-0.021620000000000014,0.008751891224186932,0.0008751891224186932,0.20550999999999917,0.06488828784919555,0.006488828784919555,-0.13736999999999996,0.060967147710877974,0.006096714771087797,0.0,0.0,0.0,0.04651999999999951,0.03894161784004417,0.003894161784004417
ARG  87,R ARG  87,0.0,0.0,0.0,-0.00792999999999999,0.0034007499172976473,0.0003400749917297647,0.44485999999999976,0.11260888242052614,0.011260888242052614,-0.24256999999999995,0.08996090873262665,0.008996090873262665,0.0,0.0,0.0,0.19436000000000003,0.05059674297818092,0.0050596742978180915
ASN  88,R ASN  88,0.0,0.0,0.0,-0.0030500000000000327,0.0012278029157808711,0.0001227802915780871,0.07075999999999909,0.015370829515676237,0.0015370829515676237,-0.014519999999999995,0.017764841682379275,0.0017764841682379275,0.0,0.0,0.0,0.05318999999999963,0.018289174393612915,0.0018289174393612915
LEU  89,R LEU  89,0.0,0.0,0.0,-0.0020700000000000206,0.000587452125708978,5.8745212570897795e-05,0.05595999999999989,0.012801499912119835,0.0012801499912119835,0.008820000000000001,0.01719498764175189,0.001719498764175189,0.0,0.0,0.0,0.06270999999999899,0.02038543352494558,0.002038543352494558
LEU  90,R LEU  90,0.0,0.0,0.0,-0.002000000000000033,0.0005656854249492144,5.656854249492144e-05,0.04665000000000006,0.011512927516492038,0.0011512927516492038,0.004729999999999999,0.015355686243212971,0.001535568624321297,0.0,0.0,0.0,0.049379999999999334,0.01803539852623188,0.0018035398526231878
THR  91,R THR  91,0.0,0.0,0.0,-0.0009200000000000319,0.0004621688003316635,4.6216880033166354e-05,0.0259700000000003,0.007481249895572143,0.0007481249895572143,-0.01541000000000003,0.01155430222904006,0.001155430222904006,0.0,0.0,0.0,0.009640000000000785,0.008624986956511992,0.0008624986956511993
GLN  92,R GLN  92,0.0,0.0,0.0,-0.0004699999999999949,0.0004990991885387059,4.9909918853870594e-05,0.01589999999999961,0.004179712908800677,0.00041797129088006775,-0.004689999999999999,0.00551850523239763,0.0005518505232397629,0.0,0.0,0.0,0.010740000000000208,0.005469222979546495,0.0005469222979546495
ILE  93,R ILE  93,0.0,0.0,0.0,-0.0004500000000000104,0.0004974937185533216,4.974937185533216e-05,0.007630000000000621,0.005463799044620067,0.0005463799044620067,0.0026499999999999614,0.006627782434570416,0.0006627782434570416,0.0,0.0,0.0,0.009830000000000567,0.004354434521267551,0.0004354434521267551
GLY  94,R GLY  94,0.0,0.0,0.0,-0.0004400000000000115,0.0004963869458396474,4.963869458396474e-05,0.03381999999999962,0.008645669436197573,0.0008645669436197573,-0.019649999999999997,0.008295028631656404,0.0008295028631656404,0.0,0.0,0.0,0.013729999999999846,0.003936635619409634,0.00039366356194096337
CYS  95,R CYS  95,0.0,0.0,0.0,-0.0009999999999999853,0.0003464101615137625,3.464101615137625e-05,0.00280000000000129,0.011049886877250075,0.0011049886877250075,0.04728000000000001,0.01569654739106663,0.0015696547391066628,0.0,0.0,0.0,0.04908000000000151,0.012654390542416202,0.0012654390542416202
THR  96,R THR  96,0.0,0.0,0.0,-0.0013399999999999922,0.0004737087712931061,4.7370877129310606e-05,-0.010150000000000858,0.010409971181516105,0.0010409971181516106,0.034489999999999986,0.01141533617551409,0.001141533617551409,0.0,0.0,0.0,0.02299999999999935,0.010005998201079568,0.0010005998201079568
LEU  97,R LEU  97,0.0,0.0,0.0,-0.0013600000000000146,0.0004800000000000039,4.8000000000000394e-05,0.0008500000000002217,0.008305871417256422,0.0008305871417256421,0.019420000000000007,0.010467263252636779,0.001046726325263678,0.0,0.0,0.0,0.018910000000000777,0.008730515448701235,0.0008730515448701235
ASN  98,R ASN  98,0.0,0.0,0.0,-0.0007900000000000207,0.00040730823708833675,4.073082370883368e-05,-0.020360000000000298,0.009658695564101764,0.0009658695564101763,0.014839999999999978,0.008484951384657435,0.0008484951384657435,0.0,0.0,0.0,-0.00631000000000011,0.006764162919386153,0.0006764162919386153
PHE  99,R PHE  99,0.0,0.0,0.0,-0.0005399999999999883,0.0004983974317750737,4.9839743177507376e-05,-0.23409000000000105,0.09106559119667505,0.009106559119667505,0.2265799999999996,0.09057032405815882,0.009057032405815882,0.0,0.0,0.0,-0.008050000000001277,0.0033056769352139666,0.00033056769352139665
PRO 100,R PRO 100,0.0,0.0,0.0,-0.0002900000000000068,0.0004537620521815478,4.537620521815478e-05,0.14195999999999878,0.05216721575855847,0.005216721575855847,-0.12760999999999995,0.05157400411059813,0.005157400411059812,0.0,0.0,0.0,0.014059999999998976,0.006497414870546109,0.000649741487054611
GLN 101,R GLN 101,0.0,0.0,0.0,-0.0003399999999999914,0.0004737087712930686,4.7370877129306865e-05,0.007979999999999165,0.006376488061621374,0.0006376488061621375,0.01002,0.00680731958997077,0.000680731958997077,0.0,0.0,0.0,0.01765999999999892,0.004402771854184118,0.00044027718541841184
ILE 102,R ILE 102,0.0,0.0,0.0,-0.0006899999999999906,0.0005038849074937503,5.038849074937503e-05,-0.03798000000000016,0.01085263101740771,0.0010852631017407711,0.045620000000000015,0.0139425822572434,0.00139425822572434,0.0,0.0,0.0,0.006949999999998974,0.005987278179608644,0.0005987278179608645
THR 103,R THR 103,0.0,0.0,0.0,-0.0009500000000000064,0.000517204021639422,5.1720402163942196e-05,-0.0029299999999999214,0.013666934550219906,0.0013666934550219906,0.04135999999999998,0.015808554646140144,0.0015808554646140143,0.0,0.0,0.0,0.037480000000000284,0.00849409206448811,0.0008494092064488109
LEU 104,R LEU 104,0.0,0.0,0.0,-0.0018099999999999993,0.0008209141246196136,8.209141246196137e-05,-0.06197999999999993,0.019564242893604963,0.0019564242893604965,0.06397000000000003,0.01946918334188671,0.001946918334188671,0.0,0.0,0.0,0.00018000000000054344,0.009107557301493853,0.0009107557301493853
TRP 105,R TRP 105,0.0,0.0,0.0,-0.0012900000000000123,0.0006048966853934644,6.048966853934644e-05,-0.017039999999999934,0.017556719511343657,0.0017556719511343656,0.024360000000000003,0.018306567127673076,0.0018306567127673076,0.0,0.0,0.0,0.00602999999999986,0.006147283953097615,0.0006147283953097614
GLN 106,R GLN 106,0.0,0.0,0.0,-0.0025800000000000024,0.0012584116973391427,0.00012584116973391428,-0.04178999999999974,0.027890247399404537,0.0027890247399404537,0.08227000000000001,0.032269445300469615,0.0032269445300469614,0.0,0.0,0.0,0.03790000000000056,0.013689777207829967,0.0013689777207829966
ARG 107,R ARG 107,0.0,0.0,0.0,-0.004999999999999991,0.0027964262908219124,0.00027964262908219126,0.2716000000000015,0.12168952296726301,0.012168952296726302,-0.10563999999999998,0.11342552799083633,0.011342552799083633,0.0,0.0,0.0,0.16096000000000102,0.04053515017857899,0.004053515017857899
PRO 108,R PRO 108,0.0,0.0,0.0,-0.005719999999999987,0.0029835549265934233,0.00029835549265934234,-0.15944000000000025,0.08575573683433675,0.008575573683433676,0.10110999999999999,0.08120503617387288,0.008120503617387288,0.0,0.0,0.0,-0.06405000000000025,0.02144778543346657,0.0021447785433466567
LEU 109,R LEU 109,0.0,0.0,0.0,-0.0025699999999999976,0.0012981140165640227,0.00012981140165640228,-0.03569999999999965,0.016505453644174932,0.0016505453644174932,0.05548000000000001,0.01905595969769038,0.0019055959697690378,0.0,0.0,0.0,0.017210000000000995,0.006211754985508529,0.0006211754985508529
VAL 110,R VAL 110,0.0,0.0,0.0,-0.0015499999999999859,0.0006982120021884649,6.982120021884649e-05,0.008440000000000367,0.019350617561205735,0.0019350617561205736,-0.01076000000000001,0.019334487321881613,0.0019334487321881612,0.0,0.0,0.0,-0.003869999999999685,0.005441791984264811,0.0005441791984264811
THR 111,R THR 111,0.0,0.0,0.0,-0.0005799999999999805,0.0004935585071701062,4.935585071701062e-05,-0.019969999999999998,0.00685048173488525,0.000685048173488525,0.03552999999999999,0.009234126921371629,0.0009234126921371629,0.0,0.0,0.0,0.014979999999999681,0.005300905583011391,0.000530090558301139
ILE 112,R ILE 112,0.0,0.0,0.0,-0.0005299999999999949,0.0004990991885387065,4.990991885387065e-05,0.004589999999999889,0.008156095879769417,0.0008156095879769418,0.0038400000000000023,0.00867377657079084,0.000867377657079084,0.0,0.0,0.0,0.007900000000000528,0.00435545634807835,0.00043554563480783495
LYS 113,R LYS 113,0.0,0.0,0.0,-0.0003200000000000158,0.00046647615158764723,4.664761515876472e-05,-0.014849999999999,0.02905421656145565,0.002905421656145565,0.036369999999999986,0.0300245416284745,0.00300245416284745,0.0,0.0,0.0,0.021200000000001294,0.005531726674375789,0.0005531726674375789
ILE 114,R ILE 114,0.0,0.0,0.0,-0.0003599999999999981,0.0004799999999999975,4.799999999999975e-05,0.005440000000000964,0.006644275731784706,0.0006644275731784706,-0.000560000000000003,0.007318907022226753,0.0007318907022226753,0.0,0.0,0.0,0.004520000000001268,0.003973612965551588,0.0003973612965551588
GLY 115,R GLY 115,0.0,0.0,0.0,-0.00016999999999999793,0.00037563279941985446,3.7563279941985445e-05,0.0005199999999992144,0.006785985558486946,0.0006785985558486946,-0.0026100000000000277,0.006785123432922923,0.0006785123432922923,0.0,0.0,0.0,-0.0022600000000008967,0.001353661700721745,0.00013536617007217451
GLY 116,R GLY 116,0.0,0.0,0.0,-0.00017000000000000126,0.0003756327994198618,3.756327994198618e-05,-0.003610000000000042,0.00589558309245212,0.000589558309245212,0.0045099999999999515,0.005830085762662502,0.0005830085762662502,0.0,0.0,0.0,0.0007299999999996531,0.0008928045698808173,8.928045698808173e-05
GLN 117,R GLN 117,0.0,0.0,0.0,-0.00023000000000000353,0.0004208325082500228,4.208325082500228e-05,0.00012000000000028877,0.007618766304330036,0.0007618766304330036,0.0017000000000000032,0.007955501241279528,0.0007955501241279528,0.0,0.0,0.0,0.0015900000000001868,0.0017034964044576413,0.00017034964044576414
LEU 118,R LEU 118,0.0,0.0,0.0,-0.00026999999999999914,0.00044395945760846095,4.4395945760846094e-05,0.012739999999999583,0.005174205252983993,0.0005174205252983994,9.000000000001348e-05,0.005549945945682712,0.0005549945945682712,0.0,0.0,0.0,0.01256000000000014,0.004140821174598606,0.0004140821174598606
LYS 119,R LYS 119,0.0,0.0,0.0,-0.0007699999999999874,0.00048692915295757904,4.86929152957579e-05,-0.04414000000000016,0.05112025430296647,0.0051120254302966465,0.06811000000000003,0.05363951808135492,0.005363951808135492,0.0,0.0,0.0,0.023199999999999707,0.007634133873595894,0.0007634133873595894
GLU 120,R GLU 120,0.0,0.0,0.0,-0.0021500000000000017,0.0010234744745229304,0.00010234744745229305,0.0673599999999999,0.05361856394943735,0.005361856394943735,-0.06887000000000001,0.056054019481211234,0.005605401948121124,0.0,0.0,0.0,-0.0036599999999997832,0.011995182366266979,0.001199518236626698
ALA 121,R ALA 121,0.0,0.0,0.0,-0.004909999999999998,0.002530197620740301,0.00025301976207403007,-0.04007000000000019,0.02687089689608455,0.0026870896896084547,0.06023,0.030951851317813008,0.0030951851317813006,0.0,0.0,0.0,0.015250000000000397,0.023154859101276713,0.002315485910127671
LEU 122,R LEU 122,0.0,0.0,0.0,-0.014819999999999967,0.00912181999383892,0.000912181999383892,0.04108000000000061,0.045078527038935855,0.0045078527038935855,-0.03745,0.0541688794419822,0.00541688794419822,0.0,0.0,0.0,-0.011189999999999402,0.026744978968022824,0.0026744978968022822
LEU 123,R LEU 123,0.0,0.0,0.0,-0.021420000000000026,0.012053364675475499,0.00120533646754755,-0.0930900000000004,0.039782683418794845,0.003978268341879485,0.09618000000000006,0.06107755397852789,0.006107755397852789,0.0,0.0,0.0,-0.01833000000000122,0.040603215389915986,0.004060321538991598
ASP 124,R ASP 124,0.0,0.0,0.0,-0.06636000000000002,0.016210194323326158,0.001621019432332616,-0.06318999999999902,0.10622059075339506,0.010622059075339505,-0.14095999999999992,0.21755978120967118,0.021755978120967117,0.0,0.0,0.0,-0.27050999999999875,0.1691640325246475,0.01691640325246475
THR 125,R THR 125,0.0,0.0,0.0,-0.4139400000000002,0.20310725344014646,0.020310725344014645,0.039609999999999486,0.20439955454941752,0.020439955454941754,0.04807,0.29487794949775403,0.029487794949775402,-0.0051664319999999994,0.006514956777306816,0.0006514956777306816,-0.3314264320000004,0.25616705703343345,0.025616705703343345
GLY 126,R GLY 126,0.0,0.0,0.0,-1.2953900000000003,0.44617695805588076,0.044617695805588074,-1.479450000000001,1.718257846628381,0.1718257846628381,1.1810800000000001,0.7981337316515318,0.07981337316515318,-0.29756419199999995,0.0816178100408677,0.008161781004086769,-1.8913241920000003,1.2514995597218685,0.12514995597218687
ALA 127,R ALA 127,0.0,0.0,0.0,-0.48788999999999993,0.15682473625037627,0.015682473625037628,-0.08937999999999931,0.4529786922141035,0.045297869221410346,0.3403699999999999,0.2992101487249388,0.02992101487249388,-0.06968843999999998,0.023961031746567253,0.0023961031746567254,-0.30658843999999896,0.5260800704782107,0.05260800704782107
ASP 128,R ASP 128,0.0,0.0,0.0,-0.21109999999999993,0.15568355725637822,0.015568355725637823,-0.28227999999999964,0.40969112951100045,0.04096911295110005,0.38227999999999995,0.26145309636720704,0.026145309636720702,-0.03370139999999999,0.016469238116148577,0.0016469238116148578,-0.1448013999999998,0.3404994481348345,0.03404994481348345
ASP 129,R ASP 129,0.0,0.0,0.0,-0.09615000000000001,0.043724449682071384,0.004372444968207138,-0.019410000000000024,0.25612083456837365,0.025612083456837364,0.10722,0.22925032519060903,0.022925032519060903,-0.011159783999999997,0.011768966029067462,0.0011768966029067462,-0.019499784000001144,0.06997992846719342,0.006997992846719342
THR 130,R THR 130,0.0,0.0,0.0,-0.021150000000000002,0.007358498488142871,0.0007358498488142871,0.02047000000000054,0.051519210979982695,0.0051519210979982695,-0.005559999999999993,0.06881312665473065,0.006881312665473064,0.0,0.0,0.0,-0.006239999999998556,0.03833043699203192,0.003833043699203192
VAL 131,R VAL 131,0.0,0.0,0.0,-0.026740000000000014,0.014661255062237985,0.0014661255062237985,-0.0011100000000003262,0.042595280254976164,0.0042595280254976164,0.04585999999999999,0.04384564288501199,0.004384564288501199,0.0,0.0,0.0,0.018009999999999457,0.0212727501748128,0.00212727501748128
LEU 132,R LEU 132,0.0,0.0,0.0,-0.012950000000000048,0.00744093408114866,0.0007440934081148659,0.043859999999999816,0.05160446104747141,0.0051604461047471415,-0.04974999999999998,0.04994584567308877,0.004994584567308877,0.0,0.0,0.0,-0.018840000000000075,0.025907419786616214,0.0025907419786616215
GLU 133,R GLU 133,0.0,0.0,0.0,-0.006339999999999974,0.0032900455923892662,0.00032900455923892663,0.047350000000000135,0.05417017168147073,0.005417017168147073,-0.04325000000000001,0.061826268688964216,0.006182626868896422,0.0,0.0,0.0,-0.002240000000000049,0.01497071808564969,0.0014970718085649689
GLU 134,R GLU 134,0.0,0.0,0.0,-0.0024000000000000067,0.0011747340124470744,0.00011747340124470744,0.06176999999999985,0.03845981149199788,0.0038459811491997884,-0.04768000000000003,0.04021762797580185,0.004021762797580185,0.0,0.0,0.0,0.011689999999999456,0.00940286658418534,0.000940286658418534
MET 135,R MET 135,0.0,0.0,0.0,-0.0008899999999999875,0.00044485952839069657,4.4485952839069654e-05,0.024410000000000025,0.013884592179823902,0.0013884592179823903,-0.0217,0.014060227594174995,0.0014060227594174996,0.0,0.0,0.0,0.0018199999999996123,0.0038402604078365283,0.0003840260407836528
SER 136,R SER 136,0.0,0.0,0.0,-0.0003199999999999925,0.00046647615158761324,4.664761515876132e-05,0.004919999999999831,0.008009594246901794,0.0008009594246901795,-0.0013100000000000024,0.007915421656488076,0.0007915421656488076,0.0,0.0,0.0,0.003290000000000077,0.0017395114256594743,0.00017395114256594743
LEU 137,R LEU 137,0.0,0.0,0.0,-0.00030999999999998585,0.00046249324319386605,4.6249324319386604e-05,0.011829999999999927,0.005057776191173222,0.0005057776191173222,-0.006970000000000013,0.005811118653064986,0.0005811118653064986,0.0,0.0,0.0,0.004549999999999698,0.0028191310718030235,0.00028191310718030235
PRO 138,R PRO 138,0.0,0.0,0.0,-0.00015999999999999793,0.00036660605559646244,3.666060555964624e-05,0.03021000000000008,0.029463976310064324,0.0029463976310064323,-0.034440000000000005,0.029797087105957194,0.0029797087105957196,0.0,0.0,0.0,-0.0043899999999999755,0.0016241613220365424,0.00016241613220365424
GLY 139,R GLY 139,0.0,0.0,0.0,-0.0002300000000000013,0.00042083250825001873,4.208325082500187e-05,0.006180000000000803,0.004530739453996099,0.0004530739453996099,-0.0039500000000000516,0.005107592387808538,0.0005107592387808538,0.0,0.0,0.0,0.002000000000000073,0.0013856406460560388,0.0001385640646056039
ARG 140,R ARG 140,0.0,0.0,0.0,-0.0002300000000000013,0.00042083250825001873,4.208325082500187e-05,-0.04402999999999942,0.024560315551718302,0.0024560315551718304,0.051749999999999845,0.025254455052524927,0.002525445505252493,0.0,0.0,0.0,0.007490000000000753,0.0023043220261066695,0.00023043220261066694
TRP 141,R TRP 141,0.0,0.0,0.0,-0.0003199999999999914,0.0004664761515876116,4.664761515876116e-05,-0.005440000000000254,0.011068260929342572,0.001106826092934257,0.019829999999999993,0.01189710468979743,0.001189710468979743,0.0,0.0,0.0,0.014069999999999916,0.0034036891749981467,0.0003403689174998147
LYS 142,R LYS 142,0.0,0.0,0.0,-0.0008200000000000141,0.00038418745424597734,3.841874542459774e-05,-0.05355999999999923,0.028863929046475813,0.0028863929046475814,0.07584999999999989,0.029747394843918664,0.0029747394843918666,0.0,0.0,0.0,0.02147000000000043,0.005244911820039696,0.0005244911820039696
PRO 143,R PRO 143,0.0,0.0,0.0,-0.0013599999999999945,0.0005199999999999839,5.199999999999839e-05,0.034870000000000234,0.027629569305365503,0.00276295693053655,-0.014290000000000002,0.02732189415102834,0.002732189415102834,0.0,0.0,0.0,0.0192200000000007,0.005283143003931045,0.0005283143003931045
LYS 144,R LYS 144,0.0,0.0,0.0,-0.004739999999999984,0.0015007997867803322,0.0001500799786780332,-0.08391000000000076,0.07042145908741107,0.007042145908741107,0.1894599999999999,0.08090777712927223,0.008090777712927223,0.0,0.0,0.0,0.10080999999999926,0.030678557658404992,0.003067855765840499
MET 145,R MET 145,0.0,0.0,0.0,-0.023309999999999987,0.009682659758558068,0.0009682659758558068,-0.04983999999999995,0.05820012371120841,0.005820012371120841,0.2590000000000001,0.07662088488134246,0.007662088488134246,0.0,0.0,0.0,0.18584999999999993,0.0517736177990291,0.00517736177990291
ILE 146,R ILE 146,0.0,0.0,0.0,-0.15303,0.07529667389732424,0.007529667389732424,0.19681000000000068,0.1285985765862122,0.01285985765862122,0.23165000000000002,0.17334574554917695,0.017334574554917694,-0.0008914319999999999,0.0024391648388282406,0.00024391648388282406,0.2745385680000012,0.152149798477128,0.015214979847712801
GLY 147,R GLY 147,0.0,0.0,0.0,-0.6812900000000001,0.29693936401225063,0.029693936401225064,-0.5018,0.4611197675224958,0.04611197675224958,1.5908699999999996,0.674476992268826,0.0674476992268826,-0.14761893599999992,0.04053782789753691,0.004053782789753691,0.2601610639999992,0.44874306657463753,0.04487430665746375
GLY 148,R GLY 148,0.0,0.0,0.0,-0.40881999999999974,0.2080843280980099,0.02080843280980099,-0.9256900000000001,0.6472113208991337,0.06472113208991337,1.4757099999999996,0.6943351394679657,0.06943351394679656,-0.067685616,0.03794491152790507,0.0037944911527905073,0.07351438400000002,0.3534932481353236,0.03534932481353236
ILE 149,R ILE 149,0.0,0.0,0.0,-0.29409,0.1951317552322018,0.01951317552322018,-0.3666000000000003,0.637445840836694,0.0637445840836694,0.8837600000000007,0.6706974000247793,0.06706974000247792,-0.01472155200000001,0.017288962522328973,0.0017288962522328973,0.20834844799999983,0.25747678312107847,0.025747678312107846
GLY 150,R GLY 150,0.0,0.0,0.0,-0.23373999999999992,0.219096810565558,0.0219096810565558,-0.5243799999999996,0.4858872457679872,0.04858872457679872,0.8881699999999998,0.556034784073803,0.0556034784073803,-0.027387360000000003,0.04337280406374482,0.0043372804063744825,0.10266263999999983,0.29040400608867617,0.029040400608867617
GLY 151,R GLY 151,0.0,0.0,0.0,-0.09386,0.05376318814951366,0.0053763188149513665,0.12095000000000042,0.13684753377390563,0.013684753377390562,-0.19192,0.19463528354334936,0.019463528354334937,0.0,0.0,0.0,-0.16483000000000012,0.1357295144764024,0.01357295144764024
PHE 152,R PHE 152,0.0,0.0,0.0,-0.03807000000000001,0.016138931191377,0.0016138931191377,0.06225999999999814,0.0922228409885531,0.00922228409885531,0.09370999999999995,0.09412346094359264,0.009412346094359264,0.0,0.0,0.0,0.11789999999999903,0.05205007204605983,0.005205007204605983
ILE 153,R ILE 153,0.0,0.0,0.0,-0.03121,0.012718722420117514,0.0012718722420117514,0.031109999999999475,0.03779203487509027,0.003779203487509027,-0.038400000000000004,0.05423209381906621,0.005423209381906621,0.0,0.0,0.0,-0.03850000000000053,0.03136478917512614,0.003136478917512614
LYS 154,R LYS 154,0.0,0.0,0.0,-0.010200000000000011,0.004692547282660007,0.00046925472826600073,-0.12460999999999942,0.06274868843250846,0.006274868843250845,0.24152999999999986,0.07135495147500301,0.0071354951475003005,0.0,0.0,0.0,0.10672000000000045,0.0241263673187651,0.00241263673187651
VAL 155,R VAL 155,0.0,0.0,0.0,-0.005299999999999998,0.0016522711641858026,0.00016522711641858026,0.009199999999999875,0.01647422228816916,0.0016474222288169159,0.018949999999999977,0.02008550472355625,0.002008550472355625,0.0,0.0,0.0,0.022849999999999548,0.010349275336948951,0.001034927533694895
ARG 156,R ARG 156,0.0,0.0,0.0,-0.0031499999999999796,0.0009937303457175973,9.937303457175973e-05,-0.08636999999999943,0.046351193080652484,0.004635119308065249,0.13444,0.04981211097715098,0.0049812110977150974,0.0,0.0,0.0,0.04492000000000003,0.011074908577502355,0.0011074908577502355
GLN 157,R GLN 157,0.0,0.0,0.0,-0.001579999999999996,0.000568858506133137,5.68858506133137e-05,0.011550000000000863,0.010050248753140225,0.0010050248753140224,0.014529999999999993,0.013299966165370476,0.0013299966165370475,0.0,0.0,0.0,0.024500000000001333,0.00798435971133548,0.000798435971133548
TYR 158,R TYR 158,0.0,0.0,0.0,-0.0011799999999999998,0.0004093897898091859,4.093897898091859e-05,0.004970000000000709,0.023094352123409167,0.002309435212340917,-0.016259999999999997,0.023312065545549588,0.002331206554554959,0.0,0.0,0.0,-0.012469999999999377,0.005527124026108156,0.0005527124026108156
ASP 159,R ASP 159,0.0,0.0,0.0,-0.00048000000000001817,0.000499599839871891,4.99599839871891e-05,0.02975999999999985,0.032027525661530505,0.0032027525661530503,-0.030249999999999985,0.03195133017575323,0.0031951330175753233,0.0,0.0,0.0,-0.0009700000000004233,0.0028825509535827733,0.00028825509535827733
GLN 160,R GLN 160,0.0,0.0,0.0,-0.00026999999999999914,0.00044395945760846095,4.4395945760846094e-05,0.005559999999999832,0.006645780616300124,0.0006645780616300124,0.003630000000000014,0.007496205706889349,0.0007496205706889349,0.0,0.0,0.0,0.008919999999999982,0.0034312679872022405,0.00034312679872022404
ILE 161,R ILE 161,0.0,0.0,0.0,-0.0004900000000000038,0.0004998999899980035,4.9989998999800356e-05,-0.00891999999999996,0.010302116287442537,0.0010302116287442538,0.01688000000000001,0.010932776408579842,0.0010932776408579842,0.0,0.0,0.0,0.007469999999999552,0.003511281817228079,0.0003511281817228079
LEU 162,R LEU 162,0.0,0.0,0.0,-0.000420000000000007,0.000493558507170131,4.93558507170131e-05,0.013570000000000136,0.007458223649100829,0.0007458223649100829,0.0014099999999999952,0.008723640295197867,0.0008723640295197867,0.0,0.0,0.0,0.014559999999999835,0.005341011140224827,0.0005341011140224827
ILE 163,R ILE 163,0.0,0.0,0.0,-0.0003800000000000048,0.0004853864439804701,4.853864439804701e-05,-0.0069400000000003105,0.006492796007885229,0.0006492796007885229,0.018430000000000002,0.008040217658745321,0.0008040217658745321,0.0,0.0,0.0,0.011109999999999905,0.004137378397004061,0.0004137378397004061
GLU 164,R GLU 164,0.0,0.0,0.0,-0.00033000000000000027,0.00047021271782035043,4.7021271782035045e-05,0.002180000000000035,0.026882105572294472,0.0026882105572294474,-0.002820000000000015,0.026799022370228354,0.0026799022370228355,0.0,0.0,0.0,-0.0009700000000000097,0.004786345160975472,0.00047863451609754716
ILE 165,R ILE 165,0.0,0.0,0.0,-0.00039000000000000037,0.0004877499359302885,4.877499359302885e-05,-0.006430000000000646,0.005316493205111104,0.0005316493205111104,0.020779999999999993,0.0077402583936197165,0.0007740258393619717,0.0,0.0,0.0,0.013959999999999983,0.005540613684420948,0.0005540613684420948
CYS 166,R CYS 166,0.0,0.0,0.0,-0.00030000000000000247,0.00045825756949558795,4.5825756949558795e-05,-0.01070999999999998,0.005831457793725944,0.0005831457793725944,0.0053299999999999945,0.006685888123503017,0.0006685888123503017,0.0,0.0,0.0,-0.00567999999999929,0.0024243762084305673,0.00024243762084305673
GLY 167,R GLY 167,0.0,0.0,0.0,-0.00015000000000000012,0.00035707142142714284,3.570714214271428e-05,0.0031299999999998816,0.006263633131019315,0.0006263633131019315,-0.0018899999999999807,0.00618368013403019,0.000618368013403019,0.0,0.0,0.0,0.0010900000000004261,0.0010591978096653864,0.00010591978096653864
HIE 168,R HIE 168,0.0,0.0,0.0,-0.000269999999999988,0.0004439594576084427,4.439594576084427e-05,0.005349999999999681,0.00511150662720976,0.000511150662720976,-0.0024900000000000018,0.005367485444786974,0.0005367485444786973,0.0,0.0,0.0,0.0025899999999995193,0.001613040607053215,0.0001613040607053215
LYS 169,R LYS 169,0.0,0.0,0.0,-0.00018000000000000681,0.0003841874542459855,3.841874542459855e-05,0.00897999999999989,0.028975499995687035,0.0028975499995687035,0.008930000000000028,0.02914627077346264,0.002914627077346264,0.0,0.0,0.0,0.01772999999999963,0.005149475701467505,0.0005149475701467505
ALA 170,R ALA 170,0.0,0.0,0.0,-0.00038999999999999815,0.00048774993593028563,4.877499359302856e-05,0.00547999999999945,0.006397624559162888,0.0006397624559162888,0.00462,0.006809963289181513,0.0006809963289181513,0.0,0.0,0.0,0.00970999999999948,0.003606369365442601,0.0003606369365442601
ILE 171,R ILE 171,0.0,0.0,0.0,-0.0005500000000000116,0.0004974937185533204,4.9749371855332036e-05,-0.012669999999999817,0.006922506771393818,0.0006922506771393818,0.031729999999999974,0.00919114247523128,0.000919114247523128,0.0,0.0,0.0,0.01850999999999953,0.005210556592150537,0.0005210556592150537
GLY 172,R GLY 172,0.0,0.0,0.0,-0.0009199999999999942,0.0003370459909270645,3.370459909270645e-05,0.01058999999999955,0.01809093419367858,0.001809093419367858,0.008040000000000005,0.01846451732377535,0.001846451732377535,0.0,0.0,0.0,0.01771000000000054,0.005648530782425792,0.0005648530782425792
THR 173,R THR 173,0.0,0.0,0.0,-0.002639999999999979,0.0008064738061462311,8.064738061462311e-05,-0.01965999999999994,0.0210809013090056,0.0021080901309005603,0.046549999999999994,0.02709294188529548,0.002709294188529548,0.0,0.0,0.0,0.024249999999999824,0.013430841373494777,0.0013430841373494777
VAL 174,R VAL 174,0.0,0.0,0.0,-0.003289999999999995,0.0011072036849649582,0.00011072036849649582,-0.0028300000000002967,0.02655863513059373,0.0026558635130593733,0.04881000000000001,0.03513337302338049,0.0035133373023380488,0.0,0.0,0.0,0.04268999999999978,0.021532159668737685,0.0021532159668737685
LEU 175,R LEU 175,0.0,0.0,0.0,-0.008040000000000021,0.003142992204890122,0.00031429922048901223,-1.999999999966917e-05,0.036613653191124536,0.0036613653191124537,0.024509999999999987,0.04062376028877685,0.004062376028877685,0.0,0.0,0.0,0.016450000000000152,0.015648881749184464,0.0015648881749184464
VAL 176,R VAL 176,0.0,0.0,0.0,-0.006239999999999993,0.002332895196960196,0.0002332895196960196,-0.010879999999999938,0.021667616389442007,0.0021667616389442006,0.029490000000000002,0.032507382238500825,0.0032507382238500825,0.0,0.0,0.0,0.012369999999999966,0.01839383320572336,0.001839383320572336
GLY 177,R GLY 177,0.0,0.0,0.0,-0.01628000000000001,0.012021713688156096,0.0012021713688156097,-0.07069999999999986,0.06419774139329178,0.006419774139329178,0.12113000000000013,0.06820068254790394,0.006820068254790394,-1.3535999999999965e-05,0.00013468149948675173,1.3468149948675173e-05,0.0341364639999995,0.03413138994981487,0.003413138994981487
PRO 178,R PRO 178,0.0,0.0,0.0,-0.11001000000000002,0.13037787350620506,0.013037787350620505,0.31877000000000044,0.2541587635711193,0.025415876357111927,-0.19564,0.26972128280875424,0.026972128280875425,-0.008517167999999999,0.015888923354607006,0.0015888923354607006,0.004602832000000688,0.08687733019429493,0.008687733019429492
THR 179,R THR 179,0.0,0.0,0.0,-0.13601000000000008,0.13110388972109102,0.013110388972109102,-0.31725000000000037,0.20900140549766666,0.020900140549766667,0.24230999999999997,0.19214373239843122,0.01921437323984312,-0.015287760000000004,0.01967009530217888,0.0019670095302178883,-0.22623776000000007,0.2887312707920578,0.02887312707920578
PRO 180,R PRO 180,0.0,0.0,0.0,-0.1251,0.07995555015131844,0.007995555015131845,0.2673200000000005,0.13203475905987747,0.013203475905987746,-0.23070999999999994,0.09708319061506002,0.009708319061506002,-1.907999999999993e-05,0.00018984360299994238,1.898436029999424e-05,-0.0885090799999995,0.10854689549772316,0.010854689549772315
VAL 181,R VAL 181,0.0,0.0,0.0,-0.08625999999999998,0.07737203887710344,0.007737203887710343,0.10374999999999986,0.11433165572141472,0.011433165572141472,-0.0037000000000000422,0.16593140148868749,0.01659314014886875,-3.5711999999999966e-05,0.0002638835263065883,2.638835263065883e-05,0.013754288000000328,0.0448221988692588,0.00448221988692588
ASN 182,R ASN 182,0.0,0.0,0.0,-0.025059999999999975,0.018059246938895334,0.0018059246938895335,0.003149999999999409,0.08350285923248314,0.008350285923248314,0.02902,0.08317836016657218,0.008317836016657218,0.0,0.0,0.0,0.007109999999999533,0.029738491891822535,0.0029738491891822534
ILE 183,R ILE 183,0.0,0.0,0.0,-0.02920999999999998,0.015653941995548627,0.0015653941995548628,0.07963000000000064,0.06272458130589575,0.0062724581305895755,-0.10338999999999998,0.07618594292912573,0.007618594292912573,0.0,0.0,0.0,-0.05296999999999845,0.046160687819831056,0.004616068781983106
ILE 184,R ILE 184,0.0,0.0,0.0,-0.018770000000000002,0.006452681613096997,0.0006452681613096997,-0.08574999999999988,0.05221654431308162,0.005221654431308162,0.10439999999999997,0.07631762574923318,0.0076317625749233176,0.0,0.0,0.0,-0.00011999999999965261,0.03761310409950211,0.003761310409950211
GLY 185,R GLY 185,0.0,0.0,0.0,-0.021079999999999953,0.004853205126511794,0.00048532051265117945,0.0618199999999996,0.0826456750229567,0.008264567502295669,0.009049999999999989,0.07671667028749361,0.0076716670287493615,0.0,0.0,0.0,0.049789999999999994,0.06872412895046413,0.006872412895046413
ARG 186,R ARG 186,0.0,0.0,0.0,-0.01502,0.0028669844785069666,0.0002866984478506967,0.18332999999999913,0.1412930327369327,0.014129303273693269,0.07998,0.13127832875231157,0.013127832875231157,0.0,0.0,0.0,0.24828999999999915,0.07768079492384167,0.007768079492384167
ASN 187,R ASN 187,0.0,0.0,0.0,-0.005579999999999981,0.0010693923508236008,0.00010693923508236009,0.006130000000001274,0.03434025480394683,0.0034340254803946835,0.058289999999999974,0.04042951768201056,0.004042951768201056,0.0,0.0,0.0,0.05884000000000186,0.013916695009950356,0.0013916695009950357
LEU 188,R LEU 188,0.0,0.0,0.0,-0.0025799999999999578,0.0005509990925582518,5.509990925582518e-05,0.012020000000000267,0.01675528573316546,0.001675528573316546,0.04708000000000002,0.024113349000087037,0.0024113349000087036,0.0,0.0,0.0,0.0565200000000006,0.015654698975068333,0.0015654698975068333
LEU 189,R LEU 189,0.0,0.0,0.0,-0.002420000000000022,0.000513419906119732,5.13419906119732e-05,0.012409999999999855,0.014124514150936133,0.0014124514150936132,0.04866999999999999,0.019564792357702105,0.0019564792357702103,0.0,0.0,0.0,0.05866000000000037,0.013504976860401615,0.0013504976860401615
THR 190,R THR 190,0.0,0.0,0.0,-0.0014399999999999925,0.0004963869458396239,4.963869458396239e-05,0.002799999999999372,0.011514338886796432,0.0011514338886796432,0.010440000000000015,0.0156967002901884,0.0015696700290188399,0.0,0.0,0.0,0.01179999999999914,0.009975971130672272,0.0009975971130672273
GLN 191,R GLN 191,0.0,0.0,0.0,-0.0006800000000000228,0.00046647615158763986,4.6647615158763984e-05,2.0000000000095496e-05,0.006327685200766129,0.0006327685200766129,0.010610000000000053,0.008141124001020952,0.0008141124001020952,0.0,0.0,0.0,0.009949999999999314,0.0054394393093412,0.00054394393093412
ILE 192,R ILE 192,0.0,0.0,0.0,-0.0005200000000000027,0.0004995998398718746,4.995998398718746e-05,-0.002399999999999949,0.005253570214625471,0.0005253570214625471,0.013440000000000016,0.006367605515419443,0.0006367605515419444,0.0,0.0,0.0,0.010520000000000848,0.0038483243106591796,0.000384832431065918
GLY 193,R GLY 193,0.0,0.0,0.0,-0.0006399999999999784,0.0004799999999999841,4.799999999999841e-05,0.007750000000001407,0.010359898648152906,0.0010359898648152905,0.007869999999999988,0.010716020716665305,0.0010716020716665304,0.0,0.0,0.0,0.014980000000001064,0.0040595073592731715,0.00040595073592731716
CYS 194,R CYS 194,0.0,0.0,0.0,-0.0014000000000000167,0.0004898979485566505,4.898979485566505e-05,0.001489999999999867,0.012294303558965746,0.0012294303558965747,0.05009000000000002,0.015223071306408488,0.001522307130640849,0.0,0.0,0.0,0.05017999999999983,0.011957742261815762,0.0011957742261815762
THR 195,R THR 195,0.0,0.0,0.0,-0.0016700000000000282,0.0006009159675029706,6.0091596750297056e-05,0.0021900000000005092,0.010251531592888956,0.0010251531592888957,0.02794,0.012368362866604496,0.0012368362866604496,0.0,0.0,0.0,0.02846000000000063,0.010953008719069809,0.0010953008719069809
LEU 196,R LEU 196,0.0,0.0,0.0,-0.0020199999999999875,0.0005653317610041076,5.653317610041076e-05,0.016490000000000293,0.009458852996004073,0.0009458852996004072,0.004929999999999991,0.011971846140006981,0.0011971846140006982,0.0,0.0,0.0,0.019400000000000667,0.009248783703818693,0.0009248783703818692
ASN 197,R ASN 197,0.0,0.0,0.0,-0.0010200000000000198,0.0003994996871087457,3.994996871087457e-05,-0.033649999999999666,0.011557140649832107,0.0011557140649832106,0.025920000000000002,0.0112673688144127,0.00112673688144127,0.0,0.0,0.0,-0.008749999999999706,0.008375410437704815,0.0008375410437704815
PHE 198,R PHE 198,0.0,0.0,0.0,-0.0006300000000000072,0.0004828043081829382,4.828043081829382e-05,-0.3446799999999992,0.091053926878525,0.0091053926878525,0.33557999999999977,0.09074659001857913,0.009074659001857912,0.0,0.0,0.0,-0.009729999999998639,0.004093543697091702,0.0004093543697091702
1IN 199,L 1IN   1,0.0,0.0,0.0,0.0,0.0,0.0,0.0,0.0,0.0,0.0,0.0,0.0,0.0,0.0,0.0,0.0,0.0,0.0

idecomp = 1: Per-residue decomp adding 1-4 interactions to Internal.
Energy Decomposition Analysis (All units kcal/mol): Poisson Boltzmann solvent
DELTAS:
Total Energy Decomposition:
Residue,Location,Internal,,,van der Waals,,,Electrostatic,,,Polar Solvation,,,Non-Polar Solv.,,,TOTAL,,
,,Avg.,Std. Dev.,Std. Err. of Mean,Avg.,Std. Dev.,Std. Err. of Mean,Avg.,Std. Dev.,Std. Err. of Mean,Avg.,Std. Dev.,Std. Err. of Mean,Avg.,Std. Dev.,Std. Err. of Mean
PRO   1,R PRO   1,0.0,0.0,0.0,-0.0011000000000000365,0.0005385164807134522,5.3851648071345215e-05,0.34895000000000076,0.10217909522010808,0.010217909522010809,-0.36018000000000017,0.1312571049505508,0.013125710495055079,0.0,0.0,0.0,-0.012329999999997891,0.10871486144957299,0.0108714861449573
GLN   2,R GLN   2,0.0,0.0,0.0,-0.0015699999999998937,0.0005523585791856425,5.523585791856424e-05,0.02882999999999953,0.019573479506720573,0.0019573479506720575,-0.053459999999999945,0.033673556390734834,0.003367355639073483,0.0,0.0,0.0,-0.026199999999999193,0.02039607805436913,0.002039607805436913
ILE   3,R ILE   3,0.0,0.0,0.0,-0.009030000000000017,0.003345011210743515,0.00033450112107435146,-0.011789999999999879,0.01211387221329261,0.001211387221329261,0.04560000000000002,0.029660411325536207,0.002966041132553621,0.0,0.0,0.0,0.024779999999999188,0.024452230982061163,0.0024452230982061163
THR   4,R THR   4,0.0,0.0,0.0,-0.0054300000000000286,0.0017621293936598255,0.00017621293936598254,-0.03011000000000024,0.02298560201517464,0.002298560201517464,0.02695999999999998,0.03049882620692139,0.003049882620692139,0.0,0.0,0.0,-0.008580000000000467,0.014835888918430143,0.0014835888918430142
LEU   5,R LEU   5,0.0,0.0,0.0,-0.03126,0.011513140318783581,0.001151314031878358,-0.01778999999999968,0.026148917759631074,0.0026148917759631074,0.013779999999999992,0.033971629339788825,0.0033971629339788825,0.0,0.0,0.0,-0.03526999999999954,0.027244028703553018,0.0027244028703553016
TRP   6,R TRP   6,0.0,0.0,0.0,-0.010389999999999979,0.0023103895775388864,0.00023103895775388865,-0.008169999999999646,0.032128820395401776,0.003212882039540178,0.016020000000000048,0.03252290884899445,0.0032522908848994446,0.0,0.0,0.0,-0.002539999999999729,0.009807568506006774,0.0009807568506006773
GLN   7,R GLN   7,0.0,0.0,0.0,-0.03454000000000002,0.013617944044531883,0.0013617944044531883,-0.04661000000000016,0.04390282337162428,0.004390282337162428,0.09853000000000002,0.06643815996849989,0.006643815996849989,0.0,0.0,0.0,0.017379999999999854,0.04887755722210382,0.0048877557222103815
ARG   8,R ARG   8,0.0,0.0,0.0,-1.5673000000000001,0.633874474955412,0.0633874474955412,0.1115000000000002,2.5242279671218295,0.25242279671218293,1.13288,2.340629984769058,0.23406299847690581,0.0,0.0,0.0,-0.3229200000000037,1.1302205508660708,0.11302205508660708
PRO   9,R PRO   9,0.0,0.0,0.0,-0.4558100000000001,0.24888606610254405,0.024888606610254403,0.10294000000000025,0.14675502171987176,0.014675502171987176,0.05447,0.2763288061350101,0.02763288061350101,0.0,0.0,0.0,-0.29840000000000066,0.31395283085202497,0.031395283085202494
LEU  10,R LEU  10,0.0,0.0,0.0,-0.06657000000000002,0.02341378013051283,0.002341378013051283,-0.03899999999999992,0.02569280054801265,0.0025692800548012653,0.019420000000000024,0.035067415074396376,0.0035067415074396375,0.0,0.0,0.0,-0.08614999999999967,0.036576597709464406,0.0036576597709464405
VAL  11,R VAL  11,0.0,0.0,0.0,-0.015919999999999917,0.004473656222822624,0.0004473656222822624,0.009739999999999825,0.015269328734427096,0.0015269328734427096,-0.0024499999999999878,0.025012546851530315,0.0025012546851530316,0.0,0.0,0.0,-0.00863000000000107,0.018454080849502924,0.0018454080849502924
THR  12,R THR  12,0.0,0.0,0.0,-0.003310000000000075,0.0006587108622149327,6.587108622149326e-05,-0.016750000000000112,0.013588506172497536,0.0013588506172497535,0.02723999999999999,0.019132757250328595,0.0019132757250328596,0.0,0.0,0.0,0.007180000000000124,0.009054700436789732,0.0009054700436789732
ILE  13,R ILE  13,0.0,0.0,0.0,-0.006150000000000117,0.0009313968005097113,9.313968005097113e-05,0.025840000000000033,0.006019501640502032,0.0006019501640502032,-0.03708000000000001,0.012712733773661793,0.0012712733773661794,0.0,0.0,0.0,-0.017390000000000672,0.011350678393821942,0.0011350678393821942
LYS  14,R LYS  14,0.0,0.0,0.0,-0.0012499999999999645,0.00043301270189227497,4.3301270189227495e-05,0.21970000000000084,0.08256966755413289,0.008256966755413288,-0.1941700000000003,0.1161598084536985,0.01161598084536985,0.0,0.0,0.0,0.024280000000000825,0.08525714984680022,0.008525714984680022
ILE  15,R ILE  15,0.0,0.0,0.0,-0.00230000000000004,0.0005744562646537397,5.7445626465373964e-05,0.014329999999999786,0.005353606261203225,0.0005353606261203225,-0.016399999999999998,0.006792643079096679,0.0006792643079096679,0.0,0.0,0.0,-0.004370000000000603,0.004428667971298045,0.00044286679712980453
GLY  16,R GLY  16,0.0,0.0,0.0,-0.00024999999999999025,0.00043301270189220243,4.3301270189220245e-05,0.010159999999999557,0.006514169171890346,0.0006514169171890346,-0.010420000000000035,0.007302301007216861,0.0007302301007216861,0.0,0.0,0.0,-0.0005099999999999704,0.003433642380912733,0.0003433642380912733
GLY  17,R GLY  17,0.0,0.0,0.0,-0.00022999999999999464,0.00042083250825000653,4.208325082500065e-05,0.009310000000000328,0.0041344769923181805,0.00041344769923181806,-0.009300000000000017,0.004748684028233511,0.00047486840282335115,0.0,0.0,0.0,-0.00021999999999965602,0.002317671245021944,0.0002317671245021944
GLN  18,R GLN  18,0.0,0.0,0.0,-0.0008100000000000085,0.0004624932431938938,4.624932431938938e-05,-0.01816000000000102,0.012485767897889893,0.0012485767897889894,0.021510000000000033,0.01492614819703994,0.001492614819703994,0.0,0.0,0.0,0.0025399999999995513,0.006512173216370375,0.0006512173216370375
LEU  19,R LEU  19,0.0,0.0,0.0,-0.0011399999999999943,0.00037469987990393377,3.746998799039338e-05,0.014790000000000702,0.004840030991635376,0.00048400309916353756,-0.02000999999999999,0.0064536733725840305,0.000645367337258403,0.0,0.0,0.0,-0.0063599999999988865,0.0037829089336109275,0.00037829089336109277
LYS  20,R LYS  20,0.0,0.0,0.0,-0.004670000000000005,0.000837317144217244,8.37317144217244e-05,0.1789499999999991,0.19090083158540705,0.019090083158540706,-0.1132400000000001,0.23216162990468533,0.023216162990468532,0.0,0.0,0.0,0.06103999999999898,0.11510073153546724,0.011510073153546723
GLU  21,R GLU  21,0.0,0.0,0.0,-0.01236999999999997,0.0028518590427999944,0.00028518590427999943,-0.09662000000000007,0.22289521215135966,0.022289521215135964,0.028640000000000505,0.2463087704488007,0.02463087704488007,0.0,0.0,0.0,-0.08035000000000019,0.10535714261501307,0.010535714261501307
ALA  22,R ALA  22,0.0,0.0,0.0,-0.040150000000000005,0.009114137370042213,0.0009114137370042213,0.012290000000000845,0.03870563137322415,0.003870563137322415,-0.06596000000000003,0.07159551941287944,0.0071595519412879435,0.0,0.0,0.0,-0.09381999999999976,0.06429500447157532,0.006429500447157533
LEU  23,R LEU  23,0.0,0.0,0.0,-1.4154600000000002,0.36218855365679314,0.036218855365679314,-0.2930000000000001,0.2052997320991929,0.02052997320991929,0.14076000000000002,0.21224924593505629,0.02122492459350563,0.0,0.0,0.0,-1.5677000000000012,0.4430973143678464,0.04430973143678464
LEU  24,R LEU  24,0.0,0.0,0.0,-0.48141000000000034,0.24646168444608166,0.024646168444608166,-0.15864000000000003,0.24591972348715807,0.024591972348715806,1.1441300000000003,0.6981009046692314,0.06981009046692313,0.0,0.0,0.0,0.50408,0.5429260664215712,0.05429260664215711
ASP  25,R ASP  25,0.0,0.0,0.0,-1.2596800000000001,0.571845081818494,0.057184508181849406,-5.963930000000001,1.9246852691024532,0.19246852691024532,13.889000000000001,6.614950105631928,0.6614950105631928,0.0,0.0,0.0,6.665389999999998,4.789226198239132,0.4789226198239132
THR  26,R THR  26,0.0,0.0,0.0,-0.12093999999999999,0.08899975505584257,0.008899975505584256,0.20018000000000008,0.22145755259191327,0.022145755259191328,-0.5440999999999998,0.6119092824921029,0.06119092824921028,0.0,0.0,0.0,-0.46486000000000016,0.48835849577948326,0.04883584957794833
GLY  27,R GLY  27,0.0,0.0,0.0,-0.3568300000000001,0.45611796840291235,0.045611796840291235,0.6154100000000002,0.5810545601748598,0.05810545601748598,-0.8684399999999995,0.7237147548585706,0.07237147548585707,0.0,0.0,0.0,-0.6098599999999996,0.7115358040183214,0.07115358040183214
ALA  28,R ALA  28,0.0,0.0,0.0,-0.4925699999999997,0.5387334453141002,0.05387334453141002,0.3706800000000003,0.14373078167184686,0.014373078167184685,-0.53378,0.3287345914259707,0.032873459142597074,0.0,0.0,0.0,-0.6556700000000005,0.7052478295606436,0.07052478295606436
ASP  29,R ASP  29,0.0,0.0,0.0,-0.09298999999999998,0.1221457731565034,0.01221457731565034,-1.3665100000000001,0.7324719857441637,0.07324719857441638,1.75174,1.0485081651565722,0.10485081651565722,0.0,0.0,0.0,0.2922399999999994,0.46745973345305447,0.04674597334530545
ASP  30,R ASP  30,0.0,0.0,0.0,-0.08320999999999999,0.06185811102838493,0.006185811102838492,-1.7535699999999996,0.5355568551517202,0.05355568551517202,2.2844800000000003,0.9341895148201989,0.09341895148201988,0.0,0.0,0.0,0.44769999999999954,0.7140078220860058,0.07140078220860058
THR  31,R THR  31,0.0,0.0,0.0,-0.04963000000000002,0.01996679994390693,0.001996679994390693,0.05638999999999953,0.03767808248836421,0.003767808248836421,-0.1294900000000001,0.10845593529171177,0.010845593529171176,0.0,0.0,0.0,-0.12273000000000028,0.10838670167506724,0.010838670167506724
VAL  32,R VAL  32,0.0,0.0,0.0,-0.55536,0.20262944109877007,0.02026294410987701,0.07220999999999975,0.059703483147971304,0.0059703483147971305,0.06595,0.1070280687483428,0.01070280687483428,0.0,0.0,0.0,-0.41720000000000007,0.21743339209974205,0.021743339209974205
LEU  33,R LEU  33,0.0,0.0,0.0,-0.03786999999999995,0.00712412099841087,0.0007124120998410869,-0.06896999999999977,0.03308820182482021,0.003308820182482021,-0.022870000000000015,0.08389906495307323,0.008389906495307322,0.0,0.0,0.0,-0.12970999999999946,0.0902627603167552,0.00902627603167552
GLU  34,R GLU  34,0.0,0.0,0.0,-0.019639999999999897,0.005478174878552241,0.0005478174878552241,-0.15381000000000042,0.24892796930035824,0.024892796930035824,0.06639000000000007,0.2757298277299722,0.027572982772997218,0.0,0.0,0.0,-0.10706000000000024,0.13491092023998738,0.013491092023998738
GLU  35,R GLU  35,0.0,0.0,0.0,-0.0061099999999999636,0.0015930787802240364,0.00015930787802240364,-0.14484999999999815,0.18523667968304716,0.018523667968304715,0.059780000000000014,0.21990477848377904,0.021990477848377904,0.0,0.0,0.0,-0.09117999999999768,0.11158578583314252,0.011158578583314252
MET  36,R MET  36,0.0,0.0,0.0,-0.0034000000000000076,0.0007874007874012741,7.874007874012741e-05,-0.01768000000000015,0.01464846749663766,0.001464846749663766,0.017579999999999995,0.016856559554072722,0.0016856559554072723,0.0,0.0,0.0,-0.0034999999999997056,0.011083771921146457,0.0011083771921146456
SER  37,R SER  37,0.0,0.0,0.0,-0.0006700000000000061,0.0004702127178203542,4.7021271782035424e-05,-0.006040000000000347,0.007830606617626013,0.0007830606617626013,0.006240000000000041,0.008043780205848549,0.0008043780205848549,0.0,0.0,0.0,-0.00047000000000002373,0.002819414832904259,0.0002819414832904259
LEU  38,R LEU  38,0.0,0.0,0.0,-0.0016800000000000016,0.000507543101617989,5.07543101617989e-05,0.016800000000000422,0.006125357132445579,0.0006125357132445579,-0.018050000000000045,0.008321508276748872,0.0008321508276748872,0.0,0.0,0.0,-0.002929999999999411,0.005140534991613864,0.0005140534991613865
PRO  39,R PRO  39,0.0,0.0,0.0,-0.00046999999999997933,0.0004990991885386894,4.9909918853868934e-05,-0.019010000000000245,0.008055426742265163,0.0008055426742265163,0.016250000000000004,0.008279341761275419,0.0008279341761275418,0.0,0.0,0.0,-0.0032300000000001993,0.004808024542367507,0.0004808024542367507
GLY  40,R GLY  40,0.0,0.0,0.0,-0.00019000000000001015,0.00039230090491868165,3.9230090491868165e-05,-0.003019999999999783,0.007223544836158559,0.0007223544836158559,0.0011900000000000688,0.007142401556899499,0.00071424015568995,0.0,0.0,0.0,-0.002019999999999511,0.0027675982367390685,0.00027675982367390687
ARG  41,R ARG  41,0.0,0.0,0.0,-0.0005899999999999616,0.0004918333050942858,4.9183330509428575e-05,0.17216999999999885,0.0955021523317666,0.00955021523317666,-0.1410299999999998,0.11509643391521897,0.011509643391521896,0.0,0.0,0.0,0.030549999999997225,0.06882199866321674,0.006882199866321674
TRP  42,R TRP  42,0.0,0.0,0.0,-0.0019299999999998541,0.0004950757517794206,4.950757517794206e-05,0.016889999999999787,0.005414600631626032,0.0005414600631626032,-0.01495000000000007,0.006089950738716973,0.0006089950738716974,0.0,0.0,0.0,1.000000000015433e-05,0.004637876669339875,0.00046378766693398754
LYS  43,R LYS  43,0.0,0.0,0.0,-0.0022200000000000175,0.000843563868358577,8.43563868358577e-05,0.3355500000000001,0.18720354563949912,0.018720354563949913,-0.2993099999999995,0.205454603014875,0.0205454603014875,0.0,0.0,0.0,0.03401999999999887,0.09194476385308727,0.009194476385308726
PRO  44,R PRO  44,0.0,0.0,0.0,-0.0026300000000000347,0.0006427285585688192,6.427285585688192e-05,-0.00974999999999973,0.013235085946074435,0.0013235085946074435,0.014159999999999971,0.012908694744241172,0.0012908694744241172,0.0,0.0,0.0,0.0017800000000000615,0.0047298625772848055,0.00047298625772848054
LYS  45,R LYS  45,0.0,0.0,0.0,-0.019790000000000064,0.008099746909626226,0.0008099746909626226,0.78988,0.5120669542159499,0.05120669542159499,-0.79571,0.509377135234788,0.0509377135234788,0.0,0.0,0.0,-0.02561999999999948,0.12240063561926501,0.0122400635619265
MET  46,R MET  46,0.0,0.0,0.0,-0.05046000000000004,0.026253921611827807,0.0026253921611827805,-0.007240000000000464,0.0658575918174981,0.006585759181749811,0.03756000000000001,0.08159550477814324,0.008159550477814324,0.0,0.0,0.0,-0.02014000000000003,0.04463138357703105,0.004463138357703105
ILE  47,R ILE  47,0.0,0.0,0.0,-0.8247899999999998,0.2811425721942518,0.028114257219425183,0.2868699999999997,0.32447122075771306,0.03244712207577131,-0.2888999999999998,0.37887215521861733,0.037887215521861736,0.0,0.0,0.0,-0.82682,0.2654344883394007,0.02654344883394007
GLY  48,R GLY  48,0.0,0.0,0.0,-1.5233899999999998,0.4643583722729688,0.046435837227296876,-1.517070000000001,0.6119969976233514,0.061199699762335136,3.512629999999999,0.695639154375317,0.0695639154375317,0.0,0.0,0.0,0.47217000000000026,0.5626101324185343,0.05626101324185343
GLY  49,R GLY  49,0.0,0.0,0.0,-1.7983100000000005,0.41849955065686845,0.041849955065686846,-1.3411500000000003,0.6412408966215428,0.06412408966215428,3.3132900000000007,0.7670414499230114,0.07670414499230113,0.0,0.0,0.0,0.17382999999999954,0.7377324048054261,0.07377324048054261
ILE  50,R ILE  50,0.0,0.0,0.0,-3.6354999999999986,1.0756951008534004,0.10756951008534003,-1.179210000000001,0.8214269936519009,0.08214269936519009,1.0746499999999999,0.7146657313038045,0.07146657313038045,0.0,0.0,0.0,-3.740060000000002,1.287177492189786,0.1287177492189786
GLY  51,R GLY  51,0.0,0.0,0.0,-0.26299,0.31691858560204383,0.031691858560204386,-0.7093499999999995,0.8800461166893468,0.08800461166893468,0.6121399999999997,0.6214112490130836,0.06214112490130837,0.0,0.0,0.0,-0.36019999999999947,0.3397073446365264,0.03397073446365264
GLY  52,R GLY  52,0.0,0.0,0.0,-0.3202499999999999,0.23009117214704278,0.023009117214704278,-0.044760000000000986,0.32142931166898747,0.032142931166898744,0.16073,0.44995023847087795,0.0449950238470878,0.0,0.0,0.0,-0.20428000000000043,0.30664536781109175,0.030664536781109177
PHE  53,R PHE  53,0.0,0.0,0.0,-0.5437499999999997,0.3727042359566096,0.03727042359566096,0.1626900000000012,0.19439165079807286,0.019439165079807287,0.019069999999999972,0.2678749803546424,0.026787498035464243,0.0,0.0,0.0,-0.36198999999999876,0.3278079771756628,0.03278079771756628
ILE  54,R ILE  54,0.0,0.0,0.0,-0.49272999999999995,0.22645175446438925,0.022645175446438924,-0.06805000000000021,0.04788410487834172,0.004788410487834172,0.09467999999999999,0.06659472651794586,0.006659472651794586,0.0,0.0,0.0,-0.46609999999999974,0.2265953883025876,0.02265953883025876
LYS  55,R LYS  55,0.0,0.0,0.0,-0.02552999999999996,0.005891442947190515,0.0005891442947190515,0.017779999999999845,0.23910585856477826,0.023910585856477824,0.005920000000001124,0.2547459000651439,0.02547459000651439,0.0,0.0,0.0,-0.0018299999999996431,0.09003666530919377,0.009003666530919377
VAL  56,R VAL  56,0.0,0.0,0.0,-0.06134999999999996,0.020477975974202176,0.0020477975974202175,0.047929999999999494,0.017244857204396235,0.0017244857204396235,-0.019320000000000014,0.033388884377888395,0.0033388884377888394,0.0,0.0,0.0,-0.03274000000000099,0.036192435673770264,0.0036192435673770263
ARG  57,R ARG  57,0.0,0.0,0.0,-0.007550000000000052,0.0014722431864336893,0.00014722431864336893,0.18891000000000055,0.16931804953991167,0.016931804953991166,-0.11583999999999936,0.20251724469782806,0.020251724469782805,0.0,0.0,0.0,0.06552000000000334,0.10569176694520603,0.010569176694520604
GLN  58,R GLN  58,0.0,0.0,0.0,-0.006310000000000082,0.0016413104520474594,0.00016413104520474593,0.041919999999999645,0.038184991816158,0.0038184991816157996,-0.049290000000000014,0.04336157169660714,0.0043361571696607145,0.0,0.0,0.0,-0.013680000000000945,0.013308553640422,0.0013308553640422
TYR  59,R TYR  59,0.0,0.0,0.0,-0.0034499999999999353,0.0005722761571129856,5.722761571129856e-05,-0.03890999999999863,0.01297158047425197,0.0012971580474251969,0.04466999999999999,0.012512437812033341,0.0012512437812033342,0.0,0.0,0.0,0.002310000000001198,0.008787144018393459,0.0008787144018393459
ASP  60,R ASP  60,0.0,0.0,0.0,-0.0014099999999999746,0.0005117616632769631,5.117616632769631e-05,-0.47929999999999906,0.17457854965602204,0.017457854965602204,0.4409999999999999,0.20091207031933175,0.020091207031933175,0.0,0.0,0.0,-0.03970999999999876,0.10291679114702405,0.010291679114702405
GLN  61,R GLN  61,0.0,0.0,0.0,-0.0007700000000000306,0.00042083250825003207,4.2083250825003207e-05,0.031399999999999297,0.02035976424225039,0.002035976424225039,-0.03465999999999998,0.02073558294333676,0.002073558294333676,0.0,0.0,0.0,-0.004030000000001195,0.0073681137341928575,0.0007368113734192857
ILE  62,R ILE  62,0.0,0.0,0.0,-0.0017099999999998783,0.0004752893855326768,4.752893855326768e-05,-0.015279999999999419,0.006302507437520946,0.0006302507437520946,0.02432000000000002,0.01204896676068117,0.001204896676068117,0.0,0.0,0.0,0.007330000000000729,0.008275330809097415,0.0008275330809097415
LEU  63,R LEU  63,0.0,0.0,0.0,-0.000770000000000044,0.0004208325082500396,4.208325082500396e-05,-0.0013399999999998613,0.006258146690513435,0.0006258146690513434,-0.0037699999999999977,0.008090556223152998,0.0008090556223152998,0.0,0.0,0.0,-0.0058800000000006495,0.004731342304250687,0.0004731342304250687
ILE  64,R ILE  64,0.0,0.0,0.0,-0.0031800000000000318,0.0006384355879805366,6.384355879805365e-05,0.0067899999999987415,0.008887401194950295,0.0008887401194950295,-0.011799999999999998,0.01787232497466405,0.001787232497466405,0.0,0.0,0.0,-0.00819000000000137,0.012697003583522848,0.0012697003583522848
GLU  65,R GLU  65,0.0,0.0,0.0,-0.0011400000000000255,0.00037469987990404143,3.7469987990404146e-05,-0.30327999999999833,0.08918532166225546,0.008918532166225545,0.29395000000000004,0.12454672817862379,0.012454672817862378,0.0,0.0,0.0,-0.010469999999999117,0.09691320395075101,0.009691320395075101
ILE  66,R ILE  66,0.0,0.0,0.0,-0.0042499999999999006,0.0006837397165587645,6.837397165587645e-05,0.012559999999999648,0.009086605526818222,0.0009086605526818222,-0.023439999999999985,0.01940325745847847,0.0019403257458478471,0.0,0.0,0.0,-0.015129999999999897,0.013327156485913084,0.0013327156485913084
CYS  67,R CYS  67,0.0,0.0,0.0,-0.0014300000000000068,0.0005523585791856317,5.523585791856317e-05,-0.010669999999999718,0.010450889914261883,0.0010450889914261883,0.02049999999999998,0.01901551997711345,0.001901551997711345,0.0,0.0,0.0,0.00840000000000008,0.011258774356028917,0.0011258774356028918
GLY  68,R GLY  68,0.0,0.0,0.0,-0.0002999999999999892,0.00045825756949556757,4.5825756949556755e-05,0.007759999999999679,0.003868126161334448,0.00038681261613344477,-0.008929999999999973,0.005510453701828882,0.0005510453701828881,0.0,0.0,0.0,-0.0014699999999995938,0.0032386880059679804,0.00032386880059679805
HID  69,R HID  69,0.0,0.0,0.0,-0.0009499999999999575,0.00038405728739344085,3.8405728739344086e-05,-0.008869999999999151,0.009953547106434169,0.0009953547106434169,0.015359999999999915,0.015842676541544316,0.0015842676541544317,0.0,0.0,0.0,0.00554000000000066,0.009900929249316306,0.0009900929249316306
LYS  70,R LYS  70,0.0,0.0,0.0,-0.0006000000000000049,0.0004898979485566399,4.898979485566399e-05,0.28195999999999993,0.07573452581220759,0.007573452581220759,-0.2781499999999992,0.10873153866289192,0.010873153866289193,0.0,0.0,0.0,0.0032100000000007613,0.08735311041972042,0.008735311041972043
ALA  71,R ALA  71,0.0,0.0,0.0,-0.0008800000000000452,0.0004069397989875544,4.069397989875544e-05,0.014540000000001073,0.007663445700205906,0.0007663445700205906,-0.017280000000000007,0.011793286225645511,0.001179328622564551,0.0,0.0,0.0,-0.0036199999999985883,0.0062093155822514415,0.0006209315582251442
ILE  72,R ILE  72,0.0,0.0,0.0,-0.0009999999999999742,0.00037416573867734936,3.741657386773494e-05,-0.006480000000000246,0.006462940507231166,0.0006462940507231166,0.003359999999999983,0.010538994259415837,0.0010538994259415837,0.0,0.0,0.0,-0.00412000000000138,0.008990305890234666,0.0008990305890234666
GLY  73,R GLY  73,0.0,0.0,0.0,-0.001120000000000001,0.00035440090293332684,3.5440090293332686e-05,0.02672999999999959,0.010717140476824809,0.0010717140476824809,-0.025759999999999988,0.014374366072978673,0.0014374366072978672,0.0,0.0,0.0,-0.00015000000000060077,0.007778656696371794,0.0007778656696371793
THR  74,R THR  74,0.0,0.0,0.0,-0.0053799999999999985,0.0015347964034359422,0.00015347964034359422,-0.05675999999999988,0.027689752617168453,0.002768975261716845,0.09274,0.04542017613352018,0.004542017613352018,0.0,0.0,0.0,0.030600000000000627,0.029123186638827184,0.0029123186638827184
VAL  75,R VAL  75,0.0,0.0,0.0,-0.009150000000000026,0.0016209565077445975,0.00016209565077445975,0.07227000000000032,0.014449121080536108,0.0014449121080536108,-0.09158,0.03957857501224623,0.003957857501224623,0.0,0.0,0.0,-0.028459999999999624,0.03942497178185476,0.003942497178185476
LEU  76,R LEU  76,0.0,0.0,0.0,-0.07234000000000011,0.02960311470099048,0.002960311470099048,-0.014979999999999478,0.03256285614008788,0.003256285614008788,-0.031399999999999983,0.06934522333946296,0.006934522333946295,0.0,0.0,0.0,-0.11871999999999958,0.07715880766315658,0.007715880766315658
VAL  77,R VAL  77,0.0,0.0,0.0,-0.015029999999999993,0.003198296421534347,0.0003198296421534347,-0.027270000000000606,0.025459715237999374,0.0025459715237999376,0.05215,0.043725593192088304,0.00437255931920883,0.0,0.0,0.0,0.00984999999999978,0.039971083297804376,0.003997108329780437
GLY  78,R GLY  78,0.0,0.0,0.0,-0.01883999999999999,0.006282865588248703,0.0006282865588248703,-0.004379999999999527,0.03235576610126922,0.0032355766101269225,0.07870999999999995,0.08650725923296848,0.008650725923296848,0.0,0.0,0.0,0.05549000000000099,0.08856697973850139,0.00885669797385014
PRO  79,R PRO  79,0.0,0.0,0.0,-0.049960000000000004,0.03330433004880895,0.003330433004880895,0.0765500000000005,0.054499426602488917,0.005449942660248891,0.005949999999999968,0.28253333874075826,0.028253333874075824,0.0,0.0,0.0,0.03254000000000039,0.23083303143181275,0.023083303143181275
THR  80,R THR  80,0.0,0.0,0.0,-0.23619999999999994,0.11707954560895768,0.011707954560895769,0.12345999999999996,0.06450711898697702,0.006450711898697702,0.22268000000000002,0.365751606421626,0.0365751606421626,0.0,0.0,0.0,0.1099400000000006,0.30517561567071544,0.030517561567071545
PRO  81,R PRO  81,0.0,0.0,0.0,-0.1317899999999999,0.14550871417203848,0.014550871417203848,-0.14475999999999928,0.08486484784644362,0.008486484784644362,0.15521999999999997,0.08864317006966753,0.008864317006966754,0.0,0.0,0.0,-0.12132999999999967,0.1328009830535906,0.013280098305359058
VAL  82,R VAL  82,0.0,0.0,0.0,-0.33604,0.2444679087324143,0.02444679087324143,-0.09274999999999978,0.06938218431268929,0.006938218431268929,0.09607999999999993,0.11512659814308768,0.011512659814308768,0.0,0.0,0.0,-0.3327099999999995,0.2263447942851791,0.022634479428517908
ASN  83,R ASN  83,0.0,0.0,0.0,-0.08728999999999999,0.020369729993301288,0.002036972999330129,0.1334700000000005,0.05012373788934617,0.005012373788934617,-0.10246000000000004,0.07077138122150792,0.007077138122150791,0.0,0.0,0.0,-0.05628000000000014,0.05970796931733816,0.005970796931733816
ILE  84,R ILE  84,0.0,0.0,0.0,-1.5833500000000003,0.323159848217564,0.0323159848217564,0.07317999999999984,0.09510797863481196,0.009510797863481196,-0.13554,0.213460882599131,0.0213460882599131,0.0,0.0,0.0,-1.6457099999999998,0.35172592440706113,0.03517259244070611
ILE  85,R ILE  85,0.0,0.0,0.0,-0.08475000000000006,0.019623646450137734,0.0019623646450137736,-0.2286799999999998,0.07139312011671657,0.007139312011671657,0.48129999999999995,0.19701829864253717,0.019701829864253718,0.0,0.0,0.0,0.16787000000000138,0.15570797378426082,0.015570797378426083
GLY  86,R GLY  86,0.0,0.0,0.0,-0.031420000000000024,0.013364265786043019,0.001336426578604302,0.1480000000000004,0.05409436199827216,0.005409436199827216,-0.25028,0.16767993797708775,0.016767993797708776,0.0,0.0,0.0,-0.1336999999999993,0.1367836613049965,0.01367836613049965
ARG  87,R ARG  87,0.0,0.0,0.0,-0.03584000000000003,0.019267963047504406,0.0019267963047504405,1.3454300000000001,0.4372638849710746,0.04372638849710746,-1.8483499999999993,0.6090271976685455,0.06090271976685455,0.0,0.0,0.0,-0.5387599999999978,0.3890276370645129,0.038902763706451286
ASN  88,R ASN  88,0.0,0.0,0.0,-0.009989999999999978,0.0036235203876893315,0.00036235203876893314,-0.047019999999998986,0.027097224950168003,0.0027097224950168005,0.12308000000000004,0.08886401746488833,0.008886401746488833,0.0,0.0,0.0,0.06607000000000056,0.06887456061565894,0.006887456061565894
LEU  89,R LEU  89,0.0,0.0,0.0,-0.007000000000000046,0.001555634918610481,0.0001555634918610481,0.08061000000000064,0.017101400527443487,0.0017101400527443488,-0.15172999999999998,0.07669574368894273,0.007669574368894273,0.0,0.0,0.0,-0.07811999999999951,0.06677593578528036,0.006677593578528036
LEU  90,R LEU  90,0.0,0.0,0.0,-0.017650000000000075,0.0037719358425084113,0.0003771935842508411,0.09023999999999929,0.02128197359268984,0.002128197359268984,-0.17534000000000002,0.08110761000054173,0.008110761000054173,0.0,0.0,0.0,-0.1027500000000001,0.06754648399435711,0.006754648399435711
THR  91,R THR  91,0.0,0.0,0.0,-0.002659999999999938,0.0007901898506055699,7.901898506055699e-05,0.04978999999999964,0.023625534914579287,0.002362553491457929,-0.07080999999999996,0.042651305958903506,0.004265130595890351,0.0,0.0,0.0,-0.023680000000000215,0.025939498838644475,0.0025939498838644477
GLN  92,R GLN  92,0.0,0.0,0.0,-0.0016399999999999438,0.0005748043145280097,5.748043145280097e-05,0.07360999999999955,0.020133005240152393,0.002013300524015239,-0.09825000000000003,0.034972953835785796,0.0034972953835785796,0.0,0.0,0.0,-0.02628000000000064,0.023374379136139347,0.002337437913613935
ILE  93,R ILE  93,0.0,0.0,0.0,-0.0024399999999998824,0.0006053098380170222,6.053098380170222e-05,0.025349999999999682,0.007596545267423225,0.0007596545267423225,-0.04425000000000004,0.019466573915304194,0.0019466573915304195,0.0,0.0,0.0,-0.021340000000000216,0.014875631079048893,0.0014875631079048894
GLY  94,R GLY  94,0.0,0.0,0.0,-0.0006599999999999939,0.0004737087712930761,4.737087712930761e-05,0.020609999999998935,0.006230401271185446,0.0006230401271185446,-0.03166999999999995,0.011873546226801836,0.0011873546226801837,0.0,0.0,0.0,-0.011720000000001037,0.008575639917813963,0.0008575639917813964
CYS  95,R CYS  95,0.0,0.0,0.0,-0.0037200000000000254,0.0007756287771865774,7.756287771865774e-05,-0.01963000000000065,0.01695974940852592,0.001695974940852592,0.023170000000000003,0.03362619663298245,0.0033626196632982447,0.0,0.0,0.0,-0.00018000000000104155,0.019968665453655065,0.0019968665453655066
THR  96,R THR  96,0.0,0.0,0.0,-0.0026400000000000377,0.0006248199740724386,6.248199740724386e-05,0.004719999999999871,0.014604163789823908,0.0014604163789823908,-0.007559999999999978,0.02956596692144534,0.002956596692144534,0.0,0.0,0.0,-0.005480000000000143,0.01964101830354016,0.0019641018303540162
LEU  97,R LEU  97,0.0,0.0,0.0,-0.010050000000000149,0.00235106358910185,0.00023510635891018497,0.025090000000000005,0.014102549414910667,0.0014102549414910666,-0.07982000000000003,0.04577736995503339,0.004577736995503339,0.0,0.0,0.0,-0.06478000000000014,0.037709038704268165,0.0037709038704268165
ASN  98,R ASN  98,0.0,0.0,0.0,-0.0015700000000000624,0.0005339475629684217,5.3394756296842167e-05,-0.011839999999999976,0.01874338283234962,0.0018743382832349619,0.029509999999999977,0.03834670650786061,0.003834670650786061,0.0,0.0,0.0,0.016099999999999923,0.022623660181324664,0.0022623660181324665
PHE  99,R PHE  99,0.0,0.0,0.0,-0.0020700000000000696,0.0005701754116059318,5.701754116059318e-05,-0.2873200000000014,0.1108904756956145,0.01108904756956145,0.3428800000000003,0.14371905092923493,0.014371905092923493,0.0,0.0,0.0,0.053489999999999045,0.1238754612504015,0.01238754612504015
PRO 100,R PRO 100,0.0,0.0,0.0,-0.0006400000000000006,0.00048000000000000045,4.800000000000004e-05,0.25860000000000016,0.10018652604018129,0.010018652604018128,-0.2861499999999999,0.13204994320331973,0.013204994320331972,0.0,0.0,0.0,-0.028190000000000187,0.11359116999133279,0.011359116999133279
GLN 101,R GLN 101,0.0,0.0,0.0,-0.0009200000000000141,0.0003370459909270681,3.3704599092706814e-05,0.028380000000001147,0.022096053946348938,0.0022096053946348937,-0.05229999999999998,0.037071957056513664,0.0037071957056513663,0.0,0.0,0.0,-0.024839999999998384,0.0198432457022541,0.0019843245702254103
ILE 102,R ILE 102,0.0,0.0,0.0,-0.002870000000000017,0.000945039681706462,9.450396817064619e-05,-0.02164999999999992,0.009332068366658928,0.0009332068366658928,0.05163000000000002,0.026417666437442918,0.0026417666437442916,0.0,0.0,0.0,0.02711000000000031,0.01906194900842972,0.001906194900842972
THR 103,R THR 103,0.0,0.0,0.0,-0.0017799999999999771,0.0006720119046564404,6.720119046564404e-05,0.0036099999999999353,0.0178549124892846,0.00178549124892846,-0.005949999999999998,0.025044909662444454,0.0025044909662444454,0.0,0.0,0.0,-0.004120000000000523,0.012274591642901072,0.0012274591642901073
LEU 104,R LEU 104,0.0,0.0,0.0,-0.00897000000000011,0.0031191505253834184,0.00031191505253834185,-0.03248000000000026,0.015599666663105619,0.001559966666310562,0.028180000000000004,0.024747678679019607,0.0024747678679019605,0.0,0.0,0.0,-0.01327000000000048,0.013987033280864244,0.0013987033280864244
TRP 105,R TRP 105,0.0,0.0,0.0,-0.0032099999999999087,0.0011161989070053488,0.00011161989070053487,-0.03629000000000019,0.020573913094012936,0.0020573913094012936,0.04014000000000012,0.021795880344688996,0.0021795880344688996,0.0,0.0,0.0,0.000639999999999894,0.006100032786798572,0.0006100032786798572
GLN 106,R GLN 106,0.0,0.0,0.0,-0.005190000000000037,0.0023095237604319925,0.00023095237604319925,-0.033469999999999514,0.03889998843187599,0.003889998843187599,0.06347000000000007,0.05856440130318079,0.0058564401303180785,0.0,0.0,0.0,0.02481000000000016,0.025766526735281285,0.0025766526735281287
ARG 107,R ARG 107,0.0,0.0,0.0,-0.16950000000000012,0.17973399789689204,0.017973399789689204,0.93636,1.6238592581871123,0.16238592581871122,-1.2511199999999996,1.5605683533892394,0.15605683533892395,0.0,0.0,0.0,-0.4842600000000013,0.4351724168648534,0.04351724168648534
PRO 108,R PRO 108,0.0,0.0,0.0,-0.018459999999999983,0.01092375393351581,0.001092375393351581,0.025810000000000315,0.033664133733099795,0.0033664133733099797,0.018650000000000003,0.056838961109436176,0.005683896110943618,0.0,0.0,0.0,0.02599999999999955,0.040974626294818337,0.0040974626294818335
LEU 109,R LEU 109,0.0,0.0,0.0,-0.01286999999999999,0.008632097080084361,0.0008632097080084361,-0.03712999999999951,0.02487917000223226,0.002487917000223226,0.02569999999999998,0.026203244073969182,0.002620324407396918,0.0,0.0,0.0,-0.02429999999999964,0.02161642893726785,0.002161642893726785
VAL 110,R VAL 110,0.0,0.0,0.0,-0.003980000000000042,0.001414072133945132,0.0001414072133945132,0.014520000000000054,0.01788098431295055,0.001788098431295055,-0.0033799999999999985,0.022481894937927276,0.0022481894937927275,0.0,0.0,0.0,0.007159999999999571,0.01427425654806459,0.001427425654806459
THR 111,R THR 111,0.0,0.0,0.0,-0.0013200000000000234,0.0005075431016179243,5.075431016179243e-05,-0.015680000000000333,0.011180232555720825,0.0011180232555720825,0.019290000000000015,0.01709754075883421,0.0017097540758834208,0.0,0.0,0.0,0.002289999999999459,0.012164123478491903,0.0012164123478491903
ILE 112,R ILE 112,0.0,0.0,0.0,-0.0031099999999999995,0.0009153687781435919,9.153687781435919e-05,0.004179999999999211,0.00777866312421387,0.000777866312421387,-0.016250000000000004,0.012155142944449481,0.001215514294444948,0.0,0.0,0.0,-0.01518000000000031,0.009002644056054682,0.0009002644056054683
LYS 113,R LYS 113,0.0,0.0,0.0,-0.0007000000000000828,0.0005000000000000584,5.0000000000005844e-05,-0.01066999999999986,0.09434140713387736,0.009434140713387735,0.016320000000000192,0.13947536556682638,0.013947536556682637,0.0,0.0,0.0,0.004950000000000259,0.09905184248665093,0.009905184248665093
ILE 114,R ILE 114,0.0,0.0,0.0,-0.0016899999999999337,0.0005778408085277228,5.778408085277228e-05,0.0007000000000005002,0.0061359595826572565,0.0006135959582657257,-0.004080000000000009,0.007334412041874959,0.0007334412041874958,0.0,0.0,0.0,-0.005069999999999921,0.004010623392940559,0.0004010623392940559
GLY 115,R GLY 115,0.0,0.0,0.0,-0.0002700000000000058,0.00044395945760847185,4.4395945760847185e-05,0.0031000000000005203,0.0056115951386391544,0.0005611595138639155,-0.003080000000000016,0.006874125398914405,0.0006874125398914405,0.0,0.0,0.0,-0.000249999999999222,0.0037319565913876114,0.00037319565913876114
GLY 116,R GLY 116,0.0,0.0,0.0,-0.00015999999999999348,0.0003666060555964523,3.666060555964523e-05,-0.0018099999999992634,0.004090708985003957,0.0004090708985003957,0.00115999999999999,0.005203306640973622,0.0005203306640973622,0.0,0.0,0.0,-0.0008099999999991803,0.002784582553993664,0.0002784582553993664
GLN 117,R GLN 117,0.0,0.0,0.0,-0.0006499999999999595,0.00047696960070844305,4.76969600708443e-05,-0.0018999999999999772,0.011998749934888274,0.0011998749934888273,0.006949999999999959,0.01302641547011298,0.001302641547011298,0.0,0.0,0.0,0.004400000000000759,0.005278257288159295,0.0005278257288159295
LEU 118,R LEU 118,0.0,0.0,0.0,-0.0006800000000000273,0.00046647615158764257,4.6647615158764256e-05,0.01368999999999943,0.005147222552016778,0.0005147222552016777,-0.0189,0.0067134193969988504,0.0006713419396998851,0.0,0.0,0.0,-0.005890000000000412,0.00403210862948979,0.00040321086294897897
LYS 119,R LYS 119,0.0,0.0,0.0,-0.0028999999999999916,0.0011445523142259379,0.00011445523142259379,-0.2910299999999988,0.2135249144713562,0.021352491447135618,0.2842899999999997,0.24629373905968446,0.024629373905968446,0.0,0.0,0.0,-0.009639999999998317,0.10670918610878816,0.010670918610878816
GLU 120,R GLU 120,0.0,0.0,0.0,-0.0051099999999999835,0.002457213869405781,0.0002457213869405781,0.1096599999999998,0.25559949999951054,0.025559949999951054,-0.10818000000000008,0.28006354207572237,0.028006354207572238,0.0,0.0,0.0,-0.0036300000000001375,0.10269465954956061,0.01026946595495606
ALA 121,R ALA 121,0.0,0.0,0.0,-0.00891999999999996,0.004442251681298553,0.0004442251681298553,-0.04189000000000036,0.03524312557081232,0.003524312557081232,-0.017439999999999994,0.04964077356367445,0.004964077356367445,0.0,0.0,0.0,-0.06825000000000075,0.05255632692645139,0.005255632692645139
LEU 122,R LEU 122,0.0,0.0,0.0,-0.18876,0.203623432836204,0.0203623432836204,0.049799999999999185,0.063549350901484,0.0063549350901484,-0.05384999999999998,0.11228600758776662,0.011228600758776661,0.0,0.0,0.0,-0.1928100000000007,0.1950418260271367,0.019504182602713672
LEU 123,R LEU 123,0.0,0.0,0.0,-0.03376999999999985,0.016355338577968895,0.0016355338577968895,-0.08457000000000008,0.03811384394153863,0.0038113843941538633,0.13923000000000005,0.07983543762014446,0.007983543762014446,0.0,0.0,0.0,0.02088999999999971,0.06159608672635034,0.006159608672635034
ASP 124,R ASP 124,0.0,0.0,0.0,-0.6109100000000001,0.3251898859128311,0.03251898859128311,-3.827729999999998,3.184065203022699,0.3184065203022699,13.148469999999985,7.458939197305492,0.7458939197305492,0.0,0.0,0.0,8.709830000000006,5.174320794181588,0.5174320794181588
THR 125,R THR 125,0.0,0.0,0.0,-0.73473,0.3929332221892167,0.03929332221892167,0.11266999999999974,0.1663711546512796,0.01663711546512796,0.23584000000000002,0.8280109264979539,0.08280109264979539,0.0,0.0,0.0,-0.3862199999999998,0.5641619196649134,0.056416191966491336
GLY 126,R GLY 126,0.0,0.0,0.0,-1.8153700000000002,0.5683453818761964,0.056834538187619646,-1.5217900000000009,1.703753346555772,0.1703753346555772,2.0503199999999997,1.4703335599788236,0.14703335599788236,0.0,0.0,0.0,-1.2868400000000002,1.3693806827905801,0.13693806827905802
ALA 127,R ALA 127,0.0,0.0,0.0,-0.9099700000000006,0.30861096723868875,0.030861096723868876,-0.07392000000000082,0.4780209970283746,0.047802099702837456,0.34068999999999994,0.40818906636508534,0.040818906636508535,0.0,0.0,0.0,-0.6432000000000008,0.5219692136515343,0.05219692136515343
ASP 128,R ASP 128,0.0,0.0,0.0,-0.6506899999999999,0.6355873770772983,0.06355873770772982,-3.2695400000000006,3.665006986132496,0.36650069861324963,4.919680000000001,2.8188564450145353,0.28188564450145354,0.0,0.0,0.0,0.9994499999999988,2.210693571596934,0.2210693571596934
ASP 129,R ASP 129,0.0,0.0,0.0,-0.16695999999999997,0.07581238948878995,0.007581238948878995,-0.09085999999999955,0.8531701356704895,0.08531701356704895,0.5850600000000005,0.8906212642869019,0.08906212642869019,0.0,0.0,0.0,0.3272400000000004,0.5100786041386157,0.05100786041386157
THR 130,R THR 130,0.0,0.0,0.0,-0.036880000000000066,0.01187794595037377,0.001187794595037377,0.0047399999999994695,0.03442894712302408,0.0034428947123024078,-0.05522000000000004,0.0662432758851794,0.00662432758851794,0.0,0.0,0.0,-0.08736000000000117,0.06502253763119346,0.006502253763119347
VAL 131,R VAL 131,0.0,0.0,0.0,-0.19819999999999982,0.16451547039716366,0.016451547039716366,-0.01839999999999968,0.05084466540356015,0.005084466540356014,0.08714999999999996,0.08469112999600373,0.008469112999600372,0.0,0.0,0.0,-0.1294499999999997,0.11078866142345084,0.011078866142345083
LEU 132,R LEU 132,0.0,0.0,0.0,-0.02355999999999998,0.012053480825056242,0.0012053480825056243,0.046920000000000496,0.05236061114998614,0.005236061114998614,-0.04068000000000002,0.06901273505665458,0.006901273505665458,0.0,0.0,0.0,-0.01731999999999929,0.07646278571958982,0.007646278571958982
GLU 133,R GLU 133,0.0,0.0,0.0,-0.021300000000000062,0.010824509226750193,0.0010824509226750193,0.5449400000000004,0.35250415089754655,0.035250415089754655,-0.50342,0.36057903932425117,0.03605790393242512,0.0,0.0,0.0,0.020219999999999915,0.10418047609797128,0.010418047609797127
GLU 134,R GLU 134,0.0,0.0,0.0,-0.006739999999999949,0.003097159989409703,0.0003097159989409703,0.5047800000000009,0.2502031007002112,0.025020310070021118,-0.51268,0.2771243359937916,0.02771243359937916,0.0,0.0,0.0,-0.014639999999998637,0.10608897397938843,0.010608897397938844
MET 135,R MET 135,0.0,0.0,0.0,-0.0026699999999999858,0.0008724104538575565,8.724104538575565e-05,0.015380000000000393,0.01609147600439426,0.001609147600439426,-0.009240000000000002,0.01602255909647392,0.001602255909647392,0.0,0.0,0.0,0.003469999999999931,0.009898944388165722,0.0009898944388165721
SER 136,R SER 136,0.0,0.0,0.0,-0.0005899999999999705,0.0005117616632769319,5.117616632769319e-05,-0.002680000000000291,0.00980497832735988,0.000980497832735988,0.004299999999999997,0.010570241246064429,0.001057024124606443,0.0,0.0,0.0,0.0010299999999997312,0.004058213892834823,0.0004058213892834823
LEU 137,R LEU 137,0.0,0.0,0.0,-0.0014500000000000756,0.000536190264738155,5.36190264738155e-05,0.0053399999999992785,0.006508794051129056,0.0006508794051129056,-0.00962000000000002,0.006753932187992415,0.0006753932187992415,0.0,0.0,0.0,-0.005730000000000068,0.003956905356463378,0.0003956905356463378
PRO 138,R PRO 138,0.0,0.0,0.0,-0.00028999999999999024,0.00045376205218152193,4.537620521815219e-05,0.006719999999999757,0.008917488435652744,0.0008917488435652744,-0.0057800000000000655,0.010180942981865703,0.0010180942981865703,0.0,0.0,0.0,0.0006499999999996042,0.00400593309979111,0.000400593309979111
GLY 139,R GLY 139,0.0,0.0,0.0,-0.00019999999999998464,0.00039999999999996934,3.9999999999996934e-05,0.009849999999999283,0.005258089006475594,0.0005258089006475594,-0.010209999999999856,0.00575377267538438,0.000575377267538438,0.0,0.0,0.0,-0.0005600000000003957,0.0031347089179067224,0.0003134708917906722
ARG 140,R ARG 140,0.0,0.0,0.0,-0.000590000000000015,0.0005117616632769847,5.117616632769847e-05,-0.14456999999999995,0.09328196556676939,0.00932819655667694,0.16398999999999994,0.124291230181377,0.0124291230181377,0.0,0.0,0.0,0.01883000000000152,0.07343623832958697,0.007343623832958697
TRP 141,R TRP 141,0.0,0.0,0.0,-0.0017700000000001027,0.0005450688029963897,5.4506880299638966e-05,0.0007200000000005957,0.008493621135888378,0.0008493621135888379,-0.002669999999999999,0.00825960652815861,0.000825960652815861,0.0,0.0,0.0,-0.003719999999998844,0.003388450973526904,0.0003388450973526904
LYS 142,R LYS 142,0.0,0.0,0.0,-0.0023899999999999633,0.0007056202944927057,7.056202944927057e-05,-0.18015999999999974,0.17160260604081753,0.017160260604081753,0.21130000000000024,0.20434747368147146,0.020434747368147148,0.0,0.0,0.0,0.028749999999997583,0.096256467315187,0.0096256467315187
PRO 143,R PRO 143,0.0,0.0,0.0,-0.0025600000000000154,0.000725534285888801,7.25534285888801e-05,-0.02199000000000005,0.013598157963488903,0.0013598157963488904,0.021240000000000033,0.013040797521624205,0.0013040797521624205,0.0,0.0,0.0,-0.003309999999999924,0.003900499967953286,0.00039004999679532863
LYS 144,R LYS 144,0.0,0.0,0.0,-0.028400000000000078,0.020159861110632716,0.0020159861110632714,-0.2568699999999998,0.47365845616857716,0.047365845616857714,0.30248000000000014,0.49498194876177065,0.049498194876177064,0.0,0.0,0.0,0.01721000000000153,0.13790846928307232,0.013790846928307232
MET 145,R MET 145,0.0,0.0,0.0,-0.04236999999999995,0.013662836455143521,0.001366283645514352,-0.06321999999999975,0.05785301720740214,0.005785301720740214,0.10188999999999997,0.06399170180578101,0.006399170180578101,0.0,0.0,0.0,-0.003700000000000174,0.03670980795373327,0.003670980795373327
ILE 146,R ILE 146,0.0,0.0,0.0,-0.8849400000000003,0.3174866239702069,0.03174866239702069,0.1848400000000005,0.15695647294711984,0.015695647294711984,0.06254000000000001,0.25200315156759445,0.025200315156759447,0.0,0.0,0.0,-0.6375600000000003,0.2796039098439055,0.02796039098439055
GLY 147,R GLY 147,0.0,0.0,0.0,-0.8347900000000004,0.33917141079401014,0.03391714107940101,-0.4664099999999992,0.4647790032908105,0.04647790032908105,1.7620500000000003,0.7642494406278606,0.07642494406278606,0.0,0.0,0.0,0.46085000000000037,0.48279389753806834,0.048279389753806835
GLY 148,R GLY 148,0.0,0.0,0.0,-0.6051100000000001,0.31442117915305867,0.031442117915305864,-0.8212299999999996,0.6020132034266358,0.06020132034266358,1.2570999999999999,0.7701984224860499,0.07701984224860499,0.0,0.0,0.0,-0.1692400000000001,0.48137135602360126,0.048137135602360125
ILE 149,R ILE 149,0.0,0.0,0.0,-1.35651,0.7592388753877135,0.07592388753877136,-0.4448999999999995,0.6654085286498819,0.06654085286498819,1.04519,0.7578071482244013,0.07578071482244013,0.0,0.0,0.0,-0.7562199999999991,0.7262370216396284,0.07262370216396284
GLY 150,R GLY 150,0.0,0.0,0.0,-0.33637000000000006,0.3257254259341753,0.03257254259341753,-0.44346000000000046,0.4384338130208476,0.04384338130208476,0.8577400000000002,0.6725843831074279,0.06725843831074278,0.0,0.0,0.0,0.07790999999999869,0.37217391351356294,0.037217391351356294
GLY 151,R GLY 151,0.0,0.0,0.0,-0.11093999999999998,0.06291912586805383,0.006291912586805383,0.17432999999999993,0.14947709222486272,0.014947709222486272,-0.29706999999999995,0.2640839357098421,0.026408393570984214,0.0,0.0,0.0,-0.23367999999999942,0.22643537179513057,0.022643537179513056
PHE 152,R PHE 152,0.0,0.0,0.0,-0.1260300000000001,0.04282206323847545,0.0042822063238475445,0.07536999999999935,0.09859529958370168,0.009859529958370169,-0.04569999999999998,0.12046007637387586,0.012046007637387586,0.0,0.0,0.0,-0.09636000000000049,0.07891913836326543,0.007891913836326543
ILE 153,R ILE 153,0.0,0.0,0.0,-0.29141000000000017,0.22429962527833128,0.02242996252783313,-0.03709000000000017,0.0431191593146245,0.00431191593146245,0.021580000000000002,0.04941906109994402,0.004941906109994402,0.0,0.0,0.0,-0.3069200000000011,0.21634373945182533,0.021634373945182535
LYS 154,R LYS 154,0.0,0.0,0.0,-0.01783999999999998,0.00680252894150399,0.000680252894150399,-0.51425,0.2022917385856372,0.02022917385856372,0.5475800000000006,0.22060617307772665,0.022060617307772666,0.0,0.0,0.0,0.015489999999999213,0.08979526657903505,0.008979526657903506
VAL 155,R VAL 155,0.0,0.0,0.0,-0.03500000000000002,0.013346160496562351,0.0013346160496562351,-0.005439999999999827,0.026651574062333656,0.0026651574062333656,-0.003949999999999986,0.02984338285114474,0.002984338285114474,0.0,0.0,0.0,-0.044389999999999895,0.025410586376547927,0.002541058637654793
ARG 156,R ARG 156,0.0,0.0,0.0,-0.006569999999999973,0.001656834330885195,0.0001656834330885195,-0.40030000000000043,0.18313948236248742,0.018313948236248743,0.4239399999999997,0.22008842859178174,0.022008842859178174,0.0,0.0,0.0,0.017069999999998798,0.11032599467033889,0.01103259946703389
GLN 157,R GLN 157,0.0,0.0,0.0,-0.007620000000000067,0.00257208086964628,0.00025720808696462797,0.02200000000000031,0.03098257574831466,0.003098257574831466,-0.03790000000000004,0.03018128559223415,0.003018128559223415,0.0,0.0,0.0,-0.023520000000000606,0.012942549980587695,0.0012942549980587696
TYR 158,R TYR 158,0.0,0.0,0.0,-0.0034299999999999643,0.0007107038764491084,7.107038764491084e-05,0.005660000000001446,0.019058446946170447,0.0019058446946170447,0.0014899999999999963,0.019057017080330266,0.0019057017080330266,0.0,0.0,0.0,0.0037200000000005853,0.007646018571779653,0.0007646018571779653
ASP 159,R ASP 159,0.0,0.0,0.0,-0.0014000000000000323,0.00052915026221297,5.2915026221297e-05,0.11392000000000038,0.19773510967959118,0.019773510967959117,-0.12243999999999992,0.22973699397354358,0.022973699397354358,0.0,0.0,0.0,-0.00991999999999841,0.1036922060716226,0.01036922060716226
GLN 160,R GLN 160,0.0,0.0,0.0,-0.0008799999999999474,0.000474973683481493,4.74973683481493e-05,0.0020200000000008345,0.0167272113635237,0.00167272113635237,-0.006490000000000044,0.01714496719156963,0.001714496719156963,0.0,0.0,0.0,-0.005349999999999113,0.006548854861730759,0.0006548854861730759
ILE 161,R ILE 161,0.0,0.0,0.0,-0.0014900000000000002,0.0005195190083144979,5.195190083144979e-05,-0.013789999999999693,0.0058741722821168164,0.0005874172282116817,0.021060000000000034,0.009819185302253935,0.0009819185302253936,0.0,0.0,0.0,0.005780000000000873,0.007188296042874642,0.0007188296042874642
LEU 162,R LEU 162,0.0,0.0,0.0,-0.0006699999999999706,0.0004702127178203292,4.702127178203292e-05,0.013619999999999095,0.0067805309526614435,0.0006780530952661443,-0.017239999999999974,0.008025110591138316,0.0008025110591138316,0.0,0.0,0.0,-0.004289999999999861,0.004454873735585123,0.0004454873735585123
ILE 163,R ILE 163,0.0,0.0,0.0,-0.0023400000000000443,0.0006666333324999541,6.666333324999541e-05,-0.006670000000000584,0.007424358558151835,0.0007424358558151835,0.0014800000000000028,0.012027036210139225,0.0012027036210139224,0.0,0.0,0.0,-0.007529999999999625,0.008263721921749045,0.0008263721921749045
GLU 164,R GLU 164,0.0,0.0,0.0,-0.0007499999999999396,0.00047696960070846864,4.7696960070846864e-05,-0.02958000000000027,0.1058061605011731,0.01058061605011731,0.04557000000000001,0.15375371572745802,0.015375371572745803,0.0,0.0,0.0,0.015239999999999653,0.1117982218105452,0.011179822181054521
ILE 165,R ILE 165,0.0,0.0,0.0,-0.002320000000000002,0.0006615134163416368,6.615134163416368e-05,0.0004300000000000637,0.006680202092750715,0.0006680202092750715,-0.009809999999999987,0.011919475659608528,0.001191947565960853,0.0,0.0,0.0,-0.011700000000000372,0.0094799789029304,0.00094799789029304
CYS 166,R CYS 166,0.0,0.0,0.0,-0.0006999999999999718,0.0004795831523312678,4.7958315233126776e-05,-0.013909999999999059,0.006951395543341633,0.0006951395543341633,0.023760000000000073,0.014846629247071556,0.0014846629247071556,0.0,0.0,0.0,0.009150000000000854,0.012236318890909122,0.0012236318890909122
GLY 167,R GLY 167,0.0,0.0,0.0,-0.00022999999999998355,0.00042083250824998626,4.2083250824998626e-05,0.000660000000000025,0.004221895308983164,0.0004221895308983164,-0.002899999999999996,0.005162363799656133,0.0005162363799656132,0.0,0.0,0.0,-0.002469999999999657,0.0027620825476442267,0.0002762082547644227
HIE 168,R HIE 168,0.0,0.0,0.0,-0.0007299999999998974,0.00044395945760839975,4.4395945760839975e-05,0.01007999999999967,0.01173173473958518,0.001173173473958518,-0.003490000000000023,0.01623853133753173,0.0016238531337531728,0.0,0.0,0.0,0.005859999999999434,0.00871552637538214,0.000871552637538214
LYS 169,R LYS 169,0.0,0.0,0.0,-0.0004799999999999738,0.0004995998398718446,4.995998398718446e-05,0.0301700000000001,0.09044943946758346,0.009044943946758347,-0.04689999999999976,0.13382813605516586,0.013382813605516585,0.0,0.0,0.0,-0.017209999999999254,0.09686178761513724,0.009686178761513724
ALA 170,R ALA 170,0.0,0.0,0.0,-0.0008500000000000485,0.0004092676385936276,4.092676385936276e-05,0.009709999999999752,0.006414506995865034,0.0006414506995865034,-0.010809999999999993,0.008576357035478396,0.0008576357035478396,0.0,0.0,0.0,-0.0019500000000004505,0.0047673367827331965,0.00047673367827331963
ILE 171,R ILE 171,0.0,0.0,0.0,-0.0010999999999999678,0.00038729833462078795,3.8729833462078794e-05,-0.012610000000000383,0.00627199330356777,0.000627199330356777,0.007680000000000031,0.00831971153346077,0.0008319711533460771,0.0,0.0,0.0,-0.006030000000000499,0.006242523528190052,0.0006242523528190052
GLY 172,R GLY 172,0.0,0.0,0.0,-0.001269999999999989,0.00044395945760841433,4.439594576084143e-05,0.010339999999999634,0.013287001166553201,0.00132870011665532,-0.0071700000000000175,0.014327634138265821,0.001432763413826582,0.0,0.0,0.0,0.0018999999999990559,0.005916924876994154,0.0005916924876994154
THR 173,R THR 173,0.0,0.0,0.0,-0.007349999999999985,0.0022994564575134014,0.00022994564575134013,-0.019649999999999467,0.018601276837894597,0.0018601276837894598,0.05352000000000003,0.033494620463590925,0.0033494620463590924,0.0,0.0,0.0,0.02652000000000065,0.028536460887784016,0.0028536460887784018
VAL 174,R VAL 174,0.0,0.0,0.0,-0.007799999999999967,0.001964688270438755,0.0001964688270438755,-0.005460000000000349,0.02900738526651458,0.002900738526651458,-0.029789999999999983,0.03391350615905118,0.0033913506159051177,0.0,0.0,0.0,-0.043050000000000345,0.0281500888098063,0.00281500888098063
LEU 175,R LEU 175,0.0,0.0,0.0,-0.06303000000000013,0.032161920029749574,0.0032161920029749576,-0.010750000000000455,0.04101984275932849,0.004101984275932849,0.024099999999999996,0.0476108180984112,0.00476108180984112,0.0,0.0,0.0,-0.04968000000000041,0.04211647658577453,0.004211647658577454
VAL 176,R VAL 176,0.0,0.0,0.0,-0.011639999999999918,0.003915405470701606,0.00039154054707016056,-0.013779999999999787,0.021123721263072655,0.0021123721263072654,0.005180000000000007,0.03612378164035431,0.0036123781640354314,0.0,0.0,0.0,-0.020240000000000292,0.03273839336314364,0.0032738393363143637
GLY 177,R GLY 177,0.0,0.0,0.0,-0.020319999999999984,0.014909647883166155,0.0014909647883166155,-0.046960000000000474,0.05715556315880365,0.005715556315880365,0.06258999999999995,0.07653039853548389,0.0076530398535483895,0.0,0.0,0.0,-0.004690000000000439,0.0555571228556715,0.00555571228556715
PRO 178,R PRO 178,0.0,0.0,0.0,-0.1827899999999999,0.23022368666147283,0.023022368666147285,0.09249999999999964,0.2250143328768194,0.022501433287681942,0.08416,0.37636425760159536,0.037636425760159534,0.0,0.0,0.0,-0.006129999999999764,0.2055156760444321,0.02055156760444321
THR 179,R THR 179,0.0,0.0,0.0,-0.49927000000000027,0.43127533792230666,0.043127533792230666,-0.0845400000000005,0.19318118024279698,0.0193181180242797,0.5530300000000001,0.6432473778415265,0.06432473778415265,0.0,0.0,0.0,-0.030780000000000463,0.35101662581706816,0.03510166258170681
PRO 180,R PRO 180,0.0,0.0,0.0,-0.8397600000000002,0.5198989540285689,0.05198989540285689,-0.2290599999999997,0.21319032904895155,0.021319032904895154,0.2497000000000001,0.17897119880025383,0.017897119880025382,0.0,0.0,0.0,-0.8191199999999991,0.5057267499351813,0.05057267499351813
VAL 181,R VAL 181,0.0,0.0,0.0,-0.32335,0.3250901528807048,0.03250901528807048,0.07491999999999997,0.13322955227726327,0.013322955227726327,0.05787000000000003,0.22882043855390188,0.022882043855390187,0.0,0.0,0.0,-0.1905599999999995,0.30906712280668075,0.030906712280668075
ASN 182,R ASN 182,0.0,0.0,0.0,-0.03988999999999995,0.02671213020333646,0.0026712130203336458,0.03958999999999989,0.06306585367693088,0.006306585367693088,-0.006620000000000002,0.057940448738338236,0.005794044873833824,0.0,0.0,0.0,-0.006920000000000286,0.0401077748073875,0.00401077748073875
ILE 183,R ILE 183,0.0,0.0,0.0,-0.57275,0.39003831542554895,0.03900383154255489,0.06879000000000018,0.05620503447201139,0.005620503447201139,-0.19735000000000003,0.1750624674223461,0.01750624674223461,0.0,0.0,0.0,-0.7013099999999999,0.5041938653930651,0.05041938653930651
ILE 184,R ILE 184,0.0,0.0,0.0,-0.031930000000000104,0.010257928640812415,0.0010257928640812414,-0.0755100000000008,0.04934865651666749,0.004934865651666749,0.26127,0.1473657935207488,0.01473657935207488,0.0,0.0,0.0,0.1538299999999988,0.1129089062031867,0.011290890620318671
GLY 185,R GLY 185,0.0,0.0,0.0,-0.031360000000000075,0.007570363267373663,0.0007570363267373663,0.04925999999999988,0.06827482991557045,0.006827482991557045,-0.19094999999999995,0.12107281899749435,0.012107281899749436,0.0,0.0,0.0,-0.17304999999999895,0.11217427289713076,0.011217427289713077
ARG 186,R ARG 186,0.0,0.0,0.0,-0.24495999999999987,0.1518149478806352,0.015181494788063521,1.1393999999999997,0.7262941965897828,0.07262941965897828,-1.6935600000000002,1.077778616599903,0.1077778616599903,0.0,0.0,0.0,-0.7991200000000004,0.8105191210576161,0.08105191210576161
ASN 187,R ASN 187,0.0,0.0,0.0,-0.01677000000000005,0.00336408977288062,0.000336408977288062,-0.018019999999999925,0.03282589831215631,0.003282589831215631,0.08832000000000001,0.06552020756987874,0.006552020756987874,0.0,0.0,0.0,0.053529999999997815,0.0503520515967327,0.00503520515967327
LEU 188,R LEU 188,0.0,0.0,0.0,-0.007310000000000052,0.0011108105148944516,0.00011108105148944516,0.01100999999999928,0.02416629677877883,0.002416629677877883,-0.08397999999999999,0.06050950008056591,0.006050950008056591,0.0,0.0,0.0,-0.08028000000000109,0.05382733134755828,0.005382733134755828
LEU 189,R LEU 189,0.0,0.0,0.0,-0.01702,0.0027856058586957087,0.00027856058586957086,0.03534999999999883,0.02346886234993147,0.0023468862349931468,-0.12469999999999992,0.07146782492842516,0.007146782492842516,0.0,0.0,0.0,-0.10637000000000205,0.06265982045936544,0.006265982045936544
THR 190,R THR 190,0.0,0.0,0.0,-0.0046100000000000654,0.0009153687781434716,9.153687781434716e-05,0.023489999999999896,0.02060169653208171,0.0020601696532081713,-0.04319,0.03895117328143014,0.003895117328143014,0.0,0.0,0.0,-0.024309999999999762,0.027067210790918065,0.0027067210790918065
GLN 191,R GLN 191,0.0,0.0,0.0,-0.002080000000000002,0.00043999999999992797,4.3999999999992796e-05,0.016230000000000758,0.025270083102356625,0.0025270083102356625,-0.04157000000000001,0.03451152126464442,0.003451152126464442,0.0,0.0,0.0,-0.027419999999999476,0.02296004355396622,0.0022960043553966218
ILE 192,R ILE 192,0.0,0.0,0.0,-0.0021499999999999896,0.0004092676385935414,4.092676385935414e-05,0.004719999999999374,0.008180562327859757,0.0008180562327859758,-0.024350000000000028,0.018793283374652713,0.0018793283374652712,0.0,0.0,0.0,-0.021780000000000698,0.015250954068516415,0.0015250954068516415
GLY 193,R GLY 193,0.0,0.0,0.0,-0.0007500000000000018,0.00043301270189222016,4.330127018922201e-05,0.00028000000000027113,0.007929791926653043,0.0007929791926653043,-0.011320000000000023,0.013097236349703743,0.0013097236349703743,0.0,0.0,0.0,-0.011789999999999745,0.009205753635633264,0.0009205753635633263
CYS 194,R CYS 194,0.0,0.0,0.0,-0.003810000000000047,0.0007306846104852407,7.306846104852406e-05,-0.01743999999999957,0.014917989140631128,0.0014917989140631129,0.018639999999999997,0.03500814762308912,0.003500814762308912,0.0,0.0,0.0,-0.002609999999999415,0.02517176791566467,0.002517176791566467
THR 195,R THR 195,0.0,0.0,0.0,-0.003250000000000037,0.00075332595866598,7.533259586659801e-05,0.014959999999999524,0.015608279853974425,0.0015608279853974426,-0.02123,0.03556792234584418,0.0035567922345844183,0.0,0.0,0.0,-0.009520000000000443,0.024877893801525962,0.0024877893801525963
LEU 196,R LEU 196,0.0,0.0,0.0,-0.02046000000000011,0.0074998933325747886,0.0007499893332574789,0.045609999999999644,0.012669565896272937,0.0012669565896272937,-0.09724000000000001,0.0345627313735474,0.00345627313735474,0.0,0.0,0.0,-0.07209000000000042,0.02950833611032689,0.002950833611032689
ASN 197,R ASN 197,0.0,0.0,0.0,-0.0020700000000000783,0.0006364746656388229,6.364746656388229e-05,-0.027360000000001463,0.020243774351636937,0.0020243774351636937,0.053350000000000036,0.046767162625072786,0.004676716262507279,0.0,0.0,0.0,0.023919999999997544,0.030270672275324022,0.0030270672275324022
PHE 198,R PHE 198,0.0,0.0,0.0,-0.0036800000000000123,0.001094349121624337,0.0001094349121624337,-0.42063999999999807,0.11015439346662617,0.011015439346662617,0.4586400000000001,0.13254052361447813,0.013254052361447813,0.0,0.0,0.0,0.03432000000000237,0.11967170760041829,0.011967170760041829
1IN 199,L 1IN   1,0.0,0.0,0.0,-32.93917999999999,3.3852418418187127,0.33852418418187125,-18.996039999999997,3.9473410314286363,0.3947341031428636,32.84326999999999,3.967444446630733,0.3967444446630733,0.0,0.0,0.0,-19.09195,4.913013210596928,0.49130132105969276

Sidechain Energy Decomposition:
Residue,Location,Internal,,,van der Waals,,,Electrostatic,,,Polar Solvation,,,Non-Polar Solv.,,,TOTAL,,
,,Avg.,Std. Dev.,Std. Err. of Mean,Avg.,Std. Dev.,Std. Err. of Mean,Avg.,Std. Dev.,Std. Err. of Mean,Avg.,Std. Dev.,Std. Err. of Mean,Avg.,Std. Dev.,Std. Err. of Mean
PRO   1,R PRO   1,0.0,0.0,0.0,-0.0005900000000000017,0.0004918333050943191,4.918333050943191e-05,0.16096999999999997,0.04881504993339675,0.0048815049933396745,-0.16879000000000005,0.06291983709451243,0.0062919837094512435,0.0,0.0,0.0,-0.008410000000000419,0.04864362137012393,0.004864362137012393
GLN   2,R GLN   2,0.0,0.0,0.0,-0.0009199999999999653,0.00033704599092703103,3.37045990927031e-05,0.021230000000000013,0.0177160125310409,0.0017716012531040898,-0.027339999999999982,0.027904200400656585,0.0027904200400656583,0.0,0.0,0.0,-0.007029999999999958,0.01391794165816193,0.001391794165816193
ILE   3,R ILE   3,0.0,0.0,0.0,-0.0072000000000000345,0.0028213471959331765,0.0002821347195933176,0.02064000000000004,0.006843274070209393,0.0006843274070209393,-0.02844,0.011379209111357412,0.0011379209111357412,0.0,0.0,0.0,-0.014999999999999937,0.008415461959987842,0.0008415461959987841
THR   4,R THR   4,0.0,0.0,0.0,-0.0021100000000000476,0.0006766830868286801,6.766830868286801e-05,0.0037100000000001108,0.009460755783762695,0.0009460755783762695,-0.003550000000000013,0.011581342754620406,0.0011581342754620407,0.0,0.0,0.0,-0.0019499999999999052,0.004466262419518268,0.0004466262419518268
LEU   5,R LEU   5,0.0,0.0,0.0,-0.023800000000000026,0.009511046209539681,0.0009511046209539681,0.019030000000000023,0.007925219239869712,0.0007925219239869712,-0.04569999999999998,0.019546610959447708,0.0019546610959447707,0.0,0.0,0.0,-0.050470000000000154,0.019522015777065062,0.001952201577706506
TRP   6,R TRP   6,0.0,0.0,0.0,-0.0050999999999999535,0.0011000000000000341,0.0001100000000000034,-0.0067799999999999016,0.008880968415662749,0.0008880968415662749,0.010619999999999994,0.010050651720162162,0.0010050651720162162,0.0,0.0,0.0,-0.0012599999999999057,0.006052470569940459,0.0006052470569940459
GLN   7,R GLN   7,0.0,0.0,0.0,-0.013489999999999995,0.004936587890436066,0.0004936587890436066,0.007129999999999995,0.03350183726305173,0.003350183726305173,-0.006269999999999949,0.030908204412420943,0.0030908204412420943,0.0,0.0,0.0,-0.01262999999999991,0.013260961503601315,0.0013260961503601316
ARG   8,R ARG   8,0.0,0.0,0.0,-1.4669000000000003,0.6183953994007387,0.06183953994007387,-0.3197099999999988,2.420942598637977,0.2420942598637977,1.1645700000000003,2.1501237464620493,0.21501237464620493,0.0,0.0,0.0,-0.622039999999998,0.910501904665776,0.0910501904665776
PRO   9,R PRO   9,0.0,0.0,0.0,-0.2851099999999999,0.1715766239905658,0.01715766239905658,0.3011900000000001,0.09307112280401454,0.009307112280401455,-0.31762,0.28795571812346415,0.028795571812346415,0.0,0.0,0.0,-0.30154,0.24991960387292517,0.024991960387292518
LEU  10,R LEU  10,0.0,0.0,0.0,-0.04468999999999999,0.016401033504020418,0.0016401033504020418,-0.008690000000000052,0.010643960728976838,0.0010643960728976838,0.018080000000000013,0.013561474846048274,0.0013561474846048274,0.0,0.0,0.0,-0.03529999999999994,0.01817058061813115,0.0018170580618131148
VAL  11,R VAL  11,0.0,0.0,0.0,-0.009500000000000038,0.002984962311319818,0.0002984962311319818,0.016250000000000035,0.004946463383064666,0.0004946463383064666,-0.02488999999999999,0.010644148627297552,0.0010644148627297551,0.0,0.0,0.0,-0.018140000000000055,0.008111744571915424,0.0008111744571915423
THR  12,R THR  12,0.0,0.0,0.0,-0.0016399999999999705,0.00047999999999999996,4.7999999999999994e-05,0.009339999999999992,0.008493785963867975,0.0008493785963867975,-0.01005000000000012,0.010675556191599666,0.0010675556191599665,0.0,0.0,0.0,-0.0023500000000001363,0.0040183952020676145,0.00040183952020676143
ILE  13,R ILE  13,0.0,0.0,0.0,-0.005139999999999985,0.0008368990381162308,8.368990381162308e-05,0.017730000000000003,0.006061113759038037,0.0006061113759038037,-0.024689999999999993,0.010666484894284518,0.0010666484894284519,0.0,0.0,0.0,-0.012099999999999946,0.008038034585643523,0.0008038034585643523
LYS  14,R LYS  14,0.0,0.0,0.0,-0.0006000000000000183,0.0004898979485566509,4.898979485566509e-05,0.16243000000000002,0.059442283771739525,0.005944228377173953,-0.14163999999999935,0.0861830052852646,0.00861830052852646,0.0,0.0,0.0,0.020190000000000444,0.0660786947510315,0.006607869475103149
ILE  15,R ILE  15,0.0,0.0,0.0,-0.001909999999999963,0.0005309425580983599,5.309425580983599e-05,0.013949999999999987,0.005191098149717482,0.0005191098149717482,-0.015329999999999996,0.007679915364116985,0.0007679915364116985,0.0,0.0,0.0,-0.0032900000000001574,0.0055664980014368095,0.0005566498001436809
GLY  16,R GLY  16,0.0,0.0,0.0,-8.000000000000007e-05,0.000271293199325011,2.7129319932501102e-05,-0.006819999999999998,0.0025549168283918876,0.0002554916828391888,0.005799999999999995,0.00342052627529741,0.000342052627529741,0.0,0.0,0.0,-0.001100000000000012,0.002330236039546209,0.00023302360395462092
GLY  17,R GLY  17,0.0,0.0,0.0,-5.000000000000004e-05,0.0002179449471770339,2.179449471770339e-05,-0.005369999999999996,0.0021847425477616294,0.00021847425477616294,0.004530000000000001,0.0030771902768597184,0.0003077190276859718,0.0,0.0,0.0,-0.0008900000000000263,0.0021674639558709914,0.00021674639558709913
GLN  18,R GLN  18,0.0,0.0,0.0,-0.0005600000000000049,0.0004963869458396388,4.963869458396389e-05,0.005030000000000019,0.011509522144728716,0.0011509522144728715,-0.004430000000000094,0.012793166144469487,0.0012793166144469486,0.0,0.0,0.0,3.999999999962256e-05,0.004291666343041944,0.00042916663430419443
LEU  19,R LEU  19,0.0,0.0,0.0,-0.000639999999999965,0.0004799999999999741,4.799999999999741e-05,0.0027399999999998936,0.002095805334471678,0.0002095805334471678,-0.0019199999999999918,0.0026217551373078243,0.00026217551373078243,0.0,0.0,0.0,0.0001800000000000157,0.002123110925034255,0.0002123110925034255
LYS  20,R LYS  20,0.0,0.0,0.0,-0.0031899999999999906,0.0007168681887209256,7.168681887209256e-05,0.14605000000000007,0.14975923176886297,0.014975923176886296,-0.09447999999999991,0.18239421482053636,0.018239421482053635,0.0,0.0,0.0,0.04837999999999956,0.08951511380766908,0.008951511380766908
GLU  21,R GLU  21,0.0,0.0,0.0,-0.007049999999999992,0.0022017038856303574,0.00022017038856303575,-0.06298000000000022,0.1849014862027886,0.01849014862027886,0.009939999999999713,0.20380744932411082,0.02038074493241108,0.0,0.0,0.0,-0.06009000000000043,0.08505293586937501,0.008505293586937501
ALA  22,R ALA  22,0.0,0.0,0.0,-0.014309999999999991,0.0029822642404723487,0.0002982264240472349,0.02248999999999999,0.010374483119654696,0.0010374483119654696,-0.034969999999999966,0.018613143205810284,0.0018613143205810285,0.0,0.0,0.0,-0.026790000000000015,0.013867440282907243,0.0013867440282907242
LEU  23,R LEU  23,0.0,0.0,0.0,-1.2350200000000007,0.33048216230229177,0.033048216230229174,-0.14103000000000002,0.09551475854547294,0.009551475854547294,0.07109000000000004,0.07521384114642728,0.0075213841146427275,0.0,0.0,0.0,-1.3049599999999995,0.3439230704678009,0.03439230704678009
LEU  24,R LEU  24,0.0,0.0,0.0,-0.1573,0.07332032460375491,0.007332032460375492,-0.007510000000000004,0.012115688176905141,0.0012115688176905141,0.03229,0.0246662907629015,0.00246662907629015,0.0,0.0,0.0,-0.13251999999999994,0.08529437027143122,0.008529437027143122
ASP  25,R ASP  25,0.0,0.0,0.0,-1.0424,0.5301963598517064,0.05301963598517064,-5.4569600000000005,1.940663891146527,0.1940663891146527,13.180560000000005,6.57230788584952,0.657230788584952,0.0,0.0,0.0,6.6812000000000005,4.720248258301672,0.47202482583016725
THR  26,R THR  26,0.0,0.0,0.0,-0.04774,0.028799173599254563,0.0028799173599254563,0.027419999999999972,0.08075780829121115,0.008075780829121115,-0.003340000000000004,0.22300265558956917,0.022300265558956915,0.0,0.0,0.0,-0.023660000000000538,0.16845137102439997,0.016845137102439997
GLY  27,R GLY  27,0.0,0.0,0.0,-0.09276999999999994,0.12087802571187238,0.012087802571187238,-0.07094999999999996,0.03609414772508147,0.003609414772508147,0.13578000000000004,0.09259725481892007,0.009259725481892007,0.0,0.0,0.0,-0.027940000000000055,0.07683616596369187,0.007683616596369187
ALA  28,R ALA  28,0.0,0.0,0.0,-0.32322,0.36012965942837855,0.03601296594283786,0.15602,0.047473988667479705,0.00474739886674797,-0.22639999999999996,0.09948457166817386,0.009948457166817385,0.0,0.0,0.0,-0.3936000000000001,0.40599862068731246,0.04059986206873124
ASP  29,R ASP  29,0.0,0.0,0.0,-0.05579999999999997,0.09168336817547658,0.009168336817547657,-1.1350100000000003,0.6776296406592619,0.06776296406592619,1.3952500000000003,0.9372563616748614,0.09372563616748614,0.0,0.0,0.0,0.20443999999999968,0.3849897744096578,0.03849897744096578
ASP  30,R ASP  30,0.0,0.0,0.0,-0.031480000000000063,0.02007111357149867,0.0020071113571498668,-1.0859700000000003,0.46051817455991906,0.046051817455991906,1.1322800000000002,0.47134501333948475,0.047134501333948475,0.0,0.0,0.0,0.014830000000000326,0.11624121945334201,0.011624121945334201
THR  31,R THR  31,0.0,0.0,0.0,-0.02189000000000001,0.007897968093123726,0.0007897968093123726,-0.0029599999999999228,0.02449690592707583,0.0024496905927075827,0.04931,0.05369798785801939,0.0053697987858019386,0.0,0.0,0.0,0.02445999999999989,0.03230399975235275,0.003230399975235275
VAL  32,R VAL  32,0.0,0.0,0.0,-0.49981000000000014,0.20283997115953237,0.020283997115953238,0.08961999999999998,0.027522637954963573,0.002752263795496357,-0.06531999999999999,0.03755020106470805,0.003755020106470805,0.0,0.0,0.0,-0.47550999999999993,0.20815290029206895,0.020815290029206894
LEU  33,R LEU  33,0.0,0.0,0.0,-0.01651999999999993,0.0030413155048432056,0.0003041315504843206,0.01178999999999979,0.003993231773889325,0.00039932317738893247,-0.01776000000000001,0.007433868441128071,0.0007433868441128072,0.0,0.0,0.0,-0.022490000000000378,0.006650556367703504,0.0006650556367703504
GLU  34,R GLU  34,0.0,0.0,0.0,-0.01234999999999999,0.004405394420480439,0.0004405394420480439,-0.023200000000000075,0.21886160010380992,0.021886160010380993,-0.03465999999999986,0.24110886420868108,0.02411088642086811,0.0,0.0,0.0,-0.07021000000000001,0.09113147590157872,0.009113147590157872
GLU  35,R GLU  35,0.0,0.0,0.0,-0.0037899999999999713,0.001168717245530306,0.00011687172455303061,-0.12422000000000004,0.1598258790058723,0.01598258790058723,0.05512000000000012,0.1869843458688453,0.01869843458688453,0.0,0.0,0.0,-0.0728900000000003,0.09376725387895243,0.009376725387895243
MET  36,R MET  36,0.0,0.0,0.0,-0.00240999999999997,0.0007628237017817732,7.628237017817732e-05,0.0011899999999999992,0.012934214317073922,0.0012934214317073922,0.003970000000000005,0.016659204662888318,0.0016659204662888318,0.0,0.0,0.0,0.002750000000000097,0.00867337881105177,0.000867337881105177
SER  37,R SER  37,0.0,0.0,0.0,-0.0003400000000000059,0.0004737087712930886,4.7370877129308864e-05,0.0029300000000000424,0.00566260540740737,0.000566260540740737,-0.0015399999999999902,0.005752251733017233,0.0005752251733017233,0.0,0.0,0.0,0.0010500000000000398,0.0028613807855647653,0.00028613807855647655
LEU  38,R LEU  38,0.0,0.0,0.0,-0.0014199999999999502,0.000532541078227848,5.32541078227848e-05,0.012279999999999926,0.004195426080864783,0.0004195426080864783,-0.011219999999999999,0.004922560309432487,0.0004922560309432487,0.0,0.0,0.0,-0.00036000000000007803,0.0037643591752116773,0.0003764359175211677
PRO  39,R PRO  39,0.0,0.0,0.0,-0.00020000000000001129,0.0004000000000000226,4.000000000000226e-05,0.04769000000000001,0.016658148156382772,0.0016658148156382772,-0.041029999999999935,0.022417160837180147,0.0022417160837180147,0.0,0.0,0.0,0.006460000000000346,0.01545148536549108,0.001545148536549108
GLY  40,R GLY  40,0.0,0.0,0.0,-7.000000000000006e-05,0.0002551470164434617,2.5514701644346173e-05,-0.006200000000000006,0.002457641145488901,0.0002457641145488901,0.005049999999999999,0.003070423423568814,0.00030704234235688144,0.0,0.0,0.0,-0.0012200000000000145,0.0020956144683600543,0.00020956144683600543
ARG  41,R ARG  41,0.0,0.0,0.0,-0.0003599999999999992,0.00047999999999999904,4.7999999999999906e-05,0.1301799999999997,0.0747868143458458,0.00747868143458458,-0.10836000000000012,0.08787394608187499,0.008787394608187499,0.0,0.0,0.0,0.021459999999997308,0.051016942283913055,0.005101694228391305
TRP  42,R TRP  42,0.0,0.0,0.0,-0.0016199999999999904,0.0004853864439804123,4.853864439804123e-05,-0.006390000000000047,0.004715707794170401,0.00047157077941704006,0.004790000000000005,0.005254131707523136,0.0005254131707523136,0.0,0.0,0.0,-0.0032200000000000093,0.002655484889808542,0.0002655484889808542
LYS  43,R LYS  43,0.0,0.0,0.0,-0.0013799999999999746,0.0006896375859826176,6.896375859826176e-05,0.2893799999999998,0.15818304460339608,0.01581830446033961,-0.2618000000000009,0.17033290932758702,0.017033290932758703,0.0,0.0,0.0,0.026199999999997985,0.07146859450136174,0.007146859450136174
PRO  44,R PRO  44,0.0,0.0,0.0,-0.00130999999999998,0.00048363209157370896,4.83632091573709e-05,0.04028000000000006,0.030911835920889603,0.0030911835920889603,-0.03087000000000014,0.03466631073535224,0.0034666310735352243,0.0,0.0,0.0,0.008100000000000343,0.017317332358073846,0.0017317332358073845
LYS  45,R LYS  45,0.0,0.0,0.0,-0.014620000000000032,0.007036732196126248,0.0007036732196126248,0.66417,0.4217181773412194,0.042171817734121944,-0.6750200000000001,0.42013383534297744,0.042013383534297746,0.0,0.0,0.0,-0.02547000000000015,0.09819159383572466,0.009819159383572466
MET  46,R MET  46,0.0,0.0,0.0,-0.027480000000000025,0.010823566879730498,0.0010823566879730499,0.020760000000000032,0.03277502707855478,0.003277502707855478,-0.020169999999999976,0.03245644928207645,0.003245644928207645,0.0,0.0,0.0,-0.026890000000000188,0.014218927526363953,0.0014218927526363954
ILE  47,R ILE  47,0.0,0.0,0.0,-0.6525600000000001,0.23717952356811892,0.023717952356811893,0.08442999999999999,0.04502604912714419,0.004502604912714419,-0.07942,0.042721933476845345,0.0042721933476845345,0.0,0.0,0.0,-0.6475500000000003,0.23504524564432258,0.023504524564432257
GLY  48,R GLY  48,0.0,0.0,0.0,-0.28919000000000006,0.13813223338525993,0.013813223338525993,-0.03601000000000001,0.054316755241822,0.0054316755241822,0.02424999999999999,0.051037706649104043,0.005103770664910404,0.0,0.0,0.0,-0.30094999999999994,0.14305015728757517,0.014305015728757517
GLY  49,R GLY  49,0.0,0.0,0.0,-0.50898,0.11609737120193538,0.011609737120193538,0.035140000000000005,0.05239943129462379,0.005239943129462379,-0.054809999999999956,0.06482201709296005,0.0064822017092960055,0.0,0.0,0.0,-0.52865,0.15197278539264814,0.015197278539264813
ILE  50,R ILE  50,0.0,0.0,0.0,-2.8041499999999995,0.8739566279284138,0.08739566279284137,-0.1668,0.09976532463737094,0.009976532463737094,0.18566000000000002,0.08278444539887911,0.008278444539887912,0.0,0.0,0.0,-2.7852899999999994,0.8777224424042052,0.08777224424042052
GLY  51,R GLY  51,0.0,0.0,0.0,-0.09266999999999999,0.06791436593240037,0.006791436593240037,0.08012999999999999,0.04916780552353345,0.004916780552353344,-0.08844999999999999,0.056110137230272444,0.005611013723027245,0.0,0.0,0.0,-0.10098999999999995,0.0757105666337269,0.00757105666337269
GLY  52,R GLY  52,0.0,0.0,0.0,-0.06191000000000001,0.06072875677963448,0.006072875677963448,0.04939000000000002,0.04990168233637014,0.004990168233637014,-0.050519999999999995,0.04342015200341887,0.0043420152003418875,0.0,0.0,0.0,-0.06304000000000003,0.05921890238766668,0.005921890238766668
PHE  53,R PHE  53,0.0,0.0,0.0,-0.4485099999999999,0.31936598112510367,0.031936598112510366,-0.029160000000000005,0.19466302781987135,0.019466302781987136,0.17564000000000005,0.26787980588316096,0.026787980588316097,0.0,0.0,0.0,-0.30202999999999997,0.24981711130344944,0.024981711130344943
ILE  54,R ILE  54,0.0,0.0,0.0,-0.43695,0.21762919725992663,0.021762919725992664,0.0007299999999999926,0.03212844689679225,0.003212844689679225,0.049609999999999994,0.04735290804163982,0.0047352908041639824,0.0,0.0,0.0,-0.38661,0.21939106157726643,0.021939106157726644
LYS  55,R LYS  55,0.0,0.0,0.0,-0.010540000000000002,0.002192806421004849,0.0002192806421004849,-0.0657699999999997,0.16702262451536312,0.01670226245153631,0.0783800000000005,0.179616857783449,0.0179616857783449,0.0,0.0,0.0,0.002070000000001713,0.06480698341999729,0.006480698341999729
VAL  56,R VAL  56,0.0,0.0,0.0,-0.05409,0.01894470638463426,0.001894470638463426,0.0314400000000001,0.012558917150773766,0.0012558917150773765,-0.014340000000000006,0.01854627725447885,0.0018546277254478851,0.0,0.0,0.0,-0.036989999999999794,0.022764224124709388,0.0022764224124709386
ARG  57,R ARG  57,0.0,0.0,0.0,-0.003949999999999938,0.0008645808232895502,8.645808232895502e-05,0.10838999999999942,0.12056806335012622,0.012056806335012622,-0.05895999999999987,0.1469301139998196,0.01469301139998196,0.0,0.0,0.0,0.04548000000000002,0.0774442354213679,0.00774442354213679
GLN  58,R GLN  58,0.0,0.0,0.0,-0.0044900000000000695,0.0013453252394866899,0.000134532523948669,0.019990000000000053,0.03768593769564453,0.003768593769564453,-0.01927,0.041126112143016924,0.004112611214301692,0.0,0.0,0.0,-0.0037700000000000246,0.008102906885802744,0.0008102906885802744
TYR  59,R TYR  59,0.0,0.0,0.0,-0.0023400000000001774,0.0004943682837722991,4.943682837722991e-05,0.012690000000000019,0.006205956815834321,0.0006205956815834321,-0.011559999999999989,0.006651796749751176,0.0006651796749751176,0.0,0.0,0.0,-0.0012100000000000487,0.0042808760785618735,0.0004280876078561873
ASP  60,R ASP  60,0.0,0.0,0.0,-0.0008700000000000363,0.00041605288125431576,4.160528812543157e-05,-0.4076900000000004,0.1520356336521156,0.015203563365211559,0.3786399999999999,0.17327489835518617,0.017327489835518618,0.0,0.0,0.0,-0.02992000000000104,0.08543520117609545,0.008543520117609544
GLN  61,R GLN  61,0.0,0.0,0.0,-0.0005400000000000004,0.0004983974317750852,4.983974317750852e-05,0.015649999999999973,0.018832617980514575,0.0018832617980514576,-0.014890000000000061,0.01919161014610291,0.0019191610146102908,0.0,0.0,0.0,0.0002200000000006952,0.00433492791174159,0.000433492791174159
ILE  62,R ILE  62,0.0,0.0,0.0,-0.0011700000000000577,0.0003756327994198725,3.7563279941987254e-05,0.01812000000000001,0.00496040320941752,0.000496040320941752,-0.019019999999999992,0.00627053426750863,0.000627053426750863,0.0,0.0,0.0,-0.0020700000000000783,0.005046295671083755,0.0005046295671083755
LEU  63,R LEU  63,0.0,0.0,0.0,-0.00044999999999998817,0.000497493718553297,4.9749371855329705e-05,0.003620000000000072,0.001474991525399387,0.00014749915253993868,-0.002449999999999999,0.0027436289836637925,0.0002743628983663792,0.0,0.0,0.0,0.0007200000000000317,0.00234980850283594,0.000234980850283594
ILE  64,R ILE  64,0.0,0.0,0.0,-0.0026600000000000356,0.0006036555309114609,6.0365553091146086e-05,0.020979999999999967,0.004853823235347561,0.0004853823235347561,-0.026889999999999997,0.00916721877125226,0.000916721877125226,0.0,0.0,0.0,-0.008570000000000072,0.0073773369178856945,0.0007377336917885694
GLU  65,R GLU  65,0.0,0.0,0.0,-0.0004900000000000305,0.0004998999899980306,4.9989998999803066e-05,-0.23625999999999997,0.0689932779334329,0.006899327793343291,0.22420999999999996,0.10055240375048224,0.010055240375048225,0.0,0.0,0.0,-0.012540000000000334,0.08142142469890919,0.00814214246989092
ILE  66,R ILE  66,0.0,0.0,0.0,-0.0035100000000000174,0.0007415524256585637,7.415524256585637e-05,0.022149999999999958,0.005682209077462748,0.0005682209077462748,-0.031609999999999985,0.010840567328327486,0.0010840567328327486,0.0,0.0,0.0,-0.01297000000000014,0.007902474296066915,0.0007902474296066916
CYS  67,R CYS  67,0.0,0.0,0.0,-0.0010000000000000009,0.00046904157598233866,4.6904157598233864e-05,-0.005789999999999993,0.010334693996437442,0.0010334693996437443,0.010209999999999995,0.018020152607566897,0.0018020152607566898,0.0,0.0,0.0,0.0034199999999998633,0.0094468830838536,0.0009446883083853601
GLY  68,R GLY  68,0.0,0.0,0.0,-4.000000000000004e-05,0.00019595917942265444,1.9595917942265444e-05,-0.008180000000000003,0.00235533437116687,0.00023553343711668699,0.00842,0.0032130359475113215,0.00032130359475113213,0.0,0.0,0.0,0.00019999999999998242,0.002619160170741761,0.0002619160170741761
HID  69,R HID  69,0.0,0.0,0.0,-0.0006799999999999873,0.00046647615158761525,4.6647615158761525e-05,0.015390000000000055,0.010391241504266896,0.0010391241504266895,-0.018679999999999985,0.012940540946962061,0.0012940540946962062,0.0,0.0,0.0,-0.003970000000000002,0.005534356331137049,0.0005534356331137049
LYS  70,R LYS  70,0.0,0.0,0.0,-0.0004199999999999804,0.0004935585071700998,4.9355850717009984e-05,0.19277999999999992,0.05475684066854168,0.005475684066854168,-0.18091000000000057,0.08022282655204814,0.008022282655204814,0.0,0.0,0.0,0.011449999999999854,0.06730904471168753,0.006730904471168753
ALA  71,R ALA  71,0.0,0.0,0.0,-0.0004599999999999893,0.0004983974317750732,4.983974317750732e-05,0.020189999999999993,0.004612363819127873,0.00046123638191278727,-0.0242,0.0062545983084447655,0.0006254598308444765,0.0,0.0,0.0,-0.00446999999999993,0.004394212102299966,0.0004394212102299966
ILE  72,R ILE  72,0.0,0.0,0.0,-0.0005799999999999894,0.0004935585071701138,4.935585071701138e-05,0.008179999999999972,0.002282016651998819,0.00022820166519988192,-0.006880000000000002,0.003990689163540557,0.0003990689163540557,0.0,0.0,0.0,0.0007200000000000806,0.003178301433155735,0.0003178301433155735
GLY  73,R GLY  73,0.0,0.0,0.0,-0.000279999999999998,0.0004489988864128699,4.489988864128699e-05,-0.016150000000000008,0.0039531632903283855,0.00039531632903283857,0.016589999999999997,0.004407028477330302,0.0004407028477330302,0.0,0.0,0.0,0.000160000000000009,0.0028869360921225996,0.00028869360921226
THR  74,R THR  74,0.0,0.0,0.0,-0.003140000000000005,0.0010394229168149177,0.00010394229168149177,0.011269999999999945,0.02304511011039012,0.002304511011039012,-0.015059999999999976,0.02816906814220163,0.002816906814220163,0.0,0.0,0.0,-0.006930000000000201,0.010555808827370708,0.001055580882737071
VAL  75,R VAL  75,0.0,0.0,0.0,-0.005229999999999988,0.0008928045698807962,8.928045698807962e-05,0.008899999999999953,0.0032603680773801626,0.00032603680773801626,-0.009870000000000004,0.005266222555114807,0.0005266222555114807,0.0,0.0,0.0,-0.006199999999999986,0.004613025037868095,0.0004613025037868095
LEU  76,R LEU  76,0.0,0.0,0.0,-0.05727999999999998,0.026835826799262216,0.0026835826799262216,0.05809000000000011,0.016878444833573862,0.0016878444833573862,-0.05849000000000002,0.01795466234714524,0.001795466234714524,0.0,0.0,0.0,-0.05767999999999964,0.024990350137603323,0.0024990350137603324
VAL  77,R VAL  77,0.0,0.0,0.0,-0.006580000000000053,0.001282029640843011,0.0001282029640843011,4.000000000006665e-05,0.0024368832553077454,0.00024368832553077453,-0.006069999999999996,0.007614794810104867,0.0007614794810104867,0.0,0.0,0.0,-0.012609999999999948,0.0071398809513883625,0.0007139880951388363
GLY  78,R GLY  78,0.0,0.0,0.0,-0.004489999999999998,0.001819313057172954,0.0001819313057172954,-0.010860000000000005,0.009119232423839193,0.0009119232423839193,-0.004179999999999996,0.015294038054091538,0.0015294038054091538,0.0,0.0,0.0,-0.01952999999999993,0.015091358454426874,0.0015091358454426874
PRO  79,R PRO  79,0.0,0.0,0.0,-0.026419999999999985,0.01532460766218827,0.001532460766218827,-0.003079999999999984,0.07164002791735916,0.007164002791735916,0.07536999999999999,0.09290819716257549,0.009290819716257549,0.0,0.0,0.0,0.045870000000000015,0.06848469245021105,0.006848469245021105
THR  80,R THR  80,0.0,0.0,0.0,-0.19843999999999995,0.10014971991972846,0.010014971991972845,0.23021000000000008,0.09903981976962586,0.009903981976962586,0.05558,0.37836482870372606,0.037836482870372605,0.0,0.0,0.0,0.08734999999999996,0.30698945828806545,0.030698945828806546
PRO  81,R PRO  81,0.0,0.0,0.0,-0.10126999999999999,0.12261972557463988,0.012261972557463988,-0.23484000000000013,0.15591829398758802,0.015591829398758802,0.27590000000000003,0.16031678015728748,0.01603167801572875,0.0,0.0,0.0,-0.06020999999999987,0.10556384750472068,0.010556384750472068
VAL  82,R VAL  82,0.0,0.0,0.0,-0.2694099999999999,0.21716312279021965,0.021716312279021967,-0.02504000000000005,0.021745307539788823,0.0021745307539788824,0.02820999999999999,0.022491018207275573,0.0022491018207275574,0.0,0.0,0.0,-0.2662399999999998,0.21724153009956468,0.02172415300995647
ASN  83,R ASN  83,0.0,0.0,0.0,-0.026059999999999972,0.005112377137888008,0.0005112377137888007,-0.03919999999999999,0.03349895520758818,0.003349895520758818,0.023770000000000006,0.04139682475746179,0.004139682475746179,0.0,0.0,0.0,-0.04149000000000086,0.028586533542910884,0.0028586533542910883
ILE  84,R ILE  84,0.0,0.0,0.0,-1.4951599999999998,0.30982732997590856,0.030982732997590856,0.13705000000000006,0.04117581207456629,0.004117581207456629,-0.17685000000000003,0.08174171211811006,0.008174171211811005,0.0,0.0,0.0,-1.5349600000000003,0.3228947791463959,0.03228947791463959
ILE  85,R ILE  85,0.0,0.0,0.0,-0.03205999999999997,0.00669898499774408,0.000669898499774408,0.014470000000000005,0.007605859583242425,0.0007605859583242425,-0.024949999999999993,0.012515889900442568,0.0012515889900442567,0.0,0.0,0.0,-0.042539999999999994,0.011077382362273066,0.0011077382362273066
GLY  86,R GLY  86,0.0,0.0,0.0,-0.009870000000000006,0.004717319153926277,0.0004717319153926277,-0.05752999999999998,0.01259480448438962,0.001259480448438962,0.09714000000000002,0.04580764565004393,0.004580764565004393,0.0,0.0,0.0,0.02974000000000003,0.03363647425043241,0.003363647425043241
ARG  87,R ARG  87,0.0,0.0,0.0,-0.027980000000000168,0.016048663495755566,0.0016048663495755566,0.9006000000000007,0.34725463279846996,0.034725463279847,-1.1708800000000006,0.4005138769131459,0.04005138769131459,0.0,0.0,0.0,-0.29825999999999764,0.21236815297967548,0.02123681529796755
ASN  88,R ASN  88,0.0,0.0,0.0,-0.006840000000000041,0.0025128469909646125,0.0002512846990964612,-0.11767999999999997,0.034146414160201484,0.0034146414160201484,0.2438300000000001,0.14476056472672383,0.014476056472672383,0.0,0.0,0.0,0.11930999999999954,0.11950796584328464,0.011950796584328464
LEU  89,R LEU  89,0.0,0.0,0.0,-0.004880000000000129,0.0010703270528207205,0.00010703270528207204,0.024589999999999917,0.00580877784047566,0.000580877784047566,-0.03525999999999999,0.014502151564509359,0.001450215156450936,0.0,0.0,0.0,-0.015550000000000149,0.013031788058436241,0.0013031788058436241
LEU  90,R LEU  90,0.0,0.0,0.0,-0.01565000000000005,0.0034362043012602875,0.00034362043012602875,0.04359000000000004,0.011131123034087894,0.0011131123034087893,-0.08152000000000001,0.03427607912232668,0.003427607912232668,0.0,0.0,0.0,-0.05357999999999998,0.027692663288315163,0.002769266328831516
THR  91,R THR  91,0.0,0.0,0.0,-0.0016799999999999571,0.0006764613810114909,6.764613810114908e-05,0.023920000000000084,0.020298610789903887,0.002029861078990389,-0.034629999999999994,0.03494357022400542,0.003494357022400542,0.0,0.0,0.0,-0.012389999999999724,0.018567118785638135,0.0018567118785638135
GLN  92,R GLN  92,0.0,0.0,0.0,-0.0011599999999999566,0.0003666060555964836,3.6660605559648356e-05,0.057599999999999936,0.017905864960956246,0.0017905864960956245,-0.06560999999999995,0.02226427407305262,0.002226427407305262,0.0,0.0,0.0,-0.0091700000000003,0.01040582048663123,0.001040582048663123
ILE  93,R ILE  93,0.0,0.0,0.0,-0.0019199999999999218,0.000483321838943805,4.83321838943805e-05,0.01775999999999998,0.004558771764412064,0.00045587717644120636,-0.022979999999999987,0.006552831449076096,0.0006552831449076096,0.0,0.0,0.0,-0.0071399999999999415,0.004386388035730435,0.0004386388035730435
GLY  94,R GLY  94,0.0,0.0,0.0,-0.0001100000000000001,0.0003128897569432406,3.1288975694324064e-05,-0.013229999999999994,0.0031932898396481446,0.0003193289839648145,0.014599999999999995,0.0034871191548325495,0.00034871191548325493,0.0,0.0,0.0,0.0012599999999999701,0.0029584455377782634,0.00029584455377782635
CYS  95,R CYS  95,0.0,0.0,0.0,-0.0027499999999999725,0.0006538348415310853,6.538348415310854e-05,-0.02231999999999999,0.013088070904453453,0.0013088070904453454,0.05707999999999998,0.03163690250324774,0.0031636902503247737,0.0,0.0,0.0,0.03201000000000007,0.02223218162934075,0.002223218162934075
THR  96,R THR  96,0.0,0.0,0.0,-0.0011500000000000021,0.00043301270189223875,4.330127018922388e-05,0.014909999999999944,0.008639554386656862,0.0008639554386656862,-0.018050000000000007,0.01715772420806443,0.001715772420806443,0.0,0.0,0.0,-0.0042900000000002155,0.012031039024124356,0.0012031039024124356
LEU  97,R LEU  97,0.0,0.0,0.0,-0.008719999999999964,0.002121697433660119,0.00021216974336601193,0.024259999999999938,0.00945898514640975,0.000945898514640975,-0.053749999999999985,0.022475486646566796,0.0022475486646566798,0.0,0.0,0.0,-0.038209999999999834,0.017967913067465934,0.0017967913067465935
ASN  98,R ASN  98,0.0,0.0,0.0,-0.0007600000000000495,0.0004498888751681004,4.498888751681004e-05,0.008460000000000037,0.017446157169990185,0.0017446157169990185,-0.011479999999999949,0.031177389242847152,0.0031177389242847153,0.0,0.0,0.0,-0.003780000000001138,0.015893759781750522,0.0015893759781750523
PHE  99,R PHE  99,0.0,0.0,0.0,-0.001650000000000027,0.0005361902647381142,5.361902647381142e-05,-0.05327000000000012,0.019956881018836626,0.0019956881018836628,0.07004999999999997,0.027461746120740375,0.0027461746120740374,0.0,0.0,0.0,0.015129999999999871,0.02387033933566947,0.002387033933566947
PRO 100,R PRO 100,0.0,0.0,0.0,-0.00033999999999999807,0.0004737087712930779,4.737087712930779e-05,0.11658000000000003,0.04866974008560149,0.004866974008560149,-0.13316999999999993,0.06061452878642221,0.006061452878642222,0.0,0.0,0.0,-0.016929999999999872,0.04905899611692035,0.004905899611692035
GLN 101,R GLN 101,0.0,0.0,0.0,-0.0004899999999999682,0.0004998999899979673,4.998999899979673e-05,0.02049999999999999,0.02090956718825144,0.002090956718825144,-0.026979999999999928,0.02894407711432515,0.0028944077114325148,0.0,0.0,0.0,-0.006970000000000382,0.011223595680528988,0.0011223595680528988
ILE 102,R ILE 102,0.0,0.0,0.0,-0.002130000000000054,0.0006427285585688633,6.427285585688634e-05,0.01635,0.006806430782723095,0.0006806430782723095,-0.02581999999999997,0.01032606410981462,0.0010326064109814621,0.0,0.0,0.0,-0.011600000000000037,0.007142828571371365,0.0007142828571371364
THR 103,R THR 103,0.0,0.0,0.0,-0.0007399999999999962,0.0004820788317277561,4.820788317277561e-05,0.0066099999999999605,0.009500415780375028,0.0009500415780375028,-0.007359999999999971,0.011306210682629311,0.0011306210682629312,0.0,0.0,0.0,-0.0014899999999999913,0.0038665100542995315,0.00038665100542995315
LEU 104,R LEU 104,0.0,0.0,0.0,-0.007069999999999981,0.0025149751489826648,0.0002514975148982665,0.029509999999999995,0.008082691383443941,0.0008082691383443941,-0.052300000000000006,0.020891864445281034,0.0020891864445281034,0.0,0.0,0.0,-0.029860000000000157,0.017052870726068595,0.0017052870726068595
TRP 105,R TRP 105,0.0,0.0,0.0,-0.0019899999999999983,0.000655667598711426,6.55667598711426e-05,-0.01920999999999996,0.00591657840309762,0.000591657840309762,0.024319999999999987,0.0074657618499387665,0.0007465761849938767,0.0,0.0,0.0,0.003120000000000047,0.0037290213193276827,0.00037290213193276825
GLN 106,R GLN 106,0.0,0.0,0.0,-0.002669999999999988,0.0011318568814121203,0.00011318568814121203,0.008320000000000024,0.0250015519518289,0.0025001551951828902,-0.009079999999999977,0.027673337348429885,0.0027673337348429884,0.0,0.0,0.0,-0.003429999999999822,0.0056253977637147,0.00056253977637147
ARG 107,R ARG 107,0.0,0.0,0.0,-0.16448000000000002,0.1776044751688425,0.01776044751688425,0.664720000000001,1.5433803100985843,0.15433803100985843,-0.7579200000000001,1.551511235408883,0.15515112354088828,0.0,0.0,0.0,-0.25767999999999885,0.4052293641877426,0.04052293641877426
PRO 108,R PRO 108,0.0,0.0,0.0,-0.012779999999999951,0.008129674040206078,0.0008129674040206078,0.18524999999999994,0.07193502276360256,0.007193502276360256,-0.36009,0.1357074865289309,0.013570748652893089,0.0,0.0,0.0,-0.18761999999999993,0.11210662603075704,0.011210662603075704
LEU 109,R LEU 109,0.0,0.0,0.0,-0.010239999999999996,0.00743386844112803,0.0007433868441128029,-0.0014700000000000912,0.012713343384019892,0.0012713343384019892,0.004539999999999999,0.014517864856789384,0.0014517864856789385,0.0,0.0,0.0,-0.007170000000000205,0.008195187612251702,0.0008195187612251702
VAL 110,R VAL 110,0.0,0.0,0.0,-0.0024199999999999864,0.000814616474176653,8.146164741766531e-05,0.006109999999999829,0.004076505856735629,0.0004076505856735629,-0.012649999999999996,0.005676926985614676,0.0005676926985614676,0.0,0.0,0.0,-0.008960000000000176,0.004843387244481028,0.00048433872444810275
THR 111,R THR 111,0.0,0.0,0.0,-0.0006499999999999773,0.00047696960070845606,4.7696960070845603e-05,0.004359999999999937,0.008959374978200233,0.0008959374978200233,-0.00497000000000012,0.00968654221071701,0.0009686542210717009,0.0,0.0,0.0,-0.0012600000000001189,0.0033514772862127252,0.0003351477286212725
ILE 112,R ILE 112,0.0,0.0,0.0,-0.0024200000000000354,0.0007769169839821618,7.769169839821618e-05,-0.00039999999999999866,0.006979971346646061,0.0006979971346646062,-0.008170000000000004,0.008568611322729016,0.0008568611322729016,0.0,0.0,0.0,-0.010989999999999967,0.006070411847642781,0.0006070411847642781
LYS 113,R LYS 113,0.0,0.0,0.0,-0.0004400000000000004,0.0004963869458396348,4.963869458396348e-05,0.004240000000000011,0.06632407104513409,0.006632407104513409,0.0038400000000002165,0.10336244192161884,0.010336244192161883,0.0,0.0,0.0,0.007639999999999852,0.07701707862545805,0.007701707862545805
ILE 114,R ILE 114,0.0,0.0,0.0,-0.0012899999999999778,0.0004958830507286993,4.958830507286993e-05,-0.004780000000000004,0.006677694212825256,0.0006677694212825256,0.0009199999999999994,0.007438655792547467,0.0007438655792547466,0.0,0.0,0.0,-0.005149999999999783,0.0041240150339201444,0.00041240150339201444
GLY 115,R GLY 115,0.0,0.0,0.0,-9.000000000000007e-05,0.000286181760425084,2.86181760425084e-05,0.0026100000000000047,0.0034026313347173057,0.00034026313347173057,-0.002749999999999997,0.004299709292498742,0.0004299709292498742,0.0,0.0,0.0,-0.00023000000000000353,0.0025762569747600937,0.0002576256974760094
GLY 116,R GLY 116,0.0,0.0,0.0,-5.000000000000004e-05,0.0002179449471770339,2.179449471770339e-05,0.001769999999999996,0.0027923287772037087,0.00027923287772037086,-0.0019899999999999952,0.003798670820168551,0.0003798670820168551,0.0,0.0,0.0,-0.00026999999999998136,0.0024118664971345283,0.00024118664971345283
GLN 117,R GLN 117,0.0,0.0,0.0,-0.00037999999999998034,0.0004853864439804389,4.853864439804389e-05,-0.002029999999999976,0.01207183084705879,0.001207183084705879,0.0023100000000000785,0.012871437371171862,0.0012871437371171862,0.0,0.0,0.0,-9.999999999884324e-05,0.003988734135035924,0.0003988734135035924
LEU 118,R LEU 118,0.0,0.0,0.0,-0.0004700000000000104,0.0004990991885387224,4.990991885387224e-05,0.0010400000000000366,0.002092462663944112,0.0002092462663944112,-0.0003499999999999998,0.0030540956108150914,0.00030540956108150914,0.0,0.0,0.0,0.00022000000000002017,0.0019676381781210945,0.00019676381781210945
LYS 119,R LYS 119,0.0,0.0,0.0,-0.002169999999999992,0.0009386692708297088,9.386692708297087e-05,-0.24691999999999983,0.1675736065136753,0.016757360651367532,0.23732999999999968,0.1928114651674012,0.01928114651674012,0.0,0.0,0.0,-0.011760000000000517,0.08189274937380005,0.008189274937380005
GLU 120,R GLU 120,0.0,0.0,0.0,-0.0028699999999999993,0.0015978422950967204,0.00015978422950967204,0.04227999999999953,0.21189563846384366,0.021189563846384367,-0.04522000000000023,0.23395801247232328,0.02339580124723233,0.0,0.0,0.0,-0.005810000000001096,0.08399770175427375,0.008399770175427375
ALA 121,R ALA 121,0.0,0.0,0.0,-0.004070000000000022,0.0019300518127760389,0.00019300518127760388,-0.0018600000000000038,0.01057546216484179,0.001057546216484179,-0.012440000000000001,0.01306776185886474,0.0013067761858864741,0.0,0.0,0.0,-0.01837000000000005,0.011608320291928553,0.0011608320291928553
LEU 122,R LEU 122,0.0,0.0,0.0,-0.1738200000000001,0.19547891855645197,0.0195478918556452,0.008719999999999927,0.03213536369795742,0.003213536369795742,-0.04718999999999998,0.04532431907927577,0.004532431907927577,0.0,0.0,0.0,-0.21228999999999984,0.20682008098828297,0.020682008098828298
LEU 123,R LEU 123,0.0,0.0,0.0,-0.012370000000000018,0.004444445972221898,0.0004444445972221898,0.008489999999999975,0.0042508704990860706,0.0004250870499086071,-0.0004800000000000007,0.013961719091859717,0.0013961719091859716,0.0,0.0,0.0,-0.004360000000000026,0.010451334842975824,0.0010451334842975825
ASP 124,R ASP 124,0.0,0.0,0.0,-0.5444900000000001,0.32110520067417136,0.03211052006741714,-3.7645699999999986,3.152954700768791,0.3152954700768791,12.868729999999992,7.286031767505574,0.7286031767505574,0.0,0.0,0.0,8.559669999999997,5.027066257878446,0.5027066257878446
THR 125,R THR 125,0.0,0.0,0.0,-0.3207799999999999,0.20964859074174577,0.02096485907417458,0.07293999999999996,0.09733599745212472,0.009733599745212472,0.38285,0.6300848573803373,0.06300848573803372,0.0,0.0,0.0,0.13501000000000002,0.5491954933354791,0.05491954933354791
GLY 126,R GLY 126,0.0,0.0,0.0,-0.5199999999999999,0.1652934965447829,0.01652934965447829,-0.042220000000000014,0.06920441893405362,0.006920441893405361,0.23033000000000003,0.1080536029015229,0.01080536029015229,0.0,0.0,0.0,-0.33189,0.16672887542354511,0.016672887542354513
ALA 127,R ALA 127,0.0,0.0,0.0,-0.4220899999999998,0.19130206977448047,0.019130206977448046,0.015419999999999996,0.04572377499725934,0.004572377499725934,-0.12591,0.10230621633116914,0.010230621633116914,0.0,0.0,0.0,-0.5325800000000004,0.25345517078962837,0.025345517078962838
ASP 128,R ASP 128,0.0,0.0,0.0,-0.43964000000000003,0.6283394547535591,0.06283394547535591,-2.9870899999999994,3.747703374321399,0.37477033743213994,4.172059999999999,2.8152670239961255,0.2815267023996125,0.0,0.0,0.0,0.7453300000000007,2.0487321106235425,0.20487321106235426
ASP 129,R ASP 129,0.0,0.0,0.0,-0.07073,0.035564548359286095,0.0035564548359286094,-0.07144000000000023,0.644931582727967,0.0644931582727967,0.11463999999999999,0.6570246193256384,0.06570246193256384,0.0,0.0,0.0,-0.0275300000000005,0.13341210252447086,0.013341210252447087
THR 130,R THR 130,0.0,0.0,0.0,-0.015730000000000043,0.004545008250817548,0.0004545008250817548,-0.015660000000000115,0.024112328796696402,0.00241123287966964,0.04864000000000001,0.04108248288504479,0.004108248288504479,0.0,0.0,0.0,0.017249999999999998,0.02746866396459828,0.0027468663964598282
VAL 131,R VAL 131,0.0,0.0,0.0,-0.17141999999999996,0.15083455704844304,0.015083455704844304,-0.01738000000000003,0.034674711246093975,0.0034674711246093976,0.00010999999999999912,0.03754940612047013,0.003754940612047013,0.0,0.0,0.0,-0.1886899999999999,0.15117563924124858,0.015117563924124857
LEU 132,R LEU 132,0.0,0.0,0.0,-0.010659999999999989,0.004720635550431867,0.00047206355504318665,0.002939999999999987,0.005482371749525976,0.0005482371749525976,-0.0033299999999999996,0.006961400721119281,0.0006961400721119281,0.0,0.0,0.0,-0.011049999999999697,0.008516307885463141,0.0008516307885463141
GLU 133,R GLU 133,0.0,0.0,0.0,-0.01488999999999999,0.007868792791781985,0.0007868792791781984,0.49758000000000024,0.3152617699626768,0.03152617699626768,-0.4900199999999998,0.3242834247999731,0.032428342479997305,0.0,0.0,0.0,-0.007329999999999259,0.08284311136117513,0.008284311136117512
GLU 134,R GLU 134,0.0,0.0,0.0,-0.004270000000000026,0.0021206366968436726,0.00021206366968436725,0.44296999999999925,0.22042270550013646,0.022042270550013645,-0.45269999999999966,0.24175729564999757,0.024175729564999755,0.0,0.0,0.0,-0.014000000000000411,0.09219381758013918,0.009219381758013918
MET 135,R MET 135,0.0,0.0,0.0,-0.001830000000000016,0.0007078841713161831,7.078841713161831e-05,-0.009029999999999996,0.010985859092487943,0.0010985859092487943,0.012239999999999987,0.011306741351954598,0.0011306741351954598,0.0,0.0,0.0,0.0013800000000000168,0.00999277739169652,0.000999277739169652
SER 136,R SER 136,0.0,0.0,0.0,-0.0003200000000000014,0.0004664761515876262,4.664761515876262e-05,-0.007640000000000098,0.007747928755480492,0.0007747928755480492,0.007959999999999941,0.008393950202377952,0.0008393950202377952,0.0,0.0,0.0,-1.509903313490213e-16,0.003013303834663827,0.0003013303834663827
LEU 137,R LEU 137,0.0,0.0,0.0,-0.00121999999999995,0.00045999999999992797,4.59999999999928e-05,-0.0064200000000000125,0.006124018288672907,0.0006124018288672907,0.004570000000000001,0.006778281493121987,0.0006778281493121988,0.0,0.0,0.0,-0.003069999999999906,0.00326574646903275,0.00032657464690327503
PRO 138,R PRO 138,0.0,0.0,0.0,-0.00021999999999999575,0.0004142463035441517,4.1424630354415165e-05,-0.023499999999999997,0.02248710741736251,0.0022487107417362507,0.023909999999999956,0.029297472587238648,0.0029297472587238647,0.0,0.0,0.0,0.0001900000000003743,0.017042121346827668,0.0017042121346827668
GLY 139,R GLY 139,0.0,0.0,0.0,-4.000000000000004e-05,0.00019595917942265444,1.9595917942265444e-05,0.0036,0.0030364452901377893,0.0003036445290137789,-0.0040500000000000015,0.004000937390162465,0.00040009373901624655,0.0,0.0,0.0,-0.0004900000000000481,0.0024145185855570157,0.00024145185855570158
ARG 140,R ARG 140,0.0,0.0,0.0,-0.0003799999999999959,0.00048538644398045877,4.853864439804588e-05,-0.10050999999999988,0.07044096748341841,0.007044096748341841,0.11397999999999947,0.09381737365754769,0.00938173736575477,0.0,0.0,0.0,0.013089999999996849,0.05498419682054264,0.005498419682054264
TRP 141,R TRP 141,0.0,0.0,0.0,-0.0015300000000000313,0.0004990991885387806,4.990991885387806e-05,0.006039999999999903,0.0042659582745264,0.00042659582745264003,-0.006909999999999972,0.004856119850250834,0.0004856119850250834,0.0,0.0,0.0,-0.0023999999999997712,0.0024413111231459494,0.00024413111231459493
LYS 142,R LYS 142,0.0,0.0,0.0,-0.0015500000000000513,0.0006689544080129721,6.689544080129721e-05,-0.12662000000000007,0.1451341985887546,0.01451341985887546,0.14863000000000035,0.16990848448503146,0.016990848448503147,0.0,0.0,0.0,0.02046000000000049,0.0754162343265706,0.00754162343265706
PRO 143,R PRO 143,0.0,0.0,0.0,-0.0012500000000000022,0.0004330127018922241,4.330127018922241e-05,-0.05679000000000002,0.026791526645564674,0.0026791526645564673,0.06263000000000002,0.032064202781294786,0.0032064202781294784,0.0,0.0,0.0,0.004590000000000014,0.01675475753331,0.0016754757533309998
LYS 144,R LYS 144,0.0,0.0,0.0,-0.02372000000000001,0.019261401818143935,0.0019261401818143936,-0.17298000000000002,0.40982625538147266,0.040982625538147265,0.2039800000000001,0.429736732895851,0.0429736732895851,0.0,0.0,0.0,0.007279999999999518,0.11597267609225911,0.01159726760922591
MET 145,R MET 145,0.0,0.0,0.0,-0.01899999999999994,0.004989989979949822,0.0004989989979949822,-0.01339000000000002,0.028380942549534875,0.0028380942549534873,0.017690000000000015,0.030939520035061938,0.0030939520035061937,0.0,0.0,0.0,-0.014700000000000166,0.007790378681425058,0.0007790378681425058
ILE 146,R ILE 146,0.0,0.0,0.0,-0.73187,0.2680862046059063,0.026808620460590633,-0.01200000000000004,0.04484350566135526,0.004484350566135526,0.05716000000000001,0.05817847024458447,0.005817847024458447,0.0,0.0,0.0,-0.6867100000000004,0.25680386659861654,0.025680386659861654
GLY 147,R GLY 147,0.0,0.0,0.0,-0.15346,0.07912211068974331,0.007912211068974332,0.035449999999999995,0.022331312097590688,0.002233131209759069,-0.06914,0.035061950886965794,0.0035061950886965793,0.0,0.0,0.0,-0.18715,0.10548339916783114,0.010548339916783115
GLY 148,R GLY 148,0.0,0.0,0.0,-0.19639999999999996,0.11614137936153525,0.011614137936153525,0.10446000000000001,0.05368080103724236,0.0053680801037242366,-0.13497000000000006,0.06308319189768365,0.006308319189768365,0.0,0.0,0.0,-0.22691000000000008,0.13358563508102184,0.013358563508102184
ILE 149,R ILE 149,0.0,0.0,0.0,-1.0624199999999995,0.5914706954701993,0.059147069547019926,-0.07826000000000002,0.0782348541252554,0.00782348541252554,0.12216999999999997,0.09491470434026544,0.009491470434026544,0.0,0.0,0.0,-1.0185099999999996,0.6014052958695995,0.060140529586959944
GLY 150,R GLY 150,0.0,0.0,0.0,-0.10259000000000001,0.11125700831857738,0.011125700831857738,0.08086000000000002,0.057781488385122044,0.005778148838512204,-0.10865000000000004,0.06849983576622641,0.006849983576622641,0.0,0.0,0.0,-0.13038000000000005,0.12396505798006134,0.012396505798006134
GLY 151,R GLY 151,0.0,0.0,0.0,-0.017059999999999995,0.009365703390562835,0.0009365703390562836,0.05337000000000001,0.02125777740028335,0.002125777740028335,-0.061110000000000005,0.02382053525846971,0.0023820535258469713,0.0,0.0,0.0,-0.024800000000000013,0.014055603864651321,0.0014055603864651322
PHE 152,R PHE 152,0.0,0.0,0.0,-0.08801999999999997,0.03651985213551664,0.0036519852135516637,0.013070000000000009,0.023812708791735533,0.0023812708791735534,-0.027700000000000023,0.03838293891822248,0.0038382938918222484,0.0,0.0,0.0,-0.10264999999999988,0.05863657135269811,0.005863657135269811
ILE 153,R ILE 153,0.0,0.0,0.0,-0.2602099999999999,0.21507018831070027,0.021507018831070028,-0.06830000000000001,0.03832949256121188,0.003832949256121188,0.07700999999999997,0.04359483799717585,0.0043594837997175855,0.0,0.0,0.0,-0.2515000000000001,0.20692619457188158,0.020692619457188158
LYS 154,R LYS 154,0.0,0.0,0.0,-0.007629999999999999,0.0023522542379598448,0.00023522542379598448,-0.3895,0.15172979272377562,0.015172979272377563,0.40793000000000035,0.1630227747892925,0.01630227747892925,0.0,0.0,0.0,0.010800000000000764,0.06637318735754563,0.006637318735754563
VAL 155,R VAL 155,0.0,0.0,0.0,-0.029720000000000014,0.011840675656397254,0.0011840675656397254,-0.014599999999999946,0.015035291816256855,0.0015035291816256854,0.013310000000000004,0.01823386684167679,0.0018233866841676789,0.0,0.0,0.0,-0.031009999999999857,0.016628586831117124,0.0016628586831117123
ARG 156,R ARG 156,0.0,0.0,0.0,-0.003570000000000029,0.0010025467570142772,0.00010025467570142772,-0.31397000000000175,0.14249311948301124,0.014249311948301124,0.32542000000000004,0.1675304258933285,0.01675304258933285,0.0,0.0,0.0,0.00788000000000153,0.08393536560950011,0.008393536560950012
GLN 157,R GLN 157,0.0,0.0,0.0,-0.005960000000000032,0.0022756098083810215,0.00022756098083810214,0.010490000000000103,0.0257140020222446,0.00257140020222446,-0.015660000000000056,0.02550106664435819,0.002550106664435819,0.0,0.0,0.0,-0.011130000000000351,0.010211420077540605,0.0010211420077540605
TYR 158,R TYR 158,0.0,0.0,0.0,-0.0022000000000000418,0.0005099019513592952,5.0990195135929514e-05,0.0007499999999999973,0.007685538367609666,0.0007685538367609667,-0.000550000000000006,0.008145397473420178,0.0008145397473420179,0.0,0.0,0.0,-0.0020000000000000907,0.0034785054261852254,0.0003478505426185225
ASP 159,R ASP 159,0.0,0.0,0.0,-0.0009400000000000086,0.00042000000000002197,4.20000000000022e-05,0.08427999999999955,0.16830294590410436,0.016830294590410435,-0.09353999999999989,0.19304550862426195,0.019304550862426197,0.0,0.0,0.0,-0.010200000000001026,0.08467337243785736,0.008467337243785737
GLN 160,R GLN 160,0.0,0.0,0.0,-0.0005400000000000049,0.0004983974317750893,4.9839743177508935e-05,-0.0034700000000000095,0.012217573408823786,0.0012217573408823787,0.0038599999999999832,0.013382092512010184,0.0013382092512010185,0.0,0.0,0.0,-0.0001499999999988688,0.004461782155148381,0.0004461782155148381
ILE 161,R ILE 161,0.0,0.0,0.0,-0.0010899999999999643,0.00040236799077457116,4.0236799077457116e-05,-0.00484,0.00765077773824339,0.000765077773824339,0.0011500000000000054,0.00826604500350681,0.0008266045003506811,0.0,0.0,0.0,-0.004779999999999873,0.0038277408480720094,0.0003827740848072009
LEU 162,R LEU 162,0.0,0.0,0.0,-0.00040999999999997706,0.0004918333050942901,4.918333050942901e-05,7.000000000007667e-05,0.0015700636929754934,0.00015700636929754934,0.000849999999999993,0.00297111090334912,0.000297111090334912,0.0,0.0,0.0,0.0005099999999999283,0.002791039232974094,0.0002791039232974094
ILE 163,R ILE 163,0.0,0.0,0.0,-0.0019700000000000095,0.0005736723803705246,5.736723803705246e-05,0.0003200000000000247,0.007073726033710936,0.0007073726033710936,-0.008400000000000001,0.009115920140062659,0.0009115920140062659,0.0,0.0,0.0,-0.010050000000000128,0.005970552738231304,0.0005970552738231304
GLU 164,R GLU 164,0.0,0.0,0.0,-0.00041000000000003924,0.0004918333050943647,4.918333050943647e-05,-0.0316899999999999,0.07962947883792763,0.007962947883792763,0.038500000000000145,0.12218850191405067,0.012218850191405067,0.0,0.0,0.0,0.006400000000000858,0.09354421414496918,0.009354421414496918
ILE 165,R ILE 165,0.0,0.0,0.0,-0.0020399999999999884,0.0005642694391866333,5.642694391866333e-05,0.00689000000000004,0.0060446587993036975,0.0006044658799303698,-0.01710999999999999,0.008788509543716749,0.0008788509543716748,0.0,0.0,0.0,-0.012259999999999983,0.006671761386620498,0.0006671761386620497
CYS 166,R CYS 166,0.0,0.0,0.0,-0.00043999999999999373,0.0004963869458396274,4.9638694583962735e-05,-0.0031499999999999896,0.004956561308003766,0.0004956561308003765,0.00804000000000001,0.01173620040728686,0.0011736200407286858,0.0,0.0,0.0,0.004450000000000199,0.01051320598105076,0.001051320598105076
GLY 167,R GLY 167,0.0,0.0,0.0,-2.000000000000002e-05,0.00014000000000000012,1.4000000000000012e-05,-0.0025300000000000006,0.002439077694539475,0.0002439077694539475,0.0032000000000000006,0.0037013511046643487,0.0003701351104664349,0.0,0.0,0.0,0.0006500000000000106,0.002927029210650305,0.0002927029210650305
HIE 168,R HIE 168,0.0,0.0,0.0,-0.0004600000000000204,0.0004983974317751067,4.983974317751067e-05,0.004729999999999912,0.008788464029624264,0.0008788464029624264,-0.007139999999999932,0.01371424077373591,0.001371424077373591,0.0,0.0,0.0,-0.002870000000000328,0.00825064239923159,0.000825064239923159
LYS 169,R LYS 169,0.0,0.0,0.0,-0.00027999999999997363,0.0004489988864128307,4.489988864128307e-05,0.021170000000000008,0.06214129947144655,0.006214129947144655,-0.02194000000000024,0.09945298587775035,0.009945298587775035,0.0,0.0,0.0,-0.0010500000000008213,0.07545308144800947,0.007545308144800947
ALA 170,R ALA 170,0.0,0.0,0.0,-0.0005200000000000138,0.0004995998398718852,4.9959983987188524e-05,0.004260000000000006,0.005790716708663961,0.0005790716708663961,-0.009110000000000005,0.00718038299814153,0.000718038299814153,0.0,0.0,0.0,-0.005369999999999977,0.004151276911987429,0.0004151276911987429
ILE 171,R ILE 171,0.0,0.0,0.0,-0.0006299999999999794,0.00048280430818291683,4.8280430818291684e-05,0.00010999999999999454,0.0029082468946084344,0.0002908246894608434,0.0006799999999999979,0.004556050921576707,0.0004556050921576707,0.0,0.0,0.0,0.00015999999999995572,0.0035908773301239383,0.00035908773301239385
GLY 172,R GLY 172,0.0,0.0,0.0,-0.0003099999999999958,0.0004624932431938809,4.624932431938809e-05,-0.0002399999999999991,0.0056887960061861986,0.0005688796006186198,0.0016899999999999992,0.0065904400460060335,0.0006590440046006033,0.0,0.0,0.0,0.0011400000000000498,0.0030133702062640614,0.0003013370206264061
THR 173,R THR 173,0.0,0.0,0.0,-0.004690000000000012,0.001598092613085981,0.0001598092613085981,-3.0000000000063308e-05,0.018398073268687712,0.0018398073268687711,-0.005640000000000023,0.016954362270519063,0.0016954362270519062,0.0,0.0,0.0,-0.010360000000000084,0.010274745738946317,0.0010274745738946317
VAL 174,R VAL 174,0.0,0.0,0.0,-0.004349999999999978,0.001143459662602957,0.0001143459662602957,-0.0028000000000000112,0.0034205262752973298,0.00034205262752973295,0.0003400000000000011,0.0043959526840037745,0.0004395952684003774,0.0,0.0,0.0,-0.0068099999999998075,0.003214638393350206,0.00032146383933502056
LEU 175,R LEU 175,0.0,0.0,0.0,-0.05513000000000002,0.030151170789871534,0.0030151170789871535,-0.010700000000000029,0.02555406034273227,0.002555406034273227,0.002210000000000006,0.02470801287032205,0.0024708012870322048,0.0,0.0,0.0,-0.06362000000000034,0.035510499855676676,0.0035510499855676675
VAL 176,R VAL 176,0.0,0.0,0.0,-0.005320000000000027,0.0017080983578236784,0.00017080983578236783,-0.0028899999999999083,0.002336214887376674,0.0002336214887376674,0.003220000000000001,0.0057958260843472545,0.0005795826084347255,0.0,0.0,0.0,-0.004989999999999997,0.006487672926404269,0.0006487672926404269
GLY 177,R GLY 177,0.0,0.0,0.0,-0.004150000000000009,0.0029912372022292168,0.00029912372022292166,0.02365,0.012700688957690442,0.0012700688957690443,-0.022819999999999986,0.014923391035552224,0.0014923391035552224,0.0,0.0,0.0,-0.0033199999999999875,0.011219518706254789,0.0011219518706254788
PRO 178,R PRO 178,0.0,0.0,0.0,-0.07269000000000002,0.11198729347564394,0.011198729347564395,-0.22633,0.1120968380463963,0.011209683804639629,0.23435000000000009,0.12087790327433695,0.012087790327433696,0.0,0.0,0.0,-0.06467000000000006,0.10311353499904859,0.01031135349990486
THR 179,R THR 179,0.0,0.0,0.0,-0.36324000000000006,0.325125671702497,0.0325125671702497,0.23263999999999996,0.26620828386810197,0.026620828386810198,0.28432000000000024,0.6286547364014687,0.06286547364014687,0.0,0.0,0.0,0.15371999999999988,0.3933316941208779,0.03933316941208779
PRO 180,R PRO 180,0.0,0.0,0.0,-0.71476,0.45616552083646145,0.04561655208364614,-0.49634000000000017,0.3053586488049746,0.03053586488049746,0.5221399999999999,0.2737733741619152,0.02737733741619152,0.0,0.0,0.0,-0.6889599999999999,0.4405616170298992,0.04405616170298992
VAL 181,R VAL 181,0.0,0.0,0.0,-0.23708999999999983,0.2586230884897945,0.02586230884897945,-0.02878,0.053505435237926946,0.005350543523792694,0.02438999999999997,0.04601345346743708,0.004601345346743708,0.0,0.0,0.0,-0.2414800000000003,0.2627112666027098,0.026271126660270983
ASN 182,R ASN 182,0.0,0.0,0.0,-0.014759999999999995,0.008746565040060002,0.0008746565040060002,0.03659,0.04558313174848781,0.004558313174848781,-0.019760000000000017,0.05054089829039451,0.005054089829039451,0.0,0.0,0.0,0.002069999999999723,0.022850494524188376,0.0022850494524188376
ILE 183,R ILE 183,0.0,0.0,0.0,-0.5436699999999999,0.3753762393918937,0.03753762393918937,-0.010870000000000046,0.03836864735692412,0.003836864735692412,-0.07308999999999999,0.0856984358083623,0.00856984358083623,0.0,0.0,0.0,-0.6276299999999999,0.43671159029730366,0.043671159029730365
ILE 184,R ILE 184,0.0,0.0,0.0,-0.013159999999999972,0.003959090804717666,0.00039590908047176657,0.010290000000000007,0.005950285707426172,0.0005950285707426172,-0.020459999999999985,0.009138293057239972,0.0009138293057239972,0.0,0.0,0.0,-0.023330000000000038,0.010132181403824122,0.0010132181403824123
GLY 185,R GLY 185,0.0,0.0,0.0,-0.010340000000000005,0.0026841013393685154,0.00026841013393685153,-0.01265,0.01569546112734507,0.0015695461127345068,0.05155999999999998,0.0314067890749755,0.0031406789074975502,0.0,0.0,0.0,0.028569999999999998,0.025071599470317032,0.002507159947031703
ARG 186,R ARG 186,0.0,0.0,0.0,-0.22989000000000012,0.15060039143375412,0.015060039143375411,0.9560900000000001,0.63265243372645,0.063265243372645,-1.2399100000000007,0.9078772504584517,0.09078772504584517,0.0,0.0,0.0,-0.513709999999997,0.6804832590887158,0.06804832590887158
ASN 187,R ASN 187,0.0,0.0,0.0,-0.011210000000000013,0.002430205752606243,0.00024302057526062428,-0.02408999999999999,0.04152062017841258,0.004152062017841258,0.14456000000000002,0.10034264497211538,0.010034264497211539,0.0,0.0,0.0,0.1092600000000013,0.09013419107087008,0.009013419107087008
LEU 188,R LEU 188,0.0,0.0,0.0,-0.004760000000000018,0.0009068627239004608,9.068627239004607e-05,-0.0010500000000000932,0.008244240413767633,0.0008244240413767633,-0.010730000000000003,0.011853990889147835,0.0011853990889147835,0.0,0.0,0.0,-0.01654000000000029,0.009157969207198417,0.0009157969207198417
LEU 189,R LEU 189,0.0,0.0,0.0,-0.014599999999999955,0.0025298221281346645,0.00025298221281346646,0.022939999999999933,0.011618795118255578,0.0011618795118255578,-0.06380999999999999,0.03204393702403001,0.003204393702403001,0.0,0.0,0.0,-0.05546999999999979,0.02727396377499951,0.002727396377499951
THR 190,R THR 190,0.0,0.0,0.0,-0.0032300000000000397,0.0007050531894828886,7.050531894828886e-05,0.020790000000000006,0.015584797079205136,0.0015584797079205136,-0.029679999999999998,0.029612119140649186,0.0029612119140649184,0.0,0.0,0.0,-0.012120000000000318,0.01910668992787624,0.0019106689927876242
GLN 191,R GLN 191,0.0,0.0,0.0,-0.0013800000000000123,0.0004853864439805011,4.853864439805011e-05,0.016149999999999953,0.020450122249023393,0.0020450122249023395,-0.02227999999999997,0.02302393537169529,0.002302393537169529,0.0,0.0,0.0,-0.0075100000000009005,0.010096033874744724,0.0010096033874744724
ILE 192,R ILE 192,0.0,0.0,0.0,-0.0017199999999999082,0.00044899888641282523,4.4899888641282526e-05,0.007070000000000001,0.004617910783027325,0.0004617910783027325,-0.013979999999999998,0.006392151437505232,0.0006392151437505233,0.0,0.0,0.0,-0.008629999999999702,0.004755323332855633,0.00047553233328556335
GLY 193,R GLY 193,0.0,0.0,0.0,-0.00012000000000000011,0.0003249615361854388,3.249615361854388e-05,-0.007400000000000005,0.003331666249791529,0.00033316662497915293,0.008820000000000001,0.004320601809933429,0.0004320601809933429,0.0,0.0,0.0,0.0012999999999999967,0.003299999999999955,0.0003299999999999955
CYS 194,R CYS 194,0.0,0.0,0.0,-0.0024700000000000212,0.0005376802023507856,5.376802023507856e-05,-0.01884000000000004,0.011159498196603635,0.0011159498196603634,0.051989999999999974,0.03733162064523857,0.0037331620645238567,0.0,0.0,0.0,0.030680000000000155,0.030091819486365322,0.0030091819486365323
THR 195,R THR 195,0.0,0.0,0.0,-0.0015700000000000447,0.0004950757517794894,4.950757517794894e-05,0.012770000000000028,0.010630009407333484,0.0010630009407333484,-0.022260000000000012,0.02578240485292247,0.0025782404852922472,0.0,0.0,0.0,-0.011059999999999555,0.017156235018208493,0.0017156235018208493
LEU 196,R LEU 196,0.0,0.0,0.0,-0.018490000000000027,0.006950532353712184,0.0006950532353712184,0.029080000000000005,0.008848367080992984,0.0008848367080992984,-0.055230000000000015,0.022762185747418864,0.0022762185747418865,0.0,0.0,0.0,-0.044640000000000145,0.018873007179567487,0.0018873007179567487
ASN 197,R ASN 197,0.0,0.0,0.0,-0.0010300000000000597,0.00026286878856194727,2.6286878856194727e-05,0.006270000000000002,0.01961879456031898,0.001961879456031898,-0.005280000000000032,0.04129868763048045,0.004129868763048045,0.0,0.0,0.0,-4.000000000104364e-05,0.02434827303937524,0.002434827303937524
PHE 198,R PHE 198,0.0,0.0,0.0,-0.0030400000000001003,0.0009891410415103004,9.891410415103004e-05,-0.07595000000000013,0.01957772969473234,0.001957772969473234,0.08787999999999997,0.02770280852188096,0.002770280852188096,0.0,0.0,0.0,0.008889999999999483,0.02671624786529738,0.002671624786529738
1IN 199,L 1IN   1,0.0,0.0,0.0,-32.93917999999999,3.3852418418187127,0.33852418418187125,-18.996039999999997,3.9473410314286363,0.3947341031428636,32.84326999999999,3.967444446630733,0.3967444446630733,0.0,0.0,0.0,-19.09195,4.913013210596928,0.49130132105969276

Backbone Energy Decomposition:
Residue,Location,Internal,,,van der Waals,,,Electrostatic,,,Polar Solvation,,,Non-Polar Solv.,,,TOTAL,,
,,Avg.,Std. Dev.,Std. Err. of Mean,Avg.,Std. Dev.,Std. Err. of Mean,Avg.,Std. Dev.,Std. Err. of Mean,Avg.,Std. Dev.,Std. Err. of Mean,Avg.,Std. Dev.,Std. Err. of Mean
PRO   1,R PRO   1,0.0,0.0,0.0,-0.0004699999999999949,0.0004990991885387056,4.990991885387056e-05,0.18793000000000026,0.054584659932988486,0.005458465993298849,-0.19136999999999993,0.07027825481612358,0.007027825481612358,0.0,0.0,0.0,-0.003909999999999521,0.0607378127693118,0.00607378127693118
GLN   2,R GLN   2,0.0,0.0,0.0,-0.0006399999999999951,0.00047999999999999616,4.7999999999999615e-05,0.007610000000000383,0.005924348065399592,0.0005924348065399592,-0.02612000000000001,0.01523435591024442,0.001523435591024442,0.0,0.0,0.0,-0.019149999999999133,0.01289602651982419,0.001289602651982419
ILE   3,R ILE   3,0.0,0.0,0.0,-0.0018399999999999606,0.000643739077577252,6.437390775772519e-05,-0.03244999999999948,0.012308025836826688,0.0012308025836826688,0.07393999999999998,0.03497851340466035,0.003497851340466035,0.0,0.0,0.0,0.03965000000000097,0.02951012538096155,0.0029510125380961547
THR   4,R THR   4,0.0,0.0,0.0,-0.0034000000000000076,0.001296148139681569,0.0001296148139681569,-0.033970000000000194,0.02055891777307357,0.002055891777307357,0.03047000000000005,0.028479977176957157,0.002847997717695716,0.0,0.0,0.0,-0.006900000000000397,0.014493791774411697,0.0014493791774411696
LEU   5,R LEU   5,0.0,0.0,0.0,-0.0073799999999999664,0.0021944475386757437,0.00021944475386757439,-0.03684999999999945,0.028490831858687452,0.0028490831858687454,0.059579999999999946,0.040938290145046456,0.004093829014504646,0.0,0.0,0.0,0.015350000000000686,0.02778682241638869,0.002778682241638869
TRP   6,R TRP   6,0.0,0.0,0.0,-0.005299999999999974,0.0014387494569938024,0.00014387494569938024,-0.0015200000000007209,0.025638049847833484,0.0025638049847833484,0.005410000000000034,0.025781037605185696,0.0025781037605185696,0.0,0.0,0.0,-0.0014100000000008418,0.005539124479554442,0.0005539124479554442
GLN   7,R GLN   7,0.0,0.0,0.0,-0.02107000000000002,0.008980261688837381,0.0008980261688837381,-0.053809999999999435,0.03268201187197595,0.0032682011871975948,0.10480000000000002,0.059096023554889035,0.005909602355488904,0.0,0.0,0.0,0.029920000000000457,0.04960638668558634,0.004960638668558634
ARG   8,R ARG   8,0.0,0.0,0.0,-0.10047000000000002,0.05605773006463963,0.005605773006463963,0.4313799999999995,0.19356434485720725,0.019356434485720726,-0.03182000000000005,0.5457412460131633,0.05457412460131633,0.0,0.0,0.0,0.2990899999999995,0.5361584298507305,0.05361584298507305
PRO   9,R PRO   9,0.0,0.0,0.0,-0.17073,0.10450271336190267,0.010450271336190267,-0.1982400000000001,0.1789004259357703,0.01789004259357703,0.3721199999999999,0.4533225844804118,0.04533225844804118,0.0,0.0,0.0,0.0031499999999993543,0.42568768774771887,0.042568768774771885
LEU  10,R LEU  10,0.0,0.0,0.0,-0.021799999999999983,0.009221713506718805,0.0009221713506718805,-0.030300000000000864,0.02279056822459658,0.0022790568224596583,0.0013699999999999867,0.03267343110234979,0.003267343110234979,0.0,0.0,0.0,-0.05073000000000082,0.028373175712282806,0.0028373175712282806
VAL  11,R VAL  11,0.0,0.0,0.0,-0.006430000000000004,0.0017335224255832819,0.00017335224255832818,-0.0065300000000002,0.016951964487929825,0.0016951964487929825,0.02248000000000002,0.029596107852215982,0.0029596107852215984,0.0,0.0,0.0,0.009519999999999494,0.021182294493278388,0.002118229449327839
THR  12,R THR  12,0.0,0.0,0.0,-0.001690000000000007,0.0004836320915737328,4.836320915737328e-05,-0.02621999999999936,0.010751353403176235,0.0010751353403176235,0.03733999999999998,0.016999541170278708,0.0016999541170278707,0.0,0.0,0.0,0.009430000000001021,0.009509211323764807,0.0009509211323764806
ILE  13,R ILE  13,0.0,0.0,0.0,-0.0010399999999999765,0.0003136877428271587,3.136877428271587e-05,0.007970000000000824,0.007959214785391862,0.0007959214785391861,-0.012359999999999998,0.010156298538345546,0.0010156298538345546,0.0,0.0,0.0,-0.005429999999999607,0.0063233772621912555,0.0006323377262191256
LYS  14,R LYS  14,0.0,0.0,0.0,-0.0006299999999999917,0.00048280430818292626,4.8280430818292626e-05,0.0573100000000008,0.025031857701736816,0.0025031857701736816,-0.05260999999999999,0.03330342174612086,0.003330342174612086,0.0,0.0,0.0,0.004070000000000636,0.021674987889270365,0.0021674987889270365
ILE  15,R ILE  15,0.0,0.0,0.0,-0.0005400000000000038,0.0004983974317750882,4.983974317750881e-05,0.0003000000000005798,0.006248999919987172,0.0006248999919987173,-0.0011199999999999932,0.0087341628104816,0.00087341628104816,0.0,0.0,0.0,-0.001359999999999686,0.005618754310343368,0.0005618754310343368
GLY  16,R GLY  16,0.0,0.0,0.0,-0.00024000000000000022,0.0004270831300812529,4.270831300812529e-05,0.017029999999999816,0.007391150113480774,0.0007391150113480775,-0.016200000000000006,0.008553361912137122,0.0008553361912137121,0.0,0.0,0.0,0.0005899999999998151,0.00479602960791479,0.000479602960791479
GLY  17,R GLY  17,0.0,0.0,0.0,-6.999999999999673e-05,0.0002551470164434495,2.5514701644344954e-05,0.014609999999999772,0.005517055374020218,0.0005517055374020219,-0.013859999999999949,0.006858600440323174,0.0006858600440323174,0.0,0.0,0.0,0.000679999999999783,0.0039009742372902445,0.00039009742372902447
GLN  18,R GLN  18,0.0,0.0,0.0,-0.00035000000000000585,0.00047696960070848094,4.76969600708481e-05,-0.023030000000000116,0.006040620829021545,0.0006040620829021545,0.025919999999999988,0.008302626090581244,0.0008302626090581245,0.0,0.0,0.0,0.0025399999999999,0.005710376519985872,0.0005710376519985872
LEU  19,R LEU  19,0.0,0.0,0.0,-0.0004099999999999937,0.00049183330509431,4.9183330509430994e-05,0.011880000000000451,0.0045853680332112205,0.00045853680332112203,-0.01812000000000004,0.006927163921836988,0.0006927163921836988,0.0,0.0,0.0,-0.006650000000000389,0.0043574648592964,0.00043574648592964
LYS  20,R LYS  20,0.0,0.0,0.0,-0.001439999999999988,0.0004963869458396375,4.963869458396375e-05,0.03301000000000002,0.04533993714155406,0.004533993714155406,-0.018820000000000014,0.05425594529634518,0.005425594529634517,0.0,0.0,0.0,0.012749999999999538,0.026629072458500696,0.0026629072458500694
GLU  21,R GLU  21,0.0,0.0,0.0,-0.005350000000000025,0.0010037429949942315,0.00010037429949942314,-0.03355999999999867,0.0465487529371088,0.0046548752937108796,0.018639999999999986,0.053096802163595525,0.0053096802163595525,0.0,0.0,0.0,-0.020269999999999358,0.023659186376543222,0.0023659186376543224
ALA  22,R ALA  22,0.0,0.0,0.0,-0.025820000000000006,0.0064550445389633055,0.0006455044538963305,-0.010230000000000104,0.032643178460438065,0.0032643178460438063,-0.030890000000000008,0.06003497230781404,0.0060034972307814035,0.0,0.0,0.0,-0.06694000000000017,0.05413941632489206,0.005413941632489206
LEU  23,R LEU  23,0.0,0.0,0.0,-0.18037,0.07946466573263873,0.007946466573263873,-0.15183999999999984,0.1370987760703935,0.01370987760703935,0.06955999999999996,0.18161549052875417,0.01816154905287542,0.0,0.0,0.0,-0.26265000000000027,0.17964038382279138,0.017964038382279137
LEU  24,R LEU  24,0.0,0.0,0.0,-0.3241800000000001,0.23664493994167696,0.023664493994167694,-0.1510999999999997,0.2527477200688472,0.025274772006884723,1.1117799999999998,0.6967374194056186,0.06967374194056186,0.0,0.0,0.0,0.6364999999999997,0.5513025938629338,0.05513025938629338
ASP  25,R ASP  25,0.0,0.0,0.0,-0.21728999999999998,0.07390524947525759,0.007390524947525759,-0.5070700000000001,0.13571177214965555,0.013571177214965554,0.7083800000000001,0.26415683901803444,0.026415683901803443,0.0,0.0,0.0,-0.015980000000000064,0.2323626897761342,0.023236268977613418
THR  26,R THR  26,0.0,0.0,0.0,-0.07311,0.060738438406004465,0.006073843840600447,0.17284000000000013,0.1752036940249829,0.01752036940249829,-0.5408199999999999,0.5119348860939256,0.05119348860939256,0.0,0.0,0.0,-0.44108999999999976,0.40789067395565604,0.040789067395565606
GLY  27,R GLY  27,0.0,0.0,0.0,-0.2640599999999999,0.3375820735761905,0.03375820735761905,0.6864100000000001,0.6004632727319802,0.060046327273198016,-1.0040900000000001,0.7946906831591777,0.07946906831591777,0.0,0.0,0.0,-0.5817399999999998,0.6740323526359839,0.0674032352635984
ALA  28,R ALA  28,0.0,0.0,0.0,-0.16930000000000006,0.19678991335939955,0.019678991335939956,0.21457999999999872,0.12411552521743463,0.012411552521743464,-0.30736999999999987,0.291422430674099,0.029142243067409902,0.0,0.0,0.0,-0.26209000000000143,0.338945868687023,0.033894586868702295
ASP  29,R ASP  29,0.0,0.0,0.0,-0.037170000000000016,0.03479886636084573,0.003479886636084573,-0.23153999999999983,0.07840745117653065,0.007840745117653066,0.35641000000000017,0.18490906386653938,0.01849090638665394,0.0,0.0,0.0,0.08770000000000146,0.12238353647447854,0.012238353647447854
ASP  30,R ASP  30,0.0,0.0,0.0,-0.051690000000000055,0.04426571924186929,0.004426571924186929,-0.6677200000000006,0.15247216664034227,0.015247216664034228,1.1522199999999998,0.8541078337071963,0.08541078337071964,0.0,0.0,0.0,0.4328099999999991,0.7280205174993336,0.07280205174993336
THR  31,R THR  31,0.0,0.0,0.0,-0.027669999999999993,0.012240142973021206,0.0012240142973021207,0.05933000000000007,0.04526611425779848,0.004526611425779848,-0.17891000000000012,0.1454524729937582,0.014545247299375818,0.0,0.0,0.0,-0.14725000000000005,0.1335113759198064,0.01335113759198064
VAL  32,R VAL  32,0.0,0.0,0.0,-0.05558000000000002,0.019449514132748872,0.0019449514132748873,-0.01720000000000006,0.04627245400883769,0.004627245400883769,0.13120999999999994,0.09907162005337349,0.00990716200533735,0.0,0.0,0.0,0.05843000000000005,0.07033651327724412,0.007033651327724412
LEU  33,R LEU  33,0.0,0.0,0.0,-0.021389999999999975,0.004370114414978198,0.0004370114414978198,-0.08088000000000037,0.03343868418463786,0.0033438684184637856,-0.005120000000000009,0.08218470417297856,0.008218470417297856,0.0,0.0,0.0,-0.10739000000000018,0.08833740940281054,0.008833740940281054
GLU  34,R GLU  34,0.0,0.0,0.0,-0.007159999999999992,0.0014947909552843767,0.00014947909552843767,-0.13055999999999954,0.040693567059180466,0.004069356705918047,0.10104,0.0610956495996237,0.00610956495996237,0.0,0.0,0.0,-0.036679999999999935,0.0602632358905507,0.0060263235890550704
GLU  35,R GLU  35,0.0,0.0,0.0,-0.002380000000000009,0.0006128621378417993,6.128621378417993e-05,-0.0206200000000009,0.03083951361484124,0.003083951361484124,0.0045999999999999965,0.03729235846658129,0.003729235846658129,0.0,0.0,0.0,-0.01840000000000104,0.019305957629705776,0.0019305957629705776
MET  36,R MET  36,0.0,0.0,0.0,-0.0009500000000000086,0.0003570714214271501,3.570714214271501e-05,-0.018859999999999388,0.011827949949166841,0.0011827949949166842,0.013729999999999994,0.013347550337046866,0.0013347550337046866,0.0,0.0,0.0,-0.006079999999998666,0.008661039198617779,0.0008661039198617779
SER  37,R SER  37,0.0,0.0,0.0,-0.0004399999999999826,0.0004963869458396148,4.9638694583961475e-05,-0.008989999999999866,0.0069634689630958466,0.0006963468963095846,0.0077800000000000265,0.007781490859726078,0.0007781490859726078,0.0,0.0,0.0,-0.0016500000000004489,0.003790448522273515,0.0003790448522273515
LEU  38,R LEU  38,0.0,0.0,0.0,-0.00026000000000000133,0.00043863424398922854,4.3863424398922855e-05,0.004610000000000696,0.006112110928313569,0.0006112110928313569,-0.0068100000000000304,0.007666413763944652,0.0007666413763944652,0.0,0.0,0.0,-0.0024599999999994093,0.0035225558902590463,0.00035225558902590465
PRO  39,R PRO  39,0.0,0.0,0.0,-0.0002099999999999991,0.00040730823708832434,4.073082370883244e-05,-0.06674000000000013,0.0235353436346275,0.00235353436346275,0.05716999999999998,0.028866955156372182,0.002886695515637218,0.0,0.0,0.0,-0.009779999999999943,0.018693089632267856,0.0018693089632267855
GLY  40,R GLY  40,0.0,0.0,0.0,-0.00014999999999999348,0.000357071421427127,3.57071421427127e-05,0.0030699999999994534,0.006259800316304168,0.0006259800316304168,-0.0038799999999999633,0.0056855606583695005,0.00056855606583695,0.0,0.0,0.0,-0.0009600000000002318,0.0020780760332575103,0.00020780760332575102
ARG  41,R ARG  41,0.0,0.0,0.0,-0.00027000000000001247,0.00044395945760848275,4.4395945760848276e-05,0.04201999999999941,0.023234018163030244,0.0023234018163030244,-0.032690000000000004,0.029426415004210192,0.002942641500421019,0.0,0.0,0.0,0.009059999999999686,0.01811563965196943,0.001811563965196943
TRP  42,R TRP  42,0.0,0.0,0.0,-0.00032999999999999474,0.0004702127178203425,4.702127178203425e-05,0.023199999999999648,0.008582540416449944,0.0008582540416449943,-0.01972000000000002,0.008540585460025554,0.0008540585460025554,0.0,0.0,0.0,0.003150000000000327,0.004866980583482874,0.0004866980583482874
LYS  43,R LYS  43,0.0,0.0,0.0,-0.0008600000000000119,0.00034698703145795407,3.4698703145795406e-05,0.04619000000000028,0.03229170017202607,0.0032291700172026065,-0.037519999999999956,0.038187296316969044,0.0038187296316969043,0.0,0.0,0.0,0.007810000000000201,0.020847395520783824,0.0020847395520783825
PRO  44,R PRO  44,0.0,0.0,0.0,-0.0013899999999999846,0.0005078385570237941,5.078385570237941e-05,-0.05002999999999986,0.03221566544400504,0.0032215665444005038,0.045109999999999977,0.0356748917307397,0.0035674891730739697,0.0,0.0,0.0,-0.006309999999999692,0.01713458199081628,0.0017134581990816279
LYS  45,R LYS  45,0.0,0.0,0.0,-0.005220000000000009,0.001382606234616336,0.0001382606234616336,0.12575999999999943,0.10075813813285671,0.010075813813285671,-0.12073,0.10027610433198922,0.010027610433198922,0.0,0.0,0.0,-0.00018999999999991246,0.026421088168355856,0.0026421088168355855
MET  46,R MET  46,0.0,0.0,0.0,-0.023020000000000013,0.018491608907826255,0.0018491608907826255,-0.02801999999999978,0.06894794848289562,0.006894794848289562,0.057719999999999994,0.08309020158839428,0.008309020158839428,0.0,0.0,0.0,0.006679999999999564,0.038941977350923786,0.0038941977350923787
ILE  47,R ILE  47,0.0,0.0,0.0,-0.17221000000000009,0.07788084424298425,0.007788084424298425,0.2025000000000003,0.2953053165793,0.029530531657929997,-0.20948999999999995,0.358114911585653,0.0358114911585653,0.0,0.0,0.0,-0.1791999999999985,0.12271658404632906,0.012271658404632905
GLY  48,R GLY  48,0.0,0.0,0.0,-1.2341199999999999,0.3658574389020965,0.036585743890209646,-1.4811,0.6304754634400931,0.0630475463440093,3.48834,0.713405175478845,0.0713405175478845,0.0,0.0,0.0,0.7731200000000004,0.5379312833438864,0.05379312833438864
GLY  49,R GLY  49,0.0,0.0,0.0,-1.2892900000000003,0.34694213624176434,0.034694213624176434,-1.37632,0.6598541032682904,0.06598541032682904,3.3681100000000015,0.7773794040878578,0.07773794040878577,0.0,0.0,0.0,0.7025000000000011,0.7724685430488414,0.07724685430488414
ILE  50,R ILE  50,0.0,0.0,0.0,-0.8313000000000004,0.2797817184878236,0.027978171848782363,-1.0122800000000003,0.8279528740212206,0.08279528740212207,0.8889900000000001,0.7335555397514222,0.07335555397514222,0.0,0.0,0.0,-0.9545899999999997,0.5289687532359555,0.05289687532359555
GLY  51,R GLY  51,0.0,0.0,0.0,-0.17038999999999999,0.30615182165063143,0.03061518216506314,-0.7895399999999998,0.9231515847356822,0.09231515847356822,0.7005499999999998,0.6727823329279689,0.06727823329279689,0.0,0.0,0.0,-0.2593799999999997,0.29689084795594484,0.029689084795594484
GLY  52,R GLY  52,0.0,0.0,0.0,-0.25827999999999995,0.17353029015131619,0.017353029015131617,-0.09416999999999803,0.3476338606925403,0.03476338606925403,0.21123999999999996,0.460479252952834,0.0460479252952834,0.0,0.0,0.0,-0.14120999999999806,0.2783751890883959,0.027837518908839592
PHE  53,R PHE  53,0.0,0.0,0.0,-0.09529999999999998,0.07539635269693093,0.007539635269693093,0.19179000000000002,0.13693467749259042,0.013693467749259041,-0.15665999999999997,0.155860656998487,0.0155860656998487,0.0,0.0,0.0,-0.060170000000000244,0.12864486425815755,0.012864486425815756
ILE  54,R ILE  54,0.0,0.0,0.0,-0.05577999999999998,0.01873210078982067,0.001873210078982067,-0.06879000000000018,0.055345875185057083,0.0055345875185057085,0.04497000000000001,0.06479482309567638,0.006479482309567639,0.0,0.0,0.0,-0.0796000000000002,0.05200423059713443,0.005200423059713443
LYS  55,R LYS  55,0.0,0.0,0.0,-0.01494000000000002,0.003944160240152523,0.0003944160240152523,0.08365999999999943,0.08404965437168625,0.008404965437168625,-0.07246000000000005,0.08745952435269697,0.008745952435269697,0.0,0.0,0.0,-0.003740000000000201,0.035424742765473874,0.0035424742765473873
VAL  56,R VAL  56,0.0,0.0,0.0,-0.007290000000000024,0.001608073381410134,0.0001608073381410134,0.01648999999999944,0.017158376962870942,0.0017158376962870942,-0.005000000000000028,0.02248288237748888,0.002248288237748888,0.0,0.0,0.0,0.004200000000000021,0.019004736251787616,0.0019004736251787616
ARG  57,R ARG  57,0.0,0.0,0.0,-0.0036400000000000187,0.0008546344247688504,8.546344247688504e-05,0.08050000000000068,0.05710157616038385,0.005710157616038386,-0.05693999999999992,0.06286045179602202,0.0062860451796022026,0.0,0.0,0.0,0.01992000000000072,0.030179025829207465,0.0030179025829207467
GLN  58,R GLN  58,0.0,0.0,0.0,-0.0016800000000000248,0.0005455272678794128,5.455272678794129e-05,0.02185000000000059,0.006600568157362694,0.0006600568157362695,-0.02997,0.010739138699169464,0.0010739138699169463,0.0,0.0,0.0,-0.009799999999999231,0.008170679286326116,0.0008170679286326116
TYR  59,R TYR  59,0.0,0.0,0.0,-0.0011199999999999821,0.00035440090293342453,3.544009029334245e-05,-0.05157000000000053,0.01501083275504742,0.0015010832755047421,0.056369999999999976,0.015031071152782283,0.0015031071152782284,0.0,0.0,0.0,0.003679999999999428,0.010472707386345445,0.0010472707386345445
ASP  60,R ASP  60,0.0,0.0,0.0,-0.00042000000000002257,0.0004935585071701494,4.935585071701494e-05,-0.07160999999999973,0.02454624003793692,0.0024546240037936922,0.06246000000000002,0.029547730877344865,0.0029547730877344863,0.0,0.0,0.0,-0.009569999999999603,0.01832389423676125,0.001832389423676125
GLN  61,R GLN  61,0.0,0.0,0.0,-0.0003300000000000014,0.00047021271782035195,4.7021271782035194e-05,0.015760000000000503,0.00436834064605774,0.00043683406460577406,-0.019840000000000014,0.007466886901513915,0.0007466886901513915,0.0,0.0,0.0,-0.004409999999999397,0.005762108988903512,0.0005762108988903512
ILE  62,R ILE  62,0.0,0.0,0.0,-0.0004699999999999871,0.0004990991885386976,4.990991885386976e-05,-0.03338999999999984,0.007624821309381295,0.0007624821309381296,0.04326000000000001,0.015152966706226241,0.001515296670622624,0.0,0.0,0.0,0.009400000000001076,0.01235232771585999,0.001235232771585999
LEU  63,R LEU  63,0.0,0.0,0.0,-0.0004400000000000093,0.0004963869458396449,4.963869458396449e-05,-0.005040000000000049,0.006525212640212745,0.0006525212640212744,-0.0012799999999999973,0.009187034341940813,0.0009187034341940813,0.0,0.0,0.0,-0.006760000000000595,0.0055499909909836635,0.0005549990990983664
ILE  64,R ILE  64,0.0,0.0,0.0,-0.0004900000000000138,0.0004998999899980136,4.9989998999801365e-05,-0.01418999999999997,0.008145790323842092,0.0008145790323842092,0.015139999999999994,0.013575728341418743,0.0013575728341418743,0.0,0.0,0.0,0.0004600000000001092,0.007788992232631809,0.0007788992232631808
GLU  65,R GLU  65,0.0,0.0,0.0,-0.000599999999999996,0.0004898979485566328,4.898979485566328e-05,-0.06699999999999932,0.021191507733052103,0.0021191507733052104,0.06977,0.029506221377872205,0.0029506221377872204,0.0,0.0,0.0,0.0021700000000011,0.020530491957085728,0.002053049195708573
ILE  66,R ILE  66,0.0,0.0,0.0,-0.0006800000000000017,0.0004664761515876254,4.664761515876254e-05,-0.009750000000000298,0.006250399987201628,0.0006250399987201628,0.008210000000000002,0.01266672412267671,0.001266672412267671,0.0,0.0,0.0,-0.002220000000000969,0.00893261439893095,0.0008932614398930949
CYS  67,R CYS  67,0.0,0.0,0.0,-0.00044999999999998817,0.0004974937185532969,4.974937185532969e-05,-0.004950000000000401,0.006182839153657826,0.0006182839153657826,0.010289999999999987,0.009064540804696116,0.0009064540804696117,0.0,0.0,0.0,0.004889999999998857,0.005540568562882322,0.0005540568562882322
GLY  68,R GLY  68,0.0,0.0,0.0,-0.00022999999999999022,0.0004208325082499984,4.208325082499984e-05,0.015989999999999897,0.005857465322133899,0.0005857465322133898,-0.01722999999999998,0.007726389842610823,0.0007726389842610823,0.0,0.0,0.0,-0.0014699999999993629,0.0047443756175088525,0.00047443756175088525
HID  69,R HID  69,0.0,0.0,0.0,-0.0003099999999999903,0.00046249324319387266,4.624932431938727e-05,-0.024380000000000023,0.008317187024470044,0.0008317187024470044,0.034089999999999995,0.015589159695121535,0.0015589159695121534,0.0,0.0,0.0,0.009400000000000385,0.011060741385638836,0.0011060741385638835
LYS  70,R LYS  70,0.0,0.0,0.0,-0.00033999999999999585,0.00047370877129307475,4.7370877129307475e-05,0.08918000000000034,0.02203015206484059,0.002203015206484059,-0.09729000000000002,0.03128267731508912,0.003128267731508912,0.0,0.0,0.0,-0.008449999999999989,0.02261918433542736,0.002261918433542736
ALA  71,R ALA  71,0.0,0.0,0.0,-0.0004599999999999915,0.0004983974317750755,4.9839743177507546e-05,-0.005700000000000358,0.007979348344319225,0.0007979348344319225,0.006809999999999998,0.013230793626990043,0.0013230793626990043,0.0,0.0,0.0,0.0006499999999997907,0.007582051173661089,0.0007582051173661089
ILE  72,R ILE  72,0.0,0.0,0.0,-0.00036999999999999143,0.0004828043081829213,4.8280430818292125e-05,-0.014670000000000129,0.007168061104650088,0.0007168061104650088,0.01020999999999999,0.012402656973406935,0.0012402656973406934,0.0,0.0,0.0,-0.004830000000000361,0.010941713759737019,0.001094171375973702
GLY  73,R GLY  73,0.0,0.0,0.0,-0.0008199999999999319,0.0004331281565541252,4.331281565541252e-05,0.0427899999999994,0.013719544453077938,0.0013719544453077938,-0.04237000000000002,0.016376602211692102,0.00163766022116921,0.0,0.0,0.0,-0.00040000000000070204,0.00829457654132935,0.0008294576541329351
THR  74,R THR  74,0.0,0.0,0.0,-0.0022800000000000463,0.0006645299090334212,6.645299090334212e-05,-0.06803999999999952,0.017395355702026067,0.0017395355702026067,0.10782000000000004,0.04484671225407709,0.004484671225407709,0.0,0.0,0.0,0.037500000000000255,0.0345486613344141,0.0034548661334414103
VAL  75,R VAL  75,0.0,0.0,0.0,-0.003909999999999978,0.0008954886933959465,8.954886933959465e-05,0.06326999999999955,0.012261203040485199,0.00122612030404852,-0.08167999999999999,0.03662591432305824,0.003662591432305824,0.0,0.0,0.0,-0.022320000000000312,0.035913752240611524,0.0035913752240611524
LEU  76,R LEU  76,0.0,0.0,0.0,-0.015040000000000013,0.004086367580137662,0.0004086367580137662,-0.07313999999999908,0.034776722099703644,0.0034776722099703642,0.02706999999999998,0.07246326724623998,0.007246326724623999,0.0,0.0,0.0,-0.06110999999999915,0.08034934909506135,0.008034934909506134
VAL  77,R VAL  77,0.0,0.0,0.0,-0.00851000000000002,0.0020124363343966487,0.00020124363343966485,-0.027239999999999754,0.02479278927430297,0.0024792789274302967,0.05808999999999998,0.048505277032504415,0.004850527703250442,0.0,0.0,0.0,0.022340000000001227,0.045297730627482935,0.0045297730627482935
GLY  78,R GLY  78,0.0,0.0,0.0,-0.014200000000000022,0.004593473631142355,0.00045934736311423554,0.006560000000000272,0.03786986136758322,0.0037869861367583217,0.08283000000000004,0.09907815652301974,0.009907815652301973,0.0,0.0,0.0,0.07519000000000095,0.10132666924358986,0.010132666924358987
PRO  79,R PRO  79,0.0,0.0,0.0,-0.02362000000000001,0.019712321020113284,0.0019712321020113285,0.07967999999999961,0.09974676736616518,0.009974676736616518,-0.06943000000000005,0.3146611591855595,0.03146611591855595,0.0,0.0,0.0,-0.01337000000000036,0.24384788926706094,0.024384788926706095
THR  80,R THR  80,0.0,0.0,0.0,-0.03784999999999998,0.017756336897006682,0.001775633689700668,-0.10670000000000038,0.0853465289276607,0.00853465289276607,0.1672000000000001,0.09416251908270067,0.009416251908270067,0.0,0.0,0.0,0.02264999999999966,0.07858121594885083,0.007858121594885083
PRO  81,R PRO  81,0.0,0.0,0.0,-0.030499999999999982,0.023989372647070215,0.0023989372647070214,0.09013999999999932,0.08162340595686988,0.008162340595686988,-0.1208,0.08891422833270268,0.008891422833270268,0.0,0.0,0.0,-0.06116000000000013,0.04210622756790267,0.004210622756790267
VAL  82,R VAL  82,0.0,0.0,0.0,-0.06659000000000001,0.03380564893623551,0.0033805648936235514,-0.06772999999999925,0.0737770770632717,0.00737770770632717,0.06791000000000003,0.11204053686054881,0.011204053686054882,0.0,0.0,0.0,-0.06640999999999947,0.09678792228372209,0.009678792228372209
ASN  83,R ASN  83,0.0,0.0,0.0,-0.061290000000000025,0.015532736397685987,0.0015532736397685988,0.17264999999999986,0.06489582035847943,0.006489582035847943,-0.12611999999999995,0.07898623677578266,0.007898623677578267,0.0,0.0,0.0,-0.014759999999999749,0.0636641374715772,0.006366413747157721
ILE  84,R ILE  84,0.0,0.0,0.0,-0.08828000000000001,0.022919895287718994,0.0022919895287718994,-0.06379999999999952,0.07732438166581161,0.0077324381665811615,0.04131,0.17116411393747233,0.017116411393747234,0.0,0.0,0.0,-0.11076999999999965,0.13240701303178787,0.013240701303178786
ILE  85,R ILE  85,0.0,0.0,0.0,-0.052669999999999995,0.013309436501971222,0.0013309436501971223,-0.24314000000000027,0.074192185572336,0.0074192185572336,0.5061200000000001,0.20196248562542463,0.020196248562542464,0.0,0.0,0.0,0.2103100000000001,0.15918817135704502,0.0159188171357045
GLY  86,R GLY  86,0.0,0.0,0.0,-0.021620000000000014,0.008751891224186932,0.0008751891224186932,0.20550999999999917,0.06488828784919555,0.006488828784919555,-0.34740999999999983,0.20894066597960317,0.020894066597960316,0.0,0.0,0.0,-0.16352000000000047,0.16600804076911427,0.016600804076911425
ARG  87,R ARG  87,0.0,0.0,0.0,-0.00792999999999999,0.0034007499172976473,0.0003400749917297647,0.44485999999999976,0.11260888242052614,0.011260888242052614,-0.6774699999999999,0.2739831912727503,0.027398319127275028,0.0,0.0,0.0,-0.24054000000000017,0.20038644764554317,0.020038644764554317
ASN  88,R ASN  88,0.0,0.0,0.0,-0.0030500000000000327,0.0012278029157808711,0.0001227802915780871,0.07075999999999909,0.015370829515676237,0.0015370829515676237,-0.12072999999999993,0.06080754147307731,0.006080754147307731,0.0,0.0,0.0,-0.05302000000000042,0.05277025298404389,0.005277025298404389
LEU  89,R LEU  89,0.0,0.0,0.0,-0.0020700000000000206,0.000587452125708978,5.8745212570897795e-05,0.05595999999999989,0.012801499912119835,0.0012801499912119835,-0.11646000000000005,0.06379661746519158,0.006379661746519158,0.0,0.0,0.0,-0.06257000000000104,0.05469684725832093,0.005469684725832093
LEU  90,R LEU  90,0.0,0.0,0.0,-0.002000000000000033,0.0005656854249492144,5.656854249492144e-05,0.04665000000000006,0.011512927516492038,0.0011512927516492038,-0.09386999999999997,0.048135154513099895,0.004813515451309989,0.0,0.0,0.0,-0.04922000000000071,0.040738821779721546,0.004073882177972154
THR  91,R THR  91,0.0,0.0,0.0,-0.0009200000000000319,0.0004621688003316635,4.6216880033166354e-05,0.0259700000000003,0.007481249895572143,0.0007481249895572143,-0.03614999999999999,0.0163250574271578,0.00163250574271578,0.0,0.0,0.0,-0.011099999999998982,0.012643179979736576,0.0012643179979736575
GLN  92,R GLN  92,0.0,0.0,0.0,-0.0004699999999999949,0.0004990991885387059,4.9909918853870594e-05,0.01589999999999961,0.004179712908800677,0.00041797129088006775,-0.032570000000000036,0.017685166100435787,0.0017685166100435787,0.0,0.0,0.0,-0.017139999999999832,0.015273519568194338,0.0015273519568194337
ILE  93,R ILE  93,0.0,0.0,0.0,-0.0004500000000000104,0.0004974937185533216,4.974937185533216e-05,0.007630000000000621,0.005463799044620067,0.0005463799044620067,-0.021410000000000005,0.015882125172658686,0.0015882125172658687,0.0,0.0,0.0,-0.014229999999999401,0.013248286681680863,0.0013248286681680863
GLY  94,R GLY  94,0.0,0.0,0.0,-0.0004400000000000115,0.0004963869458396474,4.963869458396474e-05,0.03381999999999962,0.008645669436197573,0.0008645669436197573,-0.04630000000000006,0.013553966209194994,0.0013553966209194994,0.0,0.0,0.0,-0.01292000000000025,0.00849668170522853,0.000849668170522853
CYS  95,R CYS  95,0.0,0.0,0.0,-0.0009999999999999853,0.0003464101615137625,3.464101615137625e-05,0.00280000000000129,0.011049886877250075,0.0011049886877250075,-0.033999999999999975,0.02594918110461295,0.002594918110461295,0.0,0.0,0.0,-0.03219999999999847,0.019438621350291087,0.0019438621350291087
THR  96,R THR  96,0.0,0.0,0.0,-0.0013399999999999922,0.0004737087712931061,4.7370877129310606e-05,-0.010150000000000858,0.010409971181516105,0.0010409971181516106,0.010550000000000004,0.02339203924415313,0.002339203924415313,0.0,0.0,0.0,-0.0009400000000006437,0.016094607792673497,0.0016094607792673497
LEU  97,R LEU  97,0.0,0.0,0.0,-0.0013600000000000146,0.0004800000000000039,4.8000000000000394e-05,0.0008500000000002217,0.008305871417256422,0.0008305871417256421,-0.026149999999999993,0.027646835261924668,0.0027646835261924668,0.0,0.0,0.0,-0.02665999999999925,0.02217756524057582,0.002217756524057582
ASN  98,R ASN  98,0.0,0.0,0.0,-0.0007900000000000207,0.00040730823708833675,4.073082370883368e-05,-0.020360000000000298,0.009658695564101764,0.0009658695564101763,0.04109,0.024712788187495133,0.0024712788187495134,0.0,0.0,0.0,0.019939999999999933,0.018224609735191532,0.0018224609735191532
PHE  99,R PHE  99,0.0,0.0,0.0,-0.0005399999999999883,0.0004983974317750737,4.9839743177507376e-05,-0.23409000000000105,0.09106559119667505,0.009106559119667505,0.2728200000000001,0.11890453145275838,0.011890453145275839,0.0,0.0,0.0,0.038189999999998676,0.1024042670009403,0.01024042670009403
PRO 100,R PRO 100,0.0,0.0,0.0,-0.0002900000000000068,0.0004537620521815478,4.537620521815478e-05,0.14195999999999878,0.05216721575855847,0.005216721575855847,-0.15289000000000003,0.07340066689070344,0.007340066689070344,0.0,0.0,0.0,-0.011220000000001064,0.06521174434103176,0.006521174434103176
GLN 101,R GLN 101,0.0,0.0,0.0,-0.0003399999999999914,0.0004737087712930686,4.7370877129306865e-05,0.007979999999999165,0.006376488061621374,0.0006376488061621375,-0.025239999999999995,0.016518547151611107,0.0016518547151611108,0.0,0.0,0.0,-0.017600000000001028,0.012927490088954623,0.0012927490088954622
ILE 102,R ILE 102,0.0,0.0,0.0,-0.0006899999999999906,0.0005038849074937503,5.038849074937503e-05,-0.03798000000000016,0.01085263101740771,0.0010852631017407711,0.07746000000000003,0.031000135483574772,0.003100013548357477,0.0,0.0,0.0,0.03878999999999899,0.023902006191948866,0.0023902006191948866
THR 103,R THR 103,0.0,0.0,0.0,-0.0009500000000000064,0.000517204021639422,5.1720402163942196e-05,-0.0029299999999999214,0.013666934550219906,0.0013666934550219906,0.0013999999999999868,0.02046460358765835,0.002046460358765835,0.0,0.0,0.0,-0.002479999999999711,0.011627966288220763,0.0011627966288220762
LEU 104,R LEU 104,0.0,0.0,0.0,-0.0018099999999999993,0.0008209141246196136,8.209141246196137e-05,-0.06197999999999993,0.019564242893604963,0.0019564242893604965,0.08052000000000004,0.03060930577455149,0.0030609305774551487,0.0,0.0,0.0,0.016730000000000526,0.01729153260992222,0.001729153260992222
TRP 105,R TRP 105,0.0,0.0,0.0,-0.0012900000000000123,0.0006048966853934644,6.048966853934644e-05,-0.017039999999999934,0.017556719511343657,0.0017556719511343656,0.01589999999999999,0.019575750304905302,0.0019575750304905303,0.0,0.0,0.0,-0.0024300000000001053,0.004665308135590533,0.0004665308135590533
GLN 106,R GLN 106,0.0,0.0,0.0,-0.0025800000000000024,0.0012584116973391427,0.00012584116973391428,-0.04178999999999974,0.027890247399404537,0.0027890247399404537,0.07254000000000004,0.05090018074624097,0.005090018074624097,0.0,0.0,0.0,0.02817000000000052,0.026814941730310748,0.0026814941730310747
ARG 107,R ARG 107,0.0,0.0,0.0,-0.004999999999999991,0.0027964262908219124,0.00027964262908219126,0.2716000000000015,0.12168952296726301,0.012168952296726302,-0.4932600000000001,0.16905026589745414,0.016905026589745416,0.0,0.0,0.0,-0.22665999999999906,0.1346396836003418,0.01346396836003418
PRO 108,R PRO 108,0.0,0.0,0.0,-0.005719999999999987,0.0029835549265934233,0.00029835549265934234,-0.15944000000000025,0.08575573683433675,0.008575573683433676,0.37871000000000016,0.14978566653722233,0.014978566653722233,0.0,0.0,0.0,0.2135499999999997,0.12462522818434461,0.012462522818434461
LEU 109,R LEU 109,0.0,0.0,0.0,-0.0025699999999999976,0.0012981140165640227,0.00012981140165640228,-0.03569999999999965,0.016505453644174932,0.0016505453644174932,0.021150000000000002,0.02144032415799727,0.0021440324157997273,0.0,0.0,0.0,-0.017119999999998983,0.01655009365532426,0.0016550093655324258
VAL 110,R VAL 110,0.0,0.0,0.0,-0.0015499999999999859,0.0006982120021884649,6.982120021884649e-05,0.008440000000000367,0.019350617561205735,0.0019350617561205736,0.009309999999999983,0.023623587788479544,0.002362358778847954,0.0,0.0,0.0,0.016200000000000277,0.015591023058157353,0.0015591023058157353
THR 111,R THR 111,0.0,0.0,0.0,-0.0005799999999999805,0.0004935585071701062,4.935585071701062e-05,-0.019969999999999998,0.00685048173488525,0.000685048173488525,0.02442,0.014010124910221175,0.0014010124910221176,0.0,0.0,0.0,0.003869999999999739,0.01216852908119961,0.001216852908119961
ILE 112,R ILE 112,0.0,0.0,0.0,-0.0005299999999999949,0.0004990991885387065,4.990991885387065e-05,0.004589999999999889,0.008156095879769417,0.0008156095879769418,-0.008140000000000001,0.009893452380236131,0.0009893452380236132,0.0,0.0,0.0,-0.004079999999999484,0.006524844825739741,0.0006524844825739741
LYS 113,R LYS 113,0.0,0.0,0.0,-0.0003200000000000158,0.00046647615158764723,4.664761515876472e-05,-0.014849999999999,0.02905421656145565,0.002905421656145565,0.012380000000000066,0.03813784996561817,0.003813784996561817,0.0,0.0,0.0,-0.0027899999999986135,0.02306395239329079,0.0023063952393290793
ILE 114,R ILE 114,0.0,0.0,0.0,-0.0003599999999999981,0.0004799999999999975,4.799999999999975e-05,0.005440000000000964,0.006644275731784706,0.0006644275731784706,-0.004970000000000005,0.007401965955068964,0.0007401965955068964,0.0,0.0,0.0,0.00011000000000121356,0.004610629024329777,0.00046106290243297767
GLY 115,R GLY 115,0.0,0.0,0.0,-0.00016999999999999793,0.00037563279941985446,3.7563279941985445e-05,0.0005199999999992144,0.006785985558486946,0.0006785985558486946,-0.0004300000000000281,0.008881728435389096,0.0008881728435389096,0.0,0.0,0.0,-8.000000000094154e-05,0.0052338895670425425,0.0005233889567042543
GLY 116,R GLY 116,0.0,0.0,0.0,-0.00017000000000000126,0.0003756327994198618,3.756327994198618e-05,-0.003610000000000042,0.00589558309245212,0.000589558309245212,0.0032800000000000164,0.00791211728932268,0.0007912117289322681,0.0,0.0,0.0,-0.0005000000000002558,0.004782258880487491,0.0004782258880487491
GLN 117,R GLN 117,0.0,0.0,0.0,-0.00023000000000000353,0.0004208325082500228,4.208325082500228e-05,0.00012000000000028877,0.007618766304330036,0.0007618766304330036,0.004610000000000001,0.009499363136547624,0.0009499363136547624,0.0,0.0,0.0,0.004500000000000207,0.005248809388804546,0.0005248809388804546
LEU 118,R LEU 118,0.0,0.0,0.0,-0.00026999999999999914,0.00044395945760846095,4.4395945760846094e-05,0.012739999999999583,0.005174205252983993,0.0005174205252983994,-0.01854000000000002,0.007693399768632839,0.0007693399768632839,0.0,0.0,0.0,-0.006069999999999882,0.004472706115986853,0.00044727061159868526
LYS 119,R LYS 119,0.0,0.0,0.0,-0.0007699999999999874,0.00048692915295757904,4.86929152957579e-05,-0.04414000000000016,0.05112025430296647,0.0051120254302966465,0.04683,0.05826303373495066,0.005826303373495066,0.0,0.0,0.0,0.0019199999999997353,0.026423731757645133,0.002642373175764513
GLU 120,R GLU 120,0.0,0.0,0.0,-0.0021500000000000017,0.0010234744745229304,0.00010234744745229305,0.0673599999999999,0.05361856394943735,0.005361856394943735,-0.06294000000000001,0.05662151887754337,0.005662151887754337,0.0,0.0,0.0,0.002270000000000274,0.022629562523390132,0.0022629562523390134
ALA 121,R ALA 121,0.0,0.0,0.0,-0.004909999999999998,0.002530197620740301,0.00025301976207403007,-0.04007000000000019,0.02687089689608455,0.0026870896896084547,-0.005089999999999996,0.040566019030710915,0.004056601903071092,0.0,0.0,0.0,-0.05006999999999957,0.042879191923355965,0.0042879191923355965
LEU 122,R LEU 122,0.0,0.0,0.0,-0.014819999999999967,0.00912181999383892,0.000912181999383892,0.04108000000000061,0.045078527038935855,0.0045078527038935855,-0.006649999999999996,0.1117904624733255,0.01117904624733255,0.0,0.0,0.0,0.019610000000000613,0.08330809024338469,0.008330809024338469
LEU 123,R LEU 123,0.0,0.0,0.0,-0.021420000000000026,0.012053364675475499,0.00120533646754755,-0.0930900000000004,0.039782683418794845,0.003978268341879485,0.13979000000000005,0.0738517833230856,0.00738517833230856,0.0,0.0,0.0,0.02527999999999879,0.0552577741136929,0.00552577741136929
ASP 124,R ASP 124,0.0,0.0,0.0,-0.06636000000000002,0.016210194323326158,0.001621019432332616,-0.06318999999999902,0.10622059075339506,0.010622059075339505,0.27958000000000005,0.250263628200344,0.025026362820034398,0.0,0.0,0.0,0.15003000000000102,0.21604635868257635,0.021604635868257636
THR 125,R THR 125,0.0,0.0,0.0,-0.4139400000000002,0.20310725344014646,0.020310725344014645,0.039609999999999486,0.20439955454941752,0.020439955454941754,-0.14705999999999997,0.6293079185899381,0.0629307918589938,0.0,0.0,0.0,-0.5213900000000002,0.5697595965843852,0.056975959658438526
GLY 126,R GLY 126,0.0,0.0,0.0,-1.2953900000000003,0.44617695805588076,0.044617695805588074,-1.479450000000001,1.718257846628381,0.1718257846628381,1.81982,1.5194906934891053,0.15194906934891053,0.0,0.0,0.0,-0.9550200000000011,1.3339855320055023,0.13339855320055022
ALA 127,R ALA 127,0.0,0.0,0.0,-0.48788999999999993,0.15682473625037627,0.015682473625037628,-0.08937999999999931,0.4529786922141035,0.045297869221410346,0.4665600000000002,0.39102977687127594,0.039102977687127595,0.0,0.0,0.0,-0.11070999999999888,0.4058621267130005,0.04058621267130005
ASP 128,R ASP 128,0.0,0.0,0.0,-0.21109999999999993,0.15568355725637822,0.015568355725637823,-0.28227999999999964,0.40969112951100045,0.04096911295110005,0.7476199999999998,0.32913865710365936,0.03291386571036593,0.0,0.0,0.0,0.25424000000000035,0.40394806893956053,0.04039480689395605
ASP 129,R ASP 129,0.0,0.0,0.0,-0.09615000000000001,0.043724449682071384,0.004372444968207138,-0.019410000000000024,0.25612083456837365,0.025612083456837364,0.47031999999999974,0.49729882123327024,0.049729882123327025,0.0,0.0,0.0,0.3547599999999989,0.5003189806513435,0.05003189806513435
THR 130,R THR 130,0.0,0.0,0.0,-0.021150000000000002,0.007358498488142871,0.0007358498488142871,0.02047000000000054,0.051519210979982695,0.0051519210979982695,-0.10379999999999998,0.09646605620631543,0.009646605620631543,0.0,0.0,0.0,-0.10447999999999856,0.08140497282107441,0.008140497282107442
VAL 131,R VAL 131,0.0,0.0,0.0,-0.026740000000000014,0.014661255062237985,0.0014661255062237985,-0.0011100000000003262,0.042595280254976164,0.0042595280254976164,0.08694999999999997,0.08453772826377584,0.008453772826377584,0.0,0.0,0.0,0.05909999999999945,0.07033654810978468,0.007033654810978468
LEU 132,R LEU 132,0.0,0.0,0.0,-0.012950000000000048,0.00744093408114866,0.0007440934081148659,0.043859999999999816,0.05160446104747141,0.0051604461047471415,-0.037329999999999995,0.06754332757571245,0.006754332757571245,0.0,0.0,0.0,-0.006420000000000017,0.07025043487409782,0.007025043487409783
GLU 133,R GLU 133,0.0,0.0,0.0,-0.006339999999999974,0.0032900455923892662,0.00032900455923892663,0.047350000000000135,0.05417017168147073,0.005417017168147073,-0.01334999999999999,0.06444197001954546,0.006444197001954546,0.0,0.0,0.0,0.027659999999999997,0.037663303094656646,0.0037663303094656645
GLU 134,R GLU 134,0.0,0.0,0.0,-0.0024000000000000067,0.0011747340124470744,0.00011747340124470744,0.06176999999999985,0.03845981149199788,0.0038459811491997884,-0.060170000000000015,0.04256267261345326,0.004256267261345327,0.0,0.0,0.0,-0.0008000000000005247,0.0153407952857722,0.00153407952857722
MET 135,R MET 135,0.0,0.0,0.0,-0.0008899999999999875,0.00044485952839069657,4.4485952839069654e-05,0.024410000000000025,0.013884592179823902,0.0013884592179823903,-0.021449999999999997,0.015391799764809847,0.0015391799764809847,0.0,0.0,0.0,0.0020699999999996125,0.007276338364864603,0.0007276338364864603
SER 136,R SER 136,0.0,0.0,0.0,-0.0003199999999999925,0.00046647615158761324,4.664761515876132e-05,0.004919999999999831,0.008009594246901794,0.0008009594246901795,-0.003699999999999952,0.009086803618434761,0.0009086803618434761,0.0,0.0,0.0,0.0009000000000001274,0.004704253394535989,0.0004704253394535989
LEU 137,R LEU 137,0.0,0.0,0.0,-0.00030999999999998585,0.00046249324319386605,4.6249324319386604e-05,0.011829999999999927,0.005057776191173222,0.0005057776191173222,-0.01405000000000002,0.0054412774235467806,0.0005441277423546781,0.0,0.0,0.0,-0.00253000000000025,0.003244857469903763,0.0003244857469903763
PRO 138,R PRO 138,0.0,0.0,0.0,-0.00015999999999999793,0.00036660605559646244,3.666060555964624e-05,0.03021000000000008,0.029463976310064324,0.0029463976310064323,-0.029570000000000016,0.03736689845304264,0.003736689845304264,0.0,0.0,0.0,0.000479999999999996,0.01971774835015393,0.001971774835015393
GLY 139,R GLY 139,0.0,0.0,0.0,-0.0002300000000000013,0.00042083250825001873,4.208325082500187e-05,0.006180000000000803,0.004530739453996099,0.0004530739453996099,-0.006160000000000074,0.0047575624010621695,0.00047575624010621695,0.0,0.0,0.0,-0.0002099999999999369,0.002232912895748268,0.00022329128957482682
ARG 140,R ARG 140,0.0,0.0,0.0,-0.0002300000000000013,0.00042083250825001873,4.208325082500187e-05,-0.04402999999999942,0.024560315551718302,0.0024560315551718304,0.04986999999999993,0.03223620790353602,0.003223620790353602,0.0,0.0,0.0,0.005610000000000834,0.018806857791772363,0.0018806857791772362
TRP 141,R TRP 141,0.0,0.0,0.0,-0.0003199999999999914,0.0004664761515876116,4.664761515876116e-05,-0.005440000000000254,0.011068260929342572,0.001106826092934257,0.004319999999999984,0.011112947403816844,0.0011112947403816844,0.0,0.0,0.0,-0.0014400000000000912,0.003685973412818092,0.0003685973412818092
LYS 142,R LYS 142,0.0,0.0,0.0,-0.0008200000000000141,0.00038418745424597734,3.841874542459774e-05,-0.05355999999999923,0.028863929046475813,0.0028863929046475814,0.06259000000000002,0.03687576304295267,0.0036875763042952666,0.0,0.0,0.0,0.008210000000000566,0.021242078523533738,0.002124207852353374
PRO 143,R PRO 143,0.0,0.0,0.0,-0.0013599999999999945,0.0005199999999999839,5.199999999999839e-05,0.034870000000000234,0.027629569305365503,0.00276295693053655,-0.041370000000000046,0.03257872158326662,0.003257872158326662,0.0,0.0,0.0,-0.007859999999999357,0.017139439897499154,0.0017139439897499154
LYS 144,R LYS 144,0.0,0.0,0.0,-0.004739999999999984,0.0015007997867803322,0.0001500799786780332,-0.08391000000000076,0.07042145908741107,0.007042145908741107,0.0985700000000001,0.0742044816705837,0.00742044816705837,0.0,0.0,0.0,0.00991999999999944,0.025734676994280583,0.0025734676994280583
MET 145,R MET 145,0.0,0.0,0.0,-0.023309999999999987,0.009682659758558068,0.0009682659758558068,-0.04983999999999995,0.05820012371120841,0.005820012371120841,0.08424999999999998,0.061476397910092344,0.0061476397910092346,0.0,0.0,0.0,0.011100000000000006,0.03502299244781984,0.003502299244781984
ILE 146,R ILE 146,0.0,0.0,0.0,-0.15303,0.07529667389732424,0.007529667389732424,0.19681000000000068,0.1285985765862122,0.01285985765862122,0.00535000000000001,0.21268476085512092,0.021268476085512092,0.0,0.0,0.0,0.049130000000001235,0.16886489599676943,0.016886489599676945
GLY 147,R GLY 147,0.0,0.0,0.0,-0.6812900000000001,0.29693936401225063,0.029693936401225064,-0.5018,0.4611197675224958,0.04611197675224958,1.8311499999999996,0.769593339043421,0.07695933390434209,0.0,0.0,0.0,0.6480599999999995,0.4950127032713394,0.04950127032713394
GLY 148,R GLY 148,0.0,0.0,0.0,-0.40881999999999974,0.2080843280980099,0.02080843280980099,-0.9256900000000001,0.6472113208991337,0.06472113208991337,1.3921099999999997,0.8205021498448384,0.08205021498448384,0.0,0.0,0.0,0.05760000000000013,0.48149008297160256,0.048149008297160255
ILE 149,R ILE 149,0.0,0.0,0.0,-0.29409,0.1951317552322018,0.01951317552322018,-0.3666000000000003,0.637445840836694,0.0637445840836694,0.9231000000000005,0.7019631115664123,0.07019631115664124,0.0,0.0,0.0,0.2624099999999998,0.45487578733100353,0.04548757873310035
GLY 150,R GLY 150,0.0,0.0,0.0,-0.23373999999999992,0.219096810565558,0.0219096810565558,-0.5243799999999996,0.4858872457679872,0.04858872457679872,0.9664600000000001,0.7355012361648344,0.07355012361648344,0.0,0.0,0.0,0.20833999999999978,0.3706039724557732,0.03706039724557732
GLY 151,R GLY 151,0.0,0.0,0.0,-0.09386,0.05376318814951366,0.0053763188149513665,0.12095000000000042,0.13684753377390563,0.013684753377390562,-0.23592000000000002,0.2475874665648486,0.024758746656484858,0.0,0.0,0.0,-0.20883000000000013,0.21478124010257488,0.021478124010257487
PHE 152,R PHE 152,0.0,0.0,0.0,-0.03807000000000001,0.016138931191377,0.0016138931191377,0.06225999999999814,0.0922228409885531,0.00922228409885531,-0.018019999999999994,0.1068814277599247,0.01068814277599247,0.0,0.0,0.0,0.006169999999999117,0.05209818710857359,0.005209818710857359
ILE 153,R ILE 153,0.0,0.0,0.0,-0.03121,0.012718722420117514,0.0012718722420117514,0.031109999999999475,0.03779203487509027,0.003779203487509027,-0.05550999999999998,0.04614466274662761,0.004614466274662761,0.0,0.0,0.0,-0.05561000000000047,0.030980928004178027,0.0030980928004178026
LYS 154,R LYS 154,0.0,0.0,0.0,-0.010200000000000011,0.004692547282660007,0.00046925472826600073,-0.12460999999999942,0.06274868843250846,0.006274868843250845,0.13963999999999996,0.0712292804961553,0.00712292804961553,0.0,0.0,0.0,0.004830000000000432,0.02871900241999997,0.002871900241999997
VAL 155,R VAL 155,0.0,0.0,0.0,-0.005299999999999998,0.0016522711641858026,0.00016522711641858026,0.009199999999999875,0.01647422228816916,0.0016474222288169159,-0.017269999999999997,0.016784430285237552,0.0016784430285237551,0.0,0.0,0.0,-0.013370000000000383,0.010195739306199313,0.0010195739306199313
ARG 156,R ARG 156,0.0,0.0,0.0,-0.0031499999999999796,0.0009937303457175973,9.937303457175973e-05,-0.08636999999999943,0.046351193080652484,0.004635119308065249,0.0985800000000001,0.057645499390672345,0.0057645499390672345,0.0,0.0,0.0,0.009060000000000113,0.027404678432705908,0.002740467843270591
GLN 157,R GLN 157,0.0,0.0,0.0,-0.001579999999999996,0.000568858506133137,5.68858506133137e-05,0.011550000000000863,0.010050248753140225,0.0010050248753140224,-0.022379999999999997,0.01016147627070004,0.001016147627070004,0.0,0.0,0.0,-0.012409999999998762,0.007598809117223178,0.0007598809117223178
TYR 158,R TYR 158,0.0,0.0,0.0,-0.0011799999999999998,0.0004093897898091859,4.093897898091859e-05,0.004970000000000709,0.023094352123409167,0.002309435212340917,0.0020799999999999963,0.022922774701156928,0.0022922774701156926,0.0,0.0,0.0,0.005870000000000576,0.007666361588132905,0.0007666361588132905
ASP 159,R ASP 159,0.0,0.0,0.0,-0.00048000000000001817,0.000499599839871891,4.99599839871891e-05,0.02975999999999985,0.032027525661530505,0.0032027525661530503,-0.02889999999999999,0.03902960414864595,0.0039029604148645954,0.0,0.0,0.0,0.000379999999999561,0.01952218225506617,0.0019522182255066168
GLN 160,R GLN 160,0.0,0.0,0.0,-0.00026999999999999914,0.00044395945760846095,4.4395945760846094e-05,0.005559999999999832,0.006645780616300124,0.0006645780616300124,-0.010269999999999987,0.00810167266680156,0.0008101672666801559,0.0,0.0,0.0,-0.004980000000000011,0.00606956341098743,0.000606956341098743
ILE 161,R ILE 161,0.0,0.0,0.0,-0.0004900000000000038,0.0004998999899980035,4.9989998999800356e-05,-0.00891999999999996,0.010302116287442537,0.0010302116287442538,0.01993,0.013677905541419686,0.0013677905541419687,0.0,0.0,0.0,0.010519999999999552,0.009327893652909617,0.0009327893652909617
LEU 162,R LEU 162,0.0,0.0,0.0,-0.000420000000000007,0.000493558507170131,4.93558507170131e-05,0.013570000000000136,0.007458223649100829,0.0007458223649100829,-0.018100000000000015,0.010036433629531964,0.0010036433629531964,0.0,0.0,0.0,-0.004950000000000183,0.006169886546768446,0.0006169886546768446
ILE 163,R ILE 163,0.0,0.0,0.0,-0.0003800000000000048,0.0004853864439804701,4.853864439804701e-05,-0.0069400000000003105,0.006492796007885229,0.0006492796007885229,0.009920000000000003,0.010231989053942544,0.0010231989053942543,0.0,0.0,0.0,0.0025999999999998993,0.0065863495200288655,0.0006586349520028865
GLU 164,R GLU 164,0.0,0.0,0.0,-0.00033000000000000027,0.00047021271782035043,4.7021271782035045e-05,0.002180000000000035,0.026882105572294472,0.0026882105572294474,0.007039999999999991,0.034496063543540706,0.0034496063543540704,0.0,0.0,0.0,0.008889999999999999,0.02108264452102742,0.002108264452102742
ILE 165,R ILE 165,0.0,0.0,0.0,-0.00039000000000000037,0.0004877499359302885,4.877499359302885e-05,-0.006430000000000646,0.005316493205111104,0.0005316493205111104,0.007259999999999999,0.008476579498830884,0.0008476579498830885,0.0,0.0,0.0,0.00043999999999998375,0.00653195223497656,0.000653195223497656
CYS 166,R CYS 166,0.0,0.0,0.0,-0.00030000000000000247,0.00045825756949558795,4.5825756949558795e-05,-0.01070999999999998,0.005831457793725944,0.0005831457793725944,0.015780000000000002,0.008779043228051741,0.0008779043228051741,0.0,0.0,0.0,0.0047700000000007224,0.005605095895701108,0.0005605095895701108
GLY 167,R GLY 167,0.0,0.0,0.0,-0.00015000000000000012,0.00035707142142714284,3.570714214271428e-05,0.0031299999999998816,0.006263633131019315,0.0006263633131019315,-0.005989999999999973,0.007956751849844292,0.0007956751849844292,0.0,0.0,0.0,-0.0030099999999995174,0.004778064461683867,0.0004778064461683867
HIE 168,R HIE 168,0.0,0.0,0.0,-0.000269999999999988,0.0004439594576084427,4.439594576084427e-05,0.005349999999999681,0.00511150662720976,0.000511150662720976,0.0038000000000000017,0.012135897165022445,0.0012135897165022444,0.0,0.0,0.0,0.008879999999999538,0.010822458131126271,0.001082245813112627
LYS 169,R LYS 169,0.0,0.0,0.0,-0.00018000000000000681,0.0003841874542459855,3.841874542459855e-05,0.00897999999999989,0.028975499995687035,0.0028975499995687035,-0.024940000000000042,0.037477145035341254,0.0037477145035341255,0.0,0.0,0.0,-0.016140000000000442,0.023616951539095977,0.0023616951539095978
ALA 170,R ALA 170,0.0,0.0,0.0,-0.00038999999999999815,0.00048774993593028563,4.877499359302856e-05,0.00547999999999945,0.006397624559162888,0.0006397624559162888,-0.0016800000000000148,0.008530978841844585,0.0008530978841844585,0.0,0.0,0.0,0.0034099999999994014,0.005261359139994452,0.0005261359139994452
ILE 171,R ILE 171,0.0,0.0,0.0,-0.0005500000000000116,0.0004974937185533204,4.9749371855332036e-05,-0.012669999999999817,0.006922506771393818,0.0006922506771393818,0.006999999999999998,0.01079259005058565,0.001079259005058565,0.0,0.0,0.0,-0.006220000000000405,0.008868573729749644,0.0008868573729749644
GLY 172,R GLY 172,0.0,0.0,0.0,-0.0009199999999999942,0.0003370459909270645,3.370459909270645e-05,0.01058999999999955,0.01809093419367858,0.001809093419367858,-0.008719999999999986,0.01974592616212269,0.001974592616212269,0.0,0.0,0.0,0.0009500000000005259,0.007446307809914535,0.0007446307809914535
THR 173,R THR 173,0.0,0.0,0.0,-0.002639999999999979,0.0008064738061462311,8.064738061462311e-05,-0.01965999999999994,0.0210809013090056,0.0021080901309005603,0.059120000000000006,0.03240224683567485,0.003240224683567485,0.0,0.0,0.0,0.03681999999999988,0.030926163680612847,0.003092616368061285
VAL 174,R VAL 174,0.0,0.0,0.0,-0.003289999999999995,0.0011072036849649582,0.00011072036849649582,-0.0028300000000002967,0.02655863513059373,0.0026558635130593733,-0.03006999999999998,0.03140294731390669,0.0031402947313906695,0.0,0.0,0.0,-0.036190000000000236,0.026738995867459082,0.0026738995867459084
LEU 175,R LEU 175,0.0,0.0,0.0,-0.008040000000000021,0.003142992204890122,0.00031429922048901223,-1.999999999966917e-05,0.036613653191124536,0.0036613653191124537,0.021940000000000008,0.04353155637006332,0.004353155637006332,0.0,0.0,0.0,0.013880000000000175,0.033172361990067165,0.0033172361990067164
VAL 176,R VAL 176,0.0,0.0,0.0,-0.006239999999999993,0.002332895196960196,0.0002332895196960196,-0.010879999999999938,0.021667616389442007,0.0021667616389442006,0.001979999999999984,0.04025617468165599,0.004025617468165599,0.0,0.0,0.0,-0.015140000000000037,0.03776136120427823,0.0037761361204278233
GLY 177,R GLY 177,0.0,0.0,0.0,-0.01628000000000001,0.012021713688156096,0.0012021713688156097,-0.07069999999999986,0.06419774139329178,0.006419774139329178,0.08539999999999993,0.08554367305651542,0.008554367305651542,0.0,0.0,0.0,-0.001580000000000603,0.06438729377757664,0.006438729377757664
PRO 178,R PRO 178,0.0,0.0,0.0,-0.11001000000000002,0.13037787350620506,0.013037787350620505,0.31877000000000044,0.2541587635711193,0.025415876357111927,-0.15034000000000003,0.3956221737971723,0.03956221737971723,0.0,0.0,0.0,0.05842000000000068,0.2224790408105898,0.02224790408105898
THR 179,R THR 179,0.0,0.0,0.0,-0.13601000000000008,0.13110388972109102,0.013110388972109102,-0.31725000000000037,0.20900140549766666,0.020900140549766667,0.26874,0.19474098798147244,0.019474098798147245,0.0,0.0,0.0,-0.18452000000000027,0.1809034814479804,0.01809034814479804
PRO 180,R PRO 180,0.0,0.0,0.0,-0.1251,0.07995555015131844,0.007995555015131845,0.2673200000000005,0.13203475905987747,0.013203475905987746,-0.27240999999999993,0.13391303857354614,0.013391303857354615,0.0,0.0,0.0,-0.13018999999999947,0.10628825852369692,0.010628825852369692
VAL 181,R VAL 181,0.0,0.0,0.0,-0.08625999999999998,0.07737203887710344,0.007737203887710343,0.10374999999999986,0.11433165572141472,0.011433165572141472,0.03347999999999999,0.21099751088579222,0.02109975108857922,0.0,0.0,0.0,0.0509700000000003,0.15420969197816364,0.015420969197816364
ASN 182,R ASN 182,0.0,0.0,0.0,-0.025059999999999975,0.018059246938895334,0.0018059246938895335,0.003149999999999409,0.08350285923248314,0.008350285923248314,0.013109999999999993,0.06991178655992134,0.006991178655992134,0.0,0.0,0.0,-0.008800000000000464,0.04194782473502023,0.0041947824735020225
ILE 183,R ILE 183,0.0,0.0,0.0,-0.02920999999999998,0.015653941995548627,0.0015653941995548628,0.07963000000000064,0.06272458130589575,0.0062724581305895755,-0.12417000000000002,0.11568224193885583,0.011568224193885583,0.0,0.0,0.0,-0.07374999999999841,0.10362619118736402,0.010362619118736403
ILE 184,R ILE 184,0.0,0.0,0.0,-0.018770000000000002,0.006452681613096997,0.0006452681613096997,-0.08574999999999988,0.05221654431308162,0.005221654431308162,0.28187,0.15307564502558837,0.015307564502558837,0.0,0.0,0.0,0.17735000000000045,0.12098746835933027,0.012098746835933028
GLY 185,R GLY 185,0.0,0.0,0.0,-0.021079999999999953,0.004853205126511794,0.00048532051265117945,0.0618199999999996,0.0826456750229567,0.008264567502295669,-0.24241999999999997,0.15088135603844507,0.015088135603844508,0.0,0.0,0.0,-0.20168000000000003,0.1359069446349219,0.01359069446349219
ARG 186,R ARG 186,0.0,0.0,0.0,-0.01502,0.0028669844785069666,0.0002866984478506967,0.18332999999999913,0.1412930327369327,0.014129303273693269,-0.45366,0.23536415275058337,0.023536415275058335,0.0,0.0,0.0,-0.2853500000000009,0.1843911264133921,0.018439112641339208
ASN 187,R ASN 187,0.0,0.0,0.0,-0.005579999999999981,0.0010693923508236008,0.00010693923508236009,0.006130000000001274,0.03434025480394683,0.0034340254803946835,-0.056240000000000005,0.049096052794496615,0.004909605279449661,0.0,0.0,0.0,-0.05568999999999824,0.042047519546341984,0.004204751954634199
LEU 188,R LEU 188,0.0,0.0,0.0,-0.0025799999999999578,0.0005509990925582518,5.509990925582518e-05,0.012020000000000267,0.01675528573316546,0.001675528573316546,-0.07332,0.05076374296680655,0.0050763742966806556,0.0,0.0,0.0,-0.06387999999999938,0.04574850380067135,0.004574850380067135
LEU 189,R LEU 189,0.0,0.0,0.0,-0.002420000000000022,0.000513419906119732,5.13419906119732e-05,0.012409999999999855,0.014124514150936133,0.0014124514150936132,-0.060870000000000014,0.0409835710986732,0.00409835710986732,0.0,0.0,0.0,-0.05087999999999962,0.03624369738313244,0.003624369738313244
THR 190,R THR 190,0.0,0.0,0.0,-0.0014399999999999925,0.0004963869458396239,4.963869458396239e-05,0.002799999999999372,0.011514338886796432,0.0011514338886796432,-0.013589999999999958,0.01582977889927714,0.0015829778899277142,0.0,0.0,0.0,-0.012230000000000837,0.011327713802881336,0.0011327713802881335
GLN 191,R GLN 191,0.0,0.0,0.0,-0.0006800000000000228,0.00046647615158763986,4.6647615158763984e-05,2.0000000000095496e-05,0.006327685200766129,0.0006327685200766129,-0.019360000000000002,0.017989174522473245,0.0017989174522473246,0.0,0.0,0.0,-0.02002000000000074,0.016885484890875824,0.0016885484890875823
ILE 192,R ILE 192,0.0,0.0,0.0,-0.0005200000000000027,0.0004995998398718746,4.995998398718746e-05,-0.002399999999999949,0.005253570214625471,0.0005253570214625471,-0.010500000000000042,0.014433641259224935,0.0014433641259224935,0.0,0.0,0.0,-0.013419999999999205,0.01249414262764827,0.001249414262764827
GLY 193,R GLY 193,0.0,0.0,0.0,-0.0006399999999999784,0.0004799999999999841,4.799999999999841e-05,0.007750000000001407,0.010359898648152906,0.0010359898648152905,-0.02019000000000002,0.015406943239981121,0.0015406943239981122,0.0,0.0,0.0,-0.01307999999999895,0.009600708307203032,0.0009600708307203031
CYS 194,R CYS 194,0.0,0.0,0.0,-0.0014000000000000167,0.0004898979485566505,4.898979485566505e-05,0.001489999999999867,0.012294303558965746,0.0012294303558965747,-0.03337999999999999,0.028588032461154093,0.0028588032461154093,0.0,0.0,0.0,-0.03329000000000012,0.022545196827705557,0.0022545196827705558
THR 195,R THR 195,0.0,0.0,0.0,-0.0016700000000000282,0.0006009159675029706,6.0091596750297056e-05,0.0021900000000005092,0.010251531592888956,0.0010251531592888957,0.0011599999999999887,0.022016230376701636,0.0022016230376701636,0.0,0.0,0.0,0.0016800000000006322,0.016292869606058333,0.0016292869606058333
LEU 196,R LEU 196,0.0,0.0,0.0,-0.0020199999999999875,0.0005653317610041076,5.653317610041076e-05,0.016490000000000293,0.009458852996004073,0.0009458852996004072,-0.04203999999999999,0.019712392041556025,0.0019712392041556026,0.0,0.0,0.0,-0.0275699999999993,0.014923307274192594,0.0014923307274192594
ASN 197,R ASN 197,0.0,0.0,0.0,-0.0010200000000000198,0.0003994996871087457,3.994996871087457e-05,-0.033649999999999666,0.011557140649832107,0.0011557140649832106,0.058619999999999985,0.02452255288504853,0.0024522552885048532,0.0,0.0,0.0,0.023950000000000315,0.01697019445969809,0.001697019445969809
PHE 198,R PHE 198,0.0,0.0,0.0,-0.0006300000000000072,0.0004828043081829382,4.828043081829382e-05,-0.3446799999999992,0.091053926878525,0.0091053926878525,0.37077,0.11015306214536223,0.011015306214536223,0.0,0.0,0.0,0.025460000000001842,0.09701736133290599,0.0097017361332906
1IN 199,L 1IN   1,0.0,0.0,0.0,0.0,0.0,0.0,0.0,0.0,0.0,0.0,0.0,0.0,0.0,0.0,0.0,0.0,0.0,0.0

